"from","to","strength","direction","in_final_dag"
"hemoglobin","hematocrit",1,0.53,TRUE
"ast","alt",1,0.5125,TRUE
"total_chol","ldl",1,0.501,TRUE
"hematocrit","rbc",0.994,0.758551307847082,TRUE
"mpv","platelets",0.991,0.588294651866801,TRUE
"CXCL9","CXCL10",0.987,0.547112462006079,TRUE
"VEGFA","IL7",0.985,0.582741116751269,TRUE
"sex","LEP",0.981,1,TRUE
"weight","LEP",0.977,0.95957011258956,TRUE
"albumin","calcium",0.974,0.605749486652977,TRUE
"hdl","triglycerides",0.973,0.506680369989723,TRUE
"globulin","protein",0.96,0.641666666666667,TRUE
"rdw","rbc",0.958,0.794363256784969,TRUE
"hdl","total_chol",0.957,0.694879832810867,TRUE
"age_group","GDF15",0.953,1,TRUE
"TNFRSF1B","HAVCR2",0.937,0.552828175026681,TRUE
"albumin","protein",0.916,0.707423580786026,TRUE
"GZMA","LAG3",0.909,0.625962596259626,TRUE
"weight","hdl",0.908,0.595814977973568,TRUE
"co2","chloride",0.891,0.623456790123457,TRUE
"TNFRSF1A","HAVCR2",0.886,0.522009029345373,TRUE
"hematocrit","hemoglobin",1,0.47,FALSE
"alt","ast",1,0.4875,FALSE
"ldl","total_chol",1,0.499,FALSE
"rbc","hematocrit",0.994,0.241448692152918,FALSE
"platelets","mpv",0.991,0.411705348133199,FALSE
"CXCL10","CXCL9",0.987,0.452887537993921,FALSE
"IL7","VEGFA",0.985,0.417258883248731,FALSE
"LEP","sex",0.981,0,FALSE
"LEP","weight",0.977,0.0404298874104401,FALSE
"calcium","albumin",0.974,0.394250513347023,FALSE
"triglycerides","hdl",0.973,0.493319630010278,FALSE
"protein","globulin",0.96,0.358333333333333,FALSE
"rbc","rdw",0.958,0.205636743215031,FALSE
"total_chol","hdl",0.957,0.305120167189133,FALSE
"GDF15","age_group",0.953,0,FALSE
"HAVCR2","TNFRSF1B",0.937,0.447171824973319,FALSE
"protein","albumin",0.916,0.292576419213974,FALSE
"LAG3","GZMA",0.909,0.374037403740374,FALSE
"hdl","weight",0.908,0.404185022026432,FALSE
"chloride","co2",0.891,0.376543209876543,FALSE
"HAVCR2","TNFRSF1A",0.886,0.477990970654628,FALSE
"CXCL9","PDCD1",0.869,0.700805523590334,FALSE
"PDCD1","CXCL9",0.869,0.299194476409666,FALSE
"chloride","sodium",0.854,0.492974238875878,FALSE
"sodium","chloride",0.854,0.507025761124122,FALSE
"total_chol","triglycerides",0.849,0.267373380447585,FALSE
"triglycerides","total_chol",0.849,0.732626619552415,FALSE
"TNFRSF1A","TNFRSF1B",0.849,0.425206124852768,FALSE
"TNFRSF1B","TNFRSF1A",0.849,0.574793875147232,FALSE
"CCL2","CCL11",0.824,0.39745145631068,FALSE
"CCL11","CCL2",0.824,0.60254854368932,FALSE
"sex","crp",0.819,1,FALSE
"crp","sex",0.819,0,FALSE
"CXCL10","CXCL11",0.808,0.731435643564356,FALSE
"CXCL11","CXCL10",0.808,0.268564356435644,FALSE
"TNF","IFNG",0.792,0.520833333333333,FALSE
"IFNG","TNF",0.792,0.479166666666667,FALSE
"GZMA","GZMB",0.788,0.635786802030457,FALSE
"GZMB","GZMA",0.788,0.364213197969543,FALSE
"ldl","triglycerides",0.785,0.267515923566879,FALSE
"triglycerides","ldl",0.785,0.732484076433121,FALSE
"CXCL9","IFNG",0.766,0.795691906005222,FALSE
"IFNG","CXCL9",0.766,0.204308093994778,FALSE
"bun","creatinine",0.751,0.356857523302264,FALSE
"creatinine","bun",0.751,0.643142476697736,FALSE
"IL1RN","CCL4",0.739,0.552097428958051,FALSE
"CCL4","IL1RN",0.739,0.447902571041949,FALSE
"platelets","esr",0.738,0.309620596205962,FALSE
"esr","platelets",0.738,0.690379403794038,FALSE
"hdl","ldl",0.736,0.823369565217391,FALSE
"ldl","hdl",0.736,0.176630434782609,FALSE
"CD8A","GZMA",0.735,0.33469387755102,FALSE
"GZMA","CD8A",0.735,0.66530612244898,FALSE
"protein","MMP12",0.73,0.379452054794521,FALSE
"MMP12","protein",0.73,0.62054794520548,FALSE
"calcium","potassium",0.728,0.351648351648352,FALSE
"potassium","calcium",0.728,0.648351648351648,FALSE
"CCL4","GZMB",0.726,0.550964187327824,FALSE
"GZMB","CCL4",0.726,0.449035812672176,FALSE
"sex","creatinine",0.724,1,FALSE
"creatinine","sex",0.724,0,FALSE
"bun","FGF21",0.715,0.503496503496504,FALSE
"FGF21","bun",0.715,0.496503496503497,FALSE
"albumin","bun",0.714,0.448179271708683,FALSE
"bun","albumin",0.714,0.551820728291317,FALSE
"CCL8","CCL11",0.71,0.223943661971831,FALSE
"CCL11","CCL8",0.71,0.776056338028169,FALSE
"IL1RN","LEP",0.709,0.151622002820874,FALSE
"LEP","IL1RN",0.709,0.848377997179126,FALSE
"sex","esr",0.709,1,FALSE
"esr","sex",0.709,0,FALSE
"IL6","IL1RN",0.706,0.363314447592068,FALSE
"IL1RN","IL6",0.706,0.636685552407932,FALSE
"CXCL8","CD8A",0.687,0.486171761280932,FALSE
"CD8A","CXCL8",0.687,0.513828238719068,FALSE
"weight","alt",0.678,0.588495575221239,FALSE
"alt","weight",0.678,0.411504424778761,FALSE
"age_group","CCL11",0.672,1,FALSE
"alk_phos","IL1RN",0.672,0.244047619047619,FALSE
"IL1RN","alk_phos",0.672,0.755952380952381,FALSE
"CCL11","age_group",0.672,0,FALSE
"basophils","hemoglobin",0.664,0.453313253012048,FALSE
"hemoglobin","basophils",0.664,0.546686746987952,FALSE
"TNFRSF1B","PDCD1",0.664,0.435240963855422,FALSE
"PDCD1","TNFRSF1B",0.664,0.564759036144578,FALSE
"CXCL8","CCL2",0.655,0.417557251908397,FALSE
"CCL2","CXCL8",0.655,0.582442748091603,FALSE
"IL18","PDCD1",0.645,0.267441860465116,FALSE
"PDCD1","IL18",0.645,0.732558139534884,FALSE
"age_group","ldl",0.642,1,FALSE
"ldl","age_group",0.642,0,FALSE
"eosinophils","LEP",0.625,0.296,FALSE
"LEP","eosinophils",0.625,0.704,FALSE
"FGF21","CHI3L1",0.624,0.448717948717949,FALSE
"CHI3L1","FGF21",0.624,0.551282051282051,FALSE
"sex","IGFBP7",0.621,1,FALSE
"IGFBP7","sex",0.621,0,FALSE
"IGFBP7","TNFRSF1A",0.618,0.286407766990291,FALSE
"TNFRSF1A","IGFBP7",0.618,0.713592233009709,FALSE
"CXCL8","CCL11",0.612,0.302287581699346,FALSE
"CXCL10","IL1RN",0.612,0.251633986928105,FALSE
"IL1RN","CXCL10",0.612,0.748366013071895,FALSE
"CCL11","CXCL8",0.612,0.697712418300654,FALSE
"basophils","platelets",0.603,0.466003316749585,FALSE
"platelets","basophils",0.603,0.533996683250415,FALSE
"IGFBP7","LAG3",0.602,0.312292358803987,FALSE
"LAG3","IGFBP7",0.602,0.687707641196013,FALSE
"CCL3","CCL4",0.599,0.530884808013356,FALSE
"CCL4","CCL3",0.599,0.469115191986644,FALSE
"age_group","total_chol",0.597,1,FALSE
"total_chol","age_group",0.597,0,FALSE
"age_group","glucose",0.595,1,FALSE
"glucose","age_group",0.595,0,FALSE
"weight","rdw",0.571,0.458844133099825,FALSE
"rdw","weight",0.571,0.541155866900175,FALSE
"crp","IL6",0.57,0.505263157894737,FALSE
"IL6","crp",0.57,0.494736842105263,FALSE
"CXCL9","CCL4",0.562,0.583629893238434,FALSE
"IL18","IL1RN",0.562,0.594306049822064,FALSE
"IL1RN","IL18",0.562,0.405693950177936,FALSE
"CCL4","CXCL9",0.562,0.416370106761566,FALSE
"CXCL11","VEGFA",0.56,0.441071428571429,FALSE
"VEGFA","CXCL11",0.56,0.558928571428571,FALSE
"age_group","alk_phos",0.559,1,FALSE
"alk_phos","age_group",0.559,0,FALSE
"age_group","IGFBP7",0.557,1,FALSE
"IGFBP7","age_group",0.557,0,FALSE
"IL1RN","CCL2",0.557,0.741472172351885,FALSE
"CCL2","IL1RN",0.557,0.258527827648115,FALSE
"CXCL9","KLRD1",0.556,0.758992805755396,FALSE
"KLRD1","CXCL9",0.556,0.241007194244604,FALSE
"triglycerides","VEGFA",0.554,0.308664259927798,FALSE
"VEGFA","triglycerides",0.554,0.691335740072202,FALSE
"lymphocytes","IL15",0.549,0.378870673952641,FALSE
"IL15","lymphocytes",0.549,0.621129326047359,FALSE
"co2","KLRD1",0.549,0.748633879781421,FALSE
"KLRD1","co2",0.549,0.251366120218579,FALSE
"CXCL8","MMP12",0.548,0.557481751824818,FALSE
"MMP12","CXCL8",0.548,0.442518248175182,FALSE
"CD8A","PDCD1",0.544,0.251838235294118,FALSE
"PDCD1","CD8A",0.544,0.748161764705882,FALSE
"glucose","IL10",0.543,0.427255985267035,FALSE
"IL10","glucose",0.543,0.572744014732965,FALSE
"mpv","IL6",0.542,0.547970479704797,FALSE
"globulin","esr",0.542,0.291512915129151,FALSE
"esr","globulin",0.542,0.708487084870849,FALSE
"IL6","mpv",0.542,0.452029520295203,FALSE
"CXCL9","CCL3",0.539,0.683673469387755,FALSE
"CCL3","CXCL9",0.539,0.316326530612245,FALSE
"globulin","KLRD1",0.539,0.541743970315399,FALSE
"KLRD1","globulin",0.539,0.458256029684601,FALSE
"neutrophils","IL1RN",0.537,0.290502793296089,FALSE
"IL1RN","neutrophils",0.537,0.709497206703911,FALSE
"GDF15","FGF21",0.536,0.78544776119403,FALSE
"FGF21","GDF15",0.536,0.21455223880597,FALSE
"CCL3","TNFRSF1B",0.535,0.31214953271028,FALSE
"TNFRSF1B","CCL3",0.535,0.68785046728972,FALSE
"cmv","alk_phos",0.534,1,FALSE
"alk_phos","cmv",0.534,0,FALSE
"triglycerides","IGFBP7",0.533,0.613508442776735,FALSE
"IGFBP7","triglycerides",0.533,0.386491557223265,FALSE
"weight","potassium",0.532,0.546992481203007,FALSE
"potassium","weight",0.532,0.453007518796992,FALSE
"CCL11","VEGFA",0.532,0.584586466165414,FALSE
"VEGFA","CCL11",0.532,0.415413533834586,FALSE
"CXCL11","GZMA",0.531,0.390772128060264,FALSE
"GZMA","CXCL11",0.531,0.609227871939736,FALSE
"chloride","potassium",0.524,0.532442748091603,FALSE
"potassium","chloride",0.524,0.467557251908397,FALSE
"weight","IL6",0.522,0.538314176245211,FALSE
"IL6","weight",0.522,0.461685823754789,FALSE
"sex","HAVCR2",0.521,1,FALSE
"HAVCR2","sex",0.521,0,FALSE
"co2","IGFBP7",0.519,0.48747591522158,FALSE
"IGFBP7","co2",0.519,0.51252408477842,FALSE
"hemoglobin","IL18",0.517,0.719535783365571,FALSE
"IL18","hemoglobin",0.517,0.280464216634429,FALSE
"age_group","CD8A",0.515,1,FALSE
"CD8A","age_group",0.515,0,FALSE
"CCL2","MMP12",0.513,0.551656920077973,FALSE
"GDF15","TNFRSF1B",0.513,0.501949317738791,FALSE
"TNFRSF1B","GDF15",0.513,0.498050682261209,FALSE
"MMP12","CCL2",0.513,0.448343079922027,FALSE
"weight","bun",0.508,0.669291338582677,FALSE
"bun","weight",0.508,0.330708661417323,FALSE
"age_group","IL10",0.504,1,FALSE
"IL10","age_group",0.504,0,FALSE
"platelets","IL10",0.497,0.237424547283702,FALSE
"IL10","platelets",0.497,0.762575452716298,FALSE
"neutrophils","CXCL8",0.496,0.340725806451613,FALSE
"CXCL8","neutrophils",0.496,0.659274193548387,FALSE
"platelets","VEGFA",0.494,0.336032388663968,FALSE
"VEGFA","platelets",0.494,0.663967611336032,FALSE
"protein","IL10",0.493,0.265720081135903,FALSE
"IL10","protein",0.493,0.734279918864097,FALSE
"hemoglobin","albumin",0.49,0.671428571428571,FALSE
"albumin","hemoglobin",0.49,0.328571428571429,FALSE
"bun","TNFRSF1A",0.49,0.644897959183674,FALSE
"TNFRSF1A","bun",0.49,0.355102040816327,FALSE
"creatinine","IL18",0.489,0.59918200408998,FALSE
"IL18","creatinine",0.489,0.40081799591002,FALSE
"FGF21","LEP",0.489,0.40081799591002,FALSE
"LEP","FGF21",0.489,0.59918200408998,FALSE
"sex","CHI3L1",0.486,1,FALSE
"CHI3L1","sex",0.486,0,FALSE
"neutrophils","crp",0.485,0.329896907216495,FALSE
"crp","neutrophils",0.485,0.670103092783505,FALSE
"CXCL11","CCL4",0.483,0.341614906832298,FALSE
"CCL4","CXCL11",0.483,0.658385093167702,FALSE
"wbc","CXCL8",0.475,0.221052631578947,FALSE
"potassium","sodium",0.475,0.388421052631579,FALSE
"sodium","potassium",0.475,0.611578947368421,FALSE
"CXCL8","wbc",0.475,0.778947368421053,FALSE
"wbc","sodium",0.474,0.459915611814346,FALSE
"glucose","CCL3",0.474,0.751054852320675,FALSE
"sodium","wbc",0.474,0.540084388185654,FALSE
"CCL3","glucose",0.474,0.248945147679325,FALSE
"neutrophils","sodium",0.473,0.374207188160677,FALSE
"sodium","neutrophils",0.473,0.625792811839323,FALSE
"sodium","IL7",0.473,0.520084566596195,FALSE
"IL7","sodium",0.473,0.479915433403806,FALSE
"weight","CCL3",0.471,0.630573248407643,FALSE
"CCL3","weight",0.471,0.369426751592357,FALSE
"CXCL9","GZMA",0.467,0.754817987152034,FALSE
"GZMA","CXCL9",0.467,0.245182012847966,FALSE
"hemoglobin","rdw",0.464,0.368534482758621,FALSE
"rdw","hemoglobin",0.464,0.631465517241379,FALSE
"co2","crp",0.463,0.737580993520518,FALSE
"crp","co2",0.463,0.262419006479482,FALSE
"neutrophils","GZMA",0.46,0.395652173913043,FALSE
"TNF","CXCL10",0.46,0.269565217391304,FALSE
"CXCL10","TNF",0.46,0.730434782608696,FALSE
"GZMA","neutrophils",0.46,0.604347826086957,FALSE
"lymphocytes","rbc",0.456,0.489035087719298,FALSE
"rbc","lymphocytes",0.456,0.510964912280702,FALSE
"chloride","IL7",0.455,0.610989010989011,FALSE
"IL7","chloride",0.455,0.389010989010989,FALSE
"creatinine","IL7",0.452,0.327433628318584,FALSE
"potassium","CD8A",0.452,0.311946902654867,FALSE
"IL7","creatinine",0.452,0.672566371681416,FALSE
"CD8A","potassium",0.452,0.688053097345133,FALSE
"albumin","CD274",0.451,0.518847006651885,FALSE
"CD274","albumin",0.451,0.481152993348115,FALSE
"eosinophils","ast",0.451,0.661862527716186,FALSE
"ast","eosinophils",0.451,0.338137472283814,FALSE
"rdw","IGFBP7",0.448,0.622767857142857,FALSE
"IGFBP7","rdw",0.448,0.377232142857143,FALSE
"cmv","KLRD1",0.448,1,FALSE
"KLRD1","cmv",0.448,0,FALSE
"hemoglobin","monocytes",0.447,0.812080536912752,FALSE
"monocytes","hemoglobin",0.447,0.187919463087248,FALSE
"crp","VEGFA",0.442,0.776018099547511,FALSE
"VEGFA","crp",0.442,0.223981900452489,FALSE
"age_group","CXCL11",0.44,1,FALSE
"CXCL11","age_group",0.44,0,FALSE
"weight","CCL8",0.438,0.773972602739726,FALSE
"CCL8","weight",0.438,0.226027397260274,FALSE
"glucose","sodium",0.438,0.426940639269406,FALSE
"sodium","glucose",0.438,0.573059360730594,FALSE
"rdw","LAG3",0.437,0.623569794050343,FALSE
"LAG3","rdw",0.437,0.376430205949657,FALSE
"hemoglobin","wbc",0.437,0.816933638443936,FALSE
"wbc","hemoglobin",0.437,0.183066361556064,FALSE
"IL18","IL10",0.437,0.498855835240275,FALSE
"IL10","IL18",0.437,0.501144164759725,FALSE
"age_group","bun",0.435,1,FALSE
"bun","age_group",0.435,0,FALSE
"t_bili","IGFBP7",0.434,0.372119815668203,FALSE
"IGFBP7","t_bili",0.434,0.627880184331797,FALSE
"CXCL11","GZMB",0.432,0.375,FALSE
"GZMB","CXCL11",0.432,0.625,FALSE
"eosinophils","hemoglobin",0.432,0.259259259259259,FALSE
"hemoglobin","eosinophils",0.432,0.740740740740741,FALSE
"lymphocytes","hdl",0.431,0.380510440835267,FALSE
"hdl","lymphocytes",0.431,0.619489559164733,FALSE
"eosinophils","IL18",0.431,0.577726218097448,FALSE
"IL18","eosinophils",0.431,0.422273781902552,FALSE
"lymphocytes","CXCL11",0.43,0.490697674418605,FALSE
"CXCL11","lymphocytes",0.43,0.509302325581395,FALSE
"IL10","FGF21",0.429,0.641025641025641,FALSE
"FGF21","IL10",0.429,0.358974358974359,FALSE
"hematocrit","TNF",0.427,0.714285714285714,FALSE
"TNF","hematocrit",0.427,0.285714285714286,FALSE
"IL15","KLRD1",0.426,0.643192488262911,FALSE
"KLRD1","IL15",0.426,0.356807511737089,FALSE
"albumin","globulin",0.425,0.538823529411765,FALSE
"globulin","albumin",0.425,0.461176470588235,FALSE
"age_group","neutrophils",0.424,1,FALSE
"neutrophils","age_group",0.424,0,FALSE
"sex","hemoglobin",0.421,1,FALSE
"hemoglobin","sex",0.421,0,FALSE
"potassium","PDCD1",0.42,0.619047619047619,FALSE
"PDCD1","potassium",0.42,0.380952380952381,FALSE
"age_group","hdl",0.42,1,FALSE
"cmv","TNF",0.42,1,FALSE
"lymphocytes","KLRD1",0.42,0.571428571428571,FALSE
"sodium","CXCL11",0.42,0.585714285714286,FALSE
"hdl","age_group",0.42,0,FALSE
"TNF","cmv",0.42,0,FALSE
"CXCL11","sodium",0.42,0.414285714285714,FALSE
"KLRD1","lymphocytes",0.42,0.428571428571429,FALSE
"neutrophils","CCL2",0.419,0.400954653937947,FALSE
"CCL2","neutrophils",0.419,0.599045346062052,FALSE
"creatinine","esr",0.419,0.421241050119332,FALSE
"esr","creatinine",0.419,0.578758949880668,FALSE
"t_bili","IL10",0.418,0.48444976076555,FALSE
"IL10","t_bili",0.418,0.51555023923445,FALSE
"age_group","rdw",0.418,1,FALSE
"rdw","age_group",0.418,0,FALSE
"hematocrit","rdw",0.416,0.389423076923077,FALSE
"rdw","hematocrit",0.416,0.610576923076923,FALSE
"sex","platelets",0.416,1,FALSE
"platelets","sex",0.416,0,FALSE
"globulin","FGF21",0.416,0.679086538461538,FALSE
"esr","crp",0.416,0.421875,FALSE
"crp","esr",0.416,0.578125,FALSE
"GDF15","HAVCR2",0.416,0.701923076923077,FALSE
"FGF21","globulin",0.416,0.320913461538462,FALSE
"FGF21","CD274",0.416,0.495192307692308,FALSE
"HAVCR2","GDF15",0.416,0.298076923076923,FALSE
"CD274","FGF21",0.416,0.504807692307692,FALSE
"alk_phos","HAVCR2",0.415,0.387951807228916,FALSE
"HAVCR2","alk_phos",0.415,0.612048192771084,FALSE
"weight","glucose",0.41,0.590243902439024,FALSE
"glucose","weight",0.41,0.409756097560976,FALSE
"TNF","PDCD1",0.408,0.29656862745098,FALSE
"PDCD1","TNF",0.408,0.70343137254902,FALSE
"lymphocytes","CCL3",0.405,0.353086419753086,FALSE
"monocytes","mpv",0.405,0.42716049382716,FALSE
"mpv","monocytes",0.405,0.57283950617284,FALSE
"potassium","CCL3",0.405,0.62962962962963,FALSE
"CCL3","lymphocytes",0.405,0.646913580246914,FALSE
"CCL3","potassium",0.405,0.37037037037037,FALSE
"IFNG","KLRD1",0.404,0.576732673267327,FALSE
"KLRD1","IFNG",0.404,0.423267326732673,FALSE
"eosinophils","glucose",0.403,0.241935483870968,FALSE
"glucose","eosinophils",0.403,0.758064516129032,FALSE
"CXCL8","CCL4",0.403,0.466501240694789,FALSE
"CCL4","CXCL8",0.403,0.533498759305211,FALSE
"CXCL9","CD274",0.402,0.659203980099502,FALSE
"CD274","CXCL9",0.402,0.340796019900498,FALSE
"ast","globulin",0.399,0.491228070175439,FALSE
"globulin","ast",0.399,0.508771929824561,FALSE
"globulin","LEP",0.397,0.518891687657431,FALSE
"esr","IL1RN",0.397,0.523929471032746,FALSE
"IL1RN","esr",0.397,0.476070528967254,FALSE
"LEP","globulin",0.397,0.481108312342569,FALSE
"IL6","TNFRSF1A",0.395,0.356962025316456,FALSE
"TNFRSF1A","IL6",0.395,0.643037974683544,FALSE
"glucose","potassium",0.394,0.614213197969543,FALSE
"potassium","glucose",0.394,0.385786802030457,FALSE
"IL18","HAVCR2",0.392,0.397959183673469,FALSE
"HAVCR2","IL18",0.392,0.602040816326531,FALSE
"globulin","TNF",0.39,0.376923076923077,FALSE
"TNF","globulin",0.39,0.623076923076923,FALSE
"IL15","FGF21",0.389,0.447300771208226,FALSE
"FGF21","IL15",0.389,0.552699228791774,FALSE
"mpv","GZMB",0.388,0.356958762886598,FALSE
"CXCL10","CCL3",0.388,0.695876288659794,FALSE
"CCL3","CXCL10",0.388,0.304123711340206,FALSE
"GZMB","mpv",0.388,0.643041237113402,FALSE
"alt","IL18",0.387,0.635658914728682,FALSE
"IL18","alt",0.387,0.364341085271318,FALSE
"cmv","t_bili",0.386,1,FALSE
"t_bili","cmv",0.386,0,FALSE
"age_group","CCL2",0.382,1,FALSE
"wbc","IL1RN",0.382,0.240837696335079,FALSE
"IL1RN","wbc",0.382,0.759162303664921,FALSE
"CCL2","age_group",0.382,0,FALSE
"crp","IL15",0.381,0.62992125984252,FALSE
"IL15","crp",0.381,0.37007874015748,FALSE
"IL15","GDF15",0.38,0.4,FALSE
"GDF15","IL15",0.38,0.6,FALSE
"GDF15","TNFRSF1A",0.38,0.752631578947368,FALSE
"TNFRSF1A","GDF15",0.38,0.247368421052632,FALSE
"sex","CXCL11",0.377,1,FALSE
"wbc","globulin",0.377,0.328912466843501,FALSE
"globulin","wbc",0.377,0.671087533156499,FALSE
"CXCL11","sex",0.377,0,FALSE
"cmv","CXCL11",0.376,1,FALSE
"hematocrit","alt",0.376,0.670212765957447,FALSE
"alt","hematocrit",0.376,0.329787234042553,FALSE
"CXCL11","cmv",0.376,0,FALSE
"monocytes","sodium",0.375,0.290666666666667,FALSE
"neutrophils","IL6",0.375,0.213333333333333,FALSE
"sodium","monocytes",0.375,0.709333333333333,FALSE
"IL6","neutrophils",0.375,0.786666666666667,FALSE
"bun","CD8A",0.374,0.564171122994652,FALSE
"CD8A","bun",0.374,0.435828877005348,FALSE
"age_group","TNF",0.373,1,FALSE
"TNF","age_group",0.373,0,FALSE
"CCL2","CCL8",0.371,0.757412398921833,FALSE
"CCL8","CCL2",0.371,0.242587601078167,FALSE
"sex","rdw",0.37,1,FALSE
"hematocrit","sodium",0.37,0.443243243243243,FALSE
"lymphocytes","platelets",0.37,0.294594594594595,FALSE
"platelets","lymphocytes",0.37,0.705405405405405,FALSE
"rdw","sex",0.37,0,FALSE
"sodium","hematocrit",0.37,0.556756756756757,FALSE
"ast","calcium",0.367,0.595367847411444,FALSE
"calcium","ast",0.367,0.404632152588556,FALSE
"IL7","FGF21",0.363,0.550964187327824,FALSE
"FGF21","IL7",0.363,0.449035812672176,FALSE
"sex","CD274",0.362,1,FALSE
"wbc","creatinine",0.362,0.350828729281768,FALSE
"creatinine","wbc",0.362,0.649171270718232,FALSE
"CD274","sex",0.362,0,FALSE
"hemoglobin","rbc",0.361,0.481994459833795,FALSE
"rbc","hemoglobin",0.361,0.518005540166205,FALSE
"alt","KLRD1",0.36,0.505555555555556,FALSE
"t_bili","LAG3",0.36,0.744444444444444,FALSE
"KLRD1","alt",0.36,0.494444444444444,FALSE
"LAG3","t_bili",0.36,0.255555555555556,FALSE
"sex","hematocrit",0.359,1,FALSE
"hematocrit","sex",0.359,0,FALSE
"wbc","crp",0.359,0.158774373259053,FALSE
"crp","wbc",0.359,0.841225626740947,FALSE
"CXCL10","IGFBP7",0.357,0.647058823529412,FALSE
"IGFBP7","CXCL10",0.357,0.352941176470588,FALSE
"IL6","CCL8",0.355,0.650704225352113,FALSE
"CCL8","IL6",0.355,0.349295774647887,FALSE
"HAVCR2","CD274",0.355,0.619718309859155,FALSE
"CD274","HAVCR2",0.355,0.380281690140845,FALSE
"alt","IL1RN",0.354,0.694915254237288,FALSE
"IL1RN","alt",0.354,0.305084745762712,FALSE
"IL7","IGFBP7",0.353,0.41643059490085,FALSE
"CCL3","FGF21",0.353,0.487252124645892,FALSE
"FGF21","CCL3",0.353,0.512747875354108,FALSE
"IGFBP7","IL7",0.353,0.58356940509915,FALSE
"monocytes","creatinine",0.351,0.401709401709402,FALSE
"creatinine","monocytes",0.351,0.598290598290598,FALSE
"creatinine","KLRD1",0.351,0.709401709401709,FALSE
"KLRD1","creatinine",0.351,0.290598290598291,FALSE
"CXCL9","MMP12",0.35,0.517142857142857,FALSE
"MMP12","CXCL9",0.35,0.482857142857143,FALSE
"platelets","potassium",0.349,0.415472779369628,FALSE
"rbc","CCL4",0.349,0.702005730659026,FALSE
"potassium","platelets",0.349,0.584527220630373,FALSE
"CCL4","rbc",0.349,0.297994269340974,FALSE
"VEGFA","CD274",0.349,0.575931232091691,FALSE
"CD274","VEGFA",0.349,0.424068767908309,FALSE
"weight","creatinine",0.348,0.410919540229885,FALSE
"creatinine","weight",0.348,0.589080459770115,FALSE
"hemoglobin","alt",0.346,0.569364161849711,FALSE
"alt","hemoglobin",0.346,0.430635838150289,FALSE
"TNF","CCL8",0.346,0.517341040462428,FALSE
"CCL8","TNF",0.346,0.482658959537572,FALSE
"eosinophils","globulin",0.345,0.444927536231884,FALSE
"albumin","CXCL10",0.345,0.43768115942029,FALSE
"globulin","eosinophils",0.345,0.555072463768116,FALSE
"CXCL10","albumin",0.345,0.56231884057971,FALSE
"GZMA","KLRD1",0.344,0.677325581395349,FALSE
"KLRD1","GZMA",0.344,0.322674418604651,FALSE
"hematocrit","GZMB",0.344,0.529069767441861,FALSE
"GZMB","hematocrit",0.344,0.47093023255814,FALSE
"PDCD1","LAG3",0.344,0.523255813953488,FALSE
"LAG3","PDCD1",0.344,0.476744186046512,FALSE
"age_group","IL15",0.343,1,FALSE
"IL15","age_group",0.343,0,FALSE
"chloride","protein",0.342,0.821637426900585,FALSE
"protein","chloride",0.342,0.178362573099415,FALSE
"neutrophils","globulin",0.342,0.345029239766082,FALSE
"globulin","neutrophils",0.342,0.654970760233918,FALSE
"triglycerides","IL1RN",0.342,0.423976608187135,FALSE
"IL1RN","triglycerides",0.342,0.576023391812866,FALSE
"hdl","IL6",0.341,0.536656891495601,FALSE
"IL6","hdl",0.341,0.463343108504399,FALSE
"hematocrit","calcium",0.34,0.355882352941176,FALSE
"calcium","hematocrit",0.34,0.644117647058824,FALSE
"CXCL9","TNFRSF1B",0.339,0.457227138643068,FALSE
"TNFRSF1B","CXCL9",0.339,0.542772861356932,FALSE
"hemoglobin","glucose",0.338,0.57396449704142,FALSE
"glucose","hemoglobin",0.338,0.42603550295858,FALSE
"CCL4","VEGFA",0.338,0.50887573964497,FALSE
"VEGFA","CCL4",0.338,0.49112426035503,FALSE
"age_group","CXCL8",0.337,1,FALSE
"CXCL8","age_group",0.337,0,FALSE
"potassium","IFNG",0.336,0.546130952380952,FALSE
"IFNG","potassium",0.336,0.453869047619048,FALSE
"chloride","crp",0.335,0.498507462686567,FALSE
"crp","chloride",0.335,0.501492537313433,FALSE
"age_group","t_bili",0.333,1,FALSE
"calcium","esr",0.333,0.336336336336336,FALSE
"t_bili","age_group",0.333,0,FALSE
"esr","calcium",0.333,0.663663663663664,FALSE
"rbc","alk_phos",0.333,0.363363363363363,FALSE
"alk_phos","rbc",0.333,0.636636636636637,FALSE
"CCL8","GDF15",0.333,0.900900900900901,FALSE
"GDF15","CCL8",0.333,0.0990990990990991,FALSE
"hematocrit","esr",0.332,0.439759036144578,FALSE
"esr","hematocrit",0.332,0.560240963855422,FALSE
"glucose","CXCL10",0.33,0.587878787878788,FALSE
"CXCL10","glucose",0.33,0.412121212121212,FALSE
"alt","CCL3",0.33,0.448484848484849,FALSE
"CCL3","alt",0.33,0.551515151515152,FALSE
"triglycerides","IL18",0.329,0.486322188449848,FALSE
"IL18","triglycerides",0.329,0.513677811550152,FALSE
"age_group","TNFRSF1A",0.328,1,FALSE
"cmv","glucose",0.328,1,FALSE
"glucose","cmv",0.328,0,FALSE
"TNFRSF1A","age_group",0.328,0,FALSE
"cmv","IL10",0.327,1,FALSE
"CXCL8","CHI3L1",0.327,0.596330275229358,FALSE
"IL10","cmv",0.327,0,FALSE
"CHI3L1","CXCL8",0.327,0.403669724770642,FALSE
"globulin","IL7",0.327,0.467889908256881,FALSE
"IL7","globulin",0.327,0.532110091743119,FALSE
"IL7","CCL11",0.327,0.73394495412844,FALSE
"CCL11","IL7",0.327,0.26605504587156,FALSE
"sex","IL1RN",0.326,1,FALSE
"IL1RN","sex",0.326,0,FALSE
"wbc","co2",0.325,0.255384615384615,FALSE
"co2","wbc",0.325,0.744615384615385,FALSE
"triglycerides","FGF21",0.325,0.535384615384615,FALSE
"FGF21","triglycerides",0.325,0.464615384615385,FALSE
"eosinophils","calcium",0.32,0.4765625,FALSE
"calcium","eosinophils",0.32,0.5234375,FALSE
"crp","CCL8",0.32,0.603125,FALSE
"IL7","CHI3L1",0.32,0.64375,FALSE
"CCL8","crp",0.32,0.396875,FALSE
"CHI3L1","IL7",0.32,0.35625,FALSE
"platelets","GDF15",0.319,0.310344827586207,FALSE
"protein","ldl",0.319,0.435736677115988,FALSE
"ldl","protein",0.319,0.564263322884012,FALSE
"GDF15","platelets",0.319,0.689655172413793,FALSE
"neutrophils","creatinine",0.318,0.506289308176101,FALSE
"creatinine","neutrophils",0.318,0.493710691823899,FALSE
"age_group","PDCD1",0.314,1,FALSE
"IL15","TNFRSF1A",0.314,0.582802547770701,FALSE
"TNFRSF1A","IL15",0.314,0.417197452229299,FALSE
"GZMB","LAG3",0.314,0.60828025477707,FALSE
"KLRD1","VEGFA",0.314,0.570063694267516,FALSE
"VEGFA","KLRD1",0.314,0.429936305732484,FALSE
"PDCD1","age_group",0.314,0,FALSE
"LAG3","GZMB",0.314,0.39171974522293,FALSE
"sex","total_chol",0.313,1,FALSE
"basophils","crp",0.313,0.702875399361022,FALSE
"crp","basophils",0.313,0.297124600638978,FALSE
"total_chol","sex",0.313,0,FALSE
"CXCL10","IL15",0.313,0.364217252396166,FALSE
"IL15","CXCL10",0.313,0.635782747603834,FALSE
"sex","ldl",0.312,1,FALSE
"ldl","sex",0.312,0,FALSE
"chloride","PDCD1",0.311,0.643086816720257,FALSE
"PDCD1","chloride",0.311,0.356913183279743,FALSE
"calcium","TNFRSF1A",0.31,0.483870967741935,FALSE
"globulin","potassium",0.31,0.354838709677419,FALSE
"potassium","globulin",0.31,0.645161290322581,FALSE
"TNFRSF1A","calcium",0.31,0.516129032258065,FALSE
"IL1RN","CD274",0.309,0.488673139158576,FALSE
"CD274","IL1RN",0.309,0.511326860841424,FALSE
"hematocrit","IFNG",0.308,0.227272727272727,FALSE
"IFNG","hematocrit",0.308,0.772727272727273,FALSE
"basophils","IFNG",0.307,0.543973941368078,FALSE
"IFNG","basophils",0.307,0.456026058631922,FALSE
"age_group","CD274",0.307,1,FALSE
"CD274","age_group",0.307,0,FALSE
"hemoglobin","platelets",0.304,0.769736842105263,FALSE
"platelets","hemoglobin",0.304,0.230263157894737,FALSE
"basophils","PDCD1",0.304,0.644736842105263,FALSE
"wbc","CCL3",0.304,0.273026315789474,FALSE
"globulin","IL6",0.304,0.574013157894737,FALSE
"IL6","globulin",0.304,0.425986842105263,FALSE
"CCL3","wbc",0.304,0.726973684210526,FALSE
"PDCD1","basophils",0.304,0.355263157894737,FALSE
"rbc","alt",0.303,0.666666666666667,FALSE
"alt","rbc",0.303,0.333333333333333,FALSE
"IL1RN","HAVCR2",0.302,0.566225165562914,FALSE
"HAVCR2","IL1RN",0.302,0.433774834437086,FALSE
"bun","MMP12",0.302,0.688741721854305,FALSE
"glucose","crp",0.302,0.632450331125828,FALSE
"crp","glucose",0.302,0.367549668874172,FALSE
"CCL2","LAG3",0.302,0.572847682119205,FALSE
"MMP12","bun",0.302,0.311258278145695,FALSE
"LAG3","CCL2",0.302,0.427152317880795,FALSE
"CCL11","MMP12",0.301,0.345514950166113,FALSE
"MMP12","CCL11",0.301,0.654485049833887,FALSE
"weight","crp",0.3,0.77,FALSE
"crp","weight",0.3,0.23,FALSE
"cmv","CCL11",0.3,1,FALSE
"eosinophils","LAG3",0.3,0.65,FALSE
"CCL11","cmv",0.3,0,FALSE
"LAG3","eosinophils",0.3,0.35,FALSE
"rbc","TNFRSF1A",0.299,0.341137123745819,FALSE
"CXCL8","CXCL11",0.299,0.59866220735786,FALSE
"CXCL11","CXCL8",0.299,0.40133779264214,FALSE
"TNFRSF1A","rbc",0.299,0.658862876254181,FALSE
"alk_phos","ldl",0.298,0.630872483221476,FALSE
"ldl","alk_phos",0.298,0.369127516778524,FALSE
"sex","TNF",0.294,1,FALSE
"TNF","sex",0.294,0,FALSE
"hemoglobin","mpv",0.293,0.795221843003413,FALSE
"mpv","hemoglobin",0.293,0.204778156996587,FALSE
"crp","IGFBP7",0.293,0.382252559726962,FALSE
"IGFBP7","crp",0.293,0.617747440273038,FALSE
"TNFRSF1B","CD8A",0.292,0.438356164383562,FALSE
"CD8A","TNFRSF1B",0.292,0.561643835616438,FALSE
"basophils","KLRD1",0.292,0.400684931506849,FALSE
"KLRD1","basophils",0.292,0.599315068493151,FALSE
"basophils","alt",0.291,0.415807560137457,FALSE
"alt","basophils",0.291,0.584192439862543,FALSE
"wbc","CCL2",0.291,0.247422680412371,FALSE
"CCL2","wbc",0.291,0.752577319587629,FALSE
"basophils","mpv",0.29,0.5,FALSE
"mpv","basophils",0.29,0.5,FALSE
"CCL11","GDF15",0.289,0.589965397923875,FALSE
"GDF15","CCL11",0.289,0.410034602076125,FALSE
"hematocrit","chloride",0.289,0.494809688581315,FALSE
"chloride","hematocrit",0.289,0.505190311418685,FALSE
"creatinine","CCL4",0.289,0.636678200692042,FALSE
"CCL4","creatinine",0.289,0.363321799307958,FALSE
"lymphocytes","IFNG",0.288,0.435763888888889,FALSE
"IFNG","lymphocytes",0.288,0.564236111111111,FALSE
"CD8A","KLRD1",0.288,0.541666666666667,FALSE
"KLRD1","CD8A",0.288,0.458333333333333,FALSE
"bun","GDF15",0.288,0.152777777777778,FALSE
"GDF15","bun",0.288,0.847222222222222,FALSE
"protein","CXCL11",0.287,0.738675958188153,FALSE
"CXCL11","protein",0.287,0.261324041811847,FALSE
"bun","protein",0.286,0.678321678321678,FALSE
"protein","bun",0.286,0.321678321678322,FALSE
"hematocrit","albumin",0.285,0.659649122807017,FALSE
"albumin","hematocrit",0.285,0.340350877192982,FALSE
"sex","CCL3",0.285,1,FALSE
"sex","TNFRSF1B",0.285,1,FALSE
"rbc","KLRD1",0.285,0.171929824561404,FALSE
"CCL3","sex",0.285,0,FALSE
"TNFRSF1B","sex",0.285,0,FALSE
"KLRD1","rbc",0.285,0.828070175438597,FALSE
"t_bili","CCL11",0.284,0.475352112676056,FALSE
"CCL8","CHI3L1",0.284,0.522887323943662,FALSE
"CCL11","t_bili",0.284,0.524647887323944,FALSE
"CHI3L1","CCL8",0.284,0.477112676056338,FALSE
"sex","VEGFA",0.282,1,FALSE
"VEGFA","sex",0.282,0,FALSE
"esr","CHI3L1",0.281,0.480427046263345,FALSE
"CHI3L1","esr",0.281,0.519572953736655,FALSE
"glucose","CXCL8",0.281,0.747330960854093,FALSE
"CXCL8","glucose",0.281,0.252669039145907,FALSE
"CHI3L1","GZMB",0.28,0.421428571428571,FALSE
"GZMB","CHI3L1",0.28,0.578571428571429,FALSE
"age_group","HAVCR2",0.279,1,FALSE
"eosinophils","creatinine",0.279,0.498207885304659,FALSE
"creatinine","eosinophils",0.279,0.50179211469534,FALSE
"esr","GZMA",0.279,0.577060931899642,FALSE
"GZMA","esr",0.279,0.422939068100358,FALSE
"HAVCR2","age_group",0.279,0,FALSE
"age_group","wbc",0.278,1,FALSE
"wbc","age_group",0.278,0,FALSE
"t_bili","IL7",0.278,0.408273381294964,FALSE
"IL7","t_bili",0.278,0.591726618705036,FALSE
"hemoglobin","CD8A",0.277,0.606498194945848,FALSE
"CXCL8","GZMA",0.277,0.523465703971119,FALSE
"CD8A","hemoglobin",0.277,0.393501805054152,FALSE
"GZMA","CXCL8",0.277,0.476534296028881,FALSE
"alk_phos","alt",0.277,0.628158844765343,FALSE
"alt","alk_phos",0.277,0.371841155234657,FALSE
"esr","hdl",0.276,0.253623188405797,FALSE
"hdl","esr",0.276,0.746376811594203,FALSE
"CCL4","PDCD1",0.276,0.442028985507246,FALSE
"PDCD1","CCL4",0.276,0.557971014492754,FALSE
"sodium","CXCL8",0.275,0.563636363636364,FALSE
"CXCL8","sodium",0.275,0.436363636363636,FALSE
"CXCL8","PDCD1",0.275,0.403636363636364,FALSE
"PDCD1","CXCL8",0.275,0.596363636363636,FALSE
"eosinophils","IL15",0.274,0.505474452554745,FALSE
"rdw","PDCD1",0.274,0.671532846715328,FALSE
"IL15","eosinophils",0.274,0.494525547445255,FALSE
"PDCD1","rdw",0.274,0.328467153284672,FALSE
"CXCL9","GDF15",0.274,0.142335766423358,FALSE
"GDF15","CXCL9",0.274,0.857664233576642,FALSE
"eosinophils","crp",0.273,0.326007326007326,FALSE
"sodium","t_bili",0.273,0.549450549450549,FALSE
"t_bili","sodium",0.273,0.450549450549451,FALSE
"crp","eosinophils",0.273,0.673992673992674,FALSE
"IL15","CD274",0.273,0.485347985347985,FALSE
"CD274","IL15",0.273,0.514652014652015,FALSE
"sex","alk_phos",0.272,1,FALSE
"rbc","creatinine",0.272,0.172794117647059,FALSE
"albumin","TNFRSF1A",0.272,0.341911764705882,FALSE
"alk_phos","sex",0.272,0,FALSE
"creatinine","rbc",0.272,0.827205882352941,FALSE
"ldl","IL6",0.272,0.529411764705882,FALSE
"IL6","ldl",0.272,0.470588235294118,FALSE
"TNF","CD274",0.272,0.411764705882353,FALSE
"TNFRSF1A","albumin",0.272,0.658088235294118,FALSE
"CD274","TNF",0.272,0.588235294117647,FALSE
"cmv","lymphocytes",0.271,1,FALSE
"cmv","rdw",0.271,1,FALSE
"lymphocytes","cmv",0.271,0,FALSE
"platelets","IL7",0.271,0.321033210332103,FALSE
"rdw","cmv",0.271,0,FALSE
"creatinine","IGFBP7",0.271,0.745387453874539,FALSE
"IL6","CHI3L1",0.271,0.472324723247232,FALSE
"CXCL8","VEGFA",0.271,0.439114391143911,FALSE
"IL7","platelets",0.271,0.678966789667897,FALSE
"CHI3L1","IL6",0.271,0.527675276752767,FALSE
"IGFBP7","creatinine",0.271,0.254612546125461,FALSE
"VEGFA","CXCL8",0.271,0.560885608856089,FALSE
"age_group","KLRD1",0.27,1,FALSE
"sex","GZMB",0.27,1,FALSE
"wbc","IL6",0.27,0.144444444444444,FALSE
"IL6","wbc",0.27,0.855555555555556,FALSE
"CXCL9","LAG3",0.27,0.666666666666667,FALSE
"GZMB","sex",0.27,0,FALSE
"KLRD1","age_group",0.27,0,FALSE
"LAG3","CXCL9",0.27,0.333333333333333,FALSE
"cmv","TNFRSF1B",0.269,1,FALSE
"TNFRSF1B","cmv",0.269,0,FALSE
"weight","hemoglobin",0.268,0.578358208955224,FALSE
"hemoglobin","weight",0.268,0.421641791044776,FALSE
"alt","glucose",0.268,0.294776119402985,FALSE
"glucose","alt",0.268,0.705223880597015,FALSE
"sodium","CCL3",0.268,0.742537313432836,FALSE
"esr","IL6",0.268,0.593283582089552,FALSE
"IL6","esr",0.268,0.406716417910448,FALSE
"CCL3","sodium",0.268,0.257462686567164,FALSE
"KLRD1","LEP",0.268,0.798507462686567,FALSE
"LEP","KLRD1",0.268,0.201492537313433,FALSE
"alk_phos","CCL3",0.267,0.363295880149813,FALSE
"IL15","IGFBP7",0.267,0.614232209737828,FALSE
"CCL3","alk_phos",0.267,0.636704119850187,FALSE
"CCL3","LEP",0.267,0.292134831460674,FALSE
"IGFBP7","IL15",0.267,0.385767790262172,FALSE
"LEP","CCL3",0.267,0.707865168539326,FALSE
"hdl","PDCD1",0.266,0.460526315789474,FALSE
"IL15","GZMA",0.266,0.650375939849624,FALSE
"GZMA","IL15",0.266,0.349624060150376,FALSE
"PDCD1","hdl",0.266,0.539473684210526,FALSE
"age_group","GZMB",0.265,1,FALSE
"GZMB","age_group",0.265,0,FALSE
"monocytes","ldl",0.264,0.40530303030303,FALSE
"chloride","LAG3",0.264,0.606060606060606,FALSE
"ldl","monocytes",0.264,0.59469696969697,FALSE
"LAG3","chloride",0.264,0.393939393939394,FALSE
"potassium","triglycerides",0.263,0.64638783269962,FALSE
"triglycerides","potassium",0.263,0.35361216730038,FALSE
"GDF15","IGFBP7",0.263,0.287072243346008,FALSE
"CHI3L1","TNFRSF1B",0.263,0.498098859315589,FALSE
"IGFBP7","GDF15",0.263,0.712927756653992,FALSE
"TNFRSF1B","CHI3L1",0.263,0.501901140684411,FALSE
"sex","PDCD1",0.262,1,FALSE
"calcium","sodium",0.262,0.515267175572519,FALSE
"chloride","globulin",0.262,0.58206106870229,FALSE
"co2","CD274",0.262,0.66793893129771,FALSE
"globulin","chloride",0.262,0.41793893129771,FALSE
"potassium","protein",0.262,0.843511450381679,FALSE
"protein","potassium",0.262,0.156488549618321,FALSE
"sodium","calcium",0.262,0.484732824427481,FALSE
"PDCD1","sex",0.262,0,FALSE
"CD274","co2",0.262,0.33206106870229,FALSE
"neutrophils","IL18",0.261,0.268199233716475,FALSE
"esr","ldl",0.261,0.701149425287356,FALSE
"ldl","esr",0.261,0.298850574712644,FALSE
"IL18","neutrophils",0.261,0.731800766283525,FALSE
"IL15","LEP",0.261,0.850574712643678,FALSE
"LEP","IL15",0.261,0.149425287356322,FALSE
"neutrophils","KLRD1",0.26,0.411538461538462,FALSE
"platelets","globulin",0.26,0.511538461538461,FALSE
"ast","LEP",0.26,0.476923076923077,FALSE
"globulin","platelets",0.26,0.488461538461538,FALSE
"CXCL10","IL7",0.26,0.561538461538461,FALSE
"IL7","CXCL10",0.26,0.438461538461538,FALSE
"KLRD1","neutrophils",0.26,0.588461538461538,FALSE
"LEP","ast",0.26,0.523076923076923,FALSE
"weight","FGF21",0.259,0.633204633204633,FALSE
"CCL11","TNFRSF1A",0.259,0.791505791505791,FALSE
"FGF21","weight",0.259,0.366795366795367,FALSE
"CHI3L1","GZMA",0.259,0.274131274131274,FALSE
"TNFRSF1A","CCL11",0.259,0.208494208494208,FALSE
"GZMA","CHI3L1",0.259,0.725868725868726,FALSE
"age_group","CHI3L1",0.258,1,FALSE
"albumin","sodium",0.258,0.554263565891473,FALSE
"sodium","albumin",0.258,0.445736434108527,FALSE
"CCL3","PDCD1",0.258,0.496124031007752,FALSE
"CHI3L1","age_group",0.258,0,FALSE
"PDCD1","CCL3",0.258,0.503875968992248,FALSE
"alk_phos","CHI3L1",0.257,0.649805447470817,FALSE
"CHI3L1","alk_phos",0.257,0.350194552529183,FALSE
"eosinophils","hematocrit",0.256,0.40625,FALSE
"hematocrit","eosinophils",0.256,0.59375,FALSE
"mpv","IFNG",0.256,0.6328125,FALSE
"IFNG","mpv",0.256,0.3671875,FALSE
"IL10","PDCD1",0.256,0.365234375,FALSE
"PDCD1","IL10",0.256,0.634765625,FALSE
"basophils","hematocrit",0.255,0.654901960784314,FALSE
"hematocrit","basophils",0.255,0.345098039215686,FALSE
"creatinine","CCL8",0.255,0.607843137254902,FALSE
"CCL8","creatinine",0.255,0.392156862745098,FALSE
"CHI3L1","MMP12",0.255,0.372549019607843,FALSE
"MMP12","CHI3L1",0.255,0.627450980392157,FALSE
"t_bili","esr",0.254,0.283464566929134,FALSE
"esr","t_bili",0.254,0.716535433070866,FALSE
"protein","GZMA",0.253,0.541501976284585,FALSE
"IL15","MMP12",0.253,0.588932806324111,FALSE
"GZMA","protein",0.253,0.458498023715415,FALSE
"MMP12","IL15",0.253,0.411067193675889,FALSE
"IL6","CCL2",0.252,0.424603174603175,FALSE
"CCL2","IL6",0.252,0.575396825396825,FALSE
"cmv","rbc",0.251,1,FALSE
"rbc","cmv",0.251,0,FALSE
"CHI3L1","LAG3",0.251,0.370517928286853,FALSE
"LAG3","CHI3L1",0.251,0.629482071713147,FALSE
"cmv","total_chol",0.25,1,FALSE
"eosinophils","CD8A",0.25,0.588,FALSE
"total_chol","cmv",0.25,0,FALSE
"IL6","LEP",0.25,0.304,FALSE
"CD8A","eosinophils",0.25,0.412,FALSE
"LEP","IL6",0.25,0.696,FALSE
"hemoglobin","CXCL8",0.249,0.606425702811245,FALSE
"monocytes","CD8A",0.249,0.413654618473896,FALSE
"platelets","GZMB",0.249,0.514056224899598,FALSE
"potassium","LAG3",0.249,0.506024096385542,FALSE
"CXCL8","hemoglobin",0.249,0.393574297188755,FALSE
"CD8A","monocytes",0.249,0.586345381526104,FALSE
"GZMB","platelets",0.249,0.485943775100402,FALSE
"LAG3","potassium",0.249,0.493975903614458,FALSE
"weight","KLRD1",0.248,0.665322580645161,FALSE
"eosinophils","co2",0.248,0.358870967741935,FALSE
"bun","CCL3",0.248,0.516129032258065,FALSE
"co2","eosinophils",0.248,0.641129032258065,FALSE
"CCL3","bun",0.248,0.483870967741935,FALSE
"KLRD1","weight",0.248,0.334677419354839,FALSE
"CHI3L1","VEGFA",0.246,0.434959349593496,FALSE
"VEGFA","CHI3L1",0.246,0.565040650406504,FALSE
"sex","CXCL10",0.245,1,FALSE
"neutrophils","IL7",0.245,0.277551020408163,FALSE
"alt","IL6",0.245,0.538775510204082,FALSE
"IL6","alt",0.245,0.461224489795918,FALSE
"CXCL10","sex",0.245,0,FALSE
"IL7","neutrophils",0.245,0.722448979591837,FALSE
"cmv","ldl",0.244,1,FALSE
"hemoglobin","neutrophils",0.244,0.815573770491803,FALSE
"neutrophils","hemoglobin",0.244,0.184426229508197,FALSE
"ldl","cmv",0.244,0,FALSE
"IL18","TNFRSF1A",0.244,0.569672131147541,FALSE
"TNFRSF1A","IL18",0.244,0.430327868852459,FALSE
"sex","t_bili",0.243,1,FALSE
"sex","CXCL9",0.243,1,FALSE
"platelets","creatinine",0.243,0.502057613168724,FALSE
"creatinine","platelets",0.243,0.497942386831276,FALSE
"t_bili","sex",0.243,0,FALSE
"CXCL9","sex",0.243,0,FALSE
"TNF","CXCL11",0.242,0.305785123966942,FALSE
"CXCL11","TNF",0.242,0.694214876033058,FALSE
"age_group","VEGFA",0.241,1,FALSE
"cmv","CCL4",0.241,1,FALSE
"lymphocytes","co2",0.241,0.344398340248963,FALSE
"co2","lymphocytes",0.241,0.655601659751037,FALSE
"CCL4","cmv",0.241,0,FALSE
"CCL4","LAG3",0.241,0.775933609958506,FALSE
"VEGFA","age_group",0.241,0,FALSE
"LAG3","CCL4",0.241,0.224066390041494,FALSE
"CCL11","IGFBP7",0.24,0.422916666666667,FALSE
"IGFBP7","CCL11",0.24,0.577083333333333,FALSE
"monocytes","CCL11",0.24,0.691666666666667,FALSE
"mpv","KLRD1",0.24,0.5125,FALSE
"triglycerides","IL7",0.24,0.360416666666667,FALSE
"TNF","TNFRSF1B",0.24,0.475,FALSE
"IL7","triglycerides",0.24,0.639583333333333,FALSE
"IL15","LAG3",0.24,0.591666666666667,FALSE
"CCL11","monocytes",0.24,0.308333333333333,FALSE
"TNFRSF1B","TNF",0.24,0.525,FALSE
"KLRD1","mpv",0.24,0.4875,FALSE
"LAG3","IL15",0.24,0.408333333333333,FALSE
"HAVCR2","LEP",0.24,0.0958333333333333,FALSE
"LEP","HAVCR2",0.24,0.904166666666667,FALSE
"alk_phos","KLRD1",0.239,0.644351464435146,FALSE
"CXCL9","CHI3L1",0.239,0.671548117154812,FALSE
"CXCL11","MMP12",0.239,0.384937238493724,FALSE
"CHI3L1","CXCL9",0.239,0.328451882845188,FALSE
"KLRD1","alk_phos",0.239,0.355648535564854,FALSE
"MMP12","CXCL11",0.239,0.615062761506276,FALSE
"hemoglobin","IL15",0.237,0.261603375527426,FALSE
"alk_phos","IL6",0.237,0.219409282700422,FALSE
"crp","TNFRSF1A",0.237,0.476793248945148,FALSE
"hdl","LAG3",0.237,0.337552742616034,FALSE
"IL6","alk_phos",0.237,0.780590717299578,FALSE
"IL6","CXCL9",0.237,0.523206751054852,FALSE
"IL6","CD274",0.237,0.371308016877637,FALSE
"CXCL9","IL6",0.237,0.476793248945148,FALSE
"IL15","hemoglobin",0.237,0.738396624472574,FALSE
"TNFRSF1A","crp",0.237,0.523206751054852,FALSE
"LAG3","hdl",0.237,0.662447257383966,FALSE
"CD274","IL6",0.237,0.628691983122363,FALSE
"age_group","albumin",0.236,1,FALSE
"albumin","age_group",0.236,0,FALSE
"albumin","glucose",0.236,0.38135593220339,FALSE
"glucose","albumin",0.236,0.61864406779661,FALSE
"globulin","VEGFA",0.234,0.491452991452991,FALSE
"CXCL10","GZMA",0.234,0.641025641025641,FALSE
"CCL4","MMP12",0.234,0.448717948717949,FALSE
"GZMA","CXCL10",0.234,0.358974358974359,FALSE
"MMP12","CCL4",0.234,0.551282051282051,FALSE
"VEGFA","globulin",0.234,0.508547008547009,FALSE
"cmv","platelets",0.233,1,FALSE
"platelets","cmv",0.233,0,FALSE
"wbc","IL15",0.233,0.394849785407725,FALSE
"IL15","wbc",0.233,0.605150214592275,FALSE
"wbc","LEP",0.232,0.168103448275862,FALSE
"LEP","wbc",0.232,0.831896551724138,FALSE
"eosinophils","platelets",0.232,0.392241379310345,FALSE
"platelets","eosinophils",0.232,0.607758620689655,FALSE
"albumin","CD8A",0.232,0.556034482758621,FALSE
"protein","CCL2",0.232,0.646551724137931,FALSE
"CCL2","protein",0.232,0.353448275862069,FALSE
"CD8A","albumin",0.232,0.443965517241379,FALSE
"hemoglobin","IL1RN",0.231,0.554112554112554,FALSE
"bun","chloride",0.231,0.484848484848485,FALSE
"chloride","bun",0.231,0.515151515151515,FALSE
"IL1RN","hemoglobin",0.231,0.445887445887446,FALSE
"creatinine","crp",0.23,0.558695652173913,FALSE
"crp","creatinine",0.23,0.441304347826087,FALSE
"crp","IL18",0.23,0.265217391304348,FALSE
"IL18","crp",0.23,0.734782608695652,FALSE
"hematocrit","CCL4",0.23,0.330434782608696,FALSE
"wbc","GZMA",0.23,0.339130434782609,FALSE
"calcium","t_bili",0.23,0.628260869565217,FALSE
"t_bili","calcium",0.23,0.371739130434783,FALSE
"CCL4","hematocrit",0.23,0.669565217391304,FALSE
"CCL8","GZMA",0.23,0.352173913043478,FALSE
"GZMA","wbc",0.23,0.660869565217391,FALSE
"GZMA","CCL8",0.23,0.647826086956522,FALSE
"rdw","CCL11",0.229,0.458515283842795,FALSE
"alt","crp",0.229,0.528384279475983,FALSE
"ast","IGFBP7",0.229,0.462882096069869,FALSE
"esr","triglycerides",0.229,0.462882096069869,FALSE
"crp","alt",0.229,0.471615720524018,FALSE
"triglycerides","esr",0.229,0.537117903930131,FALSE
"IL18","CHI3L1",0.229,0.633187772925764,FALSE
"CCL11","rdw",0.229,0.541484716157205,FALSE
"CHI3L1","IL18",0.229,0.366812227074236,FALSE
"IGFBP7","ast",0.229,0.537117903930131,FALSE
"sex","CCL2",0.228,1,FALSE
"eosinophils","IL6",0.228,0.578947368421053,FALSE
"glucose","IL6",0.228,0.745614035087719,FALSE
"crp","CCL3",0.228,0.508771929824561,FALSE
"IL6","eosinophils",0.228,0.421052631578947,FALSE
"IL6","glucose",0.228,0.254385964912281,FALSE
"CCL2","sex",0.228,0,FALSE
"CCL3","crp",0.228,0.491228070175439,FALSE
"GZMB","VEGFA",0.228,0.495614035087719,FALSE
"VEGFA","GZMB",0.228,0.504385964912281,FALSE
"basophils","GZMA",0.228,0.521929824561404,FALSE
"wbc","triglycerides",0.228,0.230263157894737,FALSE
"triglycerides","wbc",0.228,0.769736842105263,FALSE
"IL10","IGFBP7",0.228,0.532894736842105,FALSE
"IGFBP7","IL10",0.228,0.467105263157895,FALSE
"GZMA","basophils",0.228,0.478070175438597,FALSE
"rdw","TNFRSF1B",0.227,0.449339207048458,FALSE
"wbc","ast",0.227,0.462555066079295,FALSE
"ast","wbc",0.227,0.537444933920705,FALSE
"protein","IL18",0.227,0.524229074889868,FALSE
"IL18","protein",0.227,0.475770925110132,FALSE
"TNFRSF1B","rdw",0.227,0.550660792951542,FALSE
"age_group","IL1RN",0.226,1,FALSE
"IL1RN","age_group",0.226,0,FALSE
"TNFRSF1A","VEGFA",0.226,0.526548672566372,FALSE
"VEGFA","TNFRSF1A",0.226,0.473451327433628,FALSE
"eosinophils","CCL11",0.225,0.595555555555556,FALSE
"chloride","GDF15",0.225,0.506666666666667,FALSE
"IL7","GDF15",0.225,0.613333333333333,FALSE
"CCL4","CCL11",0.225,0.248888888888889,FALSE
"CCL11","eosinophils",0.225,0.404444444444444,FALSE
"CCL11","CCL4",0.225,0.751111111111111,FALSE
"GDF15","chloride",0.225,0.493333333333333,FALSE
"GDF15","IL7",0.225,0.386666666666667,FALSE
"weight","eosinophils",0.225,0.686666666666667,FALSE
"eosinophils","weight",0.225,0.313333333333333,FALSE
"monocytes","esr",0.225,0.546666666666667,FALSE
"bun","IL15",0.225,0.371111111111111,FALSE
"esr","monocytes",0.225,0.453333333333333,FALSE
"CXCL8","FGF21",0.225,0.524444444444444,FALSE
"IL15","bun",0.225,0.628888888888889,FALSE
"FGF21","CXCL8",0.225,0.475555555555556,FALSE
"crp","CCL11",0.224,0.620535714285714,FALSE
"CCL11","crp",0.224,0.379464285714286,FALSE
"cmv","potassium",0.224,1,FALSE
"globulin","IL18",0.224,0.700892857142857,FALSE
"potassium","cmv",0.224,0,FALSE
"IL18","globulin",0.224,0.299107142857143,FALSE
"creatinine","GDF15",0.223,0.515695067264574,FALSE
"triglycerides","TNF",0.223,0.437219730941704,FALSE
"TNF","triglycerides",0.223,0.562780269058296,FALSE
"CXCL10","CCL4",0.223,0.573991031390135,FALSE
"CCL4","CXCL10",0.223,0.426008968609865,FALSE
"GDF15","creatinine",0.223,0.484304932735426,FALSE
"basophils","CXCL11",0.223,0.780269058295964,FALSE
"CXCL11","basophils",0.223,0.219730941704036,FALSE
"cmv","CCL2",0.222,1,FALSE
"cmv","GZMB",0.222,1,FALSE
"cmv","CD274",0.222,1,FALSE
"basophils","alk_phos",0.222,0.603603603603604,FALSE
"platelets","FGF21",0.222,0.391891891891892,FALSE
"albumin","IL18",0.222,0.542792792792793,FALSE
"alk_phos","basophils",0.222,0.396396396396396,FALSE
"IL18","albumin",0.222,0.457207207207207,FALSE
"CCL2","cmv",0.222,0,FALSE
"FGF21","platelets",0.222,0.608108108108108,FALSE
"GZMB","cmv",0.222,0,FALSE
"CD274","cmv",0.222,0,FALSE
"IL18","CCL3",0.222,0.337837837837838,FALSE
"IL7","GZMB",0.222,0.346846846846847,FALSE
"CCL3","IL18",0.222,0.662162162162162,FALSE
"GZMB","IL7",0.222,0.653153153153153,FALSE
"creatinine","TNFRSF1A",0.221,0.633484162895928,FALSE
"TNFRSF1A","creatinine",0.221,0.366515837104072,FALSE
"hemoglobin","IFNG",0.221,0.230769230769231,FALSE
"neutrophils","ast",0.221,0.502262443438914,FALSE
"rdw","TNF",0.221,0.561085972850679,FALSE
"ast","neutrophils",0.221,0.497737556561086,FALSE
"TNF","rdw",0.221,0.438914027149321,FALSE
"CXCL10","VEGFA",0.221,0.529411764705882,FALSE
"IFNG","hemoglobin",0.221,0.769230769230769,FALSE
"VEGFA","CXCL10",0.221,0.470588235294118,FALSE
"bun","CCL11",0.221,0.46606334841629,FALSE
"CCL11","bun",0.221,0.53393665158371,FALSE
"globulin","GZMA",0.22,0.613636363636364,FALSE
"GZMA","globulin",0.22,0.386363636363636,FALSE
"sex","rbc",0.22,1,FALSE
"rbc","sex",0.22,0,FALSE
"rbc","crp",0.22,0.75,FALSE
"alt","LAG3",0.22,0.404545454545455,FALSE
"crp","rbc",0.22,0.25,FALSE
"CXCL8","CXCL10",0.22,0.395454545454545,FALSE
"CXCL10","CXCL8",0.22,0.604545454545455,FALSE
"LAG3","alt",0.22,0.595454545454545,FALSE
"IFNG","MMP12",0.219,0.621004566210046,FALSE
"MMP12","IFNG",0.219,0.378995433789954,FALSE
"sex","CXCL8",0.219,1,FALSE
"CXCL8","sex",0.219,0,FALSE
"co2","GZMA",0.218,0.642201834862385,FALSE
"GZMA","co2",0.218,0.357798165137615,FALSE
"hemoglobin","TNF",0.218,0.545871559633027,FALSE
"hdl","IGFBP7",0.218,0.541284403669725,FALSE
"TNF","hemoglobin",0.218,0.454128440366972,FALSE
"IGFBP7","hdl",0.218,0.458715596330275,FALSE
"platelets","co2",0.218,0.344036697247706,FALSE
"co2","platelets",0.218,0.655963302752294,FALSE
"CHI3L1","TNFRSF1A",0.218,0.327981651376147,FALSE
"TNFRSF1A","CHI3L1",0.218,0.672018348623853,FALSE
"rdw","creatinine",0.217,0.36405529953917,FALSE
"creatinine","rdw",0.217,0.63594470046083,FALSE
"sex","IL10",0.217,1,FALSE
"sex","FGF21",0.217,1,FALSE
"co2","protein",0.217,0.686635944700461,FALSE
"creatinine","PDCD1",0.217,0.43778801843318,FALSE
"protein","co2",0.217,0.313364055299539,FALSE
"esr","FGF21",0.217,0.594470046082949,FALSE
"IL10","sex",0.217,0,FALSE
"CCL4","GZMA",0.217,0.493087557603687,FALSE
"FGF21","sex",0.217,0,FALSE
"FGF21","esr",0.217,0.405529953917051,FALSE
"GZMA","CCL4",0.217,0.506912442396313,FALSE
"PDCD1","creatinine",0.217,0.56221198156682,FALSE
"monocytes","CCL3",0.216,0.606481481481481,FALSE
"platelets","CHI3L1",0.216,0.356481481481481,FALSE
"CCL3","monocytes",0.216,0.393518518518518,FALSE
"CHI3L1","platelets",0.216,0.643518518518518,FALSE
"monocytes","ast",0.215,0.386046511627907,FALSE
"platelets","calcium",0.215,0.46046511627907,FALSE
"ast","monocytes",0.215,0.613953488372093,FALSE
"calcium","platelets",0.215,0.53953488372093,FALSE
"IL10","CD8A",0.215,0.544186046511628,FALSE
"CD8A","IL10",0.215,0.455813953488372,FALSE
"creatinine","VEGFA",0.215,0.697674418604651,FALSE
"protein","sodium",0.215,0.506976744186047,FALSE
"sodium","protein",0.215,0.493023255813954,FALSE
"VEGFA","creatinine",0.215,0.302325581395349,FALSE
"CCL3","MMP12",0.214,0.532710280373832,FALSE
"MMP12","CCL3",0.214,0.467289719626168,FALSE
"hemoglobin","potassium",0.214,0.271028037383178,FALSE
"potassium","hemoglobin",0.214,0.728971962616822,FALSE
"monocytes","total_chol",0.213,0.464788732394366,FALSE
"total_chol","monocytes",0.213,0.535211267605634,FALSE
"basophils","triglycerides",0.213,0.509389671361502,FALSE
"triglycerides","basophils",0.213,0.490610328638498,FALSE
"CXCL11","IL10",0.213,0.727699530516432,FALSE
"IL10","CXCL11",0.213,0.272300469483568,FALSE
"chloride","glucose",0.213,0.333333333333333,FALSE
"glucose","chloride",0.213,0.666666666666667,FALSE
"co2","TNFRSF1A",0.212,0.797169811320755,FALSE
"TNFRSF1A","co2",0.212,0.202830188679245,FALSE
"sex","ast",0.212,1,FALSE
"sex","KLRD1",0.212,1,FALSE
"rbc","sodium",0.212,0.117924528301887,FALSE
"ast","sex",0.212,0,FALSE
"co2","hdl",0.212,0.683962264150943,FALSE
"sodium","rbc",0.212,0.882075471698113,FALSE
"hdl","co2",0.212,0.316037735849057,FALSE
"CXCL9","CCL11",0.212,0.443396226415094,FALSE
"CCL11","CXCL9",0.212,0.556603773584906,FALSE
"KLRD1","sex",0.212,0,FALSE
"neutrophils","glucose",0.211,0.459715639810427,FALSE
"glucose","neutrophils",0.211,0.540284360189573,FALSE
"age_group","MMP12",0.211,1,FALSE
"sex","weight",0.211,1,FALSE
"cmv","MMP12",0.211,1,FALSE
"weight","sex",0.211,0,FALSE
"MMP12","age_group",0.211,0,FALSE
"MMP12","cmv",0.211,0,FALSE
"alk_phos","total_chol",0.21,0.814285714285714,FALSE
"creatinine","IL1RN",0.21,0.557142857142857,FALSE
"total_chol","alk_phos",0.21,0.185714285714286,FALSE
"CXCL8","CCL8",0.21,0.666666666666667,FALSE
"IL1RN","creatinine",0.21,0.442857142857143,FALSE
"CCL8","CXCL8",0.21,0.333333333333333,FALSE
"cmv","crp",0.21,1,FALSE
"crp","cmv",0.21,0,FALSE
"t_bili","FGF21",0.209,0.62200956937799,FALSE
"GDF15","VEGFA",0.209,0.392344497607655,FALSE
"FGF21","t_bili",0.209,0.37799043062201,FALSE
"VEGFA","GDF15",0.209,0.607655502392344,FALSE
"sex","albumin",0.209,1,FALSE
"basophils","LAG3",0.209,0.703349282296651,FALSE
"albumin","sex",0.209,0,FALSE
"glucose","GDF15",0.209,0.433014354066986,FALSE
"TNF","FGF21",0.209,0.69377990430622,FALSE
"GDF15","glucose",0.209,0.566985645933014,FALSE
"FGF21","TNF",0.209,0.30622009569378,FALSE
"LAG3","basophils",0.209,0.296650717703349,FALSE
"basophils","CCL2",0.208,0.634615384615385,FALSE
"hemoglobin","GZMB",0.208,0.519230769230769,FALSE
"IL6","CXCL8",0.208,0.466346153846154,FALSE
"IL6","LAG3",0.208,0.471153846153846,FALSE
"CXCL8","IL6",0.208,0.533653846153846,FALSE
"CCL2","basophils",0.208,0.365384615384615,FALSE
"GZMB","hemoglobin",0.208,0.480769230769231,FALSE
"LAG3","IL6",0.208,0.528846153846154,FALSE
"eosinophils","GZMA",0.208,0.692307692307692,FALSE
"GZMA","eosinophils",0.208,0.307692307692308,FALSE
"mpv","CCL2",0.207,0.541062801932367,FALSE
"CXCL9","IL1RN",0.207,0.434782608695652,FALSE
"IFNG","CCL4",0.207,0.323671497584541,FALSE
"IL1RN","CXCL9",0.207,0.565217391304348,FALSE
"CCL2","mpv",0.207,0.458937198067633,FALSE
"CCL4","IFNG",0.207,0.676328502415459,FALSE
"hematocrit","bun",0.207,0.42512077294686,FALSE
"bun","hematocrit",0.207,0.57487922705314,FALSE
"globulin","CD8A",0.207,0.497584541062802,FALSE
"CD8A","globulin",0.207,0.502415458937198,FALSE
"cmv","neutrophils",0.206,1,FALSE
"neutrophils","cmv",0.206,0,FALSE
"weight","MMP12",0.205,0.55609756097561,FALSE
"lymphocytes","LEP",0.205,0.204878048780488,FALSE
"monocytes","glucose",0.205,0.531707317073171,FALSE
"bun","TNFRSF1B",0.205,0.629268292682927,FALSE
"glucose","monocytes",0.205,0.468292682926829,FALSE
"IFNG","IL18",0.205,0.663414634146341,FALSE
"IL18","IFNG",0.205,0.336585365853659,FALSE
"TNFRSF1B","bun",0.205,0.370731707317073,FALSE
"MMP12","weight",0.205,0.44390243902439,FALSE
"LEP","lymphocytes",0.205,0.795121951219512,FALSE
"cmv","CD8A",0.205,1,FALSE
"calcium","total_chol",0.205,0.31219512195122,FALSE
"esr","total_chol",0.205,0.736585365853659,FALSE
"total_chol","calcium",0.205,0.68780487804878,FALSE
"total_chol","esr",0.205,0.263414634146341,FALSE
"CD8A","cmv",0.205,0,FALSE
"weight","CCL11",0.204,0.563725490196078,FALSE
"wbc","CD8A",0.204,0.524509803921569,FALSE
"bun","CCL2",0.204,0.593137254901961,FALSE
"CXCL10","LAG3",0.204,0.642156862745098,FALSE
"CCL2","bun",0.204,0.406862745098039,FALSE
"CCL11","weight",0.204,0.436274509803922,FALSE
"GDF15","CD8A",0.204,0.343137254901961,FALSE
"CD8A","wbc",0.204,0.475490196078431,FALSE
"CD8A","GDF15",0.204,0.656862745098039,FALSE
"LAG3","CXCL10",0.204,0.357843137254902,FALSE
"sex","CCL4",0.203,1,FALSE
"eosinophils","IL10",0.203,0.502463054187192,FALSE
"monocytes","CCL2",0.203,0.541871921182266,FALSE
"rbc","CCL2",0.203,0.344827586206897,FALSE
"IL10","eosinophils",0.203,0.497536945812808,FALSE
"CCL2","monocytes",0.203,0.458128078817734,FALSE
"CCL2","rbc",0.203,0.655172413793103,FALSE
"CCL4","sex",0.203,0,FALSE
"CCL4","GDF15",0.203,0.472906403940887,FALSE
"GDF15","CCL4",0.203,0.527093596059113,FALSE
"TNFRSF1B","CD274",0.203,0.596059113300493,FALSE
"CD274","TNFRSF1B",0.203,0.403940886699507,FALSE
"neutrophils","CXCL9",0.203,0.147783251231527,FALSE
"chloride","HAVCR2",0.203,0.881773399014778,FALSE
"CXCL9","neutrophils",0.203,0.852216748768473,FALSE
"HAVCR2","chloride",0.203,0.118226600985222,FALSE
"monocytes","LAG3",0.202,0.46039603960396,FALSE
"rdw","HAVCR2",0.202,0.618811881188119,FALSE
"ast","hdl",0.202,0.435643564356436,FALSE
"ast","GZMA",0.202,0.544554455445544,FALSE
"hdl","ast",0.202,0.564356435643564,FALSE
"IL7","CCL8",0.202,0.574257425742574,FALSE
"IL15","PDCD1",0.202,0.534653465346535,FALSE
"CCL8","IL7",0.202,0.425742574257426,FALSE
"GZMA","ast",0.202,0.455445544554455,FALSE
"PDCD1","IL15",0.202,0.465346534653465,FALSE
"LAG3","monocytes",0.202,0.53960396039604,FALSE
"HAVCR2","rdw",0.202,0.381188118811881,FALSE
"lymphocytes","CXCL9",0.202,0.257425742574257,FALSE
"CXCL9","lymphocytes",0.202,0.742574257425743,FALSE
"cmv","IL7",0.201,1,FALSE
"rbc","LAG3",0.201,0.492537313432836,FALSE
"wbc","hdl",0.201,0.17910447761194,FALSE
"calcium","globulin",0.201,0.358208955223881,FALSE
"globulin","calcium",0.201,0.641791044776119,FALSE
"crp","KLRD1",0.201,0.462686567164179,FALSE
"hdl","wbc",0.201,0.82089552238806,FALSE
"hdl","IL1RN",0.201,0.472636815920398,FALSE
"CXCL11","IL7",0.201,0.402985074626866,FALSE
"IL1RN","hdl",0.201,0.527363184079602,FALSE
"IL7","cmv",0.201,0,FALSE
"IL7","CXCL11",0.201,0.597014925373134,FALSE
"KLRD1","crp",0.201,0.537313432835821,FALSE
"LAG3","rbc",0.201,0.507462686567164,FALSE
"ldl","GZMB",0.201,0.701492537313433,FALSE
"GZMB","ldl",0.201,0.298507462686567,FALSE
"monocytes","IL15",0.2,0.49,FALSE
"rdw","glucose",0.2,0.635,FALSE
"alk_phos","t_bili",0.2,0.475,FALSE
"chloride","CCL8",0.2,0.545,FALSE
"co2","IL7",0.2,0.7775,FALSE
"globulin","triglycerides",0.2,0.58,FALSE
"glucose","rdw",0.2,0.365,FALSE
"t_bili","alk_phos",0.2,0.525,FALSE
"triglycerides","globulin",0.2,0.42,FALSE
"triglycerides","CXCL10",0.2,0.485,FALSE
"CXCL10","triglycerides",0.2,0.515,FALSE
"IL7","co2",0.2,0.2225,FALSE
"IL15","monocytes",0.2,0.51,FALSE
"CCL8","chloride",0.2,0.455,FALSE
"sex","neutrophils",0.199,1,FALSE
"neutrophils","sex",0.199,0,FALSE
"bun","globulin",0.199,0.326633165829146,FALSE
"globulin","bun",0.199,0.673366834170854,FALSE
"sex","glucose",0.198,1,FALSE
"rbc","TNF",0.198,0.146464646464646,FALSE
"globulin","t_bili",0.198,0.565656565656566,FALSE
"glucose","sex",0.198,0,FALSE
"t_bili","globulin",0.198,0.434343434343434,FALSE
"IL6","TNF",0.198,0.606060606060606,FALSE
"TNF","rbc",0.198,0.853535353535354,FALSE
"TNF","IL6",0.198,0.393939393939394,FALSE
"GZMA","LEP",0.198,0.378787878787879,FALSE
"LEP","GZMA",0.198,0.621212121212121,FALSE
"wbc","LAG3",0.198,0.272727272727273,FALSE
"LAG3","wbc",0.198,0.727272727272727,FALSE
"weight","IL15",0.197,0.553299492385787,FALSE
"albumin","IL6",0.197,0.365482233502538,FALSE
"bun","LEP",0.197,0.49238578680203,FALSE
"globulin","CXCL10",0.197,0.558375634517767,FALSE
"t_bili","IFNG",0.197,0.357868020304568,FALSE
"esr","LEP",0.197,0.431472081218274,FALSE
"triglycerides","CCL2",0.197,0.624365482233503,FALSE
"IL6","albumin",0.197,0.634517766497462,FALSE
"CXCL10","globulin",0.197,0.441624365482233,FALSE
"IFNG","t_bili",0.197,0.642131979695431,FALSE
"IL15","weight",0.197,0.446700507614213,FALSE
"CCL2","triglycerides",0.197,0.375634517766497,FALSE
"IGFBP7","LEP",0.197,0.157360406091371,FALSE
"MMP12","VEGFA",0.197,0.65989847715736,FALSE
"VEGFA","MMP12",0.197,0.34010152284264,FALSE
"LEP","bun",0.197,0.50761421319797,FALSE
"LEP","esr",0.197,0.568527918781726,FALSE
"LEP","IGFBP7",0.197,0.842639593908629,FALSE
"hemoglobin","GZMA",0.196,0.474489795918367,FALSE
"rbc","calcium",0.196,0.551020408163265,FALSE
"calcium","rbc",0.196,0.448979591836735,FALSE
"calcium","creatinine",0.196,0.301020408163265,FALSE
"creatinine","calcium",0.196,0.698979591836735,FALSE
"esr","LAG3",0.196,0.520408163265306,FALSE
"total_chol","HAVCR2",0.196,0.530612244897959,FALSE
"GZMA","hemoglobin",0.196,0.525510204081633,FALSE
"LAG3","esr",0.196,0.479591836734694,FALSE
"HAVCR2","total_chol",0.196,0.469387755102041,FALSE
"weight","chloride",0.195,0.528205128205128,FALSE
"hemoglobin","MMP12",0.195,0.692307692307692,FALSE
"mpv","t_bili",0.195,0.461538461538462,FALSE
"neutrophils","co2",0.195,0.228205128205128,FALSE
"chloride","weight",0.195,0.471794871794872,FALSE
"chloride","GZMA",0.195,0.615384615384615,FALSE
"co2","neutrophils",0.195,0.771794871794872,FALSE
"protein","triglycerides",0.195,0.692307692307692,FALSE
"t_bili","mpv",0.195,0.538461538461538,FALSE
"esr","TNFRSF1B",0.195,0.574358974358974,FALSE
"esr","MMP12",0.195,0.482051282051282,FALSE
"triglycerides","protein",0.195,0.307692307692308,FALSE
"TNFRSF1B","esr",0.195,0.425641025641026,FALSE
"GZMA","chloride",0.195,0.384615384615385,FALSE
"MMP12","hemoglobin",0.195,0.307692307692308,FALSE
"MMP12","esr",0.195,0.517948717948718,FALSE
"alk_phos","ast",0.194,0.592783505154639,FALSE
"ast","alk_phos",0.194,0.407216494845361,FALSE
"glucose","IL1RN",0.194,0.5,FALSE
"TNF","CCL11",0.194,0.304123711340206,FALSE
"IL1RN","glucose",0.194,0.5,FALSE
"CCL11","TNF",0.194,0.695876288659794,FALSE
"mpv","VEGFA",0.193,0.430051813471503,FALSE
"chloride","esr",0.193,0.476683937823834,FALSE
"glucose","esr",0.193,0.601036269430052,FALSE
"potassium","HAVCR2",0.193,0.782383419689119,FALSE
"protein","esr",0.193,0.321243523316062,FALSE
"esr","chloride",0.193,0.523316062176166,FALSE
"esr","glucose",0.193,0.398963730569948,FALSE
"esr","protein",0.193,0.678756476683938,FALSE
"IL18","VEGFA",0.193,0.50259067357513,FALSE
"VEGFA","mpv",0.193,0.569948186528497,FALSE
"VEGFA","IL18",0.193,0.49740932642487,FALSE
"HAVCR2","potassium",0.193,0.217616580310881,FALSE
"basophils","CD8A",0.192,0.703125,FALSE
"hematocrit","mpv",0.192,0.8125,FALSE
"mpv","hematocrit",0.192,0.1875,FALSE
"platelets","CD8A",0.192,0.578125,FALSE
"platelets","CD274",0.192,0.489583333333333,FALSE
"alt","ldl",0.192,0.526041666666667,FALSE
"ast","esr",0.192,0.463541666666667,FALSE
"esr","ast",0.192,0.536458333333333,FALSE
"ldl","alt",0.192,0.473958333333333,FALSE
"ldl","IL1RN",0.192,0.421875,FALSE
"triglycerides","IL15",0.192,0.307291666666667,FALSE
"IL1RN","ldl",0.192,0.578125,FALSE
"IL15","triglycerides",0.192,0.692708333333333,FALSE
"CD8A","basophils",0.192,0.296875,FALSE
"CD8A","platelets",0.192,0.421875,FALSE
"CD274","platelets",0.192,0.510416666666667,FALSE
"t_bili","CCL8",0.191,0.575916230366492,FALSE
"total_chol","TNFRSF1B",0.191,0.570680628272251,FALSE
"IL6","CCL11",0.191,0.324607329842932,FALSE
"CCL8","t_bili",0.191,0.424083769633508,FALSE
"CCL11","IL6",0.191,0.675392670157068,FALSE
"TNFRSF1B","total_chol",0.191,0.429319371727749,FALSE
"monocytes","GZMB",0.19,0.552631578947368,FALSE
"bun","glucose",0.19,0.497368421052632,FALSE
"glucose","bun",0.19,0.502631578947368,FALSE
"sodium","CCL11",0.19,0.410526315789474,FALSE
"esr","GZMB",0.19,0.578947368421053,FALSE
"CXCL10","LEP",0.19,0.2,FALSE
"CCL11","sodium",0.19,0.589473684210526,FALSE
"GZMB","monocytes",0.19,0.447368421052632,FALSE
"GZMB","esr",0.19,0.421052631578947,FALSE
"LEP","CXCL10",0.19,0.8,FALSE
"hematocrit","hdl",0.189,0.592592592592593,FALSE
"albumin","LEP",0.189,0.238095238095238,FALSE
"hdl","hematocrit",0.189,0.407407407407407,FALSE
"IL18","IGFBP7",0.189,0.576719576719577,FALSE
"IGFBP7","IL18",0.189,0.423280423280423,FALSE
"LEP","albumin",0.189,0.761904761904762,FALSE
"neutrophils","triglycerides",0.188,0.242021276595745,FALSE
"calcium","CCL11",0.188,0.5,FALSE
"triglycerides","neutrophils",0.188,0.757978723404255,FALSE
"triglycerides","GZMA",0.188,0.574468085106383,FALSE
"IL18","CD8A",0.188,0.627659574468085,FALSE
"CCL11","calcium",0.188,0.5,FALSE
"CD8A","IL18",0.188,0.372340425531915,FALSE
"GZMA","triglycerides",0.188,0.425531914893617,FALSE
"cmv","wbc",0.187,1,FALSE
"lymphocytes","creatinine",0.187,0.224598930481283,FALSE
"wbc","cmv",0.187,0,FALSE
"ast","CCL3",0.187,0.294117647058824,FALSE
"chloride","t_bili",0.187,0.462566844919786,FALSE
"creatinine","lymphocytes",0.187,0.775401069518717,FALSE
"t_bili","chloride",0.187,0.537433155080214,FALSE
"crp","LAG3",0.187,0.636363636363636,FALSE
"hdl","GDF15",0.187,0.203208556149733,FALSE
"CXCL10","GZMB",0.187,0.679144385026738,FALSE
"CCL3","ast",0.187,0.705882352941177,FALSE
"GDF15","hdl",0.187,0.796791443850267,FALSE
"GDF15","CHI3L1",0.187,0.72192513368984,FALSE
"CHI3L1","GDF15",0.187,0.27807486631016,FALSE
"GZMB","CXCL10",0.187,0.320855614973262,FALSE
"LAG3","crp",0.187,0.363636363636364,FALSE
"age_group","IL6",0.186,1,FALSE
"sex","IL6",0.186,1,FALSE
"eosinophils","albumin",0.186,0.543010752688172,FALSE
"albumin","eosinophils",0.186,0.456989247311828,FALSE
"potassium","GZMA",0.186,0.494623655913978,FALSE
"sodium","CD8A",0.186,0.580645161290323,FALSE
"IL6","age_group",0.186,0,FALSE
"IL6","sex",0.186,0,FALSE
"CD8A","sodium",0.186,0.419354838709677,FALSE
"GZMA","potassium",0.186,0.505376344086022,FALSE
"age_group","CCL4",0.185,1,FALSE
"neutrophils","bun",0.185,0.47027027027027,FALSE
"bun","neutrophils",0.185,0.52972972972973,FALSE
"chloride","KLRD1",0.185,0.794594594594595,FALSE
"co2","t_bili",0.185,0.697297297297297,FALSE
"t_bili","co2",0.185,0.302702702702703,FALSE
"IL1RN","CCL3",0.185,0.697297297297297,FALSE
"CCL3","IL1RN",0.185,0.302702702702703,FALSE
"CCL4","age_group",0.185,0,FALSE
"KLRD1","chloride",0.185,0.205405405405405,FALSE
"creatinine","CCL2",0.184,0.532608695652174,FALSE
"CCL2","creatinine",0.184,0.467391304347826,FALSE
"weight","albumin",0.183,0.781420765027322,FALSE
"lymphocytes","CCL8",0.183,0.33879781420765,FALSE
"albumin","weight",0.183,0.218579234972678,FALSE
"alk_phos","globulin",0.183,0.382513661202186,FALSE
"globulin","alk_phos",0.183,0.617486338797814,FALSE
"TNF","IL15",0.183,0.426229508196721,FALSE
"IL1RN","TNFRSF1B",0.183,0.601092896174863,FALSE
"IL15","TNF",0.183,0.573770491803279,FALSE
"CCL8","lymphocytes",0.183,0.66120218579235,FALSE
"FGF21","TNFRSF1B",0.183,0.568306010928962,FALSE
"TNFRSF1B","IL1RN",0.183,0.398907103825137,FALSE
"TNFRSF1B","FGF21",0.183,0.431693989071038,FALSE
"sex","hdl",0.182,1,FALSE
"cmv","VEGFA",0.182,1,FALSE
"monocytes","IL10",0.182,0.637362637362637,FALSE
"mpv","IL10",0.182,0.208791208791209,FALSE
"platelets","rdw",0.182,0.296703296703297,FALSE
"rdw","platelets",0.182,0.703296703296703,FALSE
"alk_phos","bun",0.182,0.5,FALSE
"bun","alk_phos",0.182,0.5,FALSE
"glucose","CCL2",0.182,0.538461538461539,FALSE
"hdl","sex",0.182,0,FALSE
"total_chol","FGF21",0.182,0.483516483516484,FALSE
"IL10","monocytes",0.182,0.362637362637363,FALSE
"IL10","mpv",0.182,0.791208791208791,FALSE
"CCL2","glucose",0.182,0.461538461538462,FALSE
"CCL2","GZMA",0.182,0.324175824175824,FALSE
"FGF21","total_chol",0.182,0.516483516483517,FALSE
"GZMA","CCL2",0.182,0.675824175824176,FALSE
"VEGFA","cmv",0.182,0,FALSE
"age_group","monocytes",0.181,1,FALSE
"age_group","protein",0.181,1,FALSE
"monocytes","age_group",0.181,0,FALSE
"rdw","CXCL10",0.181,0.613259668508287,FALSE
"ast","CCL2",0.181,0.370165745856354,FALSE
"protein","age_group",0.181,0,FALSE
"sodium","crp",0.181,0.707182320441989,FALSE
"crp","sodium",0.181,0.292817679558011,FALSE
"hdl","CCL8",0.181,0.635359116022099,FALSE
"CXCL8","IL7",0.181,0.430939226519337,FALSE
"CXCL10","rdw",0.181,0.386740331491713,FALSE
"IL7","CXCL8",0.181,0.569060773480663,FALSE
"CCL2","ast",0.181,0.629834254143646,FALSE
"CCL8","hdl",0.181,0.364640883977901,FALSE
"platelets","KLRD1",0.18,0.338888888888889,FALSE
"co2","CXCL10",0.18,0.666666666666667,FALSE
"CXCL10","co2",0.18,0.333333333333333,FALSE
"CXCL10","GDF15",0.18,0.35,FALSE
"GDF15","CXCL10",0.18,0.65,FALSE
"KLRD1","platelets",0.18,0.661111111111111,FALSE
"VEGFA","LEP",0.18,0.122222222222222,FALSE
"LEP","VEGFA",0.18,0.877777777777778,FALSE
"eosinophils","alt",0.179,0.709497206703911,FALSE
"monocytes","CXCL11",0.179,0.340782122905028,FALSE
"alt","eosinophils",0.179,0.290502793296089,FALSE
"ast","TNFRSF1A",0.179,0.513966480446927,FALSE
"co2","VEGFA",0.179,0.737430167597765,FALSE
"sodium","IL10",0.179,0.486033519553073,FALSE
"crp","hdl",0.179,0.614525139664804,FALSE
"hdl","crp",0.179,0.385474860335196,FALSE
"CXCL11","monocytes",0.179,0.659217877094972,FALSE
"IL10","sodium",0.179,0.513966480446927,FALSE
"IL7","TNFRSF1A",0.179,0.340782122905028,FALSE
"TNFRSF1A","ast",0.179,0.486033519553073,FALSE
"TNFRSF1A","IL7",0.179,0.659217877094972,FALSE
"VEGFA","co2",0.179,0.262569832402235,FALSE
"basophils","esr",0.178,0.550561797752809,FALSE
"monocytes","t_bili",0.178,0.514044943820225,FALSE
"monocytes","IL6",0.178,0.421348314606742,FALSE
"alk_phos","LAG3",0.178,0.691011235955056,FALSE
"t_bili","monocytes",0.178,0.485955056179775,FALSE
"esr","basophils",0.178,0.449438202247191,FALSE
"IL6","monocytes",0.178,0.578651685393258,FALSE
"IL10","KLRD1",0.178,0.539325842696629,FALSE
"KLRD1","IL10",0.178,0.460674157303371,FALSE
"LAG3","alk_phos",0.178,0.308988764044944,FALSE
"age_group","crp",0.177,1,FALSE
"eosinophils","rbc",0.177,0.372881355932203,FALSE
"hemoglobin","esr",0.177,0.401129943502825,FALSE
"lymphocytes","calcium",0.177,0.615819209039548,FALSE
"neutrophils","potassium",0.177,0.333333333333333,FALSE
"platelets","crp",0.177,0.514124293785311,FALSE
"rbc","eosinophils",0.177,0.627118644067797,FALSE
"albumin","creatinine",0.177,0.344632768361582,FALSE
"bun","esr",0.177,0.542372881355932,FALSE
"calcium","lymphocytes",0.177,0.384180790960452,FALSE
"creatinine","albumin",0.177,0.655367231638418,FALSE
"creatinine","CD8A",0.177,0.384180790960452,FALSE
"glucose","CD8A",0.177,0.598870056497175,FALSE
"potassium","neutrophils",0.177,0.666666666666667,FALSE
"potassium","TNFRSF1A",0.177,0.824858757062147,FALSE
"esr","hemoglobin",0.177,0.598870056497175,FALSE
"esr","bun",0.177,0.457627118644068,FALSE
"crp","age_group",0.177,0,FALSE
"crp","platelets",0.177,0.485875706214689,FALSE
"total_chol","IL15",0.177,0.570621468926554,FALSE
"IL15","total_chol",0.177,0.429378531073446,FALSE
"TNFRSF1A","potassium",0.177,0.175141242937853,FALSE
"CD8A","creatinine",0.177,0.615819209039548,FALSE
"CD8A","glucose",0.177,0.401129943502825,FALSE
"cmv","ast",0.176,1,FALSE
"cmv","globulin",0.176,1,FALSE
"cmv","CCL8",0.176,1,FALSE
"weight","TNF",0.176,0.607954545454546,FALSE
"basophils","ldl",0.176,0.571022727272727,FALSE
"eosinophils","IGFBP7",0.176,0.517045454545455,FALSE
"ast","cmv",0.176,0,FALSE
"globulin","cmv",0.176,0,FALSE
"hdl","GZMA",0.176,0.5,FALSE
"ldl","basophils",0.176,0.428977272727273,FALSE
"TNF","weight",0.176,0.392045454545455,FALSE
"CXCL8","GZMB",0.176,0.522727272727273,FALSE
"CCL8","cmv",0.176,0,FALSE
"CCL8","LEP",0.176,0.318181818181818,FALSE
"CCL11","PDCD1",0.176,0.505681818181818,FALSE
"FGF21","LAG3",0.176,0.551136363636364,FALSE
"IGFBP7","eosinophils",0.176,0.482954545454546,FALSE
"GZMA","hdl",0.176,0.5,FALSE
"GZMB","CXCL8",0.176,0.477272727272727,FALSE
"PDCD1","CCL11",0.176,0.494318181818182,FALSE
"LAG3","FGF21",0.176,0.448863636363636,FALSE
"LEP","CCL8",0.176,0.681818181818182,FALSE
"alk_phos","LEP",0.175,0.331428571428571,FALSE
"LEP","alk_phos",0.175,0.668571428571429,FALSE
"mpv","LEP",0.175,0.314285714285714,FALSE
"ast","TNF",0.175,0.525714285714286,FALSE
"TNF","ast",0.175,0.474285714285714,FALSE
"CCL2","VEGFA",0.175,0.517142857142857,FALSE
"CD8A","CD274",0.175,0.502857142857143,FALSE
"VEGFA","CCL2",0.175,0.482857142857143,FALSE
"CD274","CD8A",0.175,0.497142857142857,FALSE
"LEP","mpv",0.175,0.685714285714286,FALSE
"sex","lymphocytes",0.173,1,FALSE
"basophils","GZMB",0.173,0.450867052023121,FALSE
"lymphocytes","sex",0.173,0,FALSE
"mpv","potassium",0.173,0.46242774566474,FALSE
"mpv","sodium",0.173,0.395953757225434,FALSE
"neutrophils","CCL3",0.173,0.260115606936416,FALSE
"calcium","GDF15",0.173,0.410404624277457,FALSE
"glucose","t_bili",0.173,0.375722543352601,FALSE
"potassium","mpv",0.173,0.53757225433526,FALSE
"potassium","LEP",0.173,0.526011560693642,FALSE
"sodium","mpv",0.173,0.604046242774567,FALSE
"t_bili","glucose",0.173,0.624277456647399,FALSE
"ldl","HAVCR2",0.173,0.433526011560694,FALSE
"CCL3","neutrophils",0.173,0.739884393063584,FALSE
"GDF15","calcium",0.173,0.589595375722543,FALSE
"GZMB","basophils",0.173,0.549132947976879,FALSE
"HAVCR2","ldl",0.173,0.566473988439306,FALSE
"LEP","potassium",0.173,0.473988439306358,FALSE
"sex","mpv",0.172,1,FALSE
"hematocrit","glucose",0.172,0.569767441860465,FALSE
"hematocrit","triglycerides",0.172,0.651162790697674,FALSE
"mpv","sex",0.172,0,FALSE
"platelets","LEP",0.172,0.284883720930233,FALSE
"globulin","CXCL11",0.172,0.517441860465116,FALSE
"glucose","hematocrit",0.172,0.430232558139535,FALSE
"protein","total_chol",0.172,0.616279069767442,FALSE
"esr","CD8A",0.172,0.395348837209302,FALSE
"total_chol","protein",0.172,0.383720930232558,FALSE
"triglycerides","hematocrit",0.172,0.348837209302326,FALSE
"CXCL10","CCL2",0.172,0.598837209302326,FALSE
"CXCL11","globulin",0.172,0.482558139534884,FALSE
"CCL2","CXCL10",0.172,0.401162790697674,FALSE
"CD8A","esr",0.172,0.604651162790698,FALSE
"LEP","platelets",0.172,0.715116279069767,FALSE
"cmv","HAVCR2",0.171,1,FALSE
"HAVCR2","cmv",0.171,0,FALSE
"weight","protein",0.171,0.701754385964912,FALSE
"weight","CD274",0.171,0.625730994152047,FALSE
"monocytes","MMP12",0.171,0.584795321637427,FALSE
"mpv","CCL4",0.171,0.467836257309942,FALSE
"protein","weight",0.171,0.298245614035088,FALSE
"IFNG","IL15",0.171,0.461988304093567,FALSE
"IL15","IFNG",0.171,0.538011695906433,FALSE
"CCL4","mpv",0.171,0.532163742690059,FALSE
"MMP12","monocytes",0.171,0.415204678362573,FALSE
"VEGFA","PDCD1",0.171,0.52046783625731,FALSE
"PDCD1","VEGFA",0.171,0.47953216374269,FALSE
"LAG3","HAVCR2",0.171,0.432748538011696,FALSE
"HAVCR2","LAG3",0.171,0.567251461988304,FALSE
"CD274","weight",0.171,0.374269005847953,FALSE
"IL15","HAVCR2",0.17,0.685294117647059,FALSE
"PDCD1","LEP",0.17,0.217647058823529,FALSE
"HAVCR2","IL15",0.17,0.314705882352941,FALSE
"LEP","PDCD1",0.17,0.782352941176471,FALSE
"eosinophils","MMP12",0.17,0.579411764705882,FALSE
"lymphocytes","GDF15",0.17,0.3,FALSE
"neutrophils","VEGFA",0.17,0.364705882352941,FALSE
"co2","IL15",0.17,0.458823529411765,FALSE
"hdl","IL15",0.17,0.488235294117647,FALSE
"IL6","IFNG",0.17,0.558823529411765,FALSE
"TNF","IL18",0.17,0.458823529411765,FALSE
"IFNG","IL6",0.17,0.441176470588235,FALSE
"IL18","TNF",0.17,0.541176470588235,FALSE
"IL15","co2",0.17,0.541176470588235,FALSE
"IL15","hdl",0.17,0.511764705882353,FALSE
"GDF15","lymphocytes",0.17,0.7,FALSE
"GZMA","PDCD1",0.17,0.358823529411765,FALSE
"MMP12","eosinophils",0.17,0.420588235294118,FALSE
"VEGFA","neutrophils",0.17,0.635294117647059,FALSE
"PDCD1","GZMA",0.17,0.641176470588235,FALSE
"mpv","glucose",0.169,0.325443786982249,FALSE
"neutrophils","CCL4",0.169,0.402366863905325,FALSE
"neutrophils","LEP",0.169,0.207100591715976,FALSE
"albumin","KLRD1",0.169,0.597633136094674,FALSE
"glucose","mpv",0.169,0.674556213017751,FALSE
"IL10","LAG3",0.169,0.656804733727811,FALSE
"CCL4","neutrophils",0.169,0.597633136094674,FALSE
"KLRD1","albumin",0.169,0.402366863905325,FALSE
"LAG3","IL10",0.169,0.343195266272189,FALSE
"LEP","neutrophils",0.169,0.792899408284024,FALSE
"weight","GDF15",0.169,0.485207100591716,FALSE
"lymphocytes","GZMA",0.169,0.443786982248521,FALSE
"GDF15","weight",0.169,0.514792899408284,FALSE
"GZMA","lymphocytes",0.169,0.556213017751479,FALSE
"age_group","potassium",0.168,1,FALSE
"cmv","IGFBP7",0.168,1,FALSE
"potassium","age_group",0.168,0,FALSE
"sodium","KLRD1",0.168,0.601190476190476,FALSE
"esr","CCL3",0.168,0.5,FALSE
"CCL3","esr",0.168,0.5,FALSE
"IGFBP7","cmv",0.168,0,FALSE
"KLRD1","sodium",0.168,0.398809523809524,FALSE
"eosinophils","CCL2",0.168,0.708333333333333,FALSE
"alk_phos","creatinine",0.168,0.297619047619048,FALSE
"creatinine","alk_phos",0.168,0.702380952380952,FALSE
"hdl","IFNG",0.168,0.535714285714286,FALSE
"ldl","CCL2",0.168,0.375,FALSE
"IFNG","hdl",0.168,0.464285714285714,FALSE
"IFNG","CHI3L1",0.168,0.714285714285714,FALSE
"CCL2","eosinophils",0.168,0.291666666666667,FALSE
"CCL2","ldl",0.168,0.625,FALSE
"CHI3L1","IFNG",0.168,0.285714285714286,FALSE
"albumin","hdl",0.167,0.401197604790419,FALSE
"hdl","albumin",0.167,0.598802395209581,FALSE
"alk_phos","glucose",0.167,0.568862275449102,FALSE
"glucose","alk_phos",0.167,0.431137724550898,FALSE
"hdl","CXCL11",0.167,0.574850299401198,FALSE
"CXCL11","hdl",0.167,0.425149700598802,FALSE
"CCL4","FGF21",0.167,0.568862275449102,FALSE
"FGF21","CCL4",0.167,0.431137724550898,FALSE
"age_group","LAG3",0.166,1,FALSE
"mpv","triglycerides",0.166,0.58433734939759,FALSE
"rbc","hdl",0.166,0.668674698795181,FALSE
"hdl","rbc",0.166,0.331325301204819,FALSE
"triglycerides","mpv",0.166,0.41566265060241,FALSE
"LAG3","age_group",0.166,0,FALSE
"hematocrit","IL18",0.166,0.614457831325301,FALSE
"TNF","CHI3L1",0.166,0.475903614457831,FALSE
"IL18","hematocrit",0.166,0.385542168674699,FALSE
"CHI3L1","TNF",0.166,0.524096385542169,FALSE
"age_group","platelets",0.165,1,FALSE
"age_group","LEP",0.165,1,FALSE
"hemoglobin","alk_phos",0.165,0.321212121212121,FALSE
"platelets","age_group",0.165,0,FALSE
"alk_phos","hemoglobin",0.165,0.678787878787879,FALSE
"co2","sodium",0.165,0.596969696969697,FALSE
"protein","CD8A",0.165,0.345454545454545,FALSE
"sodium","co2",0.165,0.403030303030303,FALSE
"triglycerides","GZMB",0.165,0.684848484848485,FALSE
"CD8A","protein",0.165,0.654545454545455,FALSE
"GZMB","triglycerides",0.165,0.315151515151515,FALSE
"LEP","age_group",0.165,0,FALSE
"basophils","calcium",0.165,0.381818181818182,FALSE
"hemoglobin","TNFRSF1A",0.165,0.381818181818182,FALSE
"lymphocytes","globulin",0.165,0.36969696969697,FALSE
"rdw","IL18",0.165,0.618181818181818,FALSE
"calcium","basophils",0.165,0.618181818181818,FALSE
"globulin","lymphocytes",0.165,0.63030303030303,FALSE
"CXCL9","IL15",0.165,0.36969696969697,FALSE
"IL18","rdw",0.165,0.381818181818182,FALSE
"IL15","CXCL9",0.165,0.63030303030303,FALSE
"TNFRSF1A","hemoglobin",0.165,0.618181818181818,FALSE
"rdw","albumin",0.164,0.676829268292683,FALSE
"rbc","ast",0.164,0.603658536585366,FALSE
"albumin","rdw",0.164,0.323170731707317,FALSE
"ast","rbc",0.164,0.396341463414634,FALSE
"bun","hdl",0.164,0.329268292682927,FALSE
"hdl","bun",0.164,0.670731707317073,FALSE
"CCL3","HAVCR2",0.164,0.402439024390244,FALSE
"HAVCR2","CCL3",0.164,0.597560975609756,FALSE
"basophils","CXCL8",0.164,0.432926829268293,FALSE
"wbc","VEGFA",0.164,0.280487804878049,FALSE
"bun","potassium",0.164,0.472560975609756,FALSE
"potassium","bun",0.164,0.527439024390244,FALSE
"CXCL8","basophils",0.164,0.567073170731707,FALSE
"VEGFA","wbc",0.164,0.719512195121951,FALSE
"age_group","CXCL9",0.163,1,FALSE
"cmv","esr",0.163,1,FALSE
"cmv","GDF15",0.163,1,FALSE
"esr","cmv",0.163,0,FALSE
"CXCL9","age_group",0.163,0,FALSE
"CCL2","TNFRSF1A",0.163,0.601226993865031,FALSE
"CCL3","TNFRSF1A",0.163,0.392638036809816,FALSE
"GDF15","cmv",0.163,0,FALSE
"TNFRSF1A","CCL2",0.163,0.398773006134969,FALSE
"TNFRSF1A","CCL3",0.163,0.607361963190184,FALSE
"KLRD1","LAG3",0.163,0.404907975460123,FALSE
"LAG3","KLRD1",0.163,0.595092024539877,FALSE
"total_chol","IL6",0.163,0.361963190184049,FALSE
"IL6","total_chol",0.163,0.638036809815951,FALSE
"IL7","CCL4",0.163,0.441717791411043,FALSE
"IL7","PDCD1",0.163,0.52760736196319,FALSE
"CCL4","IL7",0.163,0.558282208588957,FALSE
"PDCD1","IL7",0.163,0.47239263803681,FALSE
"alt","total_chol",0.162,0.512345679012346,FALSE
"ldl","CCL8",0.162,0.246913580246914,FALSE
"total_chol","alt",0.162,0.487654320987654,FALSE
"CXCL11","CCL8",0.162,0.41358024691358,FALSE
"CCL2","LEP",0.162,0.277777777777778,FALSE
"CCL8","ldl",0.162,0.753086419753086,FALSE
"CCL8","CXCL11",0.162,0.58641975308642,FALSE
"CHI3L1","KLRD1",0.162,0.432098765432099,FALSE
"KLRD1","CHI3L1",0.162,0.567901234567901,FALSE
"PDCD1","CD274",0.162,0.672839506172839,FALSE
"CD274","PDCD1",0.162,0.32716049382716,FALSE
"LEP","CCL2",0.162,0.722222222222222,FALSE
"chloride","LEP",0.162,0.537037037037037,FALSE
"crp","GDF15",0.162,0.450617283950617,FALSE
"TNF","TNFRSF1A",0.162,0.734567901234568,FALSE
"GDF15","crp",0.162,0.549382716049383,FALSE
"TNFRSF1A","TNF",0.162,0.265432098765432,FALSE
"LEP","chloride",0.162,0.462962962962963,FALSE
"hematocrit","potassium",0.161,0.24223602484472,FALSE
"monocytes","platelets",0.161,0.372670807453416,FALSE
"platelets","monocytes",0.161,0.627329192546584,FALSE
"alk_phos","TNF",0.161,0.664596273291925,FALSE
"alt","chloride",0.161,0.403726708074534,FALSE
"calcium","IL7",0.161,0.565217391304348,FALSE
"chloride","alt",0.161,0.596273291925466,FALSE
"potassium","hematocrit",0.161,0.757763975155279,FALSE
"crp","IL10",0.161,0.409937888198758,FALSE
"total_chol","IL1RN",0.161,0.291925465838509,FALSE
"TNF","alk_phos",0.161,0.335403726708075,FALSE
"IFNG","FGF21",0.161,0.701863354037267,FALSE
"IL10","crp",0.161,0.590062111801242,FALSE
"IL1RN","total_chol",0.161,0.708074534161491,FALSE
"IL7","calcium",0.161,0.434782608695652,FALSE
"FGF21","IFNG",0.161,0.298136645962733,FALSE
"MMP12","CD274",0.161,0.503105590062112,FALSE
"CD274","MMP12",0.161,0.496894409937888,FALSE
"hematocrit","CCL3",0.161,0.546583850931677,FALSE
"t_bili","IL6",0.161,0.440993788819876,FALSE
"IL6","t_bili",0.161,0.559006211180124,FALSE
"CCL3","hematocrit",0.161,0.453416149068323,FALSE
"age_group","globulin",0.16,1,FALSE
"mpv","IL7",0.16,0.3625,FALSE
"wbc","IL7",0.16,0.15,FALSE
"alk_phos","CD274",0.16,0.59375,FALSE
"alt","calcium",0.16,0.53125,FALSE
"calcium","alt",0.16,0.46875,FALSE
"globulin","age_group",0.16,0,FALSE
"IL10","CCL11",0.16,0.5875,FALSE
"IL7","mpv",0.16,0.6375,FALSE
"IL7","wbc",0.16,0.85,FALSE
"IL15","TNFRSF1B",0.16,0.7125,FALSE
"CCL11","IL10",0.16,0.4125,FALSE
"IGFBP7","PDCD1",0.16,0.675,FALSE
"TNFRSF1B","IL15",0.16,0.2875,FALSE
"TNFRSF1B","MMP12",0.16,0.51875,FALSE
"TNFRSF1B","VEGFA",0.16,0.39375,FALSE
"MMP12","TNFRSF1B",0.16,0.48125,FALSE
"MMP12","PDCD1",0.16,0.475,FALSE
"VEGFA","TNFRSF1B",0.16,0.60625,FALSE
"PDCD1","IGFBP7",0.16,0.325,FALSE
"PDCD1","MMP12",0.16,0.525,FALSE
"CD274","alk_phos",0.16,0.40625,FALSE
"eosinophils","alk_phos",0.16,0.4625,FALSE
"alk_phos","eosinophils",0.16,0.5375,FALSE
"sex","basophils",0.159,1,FALSE
"cmv","CCL3",0.159,1,FALSE
"weight","mpv",0.159,0.60377358490566,FALSE
"basophils","sex",0.159,0,FALSE
"lymphocytes","CCL4",0.159,0.408805031446541,FALSE
"mpv","weight",0.159,0.39622641509434,FALSE
"mpv","CCL8",0.159,0.742138364779874,FALSE
"rdw","bun",0.159,0.380503144654088,FALSE
"rbc","IL15",0.159,0.251572327044025,FALSE
"albumin","CCL11",0.159,0.364779874213837,FALSE
"ast","IL1RN",0.159,0.767295597484277,FALSE
"bun","rdw",0.159,0.619496855345912,FALSE
"CXCL10","IL10",0.159,0.650943396226415,FALSE
"IL10","CXCL10",0.159,0.349056603773585,FALSE
"IL1RN","ast",0.159,0.232704402515723,FALSE
"IL15","rbc",0.159,0.748427672955975,FALSE
"CCL3","cmv",0.159,0,FALSE
"CCL4","lymphocytes",0.159,0.591194968553459,FALSE
"CCL8","mpv",0.159,0.257861635220126,FALSE
"CCL11","albumin",0.159,0.635220125786164,FALSE
"sex","alt",0.158,1,FALSE
"alt","sex",0.158,0,FALSE
"ast","glucose",0.158,0.392405063291139,FALSE
"glucose","ast",0.158,0.607594936708861,FALSE
"hdl","CCL11",0.158,0.613924050632911,FALSE
"CCL11","hdl",0.158,0.386075949367089,FALSE
"GZMB","MMP12",0.158,0.465189873417722,FALSE
"MMP12","GZMB",0.158,0.534810126582279,FALSE
"chloride","CXCL10",0.157,0.605095541401274,FALSE
"crp","IFNG",0.157,0.197452229299363,FALSE
"CXCL8","CXCL9",0.157,0.407643312101911,FALSE
"CXCL9","CXCL8",0.157,0.592356687898089,FALSE
"CXCL10","chloride",0.157,0.394904458598726,FALSE
"IFNG","crp",0.157,0.802547770700637,FALSE
"lymphocytes","CD8A",0.156,0.314102564102564,FALSE
"mpv","calcium",0.156,0.461538461538462,FALSE
"alk_phos","IL15",0.156,0.314102564102564,FALSE
"calcium","mpv",0.156,0.538461538461539,FALSE
"globulin","CHI3L1",0.156,0.448717948717949,FALSE
"IL15","alk_phos",0.156,0.685897435897436,FALSE
"CHI3L1","globulin",0.156,0.551282051282051,FALSE
"CD8A","lymphocytes",0.156,0.685897435897436,FALSE
"sex","co2",0.155,1,FALSE
"rdw","GZMA",0.155,0.658064516129032,FALSE
"wbc","glucose",0.155,0.316129032258065,FALSE
"co2","sex",0.155,0,FALSE
"co2","HAVCR2",0.155,0.864516129032258,FALSE
"creatinine","IL10",0.155,0.580645161290323,FALSE
"glucose","wbc",0.155,0.683870967741935,FALSE
"IFNG","CCL3",0.155,0.496774193548387,FALSE
"IL10","creatinine",0.155,0.419354838709677,FALSE
"CCL3","IFNG",0.155,0.503225806451613,FALSE
"CD8A","GZMB",0.155,0.438709677419355,FALSE
"CD8A","LAG3",0.155,0.490322580645161,FALSE
"GZMA","rdw",0.155,0.341935483870968,FALSE
"GZMB","CD8A",0.155,0.561290322580645,FALSE
"LAG3","CD8A",0.155,0.509677419354839,FALSE
"HAVCR2","co2",0.155,0.135483870967742,FALSE
"IL6","GZMB",0.154,0.454545454545455,FALSE
"GZMB","IL6",0.154,0.545454545454545,FALSE
"eosinophils","CCL3",0.154,0.415584415584416,FALSE
"hematocrit","PDCD1",0.154,0.227272727272727,FALSE
"monocytes","CXCL9",0.154,0.467532467532468,FALSE
"mpv","CHI3L1",0.154,0.681818181818182,FALSE
"chloride","CD8A",0.154,0.662337662337662,FALSE
"glucose","CCL11",0.154,0.655844155844156,FALSE
"protein","TNF",0.154,0.337662337662338,FALSE
"esr","CXCL10",0.154,0.396103896103896,FALSE
"TNF","protein",0.154,0.662337662337662,FALSE
"CXCL9","monocytes",0.154,0.532467532467533,FALSE
"CXCL10","esr",0.154,0.603896103896104,FALSE
"CCL3","eosinophils",0.154,0.584415584415584,FALSE
"CCL3","KLRD1",0.154,0.532467532467533,FALSE
"CCL11","glucose",0.154,0.344155844155844,FALSE
"CHI3L1","mpv",0.154,0.318181818181818,FALSE
"CHI3L1","IGFBP7",0.154,0.415584415584416,FALSE
"IGFBP7","CHI3L1",0.154,0.584415584415584,FALSE
"CD8A","chloride",0.154,0.337662337662338,FALSE
"KLRD1","CCL3",0.154,0.467532467532468,FALSE
"PDCD1","hematocrit",0.154,0.772727272727273,FALSE
"weight","rbc",0.153,0.542483660130719,FALSE
"monocytes","CXCL8",0.153,0.450980392156863,FALSE
"rbc","weight",0.153,0.457516339869281,FALSE
"CXCL8","monocytes",0.153,0.549019607843137,FALSE
"hematocrit","CCL8",0.153,0.294117647058824,FALSE
"mpv","LAG3",0.153,0.464052287581699,FALSE
"platelets","protein",0.153,0.503267973856209,FALSE
"alt","TNF",0.153,0.483660130718954,FALSE
"bun","triglycerides",0.153,0.352941176470588,FALSE
"potassium","CCL4",0.153,0.607843137254902,FALSE
"potassium","TNFRSF1B",0.153,0.679738562091503,FALSE
"protein","platelets",0.153,0.496732026143791,FALSE
"protein","LEP",0.153,0.477124183006536,FALSE
"sodium","HAVCR2",0.153,0.647058823529412,FALSE
"t_bili","VEGFA",0.153,0.503267973856209,FALSE
"triglycerides","bun",0.153,0.647058823529412,FALSE
"IL6","IL15",0.153,0.26797385620915,FALSE
"TNF","alt",0.153,0.516339869281046,FALSE
"TNF","HAVCR2",0.153,0.529411764705882,FALSE
"CXCL9","CD8A",0.153,0.751633986928105,FALSE
"IL18","KLRD1",0.153,0.581699346405229,FALSE
"IL10","CD274",0.153,0.620915032679739,FALSE
"IL15","IL6",0.153,0.73202614379085,FALSE
"CCL4","potassium",0.153,0.392156862745098,FALSE
"CCL8","hematocrit",0.153,0.705882352941177,FALSE
"GDF15","MMP12",0.153,0.408496732026144,FALSE
"TNFRSF1B","potassium",0.153,0.320261437908497,FALSE
"CD8A","CXCL9",0.153,0.248366013071895,FALSE
"KLRD1","IL18",0.153,0.418300653594771,FALSE
"MMP12","GDF15",0.153,0.591503267973856,FALSE
"VEGFA","t_bili",0.153,0.496732026143791,FALSE
"LAG3","mpv",0.153,0.535947712418301,FALSE
"HAVCR2","sodium",0.153,0.352941176470588,FALSE
"HAVCR2","TNF",0.153,0.470588235294118,FALSE
"CD274","IL10",0.153,0.379084967320261,FALSE
"LEP","protein",0.153,0.522875816993464,FALSE
"age_group","TNFRSF1B",0.152,1,FALSE
"basophils","total_chol",0.152,0.618421052631579,FALSE
"rbc","ldl",0.152,0.480263157894737,FALSE
"co2","IL6",0.152,0.644736842105263,FALSE
"creatinine","t_bili",0.152,0.371710526315789,FALSE
"protein","CCL3",0.152,0.335526315789474,FALSE
"t_bili","creatinine",0.152,0.628289473684211,FALSE
"crp","LEP",0.152,0.171052631578947,FALSE
"ldl","rbc",0.152,0.519736842105263,FALSE
"total_chol","basophils",0.152,0.381578947368421,FALSE
"IL6","co2",0.152,0.355263157894737,FALSE
"CCL3","protein",0.152,0.664473684210526,FALSE
"TNFRSF1B","age_group",0.152,0,FALSE
"LEP","crp",0.152,0.828947368421053,FALSE
"basophils","LEP",0.151,0.562913907284768,FALSE
"hemoglobin","lymphocytes",0.151,0.536423841059603,FALSE
"lymphocytes","hemoglobin",0.151,0.463576158940397,FALSE
"neutrophils","LAG3",0.151,0.33112582781457,FALSE
"rdw","TNFRSF1A",0.151,0.437086092715232,FALSE
"potassium","CD274",0.151,0.450331125827815,FALSE
"t_bili","CHI3L1",0.151,0.450331125827815,FALSE
"TNF","IGFBP7",0.151,0.450331125827815,FALSE
"CXCL8","IL18",0.151,0.456953642384106,FALSE
"IL18","CXCL8",0.151,0.543046357615894,FALSE
"CHI3L1","t_bili",0.151,0.549668874172185,FALSE
"IGFBP7","TNF",0.151,0.549668874172185,FALSE
"TNFRSF1A","rdw",0.151,0.562913907284768,FALSE
"LAG3","neutrophils",0.151,0.66887417218543,FALSE
"CD274","potassium",0.151,0.549668874172185,FALSE
"LEP","basophils",0.151,0.437086092715232,FALSE
"age_group","basophils",0.151,1,FALSE
"age_group","lymphocytes",0.151,1,FALSE
"sex","CCL11",0.151,1,FALSE
"cmv","eosinophils",0.151,1,FALSE
"basophils","age_group",0.151,0,FALSE
"basophils","rdw",0.151,0.629139072847682,FALSE
"eosinophils","cmv",0.151,0,FALSE
"lymphocytes","age_group",0.151,0,FALSE
"monocytes","LEP",0.151,0.662251655629139,FALSE
"rdw","basophils",0.151,0.370860927152318,FALSE
"rbc","albumin",0.151,0.629139072847682,FALSE
"albumin","rbc",0.151,0.370860927152318,FALSE
"creatinine","TNF",0.151,0.649006622516556,FALSE
"crp","IL1RN",0.151,0.291390728476821,FALSE
"TNF","creatinine",0.151,0.350993377483444,FALSE
"IL1RN","crp",0.151,0.708609271523179,FALSE
"CCL11","sex",0.151,0,FALSE
"LEP","monocytes",0.151,0.337748344370861,FALSE
"alt","triglycerides",0.15,0.333333333333333,FALSE
"triglycerides","alt",0.15,0.666666666666667,FALSE
"CXCL9","IL18",0.15,0.556666666666667,FALSE
"IL18","CXCL9",0.15,0.443333333333333,FALSE
"sex","GDF15",0.15,1,FALSE
"lymphocytes","IL10",0.15,0.4,FALSE
"monocytes","alk_phos",0.15,0.613333333333333,FALSE
"platelets","PDCD1",0.15,0.486666666666667,FALSE
"alk_phos","monocytes",0.15,0.386666666666667,FALSE
"creatinine","HAVCR2",0.15,0.646666666666667,FALSE
"t_bili","GZMB",0.15,0.606666666666667,FALSE
"IL10","lymphocytes",0.15,0.6,FALSE
"IL7","CD274",0.15,0.633333333333333,FALSE
"GDF15","sex",0.15,0,FALSE
"FGF21","HAVCR2",0.15,0.66,FALSE
"GZMB","t_bili",0.15,0.393333333333333,FALSE
"PDCD1","platelets",0.15,0.513333333333333,FALSE
"HAVCR2","creatinine",0.15,0.353333333333333,FALSE
"HAVCR2","FGF21",0.15,0.34,FALSE
"CD274","IL7",0.15,0.366666666666667,FALSE
"ast","IL18",0.149,0.442953020134228,FALSE
"IL18","ast",0.149,0.557046979865772,FALSE
"CCL4","TNFRSF1B",0.149,0.553691275167785,FALSE
"TNFRSF1B","CCL4",0.149,0.446308724832215,FALSE
"eosinophils","rdw",0.149,0.476510067114094,FALSE
"hematocrit","VEGFA",0.149,0.718120805369127,FALSE
"monocytes","co2",0.149,0.208053691275168,FALSE
"mpv","CCL11",0.149,0.369127516778524,FALSE
"rdw","eosinophils",0.149,0.523489932885906,FALSE
"ast","protein",0.149,0.583892617449664,FALSE
"co2","monocytes",0.149,0.791946308724832,FALSE
"protein","ast",0.149,0.416107382550336,FALSE
"t_bili","MMP12",0.149,0.348993288590604,FALSE
"ldl","CXCL8",0.149,0.248322147651007,FALSE
"CXCL8","ldl",0.149,0.751677852348993,FALSE
"IFNG","CCL2",0.149,0.684563758389262,FALSE
"CCL2","IFNG",0.149,0.315436241610738,FALSE
"CCL11","mpv",0.149,0.630872483221476,FALSE
"MMP12","t_bili",0.149,0.651006711409396,FALSE
"VEGFA","hematocrit",0.149,0.281879194630873,FALSE
"basophils","MMP12",0.148,0.445945945945946,FALSE
"hemoglobin","ast",0.148,0.554054054054054,FALSE
"albumin","IFNG",0.148,0.54054054054054,FALSE
"ast","hemoglobin",0.148,0.445945945945946,FALSE
"ast","chloride",0.148,0.462837837837838,FALSE
"chloride","ast",0.148,0.537162162162162,FALSE
"triglycerides","KLRD1",0.148,0.560810810810811,FALSE
"IFNG","albumin",0.148,0.459459459459459,FALSE
"KLRD1","triglycerides",0.148,0.439189189189189,FALSE
"MMP12","basophils",0.148,0.554054054054054,FALSE
"sex","IL15",0.148,1,FALSE
"IL18","GDF15",0.148,0.189189189189189,FALSE
"IL15","sex",0.148,0,FALSE
"GDF15","IL18",0.148,0.810810810810811,FALSE
"basophils","IL6",0.147,0.659863945578231,FALSE
"hemoglobin","calcium",0.147,0.319727891156463,FALSE
"hemoglobin","IL7",0.147,0.428571428571428,FALSE
"calcium","hemoglobin",0.147,0.680272108843537,FALSE
"calcium","protein",0.147,0.462585034013605,FALSE
"protein","calcium",0.147,0.537414965986394,FALSE
"sodium","hdl",0.147,0.564625850340136,FALSE
"hdl","sodium",0.147,0.435374149659864,FALSE
"IL6","basophils",0.147,0.340136054421769,FALSE
"CXCL9","CCL8",0.147,0.659863945578231,FALSE
"IL7","hemoglobin",0.147,0.571428571428571,FALSE
"CCL8","CXCL9",0.147,0.340136054421769,FALSE
"creatinine","IL15",0.147,0.625850340136054,FALSE
"glucose","hdl",0.147,0.489795918367347,FALSE
"hdl","glucose",0.147,0.510204081632653,FALSE
"IL15","creatinine",0.147,0.374149659863946,FALSE
"IGFBP7","TNFRSF1B",0.147,0.639455782312925,FALSE
"TNFRSF1B","IGFBP7",0.147,0.360544217687075,FALSE
"PDCD1","HAVCR2",0.147,0.653061224489796,FALSE
"HAVCR2","PDCD1",0.147,0.346938775510204,FALSE
"alk_phos","IL10",0.146,0.438356164383562,FALSE
"alt","t_bili",0.146,0.441780821917808,FALSE
"creatinine","GZMA",0.146,0.458904109589041,FALSE
"glucose","CCL8",0.146,0.691780821917808,FALSE
"t_bili","alt",0.146,0.558219178082192,FALSE
"IL10","alk_phos",0.146,0.561643835616438,FALSE
"CCL2","HAVCR2",0.146,0.575342465753425,FALSE
"CCL8","glucose",0.146,0.308219178082192,FALSE
"CHI3L1","HAVCR2",0.146,0.527397260273972,FALSE
"IGFBP7","HAVCR2",0.146,0.554794520547945,FALSE
"GZMA","creatinine",0.146,0.541095890410959,FALSE
"HAVCR2","CCL2",0.146,0.424657534246575,FALSE
"HAVCR2","CHI3L1",0.146,0.472602739726027,FALSE
"HAVCR2","IGFBP7",0.146,0.445205479452055,FALSE
"hemoglobin","CCL4",0.146,0.301369863013699,FALSE
"monocytes","TNFRSF1A",0.146,0.410958904109589,FALSE
"neutrophils","CD8A",0.146,0.39041095890411,FALSE
"globulin","TNFRSF1B",0.146,0.506849315068493,FALSE
"IL18","IL7",0.146,0.513698630136986,FALSE
"IL7","IL18",0.146,0.486301369863014,FALSE
"CCL4","hemoglobin",0.146,0.698630136986301,FALSE
"TNFRSF1A","monocytes",0.146,0.589041095890411,FALSE
"TNFRSF1B","globulin",0.146,0.493150684931507,FALSE
"CD8A","neutrophils",0.146,0.60958904109589,FALSE
"hematocrit","FGF21",0.145,0.303448275862069,FALSE
"monocytes","IL1RN",0.145,0.448275862068965,FALSE
"alt","CD274",0.145,0.43448275862069,FALSE
"crp","HAVCR2",0.145,0.586206896551724,FALSE
"TNF","CXCL8",0.145,0.586206896551724,FALSE
"CXCL8","TNF",0.145,0.413793103448276,FALSE
"CXCL10","CCL11",0.145,0.475862068965517,FALSE
"IL1RN","monocytes",0.145,0.551724137931034,FALSE
"CCL11","CXCL10",0.145,0.524137931034483,FALSE
"FGF21","hematocrit",0.145,0.696551724137931,FALSE
"HAVCR2","crp",0.145,0.413793103448276,FALSE
"CD274","alt",0.145,0.56551724137931,FALSE
"rbc","t_bili",0.145,0.496551724137931,FALSE
"t_bili","rbc",0.145,0.503448275862069,FALSE
"platelets","alt",0.144,0.430555555555556,FALSE
"alt","platelets",0.144,0.569444444444444,FALSE
"globulin","LAG3",0.144,0.527777777777778,FALSE
"potassium","esr",0.144,0.416666666666667,FALSE
"esr","potassium",0.144,0.583333333333333,FALSE
"ldl","MMP12",0.144,0.326388888888889,FALSE
"MMP12","ldl",0.144,0.673611111111111,FALSE
"LAG3","globulin",0.144,0.472222222222222,FALSE
"creatinine","GZMB",0.144,0.625,FALSE
"sodium","esr",0.144,0.402777777777778,FALSE
"esr","sodium",0.144,0.597222222222222,FALSE
"IFNG","IL1RN",0.144,0.493055555555556,FALSE
"IL1RN","IFNG",0.144,0.506944444444444,FALSE
"GDF15","LAG3",0.144,0.493055555555556,FALSE
"GZMB","creatinine",0.144,0.375,FALSE
"LAG3","GDF15",0.144,0.506944444444444,FALSE
"monocytes","bun",0.143,0.51048951048951,FALSE
"alk_phos","TNFRSF1A",0.143,0.454545454545455,FALSE
"bun","monocytes",0.143,0.489510489510489,FALSE
"ldl","TNF",0.143,0.223776223776224,FALSE
"total_chol","CCL2",0.143,0.328671328671329,FALSE
"TNF","ldl",0.143,0.776223776223776,FALSE
"IFNG","TNFRSF1A",0.143,0.776223776223776,FALSE
"CCL2","total_chol",0.143,0.671328671328671,FALSE
"CCL3","CHI3L1",0.143,0.527972027972028,FALSE
"CHI3L1","CCL3",0.143,0.472027972027972,FALSE
"IGFBP7","GZMB",0.143,0.573426573426573,FALSE
"TNFRSF1A","alk_phos",0.143,0.545454545454545,FALSE
"TNFRSF1A","IFNG",0.143,0.223776223776224,FALSE
"GZMA","MMP12",0.143,0.342657342657343,FALSE
"GZMB","IGFBP7",0.143,0.426573426573427,FALSE
"GZMB","PDCD1",0.143,0.566433566433566,FALSE
"MMP12","GZMA",0.143,0.657342657342657,FALSE
"PDCD1","GZMB",0.143,0.433566433566434,FALSE
"cmv","PDCD1",0.143,1,FALSE
"rdw","crp",0.143,0.496503496503497,FALSE
"t_bili","GDF15",0.143,0.643356643356643,FALSE
"crp","rdw",0.143,0.503496503496504,FALSE
"TNF","CXCL9",0.143,0.27972027972028,FALSE
"CXCL9","TNF",0.143,0.72027972027972,FALSE
"GDF15","t_bili",0.143,0.356643356643357,FALSE
"PDCD1","cmv",0.143,0,FALSE
"hematocrit","lymphocytes",0.142,0.570422535211268,FALSE
"hematocrit","crp",0.142,0.401408450704225,FALSE
"lymphocytes","hematocrit",0.142,0.429577464788732,FALSE
"platelets","sodium",0.142,0.52112676056338,FALSE
"albumin","HAVCR2",0.142,0.570422535211268,FALSE
"bun","crp",0.142,0.415492957746479,FALSE
"globulin","CXCL9",0.142,0.591549295774648,FALSE
"protein","IFNG",0.142,0.492957746478873,FALSE
"sodium","platelets",0.142,0.47887323943662,FALSE
"t_bili","total_chol",0.142,0.443661971830986,FALSE
"crp","hematocrit",0.142,0.598591549295775,FALSE
"crp","bun",0.142,0.584507042253521,FALSE
"total_chol","t_bili",0.142,0.556338028169014,FALSE
"CXCL9","globulin",0.142,0.408450704225352,FALSE
"CXCL10","KLRD1",0.142,0.700704225352113,FALSE
"IFNG","protein",0.142,0.507042253521127,FALSE
"TNFRSF1A","MMP12",0.142,0.352112676056338,FALSE
"KLRD1","CXCL10",0.142,0.299295774647887,FALSE
"MMP12","TNFRSF1A",0.142,0.647887323943662,FALSE
"HAVCR2","albumin",0.142,0.429577464788732,FALSE
"cmv","co2",0.142,1,FALSE
"albumin","esr",0.142,0.394366197183099,FALSE
"co2","cmv",0.142,0,FALSE
"sodium","CCL4",0.142,0.633802816901408,FALSE
"esr","albumin",0.142,0.605633802816901,FALSE
"CCL4","sodium",0.142,0.366197183098592,FALSE
"weight","ast",0.141,0.546099290780142,FALSE
"weight","IGFBP7",0.141,0.553191489361702,FALSE
"hematocrit","IL15",0.141,0.191489361702128,FALSE
"hemoglobin","sodium",0.141,0.397163120567376,FALSE
"hemoglobin","LEP",0.141,0.198581560283688,FALSE
"mpv","IL1RN",0.141,0.666666666666667,FALSE
"rdw","MMP12",0.141,0.446808510638298,FALSE
"alt","globulin",0.141,0.468085106382979,FALSE
"ast","weight",0.141,0.453900709219858,FALSE
"ast","CXCL11",0.141,0.50354609929078,FALSE
"calcium","crp",0.141,0.411347517730496,FALSE
"globulin","alt",0.141,0.531914893617021,FALSE
"sodium","hemoglobin",0.141,0.602836879432624,FALSE
"crp","calcium",0.141,0.588652482269504,FALSE
"CXCL10","CCL8",0.141,0.528368794326241,FALSE
"CXCL10","CD8A",0.141,0.680851063829787,FALSE
"CXCL11","ast",0.141,0.49645390070922,FALSE
"CXCL11","PDCD1",0.141,0.397163120567376,FALSE
"IL1RN","mpv",0.141,0.333333333333333,FALSE
"IL15","hematocrit",0.141,0.808510638297872,FALSE
"CCL8","CXCL10",0.141,0.471631205673759,FALSE
"IGFBP7","weight",0.141,0.446808510638298,FALSE
"CD8A","CXCL10",0.141,0.319148936170213,FALSE
"KLRD1","MMP12",0.141,0.539007092198581,FALSE
"MMP12","rdw",0.141,0.553191489361702,FALSE
"MMP12","KLRD1",0.141,0.460992907801418,FALSE
"PDCD1","CXCL11",0.141,0.602836879432624,FALSE
"LEP","hemoglobin",0.141,0.801418439716312,FALSE
"cmv","monocytes",0.141,1,FALSE
"monocytes","cmv",0.141,0,FALSE
"age_group","sodium",0.14,1,FALSE
"cmv","GZMA",0.14,1,FALSE
"weight","hematocrit",0.14,0.642857142857143,FALSE
"basophils","CHI3L1",0.14,0.671428571428571,FALSE
"hematocrit","weight",0.14,0.357142857142857,FALSE
"hematocrit","CXCL11",0.14,0.764285714285714,FALSE
"hemoglobin","creatinine",0.14,0.478571428571429,FALSE
"platelets","IFNG",0.14,0.6,FALSE
"ast","GDF15",0.14,0.721428571428571,FALSE
"creatinine","hemoglobin",0.14,0.521428571428571,FALSE
"sodium","age_group",0.14,0,FALSE
"ldl","LAG3",0.14,0.457142857142857,FALSE
"total_chol","CCL8",0.14,0.2,FALSE
"CXCL11","hematocrit",0.14,0.235714285714286,FALSE
"IFNG","platelets",0.14,0.4,FALSE
"CCL8","total_chol",0.14,0.8,FALSE
"GDF15","ast",0.14,0.278571428571429,FALSE
"CHI3L1","basophils",0.14,0.328571428571429,FALSE
"GZMA","cmv",0.14,0,FALSE
"LAG3","ldl",0.14,0.542857142857143,FALSE
"sex","bun",0.139,1,FALSE
"basophils","rbc",0.139,0.60431654676259,FALSE
"rdw","GZMB",0.139,0.597122302158273,FALSE
"rbc","basophils",0.139,0.39568345323741,FALSE
"rbc","protein",0.139,0.251798561151079,FALSE
"rbc","esr",0.139,0.597122302158273,FALSE
"bun","sex",0.139,0,FALSE
"calcium","IL1RN",0.139,0.611510791366906,FALSE
"protein","rbc",0.139,0.748201438848921,FALSE
"sodium","CXCL10",0.139,0.553956834532374,FALSE
"esr","rbc",0.139,0.402877697841727,FALSE
"CXCL8","IL10",0.139,0.446043165467626,FALSE
"CXCL10","sodium",0.139,0.446043165467626,FALSE
"IFNG","LEP",0.139,0.669064748201439,FALSE
"IL10","CXCL8",0.139,0.553956834532374,FALSE
"IL1RN","calcium",0.139,0.388489208633093,FALSE
"GZMB","rdw",0.139,0.402877697841727,FALSE
"LEP","IFNG",0.139,0.330935251798561,FALSE
"co2","CXCL11",0.139,0.633093525179856,FALSE
"CXCL11","co2",0.139,0.366906474820144,FALSE
"eosinophils","sodium",0.138,0.384057971014493,FALSE
"hemoglobin","PDCD1",0.138,0.253623188405797,FALSE
"lymphocytes","CXCL8",0.138,0.442028985507246,FALSE
"rbc","wbc",0.138,0.695652173913043,FALSE
"rbc","TNFRSF1B",0.138,0.398550724637681,FALSE
"wbc","rbc",0.138,0.304347826086957,FALSE
"wbc","bun",0.138,0.427536231884058,FALSE
"albumin","CCL8",0.138,0.507246376811594,FALSE
"ast","KLRD1",0.138,0.434782608695652,FALSE
"bun","wbc",0.138,0.572463768115942,FALSE
"chloride","ldl",0.138,0.58695652173913,FALSE
"chloride","CXCL9",0.138,0.717391304347826,FALSE
"glucose","CCL4",0.138,0.688405797101449,FALSE
"protein","t_bili",0.138,0.492753623188406,FALSE
"sodium","eosinophils",0.138,0.615942028985507,FALSE
"t_bili","protein",0.138,0.507246376811594,FALSE
"esr","IGFBP7",0.138,0.528985507246377,FALSE
"ldl","chloride",0.138,0.41304347826087,FALSE
"total_chol","GDF15",0.138,0.36231884057971,FALSE
"CXCL8","lymphocytes",0.138,0.557971014492754,FALSE
"CXCL8","IFNG",0.138,0.304347826086957,FALSE
"CXCL9","chloride",0.138,0.282608695652174,FALSE
"IFNG","CXCL8",0.138,0.695652173913043,FALSE
"IL18","TNFRSF1B",0.138,0.384057971014493,FALSE
"IL7","KLRD1",0.138,0.333333333333333,FALSE
"IL15","GZMB",0.138,0.561594202898551,FALSE
"CCL4","glucose",0.138,0.311594202898551,FALSE
"CCL8","albumin",0.138,0.492753623188406,FALSE
"GDF15","total_chol",0.138,0.63768115942029,FALSE
"IGFBP7","esr",0.138,0.471014492753623,FALSE
"TNFRSF1B","rbc",0.138,0.601449275362319,FALSE
"TNFRSF1B","IL18",0.138,0.615942028985507,FALSE
"GZMB","IL15",0.138,0.438405797101449,FALSE
"KLRD1","ast",0.138,0.565217391304348,FALSE
"KLRD1","IL7",0.138,0.666666666666667,FALSE
"PDCD1","hemoglobin",0.138,0.746376811594203,FALSE
"CXCL10","MMP12",0.138,0.376811594202899,FALSE
"MMP12","CXCL10",0.138,0.623188405797101,FALSE
"age_group","creatinine",0.137,1,FALSE
"eosinophils","protein",0.137,0.569343065693431,FALSE
"hematocrit","creatinine",0.137,0.37956204379562,FALSE
"rbc","co2",0.137,0.299270072992701,FALSE
"albumin","GDF15",0.137,0.240875912408759,FALSE
"chloride","TNF",0.137,0.474452554744526,FALSE
"co2","rbc",0.137,0.700729927007299,FALSE
"creatinine","age_group",0.137,0,FALSE
"creatinine","hematocrit",0.137,0.62043795620438,FALSE
"protein","eosinophils",0.137,0.430656934306569,FALSE
"TNF","chloride",0.137,0.525547445255474,FALSE
"CXCL9","VEGFA",0.137,0.576642335766423,FALSE
"GDF15","albumin",0.137,0.759124087591241,FALSE
"VEGFA","CXCL9",0.137,0.423357664233577,FALSE
"sex","TNFRSF1A",0.136,1,FALSE
"cmv","CXCL9",0.136,1,FALSE
"hematocrit","monocytes",0.136,0.536764705882353,FALSE
"hematocrit","platelets",0.136,0.669117647058823,FALSE
"lymphocytes","CHI3L1",0.136,0.529411764705882,FALSE
"lymphocytes","TNFRSF1A",0.136,0.525735294117647,FALSE
"lymphocytes","CD274",0.136,0.470588235294118,FALSE
"monocytes","hematocrit",0.136,0.463235294117647,FALSE
"monocytes","crp",0.136,0.485294117647059,FALSE
"platelets","hematocrit",0.136,0.330882352941176,FALSE
"rdw","alk_phos",0.136,0.547794117647059,FALSE
"alk_phos","rdw",0.136,0.452205882352941,FALSE
"calcium","CCL2",0.136,0.639705882352941,FALSE
"co2","LAG3",0.136,0.691176470588235,FALSE
"t_bili","ldl",0.136,0.529411764705882,FALSE
"esr","IFNG",0.136,0.448529411764706,FALSE
"esr","IL18",0.136,0.5,FALSE
"crp","monocytes",0.136,0.514705882352941,FALSE
"crp","IL7",0.136,0.727941176470588,FALSE
"ldl","t_bili",0.136,0.470588235294118,FALSE
"triglycerides","CD8A",0.136,0.691176470588235,FALSE
"TNF","CCL3",0.136,0.404411764705882,FALSE
"CXCL9","cmv",0.136,0,FALSE
"CXCL10","TNFRSF1B",0.136,0.529411764705882,FALSE
"IFNG","esr",0.136,0.551470588235294,FALSE
"IFNG","TNFRSF1B",0.136,0.639705882352941,FALSE
"IL18","esr",0.136,0.5,FALSE
"IL7","crp",0.136,0.272058823529412,FALSE
"CCL2","calcium",0.136,0.360294117647059,FALSE
"CCL2","IGFBP7",0.136,0.492647058823529,FALSE
"CCL3","TNF",0.136,0.595588235294118,FALSE
"CCL3","VEGFA",0.136,0.441176470588235,FALSE
"CHI3L1","lymphocytes",0.136,0.470588235294118,FALSE
"CHI3L1","CD8A",0.136,0.448529411764706,FALSE
"CHI3L1","LEP",0.136,0.161764705882353,FALSE
"IGFBP7","CCL2",0.136,0.507352941176471,FALSE
"TNFRSF1A","sex",0.136,0,FALSE
"TNFRSF1A","lymphocytes",0.136,0.474264705882353,FALSE
"TNFRSF1B","CXCL10",0.136,0.470588235294118,FALSE
"TNFRSF1B","IFNG",0.136,0.360294117647059,FALSE
"CD8A","triglycerides",0.136,0.308823529411765,FALSE
"CD8A","CHI3L1",0.136,0.551470588235294,FALSE
"VEGFA","CCL3",0.136,0.558823529411765,FALSE
"LAG3","co2",0.136,0.308823529411765,FALSE
"CD274","lymphocytes",0.136,0.529411764705882,FALSE
"LEP","CHI3L1",0.136,0.838235294117647,FALSE
"rbc","chloride",0.135,0.474074074074074,FALSE
"ast","ldl",0.135,0.477777777777778,FALSE
"calcium","ldl",0.135,0.444444444444444,FALSE
"chloride","rbc",0.135,0.525925925925926,FALSE
"globulin","hdl",0.135,0.385185185185185,FALSE
"hdl","globulin",0.135,0.614814814814815,FALSE
"hdl","IL10",0.135,0.6,FALSE
"ldl","ast",0.135,0.522222222222222,FALSE
"ldl","calcium",0.135,0.555555555555555,FALSE
"TNF","IL1RN",0.135,0.42962962962963,FALSE
"CXCL9","TNFRSF1A",0.135,0.362962962962963,FALSE
"CXCL10","FGF21",0.135,0.525925925925926,FALSE
"IL18","GZMA",0.135,0.407407407407407,FALSE
"IL10","hdl",0.135,0.4,FALSE
"IL10","CCL3",0.135,0.644444444444444,FALSE
"IL1RN","TNF",0.135,0.57037037037037,FALSE
"IL1RN","CHI3L1",0.135,0.540740740740741,FALSE
"CCL3","IL10",0.135,0.355555555555556,FALSE
"CCL11","LEP",0.135,0.281481481481481,FALSE
"FGF21","CXCL10",0.135,0.474074074074074,FALSE
"CHI3L1","IL1RN",0.135,0.459259259259259,FALSE
"TNFRSF1A","CXCL9",0.135,0.637037037037037,FALSE
"GZMA","IL18",0.135,0.592592592592593,FALSE
"LEP","CCL11",0.135,0.718518518518518,FALSE
"sex","IL7",0.134,1,FALSE
"cmv","creatinine",0.134,1,FALSE
"basophils","CCL11",0.134,0.522388059701493,FALSE
"rdw","CXCL11",0.134,0.694029850746269,FALSE
"rdw","LEP",0.134,0.649253731343283,FALSE
"alk_phos","esr",0.134,0.552238805970149,FALSE
"alt","PDCD1",0.134,0.470149253731343,FALSE
"bun","KLRD1",0.134,0.567164179104478,FALSE
"creatinine","cmv",0.134,0,FALSE
"esr","alk_phos",0.134,0.447761194029851,FALSE
"TNF","GZMA",0.134,0.395522388059701,FALSE
"CXCL11","rdw",0.134,0.305970149253731,FALSE
"IFNG","LAG3",0.134,0.376865671641791,FALSE
"IL7","sex",0.134,0,FALSE
"CCL11","basophils",0.134,0.477611940298507,FALSE
"GZMA","TNF",0.134,0.604477611940298,FALSE
"KLRD1","bun",0.134,0.432835820895522,FALSE
"PDCD1","alt",0.134,0.529850746268657,FALSE
"LAG3","IFNG",0.134,0.623134328358209,FALSE
"LEP","rdw",0.134,0.350746268656716,FALSE
"age_group","IL7",0.133,1,FALSE
"lymphocytes","PDCD1",0.133,0.443609022556391,FALSE
"rdw","IL1RN",0.133,0.669172932330827,FALSE
"rbc","MMP12",0.133,0.18796992481203,FALSE
"albumin","potassium",0.133,0.488721804511278,FALSE
"calcium","CCL3",0.133,0.496240601503759,FALSE
"globulin","GZMB",0.133,0.511278195488722,FALSE
"globulin","MMP12",0.133,0.481203007518797,FALSE
"potassium","albumin",0.133,0.511278195488722,FALSE
"hdl","CHI3L1",0.133,0.56390977443609,FALSE
"CXCL10","IL18",0.133,0.368421052631579,FALSE
"IFNG","GZMA",0.133,0.345864661654135,FALSE
"IL18","CXCL10",0.133,0.631578947368421,FALSE
"IL1RN","rdw",0.133,0.330827067669173,FALSE
"IL1RN","CCL8",0.133,0.443609022556391,FALSE
"IL7","age_group",0.133,0,FALSE
"CCL3","calcium",0.133,0.503759398496241,FALSE
"CCL8","IL1RN",0.133,0.556390977443609,FALSE
"FGF21","TNFRSF1A",0.133,0.511278195488722,FALSE
"CHI3L1","hdl",0.133,0.43609022556391,FALSE
"TNFRSF1A","FGF21",0.133,0.488721804511278,FALSE
"GZMA","IFNG",0.133,0.654135338345865,FALSE
"GZMB","globulin",0.133,0.488721804511278,FALSE
"GZMB","KLRD1",0.133,0.353383458646617,FALSE
"KLRD1","GZMB",0.133,0.646616541353383,FALSE
"MMP12","rbc",0.133,0.81203007518797,FALSE
"MMP12","globulin",0.133,0.518796992481203,FALSE
"PDCD1","lymphocytes",0.133,0.556390977443609,FALSE
"cmv","protein",0.132,1,FALSE
"hematocrit","alk_phos",0.132,0.204545454545455,FALSE
"hemoglobin","CCL8",0.132,0.310606060606061,FALSE
"monocytes","CCL4",0.132,0.507575757575758,FALSE
"neutrophils","hdl",0.132,0.242424242424242,FALSE
"wbc","esr",0.132,0.303030303030303,FALSE
"albumin","ast",0.132,0.431818181818182,FALSE
"alk_phos","hematocrit",0.132,0.795454545454545,FALSE
"ast","albumin",0.132,0.568181818181818,FALSE
"protein","cmv",0.132,0,FALSE
"protein","KLRD1",0.132,0.583333333333333,FALSE
"esr","wbc",0.132,0.696969696969697,FALSE
"hdl","neutrophils",0.132,0.757575757575758,FALSE
"CXCL9","CXCL11",0.132,0.575757575757576,FALSE
"CXCL11","CXCL9",0.132,0.424242424242424,FALSE
"IFNG","GZMB",0.132,0.5,FALSE
"IL1RN","IL15",0.132,0.386363636363636,FALSE
"IL7","CD8A",0.132,0.689393939393939,FALSE
"IL15","IL1RN",0.132,0.613636363636364,FALSE
"CCL2","FGF21",0.132,0.378787878787879,FALSE
"CCL3","LAG3",0.132,0.507575757575758,FALSE
"CCL4","monocytes",0.132,0.492424242424242,FALSE
"CCL8","hemoglobin",0.132,0.689393939393939,FALSE
"CCL11","CHI3L1",0.132,0.696969696969697,FALSE
"FGF21","CCL2",0.132,0.621212121212121,FALSE
"CHI3L1","CCL11",0.132,0.303030303030303,FALSE
"CD8A","IL7",0.132,0.310606060606061,FALSE
"GZMB","IFNG",0.132,0.5,FALSE
"KLRD1","protein",0.132,0.416666666666667,FALSE
"LAG3","CCL3",0.132,0.492424242424242,FALSE
"age_group","CCL3",0.131,1,FALSE
"basophils","potassium",0.131,0.580152671755725,FALSE
"mpv","bun",0.131,0.599236641221374,FALSE
"alk_phos","CCL4",0.131,0.435114503816794,FALSE
"bun","mpv",0.131,0.400763358778626,FALSE
"creatinine","sodium",0.131,0.648854961832061,FALSE
"potassium","basophils",0.131,0.419847328244275,FALSE
"sodium","creatinine",0.131,0.351145038167939,FALSE
"IL7","HAVCR2",0.131,0.389312977099237,FALSE
"CCL3","age_group",0.131,0,FALSE
"CCL4","alk_phos",0.131,0.564885496183206,FALSE
"HAVCR2","IL7",0.131,0.610687022900763,FALSE
"sex","LAG3",0.13,1,FALSE
"weight","triglycerides",0.13,0.669230769230769,FALSE
"rdw","sodium",0.13,0.546153846153846,FALSE
"wbc","CXCL9",0.13,0.284615384615385,FALSE
"calcium","glucose",0.13,0.465384615384615,FALSE
"calcium","MMP12",0.13,0.5,FALSE
"co2","PDCD1",0.13,0.523076923076923,FALSE
"glucose","calcium",0.13,0.534615384615385,FALSE
"sodium","rdw",0.13,0.453846153846154,FALSE
"esr","IL10",0.13,0.507692307692308,FALSE
"ldl","IL15",0.13,0.526923076923077,FALSE
"total_chol","CXCL8",0.13,0.323076923076923,FALSE
"triglycerides","weight",0.13,0.330769230769231,FALSE
"IL6","HAVCR2",0.13,0.546153846153846,FALSE
"CXCL8","total_chol",0.13,0.676923076923077,FALSE
"CXCL9","wbc",0.13,0.715384615384615,FALSE
"IL18","IL15",0.13,0.653846153846154,FALSE
"IL10","esr",0.13,0.492307692307692,FALSE
"IL15","ldl",0.13,0.473076923076923,FALSE
"IL15","IL18",0.13,0.346153846153846,FALSE
"IGFBP7","VEGFA",0.13,0.530769230769231,FALSE
"TNFRSF1A","PDCD1",0.13,0.461538461538462,FALSE
"KLRD1","CD274",0.13,0.430769230769231,FALSE
"MMP12","calcium",0.13,0.5,FALSE
"VEGFA","IGFBP7",0.13,0.469230769230769,FALSE
"PDCD1","co2",0.13,0.476923076923077,FALSE
"PDCD1","TNFRSF1A",0.13,0.538461538461539,FALSE
"LAG3","sex",0.13,0,FALSE
"HAVCR2","IL6",0.13,0.453846153846154,FALSE
"CD274","KLRD1",0.13,0.569230769230769,FALSE
"mpv","CXCL8",0.129,0.441860465116279,FALSE
"neutrophils","esr",0.129,0.476744186046512,FALSE
"alt","HAVCR2",0.129,0.589147286821705,FALSE
"chloride","IFNG",0.129,0.515503875968992,FALSE
"chloride","VEGFA",0.129,0.736434108527132,FALSE
"protein","IL15",0.129,0.468992248062016,FALSE
"protein","FGF21",0.129,0.728682170542636,FALSE
"esr","neutrophils",0.129,0.523255813953488,FALSE
"TNF","CD8A",0.129,0.465116279069767,FALSE
"CXCL8","mpv",0.129,0.558139534883721,FALSE
"IFNG","chloride",0.129,0.484496124031008,FALSE
"IL15","protein",0.129,0.531007751937985,FALSE
"FGF21","protein",0.129,0.271317829457364,FALSE
"IGFBP7","KLRD1",0.129,0.449612403100775,FALSE
"CD8A","TNF",0.129,0.534883720930233,FALSE
"KLRD1","IGFBP7",0.129,0.550387596899225,FALSE
"VEGFA","chloride",0.129,0.263565891472868,FALSE
"HAVCR2","alt",0.129,0.410852713178295,FALSE
"cmv","IL1RN",0.128,1,FALSE
"weight","CXCL9",0.128,0.6015625,FALSE
"hemoglobin","co2",0.128,0.5234375,FALSE
"hemoglobin","triglycerides",0.128,0.4921875,FALSE
"lymphocytes","glucose",0.128,0.40234375,FALSE
"platelets","CCL4",0.128,0.4453125,FALSE
"alk_phos","GDF15",0.128,0.171875,FALSE
"co2","hemoglobin",0.128,0.4765625,FALSE
"creatinine","LAG3",0.128,0.5390625,FALSE
"glucose","lymphocytes",0.128,0.59765625,FALSE
"glucose","LEP",0.128,0.2734375,FALSE
"esr","VEGFA",0.128,0.6640625,FALSE
"total_chol","TNFRSF1A",0.128,0.3984375,FALSE
"triglycerides","hemoglobin",0.128,0.5078125,FALSE
"triglycerides","GDF15",0.128,0.3203125,FALSE
"CXCL9","weight",0.128,0.3984375,FALSE
"IL1RN","cmv",0.128,0,FALSE
"CCL2","CCL4",0.128,0.5625,FALSE
"CCL4","platelets",0.128,0.5546875,FALSE
"CCL4","CCL2",0.128,0.4375,FALSE
"CCL8","FGF21",0.128,0.5703125,FALSE
"GDF15","alk_phos",0.128,0.828125,FALSE
"GDF15","triglycerides",0.128,0.6796875,FALSE
"FGF21","CCL8",0.128,0.4296875,FALSE
"TNFRSF1A","total_chol",0.128,0.6015625,FALSE
"VEGFA","esr",0.128,0.3359375,FALSE
"LAG3","creatinine",0.128,0.4609375,FALSE
"LEP","glucose",0.128,0.7265625,FALSE
"sex","potassium",0.127,1,FALSE
"weight","t_bili",0.127,0.511811023622047,FALSE
"basophils","glucose",0.127,0.574803149606299,FALSE
"hematocrit","IL1RN",0.127,0.417322834645669,FALSE
"ast","crp",0.127,0.299212598425197,FALSE
"calcium","HAVCR2",0.127,0.834645669291339,FALSE
"glucose","basophils",0.127,0.425196850393701,FALSE
"potassium","sex",0.127,0,FALSE
"t_bili","weight",0.127,0.488188976377953,FALSE
"crp","ast",0.127,0.700787401574803,FALSE
"hdl","TNF",0.127,0.511811023622047,FALSE
"total_chol","CHI3L1",0.127,0.480314960629921,FALSE
"TNF","hdl",0.127,0.488188976377953,FALSE
"IL10","CCL2",0.127,0.669291338582677,FALSE
"IL1RN","hematocrit",0.127,0.582677165354331,FALSE
"IL7","CCL2",0.127,0.614173228346457,FALSE
"CCL2","IL10",0.127,0.330708661417323,FALSE
"CCL2","IL7",0.127,0.385826771653543,FALSE
"CHI3L1","total_chol",0.127,0.519685039370079,FALSE
"HAVCR2","calcium",0.127,0.165354330708661,FALSE
"cmv","TNFRSF1A",0.126,1,FALSE
"hematocrit","CXCL8",0.126,0.388888888888889,FALSE
"lymphocytes","esr",0.126,0.341269841269841,FALSE
"albumin","MMP12",0.126,0.380952380952381,FALSE
"alk_phos","calcium",0.126,0.579365079365079,FALSE
"alt","esr",0.126,0.341269841269841,FALSE
"calcium","alk_phos",0.126,0.420634920634921,FALSE
"protein","GZMB",0.126,0.523809523809524,FALSE
"sodium","GDF15",0.126,0.591269841269841,FALSE
"t_bili","HAVCR2",0.126,0.46031746031746,FALSE
"esr","lymphocytes",0.126,0.658730158730159,FALSE
"esr","alt",0.126,0.658730158730159,FALSE
"IL6","TNFRSF1B",0.126,0.53968253968254,FALSE
"CXCL8","hematocrit",0.126,0.611111111111111,FALSE
"GDF15","sodium",0.126,0.408730158730159,FALSE
"TNFRSF1A","cmv",0.126,0,FALSE
"TNFRSF1B","IL6",0.126,0.46031746031746,FALSE
"GZMB","protein",0.126,0.476190476190476,FALSE
"MMP12","albumin",0.126,0.619047619047619,FALSE
"MMP12","HAVCR2",0.126,0.555555555555556,FALSE
"HAVCR2","t_bili",0.126,0.53968253968254,FALSE
"HAVCR2","MMP12",0.126,0.444444444444444,FALSE
"sex","CD8A",0.125,1,FALSE
"cmv","CXCL8",0.125,1,FALSE
"basophils","sodium",0.125,0.54,FALSE
"lymphocytes","TNFRSF1B",0.125,0.56,FALSE
"monocytes","alt",0.125,0.524,FALSE
"platelets","TNFRSF1A",0.125,0.616,FALSE
"rdw","IL15",0.125,0.504,FALSE
"wbc","CCL4",0.125,0.368,FALSE
"alk_phos","co2",0.125,0.288,FALSE
"alt","monocytes",0.125,0.476,FALSE
"co2","alk_phos",0.125,0.712,FALSE
"potassium","TNF",0.125,0.552,FALSE
"sodium","basophils",0.125,0.46,FALSE
"triglycerides","CCL8",0.125,0.4,FALSE
"TNF","potassium",0.125,0.448,FALSE
"CXCL8","cmv",0.125,0,FALSE
"IL15","rdw",0.125,0.496,FALSE
"CCL4","wbc",0.125,0.632,FALSE
"CCL8","triglycerides",0.125,0.6,FALSE
"CCL8","LAG3",0.125,0.36,FALSE
"FGF21","PDCD1",0.125,0.488,FALSE
"TNFRSF1A","platelets",0.125,0.384,FALSE
"TNFRSF1B","lymphocytes",0.125,0.44,FALSE
"CD8A","sex",0.125,0,FALSE
"PDCD1","FGF21",0.125,0.512,FALSE
"LAG3","CCL8",0.125,0.64,FALSE
"age_group","CXCL10",0.124,1,FALSE
"cmv","sodium",0.124,1,FALSE
"mpv","crp",0.124,0.42741935483871,FALSE
"mpv","GDF15",0.124,0.346774193548387,FALSE
"rbc","bun",0.124,0.201612903225806,FALSE
"bun","rbc",0.124,0.798387096774194,FALSE
"creatinine","globulin",0.124,0.491935483870968,FALSE
"globulin","creatinine",0.124,0.508064516129032,FALSE
"protein","IL7",0.124,0.588709677419355,FALSE
"sodium","cmv",0.124,0,FALSE
"t_bili","LEP",0.124,0.266129032258065,FALSE
"crp","mpv",0.124,0.57258064516129,FALSE
"triglycerides","LEP",0.124,0.201612903225806,FALSE
"CXCL10","age_group",0.124,0,FALSE
"IL10","LEP",0.124,0.379032258064516,FALSE
"IL7","protein",0.124,0.411290322580645,FALSE
"CCL3","IGFBP7",0.124,0.588709677419355,FALSE
"CCL3","GZMB",0.124,0.556451612903226,FALSE
"GDF15","mpv",0.124,0.653225806451613,FALSE
"IGFBP7","CCL3",0.124,0.411290322580645,FALSE
"TNFRSF1A","CD274",0.124,0.290322580645161,FALSE
"GZMB","CCL3",0.124,0.443548387096774,FALSE
"CD274","TNFRSF1A",0.124,0.709677419354839,FALSE
"LEP","t_bili",0.124,0.733870967741935,FALSE
"LEP","triglycerides",0.124,0.798387096774194,FALSE
"LEP","IL10",0.124,0.620967741935484,FALSE
"cmv","CHI3L1",0.123,1,FALSE
"lymphocytes","LAG3",0.123,0.300813008130081,FALSE
"monocytes","potassium",0.123,0.48780487804878,FALSE
"mpv","co2",0.123,0.32520325203252,FALSE
"rbc","IL1RN",0.123,0.341463414634146,FALSE
"rbc","CHI3L1",0.123,0.552845528455285,FALSE
"albumin","IL10",0.123,0.536585365853659,FALSE
"albumin","CCL3",0.123,0.365853658536585,FALSE
"alk_phos","TNFRSF1B",0.123,0.67479674796748,FALSE
"ast","triglycerides",0.123,0.292682926829268,FALSE
"ast","PDCD1",0.123,0.585365853658537,FALSE
"calcium","VEGFA",0.123,0.707317073170732,FALSE
"co2","mpv",0.123,0.67479674796748,FALSE
"potassium","monocytes",0.123,0.51219512195122,FALSE
"triglycerides","ast",0.123,0.707317073170732,FALSE
"IL6","GDF15",0.123,0.219512195121951,FALSE
"IL10","albumin",0.123,0.463414634146341,FALSE
"IL1RN","rbc",0.123,0.658536585365854,FALSE
"CCL3","albumin",0.123,0.634146341463415,FALSE
"CCL11","HAVCR2",0.123,0.682926829268293,FALSE
"GDF15","IL6",0.123,0.780487804878049,FALSE
"FGF21","IGFBP7",0.123,0.495934959349593,FALSE
"CHI3L1","cmv",0.123,0,FALSE
"CHI3L1","rbc",0.123,0.447154471544715,FALSE
"IGFBP7","FGF21",0.123,0.504065040650406,FALSE
"TNFRSF1B","alk_phos",0.123,0.32520325203252,FALSE
"CD8A","LEP",0.123,0.601626016260163,FALSE
"VEGFA","calcium",0.123,0.292682926829268,FALSE
"PDCD1","ast",0.123,0.414634146341463,FALSE
"LAG3","lymphocytes",0.123,0.699186991869919,FALSE
"HAVCR2","CCL11",0.123,0.317073170731707,FALSE
"LEP","CD8A",0.123,0.398373983739837,FALSE
"cmv","hematocrit",0.122,1,FALSE
"cmv","CXCL10",0.122,1,FALSE
"weight","CHI3L1",0.122,0.475409836065574,FALSE
"eosinophils","hdl",0.122,0.475409836065574,FALSE
"hematocrit","cmv",0.122,0,FALSE
"hemoglobin","CXCL11",0.122,0.721311475409836,FALSE
"lymphocytes","CCL11",0.122,0.30327868852459,FALSE
"mpv","protein",0.122,0.631147540983607,FALSE
"albumin","co2",0.122,0.459016393442623,FALSE
"bun","CCL4",0.122,0.401639344262295,FALSE
"bun","PDCD1",0.122,0.532786885245902,FALSE
"co2","albumin",0.122,0.540983606557377,FALSE
"glucose","IL18",0.122,0.549180327868853,FALSE
"potassium","IL1RN",0.122,0.573770491803279,FALSE
"protein","mpv",0.122,0.368852459016393,FALSE
"sodium","TNF",0.122,0.581967213114754,FALSE
"hdl","eosinophils",0.122,0.524590163934426,FALSE
"total_chol","TNF",0.122,0.360655737704918,FALSE
"TNF","sodium",0.122,0.418032786885246,FALSE
"TNF","total_chol",0.122,0.639344262295082,FALSE
"CXCL10","cmv",0.122,0,FALSE
"CXCL11","hemoglobin",0.122,0.278688524590164,FALSE
"CXCL11","GDF15",0.122,0.450819672131148,FALSE
"IL18","glucose",0.122,0.450819672131148,FALSE
"IL1RN","potassium",0.122,0.426229508196721,FALSE
"IL15","CCL2",0.122,0.647540983606557,FALSE
"CCL2","IL15",0.122,0.352459016393443,FALSE
"CCL4","bun",0.122,0.598360655737705,FALSE
"CCL11","lymphocytes",0.122,0.69672131147541,FALSE
"GDF15","CXCL11",0.122,0.549180327868853,FALSE
"CHI3L1","weight",0.122,0.524590163934426,FALSE
"PDCD1","bun",0.122,0.467213114754098,FALSE
"age_group","alt",0.121,1,FALSE
"sex","wbc",0.121,1,FALSE
"sex","MMP12",0.121,1,FALSE
"cmv","IL15",0.121,1,FALSE
"hematocrit","wbc",0.121,0.694214876033058,FALSE
"hemoglobin","bun",0.121,0.355371900826446,FALSE
"monocytes","triglycerides",0.121,0.396694214876033,FALSE
"wbc","sex",0.121,0,FALSE
"wbc","hematocrit",0.121,0.305785123966942,FALSE
"albumin","IL7",0.121,0.421487603305785,FALSE
"alt","age_group",0.121,0,FALSE
"bun","hemoglobin",0.121,0.644628099173554,FALSE
"bun","TNF",0.121,0.421487603305785,FALSE
"chloride","TNFRSF1A",0.121,0.785123966942149,FALSE
"creatinine","TNFRSF1B",0.121,0.586776859504132,FALSE
"glucose","IGFBP7",0.121,0.487603305785124,FALSE
"potassium","CCL11",0.121,0.619834710743802,FALSE
"sodium","PDCD1",0.121,0.537190082644628,FALSE
"esr","TNFRSF1A",0.121,0.743801652892562,FALSE
"ldl","TNFRSF1A",0.121,0.330578512396694,FALSE
"triglycerides","monocytes",0.121,0.603305785123967,FALSE
"IL6","CCL3",0.121,0.603305785123967,FALSE
"TNF","bun",0.121,0.578512396694215,FALSE
"CXCL9","GZMB",0.121,0.619834710743802,FALSE
"IL1RN","CD8A",0.121,0.644628099173554,FALSE
"IL7","albumin",0.121,0.578512396694215,FALSE
"IL15","cmv",0.121,0,FALSE
"CCL2","CHI3L1",0.121,0.628099173553719,FALSE
"CCL3","IL6",0.121,0.396694214876033,FALSE
"CCL11","potassium",0.121,0.380165289256198,FALSE
"CHI3L1","CCL2",0.121,0.371900826446281,FALSE
"IGFBP7","glucose",0.121,0.512396694214876,FALSE
"TNFRSF1A","chloride",0.121,0.214876033057851,FALSE
"TNFRSF1A","esr",0.121,0.256198347107438,FALSE
"TNFRSF1A","ldl",0.121,0.669421487603306,FALSE
"TNFRSF1B","creatinine",0.121,0.413223140495868,FALSE
"CD8A","IL1RN",0.121,0.355371900826446,FALSE
"GZMB","CXCL9",0.121,0.380165289256198,FALSE
"MMP12","sex",0.121,0,FALSE
"VEGFA","LAG3",0.121,0.479338842975207,FALSE
"PDCD1","sodium",0.121,0.462809917355372,FALSE
"LAG3","VEGFA",0.121,0.520661157024793,FALSE
"CXCL8","GDF15",0.12,0.416666666666667,FALSE
"GDF15","CXCL8",0.12,0.583333333333333,FALSE
"cmv","hemoglobin",0.12,1,FALSE
"weight","monocytes",0.12,0.625,FALSE
"weight","esr",0.12,0.625,FALSE
"eosinophils","KLRD1",0.12,0.608333333333333,FALSE
"hematocrit","MMP12",0.12,0.508333333333333,FALSE
"hemoglobin","cmv",0.12,0,FALSE
"monocytes","weight",0.12,0.375,FALSE
"alt","hdl",0.12,0.316666666666667,FALSE
"bun","IL7",0.12,0.425,FALSE
"esr","weight",0.12,0.375,FALSE
"hdl","alt",0.12,0.683333333333333,FALSE
"total_chol","IL18",0.12,0.616666666666667,FALSE
"total_chol","MMP12",0.12,0.308333333333333,FALSE
"IL18","total_chol",0.12,0.383333333333333,FALSE
"IL1RN","GDF15",0.12,0.4,FALSE
"IL7","bun",0.12,0.575,FALSE
"CCL4","CHI3L1",0.12,0.433333333333333,FALSE
"GDF15","IL1RN",0.12,0.6,FALSE
"GDF15","CD274",0.12,0.733333333333333,FALSE
"CHI3L1","CCL4",0.12,0.566666666666667,FALSE
"TNFRSF1B","KLRD1",0.12,0.566666666666667,FALSE
"KLRD1","eosinophils",0.12,0.391666666666667,FALSE
"KLRD1","TNFRSF1B",0.12,0.433333333333333,FALSE
"MMP12","hematocrit",0.12,0.491666666666667,FALSE
"MMP12","total_chol",0.12,0.691666666666667,FALSE
"CD274","GDF15",0.12,0.266666666666667,FALSE
"platelets","TNFRSF1B",0.119,0.411764705882353,FALSE
"TNFRSF1B","platelets",0.119,0.588235294117647,FALSE
"weight","CCL2",0.119,0.689075630252101,FALSE
"basophils","co2",0.119,0.53781512605042,FALSE
"basophils","CD274",0.119,0.512605042016807,FALSE
"hematocrit","TNFRSF1A",0.119,0.436974789915966,FALSE
"lymphocytes","FGF21",0.119,0.436974789915966,FALSE
"neutrophils","CCL8",0.119,0.34453781512605,FALSE
"platelets","wbc",0.119,0.865546218487395,FALSE
"wbc","platelets",0.119,0.134453781512605,FALSE
"co2","basophils",0.119,0.46218487394958,FALSE
"co2","CD8A",0.119,0.613445378151261,FALSE
"sodium","LAG3",0.119,0.571428571428572,FALSE
"ldl","FGF21",0.119,0.403361344537815,FALSE
"IL1RN","GZMB",0.119,0.46218487394958,FALSE
"CCL2","weight",0.119,0.310924369747899,FALSE
"CCL8","neutrophils",0.119,0.65546218487395,FALSE
"FGF21","lymphocytes",0.119,0.563025210084034,FALSE
"FGF21","ldl",0.119,0.596638655462185,FALSE
"TNFRSF1A","hematocrit",0.119,0.563025210084034,FALSE
"CD8A","co2",0.119,0.38655462184874,FALSE
"GZMB","IL1RN",0.119,0.53781512605042,FALSE
"LAG3","sodium",0.119,0.428571428571429,FALSE
"CD274","basophils",0.119,0.487394957983193,FALSE
"weight","IL10",0.118,0.406779661016949,FALSE
"hematocrit","GZMA",0.118,0.296610169491525,FALSE
"globulin","GDF15",0.118,0.169491525423729,FALSE
"crp","triglycerides",0.118,0.584745762711864,FALSE
"triglycerides","crp",0.118,0.415254237288136,FALSE
"IL10","weight",0.118,0.593220338983051,FALSE
"GDF15","globulin",0.118,0.830508474576271,FALSE
"GZMA","hematocrit",0.118,0.703389830508475,FALSE
"mpv","esr",0.118,0.567796610169492,FALSE
"neutrophils","CD274",0.118,0.364406779661017,FALSE
"alk_phos","VEGFA",0.118,0.542372881355932,FALSE
"potassium","IL15",0.118,0.48728813559322,FALSE
"esr","mpv",0.118,0.432203389830508,FALSE
"hdl","HAVCR2",0.118,0.559322033898305,FALSE
"triglycerides","MMP12",0.118,0.601694915254237,FALSE
"IL15","potassium",0.118,0.51271186440678,FALSE
"MMP12","triglycerides",0.118,0.398305084745763,FALSE
"VEGFA","alk_phos",0.118,0.457627118644068,FALSE
"HAVCR2","hdl",0.118,0.440677966101695,FALSE
"CD274","neutrophils",0.118,0.635593220338983,FALSE
"age_group","GZMA",0.117,1,FALSE
"cmv","LEP",0.117,1,FALSE
"t_bili","CXCL9",0.117,0.709401709401709,FALSE
"CXCL9","t_bili",0.117,0.290598290598291,FALSE
"IL1RN","VEGFA",0.117,0.726495726495726,FALSE
"GZMA","age_group",0.117,0,FALSE
"VEGFA","IL1RN",0.117,0.273504273504273,FALSE
"LEP","cmv",0.117,0,FALSE
"weight","TNFRSF1A",0.117,0.487179487179487,FALSE
"lymphocytes","triglycerides",0.117,0.384615384615385,FALSE
"wbc","potassium",0.117,0.307692307692308,FALSE
"wbc","IL10",0.117,0.376068376068376,FALSE
"ast","FGF21",0.117,0.547008547008547,FALSE
"bun","IL18",0.117,0.358974358974359,FALSE
"calcium","PDCD1",0.117,0.47008547008547,FALSE
"chloride","IL1RN",0.117,0.615384615384615,FALSE
"potassium","wbc",0.117,0.692307692307692,FALSE
"protein","VEGFA",0.117,0.615384615384615,FALSE
"esr","CCL8",0.117,0.564102564102564,FALSE
"triglycerides","lymphocytes",0.117,0.615384615384615,FALSE
"IFNG","CD8A",0.117,0.538461538461539,FALSE
"IL18","bun",0.117,0.641025641025641,FALSE
"IL18","LAG3",0.117,0.367521367521367,FALSE
"IL10","wbc",0.117,0.623931623931624,FALSE
"IL10","CHI3L1",0.117,0.538461538461539,FALSE
"IL1RN","chloride",0.117,0.384615384615385,FALSE
"CCL8","esr",0.117,0.435897435897436,FALSE
"CCL8","VEGFA",0.117,0.538461538461539,FALSE
"CCL8","PDCD1",0.117,0.393162393162393,FALSE
"FGF21","ast",0.117,0.452991452991453,FALSE
"CHI3L1","IL10",0.117,0.461538461538462,FALSE
"TNFRSF1A","weight",0.117,0.512820512820513,FALSE
"CD8A","IFNG",0.117,0.461538461538462,FALSE
"VEGFA","protein",0.117,0.384615384615385,FALSE
"VEGFA","CCL8",0.117,0.461538461538462,FALSE
"PDCD1","calcium",0.117,0.52991452991453,FALSE
"PDCD1","CCL8",0.117,0.606837606837607,FALSE
"LAG3","IL18",0.117,0.632478632478632,FALSE
"age_group","hemoglobin",0.116,1,FALSE
"cmv","calcium",0.116,1,FALSE
"cmv","IL6",0.116,1,FALSE
"hemoglobin","age_group",0.116,0,FALSE
"calcium","cmv",0.116,0,FALSE
"IL6","cmv",0.116,0,FALSE
"CCL3","CD274",0.116,0.568965517241379,FALSE
"CD274","CCL3",0.116,0.431034482758621,FALSE
"weight","alk_phos",0.116,0.551724137931035,FALSE
"basophils","CCL8",0.116,0.637931034482759,FALSE
"eosinophils","ldl",0.116,0.53448275862069,FALSE
"lymphocytes","t_bili",0.116,0.482758620689655,FALSE
"mpv","CD274",0.116,0.491379310344828,FALSE
"alk_phos","weight",0.116,0.448275862068966,FALSE
"chloride","hdl",0.116,0.543103448275862,FALSE
"creatinine","protein",0.116,0.551724137931035,FALSE
"potassium","IGFBP7",0.116,0.448275862068966,FALSE
"protein","creatinine",0.116,0.448275862068966,FALSE
"protein","CCL8",0.116,0.387931034482759,FALSE
"t_bili","lymphocytes",0.116,0.517241379310345,FALSE
"hdl","chloride",0.116,0.456896551724138,FALSE
"ldl","eosinophils",0.116,0.46551724137931,FALSE
"triglycerides","IL6",0.116,0.474137931034483,FALSE
"IL6","triglycerides",0.116,0.525862068965517,FALSE
"TNF","IL7",0.116,0.318965517241379,FALSE
"IL7","TNF",0.116,0.681034482758621,FALSE
"CCL8","basophils",0.116,0.362068965517241,FALSE
"CCL8","protein",0.116,0.612068965517241,FALSE
"IGFBP7","potassium",0.116,0.551724137931035,FALSE
"CD274","mpv",0.116,0.508620689655172,FALSE
"chloride","CD274",0.115,0.695652173913043,FALSE
"TNF","MMP12",0.115,0.417391304347826,FALSE
"CXCL8","TNFRSF1B",0.115,0.565217391304348,FALSE
"CXCL9","HAVCR2",0.115,0.608695652173913,FALSE
"CCL8","MMP12",0.115,0.434782608695652,FALSE
"TNFRSF1B","CXCL8",0.115,0.434782608695652,FALSE
"MMP12","TNF",0.115,0.582608695652174,FALSE
"MMP12","CCL8",0.115,0.565217391304348,FALSE
"HAVCR2","CXCL9",0.115,0.391304347826087,FALSE
"CD274","chloride",0.115,0.304347826086957,FALSE
"weight","wbc",0.115,0.791304347826087,FALSE
"platelets","GZMA",0.115,0.486956521739131,FALSE
"wbc","weight",0.115,0.208695652173913,FALSE
"bun","IL10",0.115,0.486956521739131,FALSE
"co2","CCL2",0.115,0.669565217391304,FALSE
"globulin","TNFRSF1A",0.115,0.373913043478261,FALSE
"glucose","PDCD1",0.115,0.478260869565217,FALSE
"potassium","hdl",0.115,0.660869565217391,FALSE
"protein","CCL11",0.115,0.547826086956522,FALSE
"hdl","potassium",0.115,0.339130434782609,FALSE
"hdl","CD8A",0.115,0.556521739130435,FALSE
"IL10","bun",0.115,0.51304347826087,FALSE
"CCL2","co2",0.115,0.330434782608696,FALSE
"CCL11","protein",0.115,0.452173913043478,FALSE
"TNFRSF1A","globulin",0.115,0.626086956521739,FALSE
"CD8A","hdl",0.115,0.443478260869565,FALSE
"GZMA","platelets",0.115,0.51304347826087,FALSE
"PDCD1","glucose",0.115,0.521739130434783,FALSE
"weight","CD8A",0.114,0.5,FALSE
"hemoglobin","TNFRSF1B",0.114,0.587719298245614,FALSE
"lymphocytes","mpv",0.114,0.385964912280702,FALSE
"monocytes","KLRD1",0.114,0.605263157894737,FALSE
"mpv","lymphocytes",0.114,0.614035087719298,FALSE
"neutrophils","alk_phos",0.114,0.429824561403509,FALSE
"neutrophils","alt",0.114,0.587719298245614,FALSE
"wbc","alk_phos",0.114,0.412280701754386,FALSE
"wbc","IL18",0.114,0.289473684210526,FALSE
"alk_phos","neutrophils",0.114,0.570175438596491,FALSE
"alk_phos","wbc",0.114,0.587719298245614,FALSE
"alt","neutrophils",0.114,0.412280701754386,FALSE
"co2","CCL4",0.114,0.614035087719298,FALSE
"IL18","wbc",0.114,0.710526315789474,FALSE
"IL18","CD274",0.114,0.614035087719298,FALSE
"CCL4","co2",0.114,0.385964912280702,FALSE
"CHI3L1","PDCD1",0.114,0.43859649122807,FALSE
"TNFRSF1B","hemoglobin",0.114,0.412280701754386,FALSE
"CD8A","weight",0.114,0.5,FALSE
"KLRD1","monocytes",0.114,0.394736842105263,FALSE
"PDCD1","CHI3L1",0.114,0.56140350877193,FALSE
"CD274","IL18",0.114,0.385964912280702,FALSE
"basophils","ast",0.114,0.543859649122807,FALSE
"neutrophils","CCL11",0.114,0.228070175438597,FALSE
"ast","basophils",0.114,0.456140350877193,FALSE
"ast","GZMB",0.114,0.473684210526316,FALSE
"chloride","CXCL11",0.114,0.517543859649123,FALSE
"crp","TNFRSF1B",0.114,0.517543859649123,FALSE
"IL6","VEGFA",0.114,0.640350877192982,FALSE
"CXCL11","chloride",0.114,0.482456140350877,FALSE
"CXCL11","IL15",0.114,0.350877192982456,FALSE
"IL15","CXCL11",0.114,0.649122807017544,FALSE
"CCL4","IGFBP7",0.114,0.640350877192982,FALSE
"CCL8","CD8A",0.114,0.350877192982456,FALSE
"CCL11","neutrophils",0.114,0.771929824561404,FALSE
"IGFBP7","CCL4",0.114,0.359649122807018,FALSE
"TNFRSF1B","crp",0.114,0.482456140350877,FALSE
"CD8A","CCL8",0.114,0.649122807017544,FALSE
"GZMB","ast",0.114,0.526315789473684,FALSE
"VEGFA","IL6",0.114,0.359649122807018,FALSE
"neutrophils","IGFBP7",0.113,0.486725663716814,FALSE
"platelets","hdl",0.113,0.309734513274336,FALSE
"wbc","KLRD1",0.113,0.309734513274336,FALSE
"alk_phos","PDCD1",0.113,0.513274336283186,FALSE
"calcium","TNFRSF1B",0.113,0.566371681415929,FALSE
"globulin","IFNG",0.113,0.442477876106195,FALSE
"hdl","platelets",0.113,0.690265486725664,FALSE
"ldl","GDF15",0.113,0.486725663716814,FALSE
"triglycerides","CXCL8",0.113,0.690265486725664,FALSE
"triglycerides","CXCL11",0.113,0.716814159292035,FALSE
"CXCL8","triglycerides",0.113,0.309734513274336,FALSE
"CXCL11","triglycerides",0.113,0.283185840707965,FALSE
"IFNG","globulin",0.113,0.557522123893805,FALSE
"GDF15","ldl",0.113,0.513274336283186,FALSE
"IGFBP7","neutrophils",0.113,0.513274336283186,FALSE
"TNFRSF1B","calcium",0.113,0.433628318584071,FALSE
"GZMA","VEGFA",0.113,0.601769911504425,FALSE
"KLRD1","wbc",0.113,0.690265486725664,FALSE
"VEGFA","GZMA",0.113,0.398230088495575,FALSE
"PDCD1","alk_phos",0.113,0.486725663716814,FALSE
"eosinophils","potassium",0.113,0.451327433628319,FALSE
"hemoglobin","VEGFA",0.113,0.672566371681416,FALSE
"hemoglobin","CD274",0.113,0.47787610619469,FALSE
"rdw","potassium",0.113,0.460176991150443,FALSE
"rbc","CXCL10",0.113,0.345132743362832,FALSE
"co2","creatinine",0.113,0.47787610619469,FALSE
"creatinine","co2",0.113,0.52212389380531,FALSE
"glucose","CXCL9",0.113,0.646017699115044,FALSE
"potassium","eosinophils",0.113,0.548672566371681,FALSE
"potassium","rdw",0.113,0.539823008849558,FALSE
"potassium","CXCL10",0.113,0.654867256637168,FALSE
"esr","GDF15",0.113,0.353982300884956,FALSE
"CXCL8","IL15",0.113,0.36283185840708,FALSE
"CXCL9","glucose",0.113,0.353982300884956,FALSE
"CXCL10","rbc",0.113,0.654867256637168,FALSE
"CXCL10","potassium",0.113,0.345132743362832,FALSE
"CXCL11","IL1RN",0.113,0.31858407079646,FALSE
"IL1RN","CXCL11",0.113,0.68141592920354,FALSE
"IL15","CXCL8",0.113,0.63716814159292,FALSE
"GDF15","esr",0.113,0.646017699115044,FALSE
"VEGFA","hemoglobin",0.113,0.327433628318584,FALSE
"CD274","hemoglobin",0.113,0.52212389380531,FALSE
"age_group","eosinophils",0.112,1,FALSE
"sex","CCL8",0.112,1,FALSE
"eosinophils","age_group",0.112,0,FALSE
"hematocrit","ast",0.112,0.401785714285714,FALSE
"lymphocytes","chloride",0.112,0.491071428571429,FALSE
"rbc","CD8A",0.112,0.580357142857143,FALSE
"rbc","GZMA",0.112,0.276785714285714,FALSE
"ast","hematocrit",0.112,0.598214285714286,FALSE
"ast","total_chol",0.112,0.607142857142857,FALSE
"calcium","chloride",0.112,0.482142857142857,FALSE
"chloride","lymphocytes",0.112,0.508928571428571,FALSE
"chloride","calcium",0.112,0.517857142857143,FALSE
"potassium","CXCL11",0.112,0.723214285714286,FALSE
"total_chol","ast",0.112,0.392857142857143,FALSE
"IL6","GZMA",0.112,0.491071428571429,FALSE
"TNF","CCL2",0.112,0.410714285714286,FALSE
"CXCL9","LEP",0.112,0.482142857142857,FALSE
"CXCL11","potassium",0.112,0.276785714285714,FALSE
"CCL2","TNF",0.112,0.589285714285714,FALSE
"CCL8","sex",0.112,0,FALSE
"CD8A","rbc",0.112,0.419642857142857,FALSE
"GZMA","rbc",0.112,0.723214285714286,FALSE
"GZMA","IL6",0.112,0.508928571428571,FALSE
"LEP","CXCL9",0.112,0.517857142857143,FALSE
"basophils","hdl",0.112,0.46875,FALSE
"neutrophils","IL10",0.112,0.232142857142857,FALSE
"crp","FGF21",0.112,0.455357142857143,FALSE
"hdl","basophils",0.112,0.53125,FALSE
"IL18","LEP",0.112,0.232142857142857,FALSE
"IL10","neutrophils",0.112,0.767857142857143,FALSE
"FGF21","crp",0.112,0.544642857142857,FALSE
"LEP","IL18",0.112,0.767857142857143,FALSE
"rdw","CD8A",0.111,0.630630630630631,FALSE
"CD8A","rdw",0.111,0.369369369369369,FALSE
"hemoglobin","chloride",0.111,0.414414414414414,FALSE
"mpv","rdw",0.111,0.477477477477477,FALSE
"mpv","creatinine",0.111,0.495495495495495,FALSE
"mpv","PDCD1",0.111,0.486486486486486,FALSE
"rdw","mpv",0.111,0.522522522522523,FALSE
"calcium","IFNG",0.111,0.441441441441441,FALSE
"calcium","CD8A",0.111,0.423423423423423,FALSE
"chloride","hemoglobin",0.111,0.585585585585586,FALSE
"chloride","CCL3",0.111,0.702702702702703,FALSE
"creatinine","mpv",0.111,0.504504504504504,FALSE
"CXCL9","IL10",0.111,0.567567567567568,FALSE
"IFNG","calcium",0.111,0.558558558558559,FALSE
"IL10","CXCL9",0.111,0.432432432432432,FALSE
"CCL3","chloride",0.111,0.297297297297297,FALSE
"CCL4","HAVCR2",0.111,0.567567567567568,FALSE
"CD8A","calcium",0.111,0.576576576576577,FALSE
"PDCD1","mpv",0.111,0.513513513513513,FALSE
"HAVCR2","CCL4",0.111,0.432432432432432,FALSE
"creatinine","MMP12",0.111,0.531531531531532,FALSE
"IL15","CCL8",0.111,0.63963963963964,FALSE
"CCL8","IL15",0.111,0.36036036036036,FALSE
"MMP12","creatinine",0.111,0.468468468468469,FALSE
"alk_phos","IL18",0.11,0.627272727272727,FALSE
"IL18","alk_phos",0.11,0.372727272727273,FALSE
"age_group","chloride",0.11,1,FALSE
"sex","protein",0.11,1,FALSE
"hematocrit","neutrophils",0.11,0.581818181818182,FALSE
"mpv","albumin",0.11,0.454545454545455,FALSE
"neutrophils","hematocrit",0.11,0.418181818181818,FALSE
"platelets","IL1RN",0.11,0.4,FALSE
"rbc","IFNG",0.11,0.427272727272727,FALSE
"albumin","mpv",0.11,0.545454545454545,FALSE
"alt","CXCL8",0.11,0.4,FALSE
"chloride","age_group",0.11,0,FALSE
"creatinine","CXCL10",0.11,0.445454545454545,FALSE
"glucose","IFNG",0.11,0.4,FALSE
"protein","sex",0.11,0,FALSE
"hdl","TNFRSF1B",0.11,0.472727272727273,FALSE
"CXCL8","alt",0.11,0.6,FALSE
"CXCL10","creatinine",0.11,0.554545454545455,FALSE
"IFNG","rbc",0.11,0.572727272727273,FALSE
"IFNG","glucose",0.11,0.6,FALSE
"IL1RN","platelets",0.11,0.6,FALSE
"IL15","CHI3L1",0.11,0.518181818181818,FALSE
"CCL3","GDF15",0.11,0.309090909090909,FALSE
"CCL11","CD274",0.11,0.563636363636364,FALSE
"GDF15","CCL3",0.11,0.690909090909091,FALSE
"CHI3L1","IL15",0.11,0.481818181818182,FALSE
"TNFRSF1B","hdl",0.11,0.527272727272727,FALSE
"CD8A","HAVCR2",0.11,0.445454545454545,FALSE
"HAVCR2","CD8A",0.11,0.554545454545455,FALSE
"CD274","CCL11",0.11,0.436363636363636,FALSE
"glucose","GZMB",0.11,0.790909090909091,FALSE
"hdl","TNFRSF1A",0.11,0.654545454545455,FALSE
"IL7","TNFRSF1B",0.11,0.463636363636364,FALSE
"TNFRSF1A","hdl",0.11,0.345454545454546,FALSE
"TNFRSF1B","IL7",0.11,0.536363636363636,FALSE
"GZMB","glucose",0.11,0.209090909090909,FALSE
"potassium","CCL8",0.109,0.642201834862385,FALSE
"CCL8","potassium",0.109,0.357798165137615,FALSE
"eosinophils","CCL4",0.109,0.522935779816514,FALSE
"monocytes","hdl",0.109,0.545871559633027,FALSE
"mpv","CD8A",0.109,0.568807339449541,FALSE
"alk_phos","CXCL9",0.109,0.311926605504587,FALSE
"alk_phos","IFNG",0.109,0.321100917431193,FALSE
"alt","IGFBP7",0.109,0.55045871559633,FALSE
"creatinine","CHI3L1",0.109,0.577981651376147,FALSE
"globulin","CCL8",0.109,0.495412844036697,FALSE
"sodium","FGF21",0.109,0.55045871559633,FALSE
"hdl","monocytes",0.109,0.454128440366972,FALSE
"total_chol","GZMB",0.109,0.577981651376147,FALSE
"CXCL9","alk_phos",0.109,0.688073394495413,FALSE
"CXCL11","CD274",0.109,0.422018348623853,FALSE
"IFNG","alk_phos",0.109,0.678899082568807,FALSE
"CCL4","eosinophils",0.109,0.477064220183486,FALSE
"CCL8","globulin",0.109,0.504587155963303,FALSE
"CCL11","CD8A",0.109,0.541284403669725,FALSE
"FGF21","sodium",0.109,0.44954128440367,FALSE
"CHI3L1","creatinine",0.109,0.422018348623853,FALSE
"IGFBP7","alt",0.109,0.44954128440367,FALSE
"CD8A","mpv",0.109,0.431192660550459,FALSE
"CD8A","CCL11",0.109,0.458715596330275,FALSE
"GZMB","total_chol",0.109,0.422018348623853,FALSE
"KLRD1","PDCD1",0.109,0.477064220183486,FALSE
"PDCD1","KLRD1",0.109,0.522935779816514,FALSE
"CD274","CXCL11",0.109,0.577981651376147,FALSE
"globulin","ldl",0.109,0.339449541284404,FALSE
"ldl","globulin",0.109,0.660550458715596,FALSE
"co2","CCL8",0.108,0.638888888888889,FALSE
"globulin","IL10",0.108,0.351851851851852,FALSE
"IL10","globulin",0.108,0.648148148148148,FALSE
"CCL8","co2",0.108,0.361111111111111,FALSE
"basophils","globulin",0.108,0.430555555555556,FALSE
"lymphocytes","rdw",0.108,0.287037037037037,FALSE
"lymphocytes","TNF",0.108,0.453703703703704,FALSE
"lymphocytes","GZMB",0.108,0.416666666666667,FALSE
"monocytes","CXCL10",0.108,0.444444444444444,FALSE
"platelets","HAVCR2",0.108,0.527777777777778,FALSE
"rdw","lymphocytes",0.108,0.712962962962963,FALSE
"rdw","t_bili",0.108,0.527777777777778,FALSE
"rdw","CD274",0.108,0.490740740740741,FALSE
"alk_phos","GZMB",0.108,0.453703703703704,FALSE
"globulin","basophils",0.108,0.569444444444444,FALSE
"t_bili","rdw",0.108,0.472222222222222,FALSE
"TNF","lymphocytes",0.108,0.546296296296296,FALSE
"CXCL10","monocytes",0.108,0.555555555555556,FALSE
"IFNG","VEGFA",0.108,0.583333333333333,FALSE
"GZMB","lymphocytes",0.108,0.583333333333333,FALSE
"GZMB","alk_phos",0.108,0.546296296296296,FALSE
"VEGFA","IFNG",0.108,0.416666666666667,FALSE
"HAVCR2","platelets",0.108,0.472222222222222,FALSE
"CD274","rdw",0.108,0.509259259259259,FALSE
"hematocrit","t_bili",0.107,0.364485981308411,FALSE
"alt","creatinine",0.107,0.345794392523364,FALSE
"calcium","co2",0.107,0.233644859813084,FALSE
"co2","calcium",0.107,0.766355140186916,FALSE
"creatinine","alt",0.107,0.654205607476635,FALSE
"t_bili","hematocrit",0.107,0.635514018691589,FALSE
"IGFBP7","GZMA",0.107,0.392523364485981,FALSE
"GZMA","IGFBP7",0.107,0.607476635514019,FALSE
"hematocrit","CD274",0.107,0.317757009345794,FALSE
"lymphocytes","potassium",0.107,0.420560747663551,FALSE
"platelets","triglycerides",0.107,0.420560747663551,FALSE
"rbc","GZMB",0.107,0.560747663551402,FALSE
"potassium","lymphocytes",0.107,0.579439252336449,FALSE
"ldl","TNFRSF1B",0.107,0.448598130841121,FALSE
"triglycerides","platelets",0.107,0.579439252336449,FALSE
"triglycerides","CCL4",0.107,0.504672897196262,FALSE
"CXCL10","CD274",0.107,0.476635514018692,FALSE
"CCL4","triglycerides",0.107,0.495327102803738,FALSE
"FGF21","VEGFA",0.107,0.598130841121495,FALSE
"TNFRSF1A","LEP",0.107,0.121495327102804,FALSE
"TNFRSF1B","ldl",0.107,0.551401869158878,FALSE
"GZMB","rbc",0.107,0.439252336448598,FALSE
"VEGFA","FGF21",0.107,0.401869158878505,FALSE
"CD274","hematocrit",0.107,0.682242990654206,FALSE
"CD274","CXCL10",0.107,0.523364485981308,FALSE
"LEP","TNFRSF1A",0.107,0.878504672897196,FALSE
"bun","total_chol",0.106,0.60377358490566,FALSE
"total_chol","bun",0.106,0.39622641509434,FALSE
"TNF","GZMB",0.106,0.358490566037736,FALSE
"GZMB","TNF",0.106,0.641509433962264,FALSE
"age_group","ast",0.106,1,FALSE
"hemoglobin","FGF21",0.106,0.254716981132075,FALSE
"rdw","triglycerides",0.106,0.556603773584906,FALSE
"rbc","triglycerides",0.106,0.754716981132076,FALSE
"alt","GZMB",0.106,0.594339622641509,FALSE
"ast","age_group",0.106,0,FALSE
"glucose","TNF",0.106,0.5,FALSE
"potassium","crp",0.106,0.433962264150943,FALSE
"crp","potassium",0.106,0.566037735849057,FALSE
"hdl","GZMB",0.106,0.716981132075472,FALSE
"triglycerides","rdw",0.106,0.443396226415094,FALSE
"triglycerides","rbc",0.106,0.245283018867925,FALSE
"TNF","glucose",0.106,0.5,FALSE
"IL10","GDF15",0.106,0.509433962264151,FALSE
"CCL11","KLRD1",0.106,0.5,FALSE
"GDF15","IL10",0.106,0.490566037735849,FALSE
"FGF21","hemoglobin",0.106,0.745283018867925,FALSE
"GZMB","alt",0.106,0.405660377358491,FALSE
"GZMB","hdl",0.106,0.283018867924528,FALSE
"KLRD1","CCL11",0.106,0.5,FALSE
"weight","neutrophils",0.105,0.79047619047619,FALSE
"lymphocytes","crp",0.105,0.533333333333333,FALSE
"neutrophils","weight",0.105,0.20952380952381,FALSE
"alt","CCL11",0.105,0.609523809523809,FALSE
"potassium","GDF15",0.105,0.380952380952381,FALSE
"crp","lymphocytes",0.105,0.466666666666667,FALSE
"crp","CXCL8",0.105,0.476190476190476,FALSE
"IL6","IL7",0.105,0.761904761904762,FALSE
"CXCL8","crp",0.105,0.523809523809524,FALSE
"IL10","IL1RN",0.105,0.6,FALSE
"IL1RN","IL10",0.105,0.4,FALSE
"IL7","IL6",0.105,0.238095238095238,FALSE
"CCL11","alt",0.105,0.39047619047619,FALSE
"GDF15","potassium",0.105,0.619047619047619,FALSE
"age_group","weight",0.105,1,FALSE
"sex","triglycerides",0.105,1,FALSE
"weight","age_group",0.105,0,FALSE
"weight","CCL4",0.105,0.857142857142857,FALSE
"platelets","CXCL11",0.105,0.504761904761905,FALSE
"albumin","FGF21",0.105,0.304761904761905,FALSE
"calcium","CHI3L1",0.105,0.561904761904762,FALSE
"calcium","LAG3",0.105,0.514285714285714,FALSE
"glucose","CD274",0.105,0.59047619047619,FALSE
"t_bili","triglycerides",0.105,0.514285714285714,FALSE
"esr","HAVCR2",0.105,0.571428571428571,FALSE
"triglycerides","sex",0.105,0,FALSE
"triglycerides","t_bili",0.105,0.485714285714286,FALSE
"CXCL11","platelets",0.105,0.495238095238095,FALSE
"CCL4","weight",0.105,0.142857142857143,FALSE
"FGF21","albumin",0.105,0.695238095238095,FALSE
"CHI3L1","calcium",0.105,0.438095238095238,FALSE
"LAG3","calcium",0.105,0.485714285714286,FALSE
"HAVCR2","esr",0.105,0.428571428571429,FALSE
"CD274","glucose",0.105,0.40952380952381,FALSE
"weight","basophils",0.104,0.461538461538462,FALSE
"basophils","weight",0.104,0.538461538461538,FALSE
"eosinophils","mpv",0.104,0.408653846153846,FALSE
"mpv","eosinophils",0.104,0.591346153846154,FALSE
"platelets","chloride",0.104,0.336538461538462,FALSE
"platelets","CCL2",0.104,0.442307692307692,FALSE
"rbc","total_chol",0.104,0.596153846153846,FALSE
"alt","LEP",0.104,0.375,FALSE
"ast","t_bili",0.104,0.596153846153846,FALSE
"ast","IL15",0.104,0.538461538461538,FALSE
"chloride","platelets",0.104,0.663461538461538,FALSE
"chloride","FGF21",0.104,0.480769230769231,FALSE
"co2","LEP",0.104,0.326923076923077,FALSE
"creatinine","FGF21",0.104,0.365384615384615,FALSE
"t_bili","ast",0.104,0.403846153846154,FALSE
"esr","CD274",0.104,0.538461538461538,FALSE
"total_chol","rbc",0.104,0.403846153846154,FALSE
"IL18","GZMB",0.104,0.471153846153846,FALSE
"IL15","ast",0.104,0.461538461538462,FALSE
"CCL2","platelets",0.104,0.557692307692308,FALSE
"CCL3","CD8A",0.104,0.634615384615385,FALSE
"FGF21","chloride",0.104,0.519230769230769,FALSE
"FGF21","creatinine",0.104,0.634615384615385,FALSE
"CD8A","CCL3",0.104,0.365384615384615,FALSE
"GZMB","IL18",0.104,0.528846153846154,FALSE
"CD274","esr",0.104,0.461538461538462,FALSE
"LEP","alt",0.104,0.625,FALSE
"LEP","co2",0.104,0.673076923076923,FALSE
"age_group","calcium",0.104,1,FALSE
"age_group","CCL8",0.104,1,FALSE
"lymphocytes","HAVCR2",0.104,0.711538461538462,FALSE
"monocytes","rbc",0.104,0.288461538461538,FALSE
"rdw","protein",0.104,0.576923076923077,FALSE
"rbc","monocytes",0.104,0.711538461538462,FALSE
"calcium","age_group",0.104,0,FALSE
"protein","rdw",0.104,0.423076923076923,FALSE
"sodium","CHI3L1",0.104,0.697115384615385,FALSE
"sodium","GZMB",0.104,0.740384615384615,FALSE
"CCL8","age_group",0.104,0,FALSE
"CHI3L1","sodium",0.104,0.302884615384615,FALSE
"GZMB","sodium",0.104,0.259615384615385,FALSE
"HAVCR2","lymphocytes",0.104,0.288461538461538,FALSE
"hemoglobin","crp",0.103,0.330097087378641,FALSE
"lymphocytes","IL6",0.103,0.563106796116505,FALSE
"monocytes","globulin",0.103,0.621359223300971,FALSE
"platelets","IL6",0.103,0.601941747572815,FALSE
"rdw","IL6",0.103,0.592233009708738,FALSE
"rdw","CCL8",0.103,0.563106796116505,FALSE
"rbc","glucose",0.103,0.45631067961165,FALSE
"bun","IFNG",0.103,0.446601941747573,FALSE
"calcium","IL18",0.103,0.592233009708738,FALSE
"calcium","IL10",0.103,0.621359223300971,FALSE
"co2","ldl",0.103,0.766990291262136,FALSE
"creatinine","hdl",0.103,0.485436893203884,FALSE
"globulin","monocytes",0.103,0.378640776699029,FALSE
"glucose","rbc",0.103,0.543689320388349,FALSE
"sodium","IL15",0.103,0.466019417475728,FALSE
"crp","hemoglobin",0.103,0.669902912621359,FALSE
"hdl","creatinine",0.103,0.514563106796116,FALSE
"ldl","co2",0.103,0.233009708737864,FALSE
"IL6","lymphocytes",0.103,0.436893203883495,FALSE
"IL6","platelets",0.103,0.398058252427184,FALSE
"IL6","rdw",0.103,0.407766990291262,FALSE
"CXCL8","TNFRSF1A",0.103,0.466019417475728,FALSE
"CXCL11","FGF21",0.103,0.524271844660194,FALSE
"IFNG","bun",0.103,0.553398058252427,FALSE
"IL18","calcium",0.103,0.407766990291262,FALSE
"IL18","MMP12",0.103,0.45631067961165,FALSE
"IL10","calcium",0.103,0.378640776699029,FALSE
"IL15","sodium",0.103,0.533980582524272,FALSE
"CCL8","rdw",0.103,0.436893203883495,FALSE
"GDF15","GZMA",0.103,0.640776699029126,FALSE
"FGF21","CXCL11",0.103,0.475728155339806,FALSE
"FGF21","MMP12",0.103,0.441747572815534,FALSE
"TNFRSF1A","CXCL8",0.103,0.533980582524272,FALSE
"GZMA","GDF15",0.103,0.359223300970874,FALSE
"MMP12","IL18",0.103,0.543689320388349,FALSE
"MMP12","FGF21",0.103,0.558252427184466,FALSE
"bun","calcium",0.103,0.572815533980582,FALSE
"calcium","bun",0.103,0.427184466019417,FALSE
"chloride","CCL11",0.103,0.58252427184466,FALSE
"co2","CXCL9",0.103,0.699029126213592,FALSE
"protein","LAG3",0.103,0.262135922330097,FALSE
"hdl","FGF21",0.103,0.58252427184466,FALSE
"CXCL9","co2",0.103,0.300970873786408,FALSE
"CCL11","chloride",0.103,0.41747572815534,FALSE
"FGF21","hdl",0.103,0.41747572815534,FALSE
"TNFRSF1B","LEP",0.103,0.29126213592233,FALSE
"LAG3","protein",0.103,0.737864077669903,FALSE
"LEP","TNFRSF1B",0.103,0.70873786407767,FALSE
"eosinophils","GZMB",0.102,0.627450980392157,FALSE
"hematocrit","CD8A",0.102,0.470588235294118,FALSE
"monocytes","CD274",0.102,0.397058823529412,FALSE
"platelets","albumin",0.102,0.588235294117647,FALSE
"albumin","platelets",0.102,0.411764705882353,FALSE
"ast","LAG3",0.102,0.352941176470588,FALSE
"IL10","GZMB",0.102,0.46078431372549,FALSE
"CD8A","hematocrit",0.102,0.529411764705882,FALSE
"CD8A","VEGFA",0.102,0.558823529411765,FALSE
"GZMB","eosinophils",0.102,0.372549019607843,FALSE
"GZMB","IL10",0.102,0.53921568627451,FALSE
"VEGFA","CD8A",0.102,0.441176470588235,FALSE
"LAG3","ast",0.102,0.647058823529412,FALSE
"CD274","monocytes",0.102,0.602941176470588,FALSE
"weight","TNFRSF1B",0.101,0.594059405940594,FALSE
"monocytes","protein",0.101,0.534653465346535,FALSE
"mpv","IL18",0.101,0.475247524752475,FALSE
"rdw","alt",0.101,0.544554455445544,FALSE
"rdw","co2",0.101,0.326732673267327,FALSE
"rdw","CXCL8",0.101,0.633663366336634,FALSE
"rdw","CXCL9",0.101,0.594059405940594,FALSE
"rdw","CCL2",0.101,0.544554455445544,FALSE
"rbc","LEP",0.101,0.247524752475248,FALSE
"wbc","CCL11",0.101,0.396039603960396,FALSE
"alk_phos","IL7",0.101,0.415841584158416,FALSE
"alt","rdw",0.101,0.455445544554455,FALSE
"alt","TNFRSF1B",0.101,0.524752475247525,FALSE
"chloride","total_chol",0.101,0.52970297029703,FALSE
"co2","rdw",0.101,0.673267326732673,FALSE
"globulin","sodium",0.101,0.45049504950495,FALSE
"protein","monocytes",0.101,0.465346534653465,FALSE
"sodium","globulin",0.101,0.549504950495049,FALSE
"sodium","CXCL9",0.101,0.514851485148515,FALSE
"sodium","VEGFA",0.101,0.693069306930693,FALSE
"t_bili","CXCL8",0.101,0.574257425742574,FALSE
"hdl","CXCL10",0.101,0.405940594059406,FALSE
"total_chol","chloride",0.101,0.47029702970297,FALSE
"IL6","FGF21",0.101,0.495049504950495,FALSE
"CXCL8","rdw",0.101,0.366336633663366,FALSE
"CXCL8","t_bili",0.101,0.425742574257426,FALSE
"CXCL8","CD274",0.101,0.564356435643564,FALSE
"CXCL9","rdw",0.101,0.405940594059406,FALSE
"CXCL9","sodium",0.101,0.485148514851485,FALSE
"CXCL10","hdl",0.101,0.594059405940594,FALSE
"IL18","mpv",0.101,0.524752475247525,FALSE
"IL7","alk_phos",0.101,0.584158415841584,FALSE
"CCL2","rdw",0.101,0.455445544554455,FALSE
"CCL11","wbc",0.101,0.603960396039604,FALSE
"FGF21","IL6",0.101,0.504950495049505,FALSE
"TNFRSF1A","LAG3",0.101,0.445544554455445,FALSE
"TNFRSF1B","weight",0.101,0.405940594059406,FALSE
"TNFRSF1B","alt",0.101,0.475247524752475,FALSE
"TNFRSF1B","GZMA",0.101,0.534653465346535,FALSE
"GZMA","TNFRSF1B",0.101,0.465346534653465,FALSE
"VEGFA","sodium",0.101,0.306930693069307,FALSE
"LAG3","TNFRSF1A",0.101,0.554455445544554,FALSE
"CD274","CXCL8",0.101,0.435643564356436,FALSE
"LEP","rbc",0.101,0.752475247524752,FALSE
"age_group","esr",0.1,1,FALSE
"weight","IL18",0.1,0.675,FALSE
"basophils","IL10",0.1,0.57,FALSE
"monocytes","IL18",0.1,0.47,FALSE
"mpv","GZMA",0.1,0.43,FALSE
"neutrophils","calcium",0.1,0.38,FALSE
"neutrophils","IL15",0.1,0.44,FALSE
"rdw","esr",0.1,0.49,FALSE
"wbc","CXCL11",0.1,0.31,FALSE
"albumin","crp",0.1,0.41,FALSE
"albumin","CXCL8",0.1,0.67,FALSE
"albumin","CCL2",0.1,0.37,FALSE
"bun","IGFBP7",0.1,0.54,FALSE
"calcium","neutrophils",0.1,0.62,FALSE
"co2","IL10",0.1,0.61,FALSE
"glucose","protein",0.1,0.49,FALSE
"potassium","IL6",0.1,0.59,FALSE
"protein","glucose",0.1,0.51,FALSE
"sodium","IL18",0.1,0.65,FALSE
"t_bili","TNFRSF1A",0.1,0.63,FALSE
"esr","age_group",0.1,0,FALSE
"esr","rdw",0.1,0.51,FALSE
"crp","albumin",0.1,0.59,FALSE
"hdl","CXCL8",0.1,0.55,FALSE
"IL6","potassium",0.1,0.41,FALSE
"CXCL8","albumin",0.1,0.33,FALSE
"CXCL8","hdl",0.1,0.45,FALSE
"CXCL11","wbc",0.1,0.69,FALSE
"IL18","weight",0.1,0.325,FALSE
"IL18","monocytes",0.1,0.53,FALSE
"IL18","sodium",0.1,0.35,FALSE
"IL18","CCL4",0.1,0.38,FALSE
"IL10","basophils",0.1,0.43,FALSE
"IL10","co2",0.1,0.39,FALSE
"IL7","LAG3",0.1,0.58,FALSE
"IL15","neutrophils",0.1,0.56,FALSE
"CCL2","albumin",0.1,0.63,FALSE
"CCL3","CCL11",0.1,0.37,FALSE
"CCL4","IL18",0.1,0.62,FALSE
"CCL11","CCL3",0.1,0.63,FALSE
"IGFBP7","bun",0.1,0.46,FALSE
"TNFRSF1A","t_bili",0.1,0.37,FALSE
"GZMA","mpv",0.1,0.57,FALSE
"LAG3","IL7",0.1,0.42,FALSE
"basophils","TNF",0.1,0.71,FALSE
"TNF","basophils",0.1,0.29,FALSE
"cmv","IFNG",0.099,1,FALSE
"basophils","albumin",0.099,0.606060606060606,FALSE
"hematocrit","CHI3L1",0.099,0.424242424242424,FALSE
"lymphocytes","IL1RN",0.099,0.515151515151515,FALSE
"lymphocytes","VEGFA",0.099,0.414141414141414,FALSE
"neutrophils","protein",0.099,0.575757575757576,FALSE
"wbc","CD274",0.099,0.333333333333333,FALSE
"albumin","basophils",0.099,0.393939393939394,FALSE
"alt","potassium",0.099,0.353535353535354,FALSE
"alt","protein",0.099,0.565656565656566,FALSE
"alt","sodium",0.099,0.464646464646465,FALSE
"alt","GZMA",0.099,0.464646464646465,FALSE
"bun","CXCL8",0.099,0.505050505050505,FALSE
"co2","IL18",0.099,0.676767676767677,FALSE
"potassium","alt",0.099,0.646464646464646,FALSE
"protein","neutrophils",0.099,0.424242424242424,FALSE
"protein","alt",0.099,0.434343434343434,FALSE
"sodium","alt",0.099,0.535353535353535,FALSE
"CXCL8","bun",0.099,0.494949494949495,FALSE
"CXCL11","CCL11",0.099,0.434343434343434,FALSE
"IFNG","cmv",0.099,0,FALSE
"IL18","co2",0.099,0.323232323232323,FALSE
"IL1RN","lymphocytes",0.099,0.484848484848485,FALSE
"IL1RN","TNFRSF1A",0.099,0.696969696969697,FALSE
"CCL4","KLRD1",0.099,0.454545454545455,FALSE
"CCL8","IGFBP7",0.099,0.555555555555556,FALSE
"CCL11","CXCL11",0.099,0.565656565656566,FALSE
"CHI3L1","hematocrit",0.099,0.575757575757576,FALSE
"IGFBP7","CCL8",0.099,0.444444444444444,FALSE
"TNFRSF1A","IL1RN",0.099,0.303030303030303,FALSE
"GZMA","alt",0.099,0.535353535353535,FALSE
"KLRD1","CCL4",0.099,0.545454545454545,FALSE
"MMP12","LEP",0.099,0.676767676767677,FALSE
"VEGFA","lymphocytes",0.099,0.585858585858586,FALSE
"CD274","wbc",0.099,0.666666666666667,FALSE
"LEP","MMP12",0.099,0.323232323232323,FALSE
"mpv","ldl",0.099,0.737373737373737,FALSE
"ldl","mpv",0.099,0.262626262626263,FALSE
"cmv","mpv",0.098,1,FALSE
"hemoglobin","CCL3",0.098,0.448979591836735,FALSE
"hemoglobin","IGFBP7",0.098,0.469387755102041,FALSE
"monocytes","VEGFA",0.098,0.316326530612245,FALSE
"mpv","cmv",0.098,0,FALSE
"rbc","potassium",0.098,0.336734693877551,FALSE
"wbc","TNF",0.098,0.244897959183673,FALSE
"albumin","VEGFA",0.098,0.704081632653061,FALSE
"ast","co2",0.098,0.362244897959184,FALSE
"ast","potassium",0.098,0.459183673469388,FALSE
"co2","ast",0.098,0.637755102040816,FALSE
"co2","total_chol",0.098,0.704081632653061,FALSE
"co2","GZMB",0.098,0.479591836734694,FALSE
"glucose","MMP12",0.098,0.561224489795918,FALSE
"potassium","rbc",0.098,0.663265306122449,FALSE
"potassium","ast",0.098,0.540816326530612,FALSE
"crp","CXCL9",0.098,0.357142857142857,FALSE
"hdl","CCL3",0.098,0.530612244897959,FALSE
"total_chol","co2",0.098,0.295918367346939,FALSE
"TNF","wbc",0.098,0.755102040816326,FALSE
"CXCL9","crp",0.098,0.642857142857143,FALSE
"CCL2","PDCD1",0.098,0.602040816326531,FALSE
"CCL3","hemoglobin",0.098,0.551020408163265,FALSE
"CCL3","hdl",0.098,0.469387755102041,FALSE
"IGFBP7","hemoglobin",0.098,0.530612244897959,FALSE
"GZMB","co2",0.098,0.520408163265306,FALSE
"MMP12","glucose",0.098,0.438775510204082,FALSE
"VEGFA","monocytes",0.098,0.683673469387755,FALSE
"VEGFA","albumin",0.098,0.295918367346939,FALSE
"PDCD1","CCL2",0.098,0.397959183673469,FALSE
"eosinophils","triglycerides",0.097,0.412371134020619,FALSE
"hemoglobin","HAVCR2",0.097,0.536082474226804,FALSE
"albumin","chloride",0.097,0.381443298969072,FALSE
"alk_phos","triglycerides",0.097,0.371134020618557,FALSE
"chloride","albumin",0.097,0.618556701030928,FALSE
"crp","CCL2",0.097,0.525773195876289,FALSE
"crp","GZMA",0.097,0.463917525773196,FALSE
"triglycerides","eosinophils",0.097,0.587628865979381,FALSE
"triglycerides","alk_phos",0.097,0.628865979381443,FALSE
"triglycerides","CD274",0.097,0.608247422680412,FALSE
"CCL2","crp",0.097,0.474226804123711,FALSE
"IGFBP7","MMP12",0.097,0.556701030927835,FALSE
"GZMA","crp",0.097,0.536082474226804,FALSE
"MMP12","IGFBP7",0.097,0.443298969072165,FALSE
"HAVCR2","hemoglobin",0.097,0.463917525773196,FALSE
"CD274","triglycerides",0.097,0.391752577319588,FALSE
"hematocrit","TNFRSF1B",0.096,0.46875,FALSE
"mpv","alt",0.096,0.53125,FALSE
"mpv","IL15",0.096,0.458333333333333,FALSE
"albumin","TNF",0.096,0.5625,FALSE
"albumin","CHI3L1",0.096,0.520833333333333,FALSE
"alk_phos","CCL2",0.096,0.520833333333333,FALSE
"alt","mpv",0.096,0.46875,FALSE
"bun","co2",0.096,0.239583333333333,FALSE
"bun","t_bili",0.096,0.635416666666667,FALSE
"bun","GZMB",0.096,0.510416666666667,FALSE
"co2","bun",0.096,0.760416666666667,FALSE
"globulin","PDCD1",0.096,0.614583333333333,FALSE
"potassium","MMP12",0.096,0.541666666666667,FALSE
"potassium","VEGFA",0.096,0.71875,FALSE
"sodium","TNFRSF1A",0.096,0.677083333333333,FALSE
"t_bili","bun",0.096,0.364583333333333,FALSE
"ldl","CHI3L1",0.096,0.354166666666667,FALSE
"total_chol","CCL3",0.096,0.375,FALSE
"triglycerides","CHI3L1",0.096,0.552083333333333,FALSE
"TNF","albumin",0.096,0.4375,FALSE
"IL18","CCL8",0.096,0.395833333333333,FALSE
"IL10","CCL4",0.096,0.416666666666667,FALSE
"IL1RN","PDCD1",0.096,0.645833333333333,FALSE
"IL7","LEP",0.096,0.260416666666667,FALSE
"IL15","mpv",0.096,0.541666666666667,FALSE
"IL15","CCL11",0.096,0.635416666666667,FALSE
"CCL2","alk_phos",0.096,0.479166666666667,FALSE
"CCL3","total_chol",0.096,0.625,FALSE
"CCL4","IL10",0.096,0.583333333333333,FALSE
"CCL8","IL18",0.096,0.604166666666667,FALSE
"CCL8","CD274",0.096,0.614583333333333,FALSE
"CCL11","IL15",0.096,0.364583333333333,FALSE
"GDF15","GZMB",0.096,0.697916666666667,FALSE
"CHI3L1","albumin",0.096,0.479166666666667,FALSE
"CHI3L1","ldl",0.096,0.645833333333333,FALSE
"CHI3L1","triglycerides",0.096,0.447916666666667,FALSE
"TNFRSF1A","sodium",0.096,0.322916666666667,FALSE
"TNFRSF1B","hematocrit",0.096,0.53125,FALSE
"GZMB","bun",0.096,0.489583333333333,FALSE
"GZMB","GDF15",0.096,0.302083333333333,FALSE
"MMP12","potassium",0.096,0.458333333333333,FALSE
"VEGFA","potassium",0.096,0.28125,FALSE
"PDCD1","globulin",0.096,0.385416666666667,FALSE
"PDCD1","IL1RN",0.096,0.354166666666667,FALSE
"CD274","CCL8",0.096,0.385416666666667,FALSE
"LEP","IL7",0.096,0.739583333333333,FALSE
"cmv","albumin",0.095,1,FALSE
"hematocrit","globulin",0.095,0.431578947368421,FALSE
"hemoglobin","t_bili",0.095,0.452631578947368,FALSE
"monocytes","rdw",0.095,0.294736842105263,FALSE
"mpv","wbc",0.095,0.742105263157895,FALSE
"rdw","monocytes",0.095,0.705263157894737,FALSE
"wbc","mpv",0.095,0.257894736842105,FALSE
"albumin","cmv",0.095,0,FALSE
"ast","TNFRSF1B",0.095,0.6,FALSE
"bun","VEGFA",0.095,0.578947368421053,FALSE
"co2","globulin",0.095,0.631578947368421,FALSE
"creatinine","CXCL11",0.095,0.568421052631579,FALSE
"globulin","hematocrit",0.095,0.568421052631579,FALSE
"globulin","co2",0.095,0.368421052631579,FALSE
"globulin","CCL4",0.095,0.578947368421053,FALSE
"glucose","GZMA",0.095,0.505263157894737,FALSE
"t_bili","hemoglobin",0.095,0.547368421052632,FALSE
"t_bili","CXCL11",0.095,0.621052631578947,FALSE
"t_bili","CCL3",0.095,0.557894736842105,FALSE
"t_bili","CD274",0.095,0.505263157894737,FALSE
"esr","CXCL8",0.095,0.726315789473684,FALSE
"IL6","CCL4",0.095,0.526315789473684,FALSE
"CXCL8","esr",0.095,0.273684210526316,FALSE
"CXCL11","creatinine",0.095,0.431578947368421,FALSE
"CXCL11","t_bili",0.095,0.378947368421053,FALSE
"CCL3","t_bili",0.095,0.442105263157895,FALSE
"CCL4","globulin",0.095,0.421052631578947,FALSE
"CCL4","IL6",0.095,0.473684210526316,FALSE
"TNFRSF1B","ast",0.095,0.4,FALSE
"GZMA","glucose",0.095,0.494736842105263,FALSE
"VEGFA","bun",0.095,0.421052631578947,FALSE
"CD274","t_bili",0.095,0.494736842105263,FALSE
"basophils","bun",0.094,0.574468085106383,FALSE
"eosinophils","t_bili",0.094,0.617021276595745,FALSE
"eosinophils","PDCD1",0.094,0.723404255319149,FALSE
"platelets","TNF",0.094,0.446808510638298,FALSE
"rdw","VEGFA",0.094,0.595744680851064,FALSE
"rbc","IL18",0.094,0.574468085106383,FALSE
"rbc","IL10",0.094,0.595744680851064,FALSE
"rbc","VEGFA",0.094,0.787234042553191,FALSE
"alk_phos","crp",0.094,0.361702127659574,FALSE
"alt","co2",0.094,0.425531914893617,FALSE
"bun","basophils",0.094,0.425531914893617,FALSE
"calcium","CCL8",0.094,0.542553191489362,FALSE
"co2","alt",0.094,0.574468085106383,FALSE
"co2","CXCL8",0.094,0.542553191489362,FALSE
"t_bili","eosinophils",0.094,0.382978723404255,FALSE
"esr","CXCL11",0.094,0.670212765957447,FALSE
"crp","alk_phos",0.094,0.638297872340425,FALSE
"IL6","IL18",0.094,0.425531914893617,FALSE
"TNF","platelets",0.094,0.553191489361702,FALSE
"TNF","CCL4",0.094,0.351063829787234,FALSE
"CXCL8","co2",0.094,0.457446808510638,FALSE
"CXCL11","esr",0.094,0.329787234042553,FALSE
"IL18","rbc",0.094,0.425531914893617,FALSE
"IL18","IL6",0.094,0.574468085106383,FALSE
"IL10","rbc",0.094,0.404255319148936,FALSE
"IL15","VEGFA",0.094,0.712765957446809,FALSE
"CCL2","GDF15",0.094,0.595744680851064,FALSE
"CCL4","TNF",0.094,0.648936170212766,FALSE
"CCL4","CD274",0.094,0.457446808510638,FALSE
"CCL8","calcium",0.094,0.457446808510638,FALSE
"GDF15","CCL2",0.094,0.404255319148936,FALSE
"VEGFA","rdw",0.094,0.404255319148936,FALSE
"VEGFA","rbc",0.094,0.212765957446809,FALSE
"VEGFA","IL15",0.094,0.287234042553191,FALSE
"PDCD1","eosinophils",0.094,0.276595744680851,FALSE
"CD274","CCL4",0.094,0.542553191489362,FALSE
"CD274","LEP",0.094,0.414893617021277,FALSE
"LEP","CD274",0.094,0.585106382978723,FALSE
"cmv","hdl",0.093,1,FALSE
"weight","CXCL8",0.093,0.688172043010753,FALSE
"basophils","IL1RN",0.093,0.67741935483871,FALSE
"eosinophils","CXCL10",0.093,0.344086021505376,FALSE
"monocytes","albumin",0.093,0.505376344086022,FALSE
"mpv","rbc",0.093,0.483870967741935,FALSE
"mpv","total_chol",0.093,0.709677419354839,FALSE
"mpv","HAVCR2",0.093,0.774193548387097,FALSE
"platelets","IL18",0.093,0.43010752688172,FALSE
"rbc","mpv",0.093,0.516129032258065,FALSE
"rbc","GDF15",0.093,0.43010752688172,FALSE
"wbc","alt",0.093,0.698924731182796,FALSE
"albumin","monocytes",0.093,0.494623655913978,FALSE
"alt","wbc",0.093,0.301075268817204,FALSE
"alt","TNFRSF1A",0.093,0.408602150537634,FALSE
"ast","CXCL10",0.093,0.408602150537634,FALSE
"bun","HAVCR2",0.093,0.634408602150538,FALSE
"calcium","CXCL10",0.093,0.67741935483871,FALSE
"chloride","CHI3L1",0.093,0.645161290322581,FALSE
"creatinine","LEP",0.093,0.387096774193548,FALSE
"potassium","GZMB",0.093,0.655913978494624,FALSE
"protein","PDCD1",0.093,0.494623655913978,FALSE
"sodium","IFNG",0.093,0.56989247311828,FALSE
"sodium","LEP",0.093,0.56989247311828,FALSE
"t_bili","CXCL10",0.093,0.483870967741935,FALSE
"hdl","cmv",0.093,0,FALSE
"total_chol","mpv",0.093,0.290322580645161,FALSE
"CXCL8","weight",0.093,0.311827956989247,FALSE
"CXCL10","eosinophils",0.093,0.655913978494624,FALSE
"CXCL10","ast",0.093,0.591397849462366,FALSE
"CXCL10","calcium",0.093,0.32258064516129,FALSE
"CXCL10","t_bili",0.093,0.516129032258065,FALSE
"CXCL11","CCL2",0.093,0.397849462365591,FALSE
"IFNG","sodium",0.093,0.43010752688172,FALSE
"IFNG","IGFBP7",0.093,0.526881720430108,FALSE
"IL18","platelets",0.093,0.56989247311828,FALSE
"IL1RN","basophils",0.093,0.32258064516129,FALSE
"CCL2","CXCL11",0.093,0.602150537634409,FALSE
"CCL2","CD274",0.093,0.505376344086022,FALSE
"GDF15","rbc",0.093,0.56989247311828,FALSE
"FGF21","GZMB",0.093,0.516129032258065,FALSE
"CHI3L1","chloride",0.093,0.354838709677419,FALSE
"IGFBP7","IFNG",0.093,0.473118279569892,FALSE
"TNFRSF1A","alt",0.093,0.591397849462366,FALSE
"GZMB","potassium",0.093,0.344086021505376,FALSE
"GZMB","FGF21",0.093,0.483870967741935,FALSE
"PDCD1","protein",0.093,0.505376344086022,FALSE
"HAVCR2","mpv",0.093,0.225806451612903,FALSE
"HAVCR2","bun",0.093,0.365591397849462,FALSE
"CD274","CCL2",0.093,0.494623655913978,FALSE
"LEP","creatinine",0.093,0.612903225806452,FALSE
"LEP","sodium",0.093,0.43010752688172,FALSE
"sex","GZMA",0.092,1,FALSE
"weight","IFNG",0.092,0.445652173913044,FALSE
"weight","IL7",0.092,0.5,FALSE
"eosinophils","IFNG",0.092,0.315217391304348,FALSE
"hematocrit","LEP",0.092,0.478260869565217,FALSE
"mpv","hdl",0.092,0.570652173913043,FALSE
"alk_phos","chloride",0.092,0.326086956521739,FALSE
"alk_phos","CD8A",0.092,0.434782608695652,FALSE
"chloride","alk_phos",0.092,0.673913043478261,FALSE
"creatinine","potassium",0.092,0.478260869565217,FALSE
"glucose","triglycerides",0.092,0.5,FALSE
"potassium","creatinine",0.092,0.521739130434783,FALSE
"protein","TNFRSF1B",0.092,0.521739130434783,FALSE
"sodium","CCL2",0.092,0.684782608695652,FALSE
"t_bili","hdl",0.092,0.521739130434783,FALSE
"hdl","mpv",0.092,0.429347826086957,FALSE
"hdl","t_bili",0.092,0.478260869565217,FALSE
"ldl","CCL4",0.092,0.489130434782609,FALSE
"triglycerides","glucose",0.092,0.5,FALSE
"IFNG","weight",0.092,0.554347826086957,FALSE
"IFNG","eosinophils",0.092,0.684782608695652,FALSE
"IFNG","CCL11",0.092,0.467391304347826,FALSE
"IL10","IL7",0.092,0.434782608695652,FALSE
"IL7","weight",0.092,0.5,FALSE
"IL7","IL10",0.092,0.565217391304348,FALSE
"CCL2","sodium",0.092,0.315217391304348,FALSE
"CCL4","ldl",0.092,0.510869565217391,FALSE
"CCL11","IFNG",0.092,0.532608695652174,FALSE
"IGFBP7","CD8A",0.092,0.402173913043478,FALSE
"TNFRSF1B","protein",0.092,0.478260869565217,FALSE
"CD8A","alk_phos",0.092,0.565217391304348,FALSE
"CD8A","IGFBP7",0.092,0.597826086956522,FALSE
"GZMA","sex",0.092,0,FALSE
"LEP","hematocrit",0.092,0.521739130434783,FALSE
"weight","LAG3",0.091,0.538461538461539,FALSE
"basophils","IL7",0.091,0.494505494505495,FALSE
"hematocrit","KLRD1",0.091,0.428571428571429,FALSE
"monocytes","chloride",0.091,0.434065934065934,FALSE
"mpv","alk_phos",0.091,0.604395604395604,FALSE
"mpv","CXCL11",0.091,0.505494505494505,FALSE
"rdw","FGF21",0.091,0.472527472527473,FALSE
"albumin","TNFRSF1B",0.091,0.549450549450549,FALSE
"alk_phos","mpv",0.091,0.395604395604396,FALSE
"alk_phos","potassium",0.091,0.362637362637363,FALSE
"alt","MMP12",0.091,0.384615384615385,FALSE
"calcium","CD274",0.091,0.428571428571429,FALSE
"chloride","monocytes",0.091,0.565934065934066,FALSE
"chloride","IL15",0.091,0.434065934065934,FALSE
"potassium","alk_phos",0.091,0.637362637362637,FALSE
"t_bili","crp",0.091,0.406593406593407,FALSE
"esr","CCL4",0.091,0.604395604395604,FALSE
"crp","t_bili",0.091,0.593406593406593,FALSE
"hdl","LEP",0.091,0.659340659340659,FALSE
"TNF","GDF15",0.091,0.351648351648352,FALSE
"CXCL11","mpv",0.091,0.494505494505495,FALSE
"CXCL11","CHI3L1",0.091,0.461538461538462,FALSE
"IL7","basophils",0.091,0.505494505494505,FALSE
"IL15","chloride",0.091,0.565934065934066,FALSE
"CCL4","esr",0.091,0.395604395604396,FALSE
"GDF15","TNF",0.091,0.648351648351648,FALSE
"FGF21","rdw",0.091,0.527472527472527,FALSE
"CHI3L1","CXCL11",0.091,0.538461538461539,FALSE
"TNFRSF1B","albumin",0.091,0.450549450549451,FALSE
"KLRD1","hematocrit",0.091,0.571428571428571,FALSE
"MMP12","alt",0.091,0.615384615384615,FALSE
"LAG3","weight",0.091,0.461538461538462,FALSE
"CD274","calcium",0.091,0.571428571428571,FALSE
"LEP","hdl",0.091,0.340659340659341,FALSE
"age_group","hematocrit",0.09,1,FALSE
"age_group","IFNG",0.09,1,FALSE
"sex","globulin",0.09,1,FALSE
"basophils","IL18",0.09,0.572222222222222,FALSE
"hematocrit","age_group",0.09,0,FALSE
"hemoglobin","CCL2",0.09,0.377777777777778,FALSE
"neutrophils","t_bili",0.09,0.333333333333333,FALSE
"ast","sodium",0.09,0.366666666666667,FALSE
"ast","HAVCR2",0.09,0.622222222222222,FALSE
"calcium","IL15",0.09,0.433333333333333,FALSE
"chloride","IGFBP7",0.09,0.655555555555556,FALSE
"globulin","sex",0.09,0,FALSE
"potassium","KLRD1",0.09,0.6,FALSE
"protein","hdl",0.09,0.577777777777778,FALSE
"sodium","ast",0.09,0.633333333333333,FALSE
"t_bili","neutrophils",0.09,0.666666666666667,FALSE
"esr","PDCD1",0.09,0.511111111111111,FALSE
"crp","MMP12",0.09,0.611111111111111,FALSE
"hdl","protein",0.09,0.422222222222222,FALSE
"CXCL10","CHI3L1",0.09,0.644444444444444,FALSE
"CXCL10","TNFRSF1A",0.09,0.566666666666667,FALSE
"IFNG","age_group",0.09,0,FALSE
"IL18","basophils",0.09,0.427777777777778,FALSE
"IL10","MMP12",0.09,0.566666666666667,FALSE
"IL15","calcium",0.09,0.566666666666667,FALSE
"CCL2","hemoglobin",0.09,0.622222222222222,FALSE
"CHI3L1","CXCL10",0.09,0.355555555555556,FALSE
"IGFBP7","chloride",0.09,0.344444444444444,FALSE
"TNFRSF1A","CXCL10",0.09,0.433333333333333,FALSE
"TNFRSF1A","CD8A",0.09,0.377777777777778,FALSE
"CD8A","TNFRSF1A",0.09,0.622222222222222,FALSE
"GZMB","CD274",0.09,0.533333333333333,FALSE
"KLRD1","potassium",0.09,0.4,FALSE
"MMP12","crp",0.09,0.388888888888889,FALSE
"MMP12","IL10",0.09,0.433333333333333,FALSE
"PDCD1","esr",0.09,0.488888888888889,FALSE
"HAVCR2","ast",0.09,0.377777777777778,FALSE
"CD274","GZMB",0.09,0.466666666666667,FALSE
"weight","co2",0.089,0.460674157303371,FALSE
"basophils","HAVCR2",0.089,0.550561797752809,FALSE
"hematocrit","IL6",0.089,0.674157303370786,FALSE
"hematocrit","CCL2",0.089,0.337078651685393,FALSE
"mpv","globulin",0.089,0.359550561797753,FALSE
"neutrophils","chloride",0.089,0.404494382022472,FALSE
"platelets","t_bili",0.089,0.348314606741573,FALSE
"platelets","CXCL8",0.089,0.382022471910112,FALSE
"albumin","alt",0.089,0.51685393258427,FALSE
"alt","albumin",0.089,0.48314606741573,FALSE
"chloride","neutrophils",0.089,0.595505617977528,FALSE
"co2","weight",0.089,0.539325842696629,FALSE
"co2","CCL11",0.089,0.640449438202247,FALSE
"globulin","mpv",0.089,0.640449438202247,FALSE
"potassium","IL18",0.089,0.584269662921348,FALSE
"sodium","total_chol",0.089,0.573033707865168,FALSE
"t_bili","platelets",0.089,0.651685393258427,FALSE
"crp","CD274",0.089,0.550561797752809,FALSE
"total_chol","sodium",0.089,0.426966292134831,FALSE
"IL6","hematocrit",0.089,0.325842696629214,FALSE
"CXCL8","platelets",0.089,0.617977528089888,FALSE
"IL18","potassium",0.089,0.415730337078652,FALSE
"IL1RN","IGFBP7",0.089,0.52808988764045,FALSE
"CCL2","hematocrit",0.089,0.662921348314607,FALSE
"CCL4","LEP",0.089,0.348314606741573,FALSE
"CCL8","TNFRSF1B",0.089,0.584269662921348,FALSE
"CCL11","co2",0.089,0.359550561797753,FALSE
"IGFBP7","IL1RN",0.089,0.471910112359551,FALSE
"TNFRSF1B","CCL8",0.089,0.415730337078652,FALSE
"HAVCR2","basophils",0.089,0.449438202247191,FALSE
"CD274","crp",0.089,0.449438202247191,FALSE
"LEP","CCL4",0.089,0.651685393258427,FALSE
"cmv","weight",0.088,1,FALSE
"cmv","triglycerides",0.088,1,FALSE
"weight","cmv",0.088,0,FALSE
"weight","platelets",0.088,0.75,FALSE
"weight","total_chol",0.088,0.590909090909091,FALSE
"basophils","FGF21",0.088,0.420454545454545,FALSE
"platelets","weight",0.088,0.25,FALSE
"rbc","globulin",0.088,0.386363636363636,FALSE
"alt","bun",0.088,0.340909090909091,FALSE
"bun","alt",0.088,0.659090909090909,FALSE
"chloride","creatinine",0.088,0.522727272727273,FALSE
"co2","triglycerides",0.088,0.659090909090909,FALSE
"creatinine","chloride",0.088,0.477272727272727,FALSE
"globulin","rbc",0.088,0.613636363636364,FALSE
"glucose","TNFRSF1A",0.088,0.556818181818182,FALSE
"potassium","CXCL9",0.088,0.534090909090909,FALSE
"sodium","IL6",0.088,0.5625,FALSE
"total_chol","weight",0.088,0.409090909090909,FALSE
"triglycerides","cmv",0.088,0,FALSE
"triglycerides","co2",0.088,0.340909090909091,FALSE
"IL6","sodium",0.088,0.4375,FALSE
"TNF","LEP",0.088,0.602272727272727,FALSE
"CXCL9","potassium",0.088,0.465909090909091,FALSE
"CXCL9","IL7",0.088,0.590909090909091,FALSE
"IL7","CXCL9",0.088,0.409090909090909,FALSE
"CCL4","CCL8",0.088,0.511363636363636,FALSE
"CCL4","CD8A",0.088,0.454545454545455,FALSE
"CCL8","CCL4",0.088,0.488636363636364,FALSE
"FGF21","basophils",0.088,0.579545454545455,FALSE
"TNFRSF1A","glucose",0.088,0.443181818181818,FALSE
"CD8A","CCL4",0.088,0.545454545454546,FALSE
"VEGFA","HAVCR2",0.088,0.431818181818182,FALSE
"HAVCR2","VEGFA",0.088,0.568181818181818,FALSE
"LEP","TNF",0.088,0.397727272727273,FALSE
"weight","globulin",0.087,0.666666666666667,FALSE
"rdw","hdl",0.087,0.666666666666667,FALSE
"globulin","weight",0.087,0.333333333333333,FALSE
"glucose","CXCL11",0.087,0.666666666666667,FALSE
"hdl","rdw",0.087,0.333333333333333,FALSE
"triglycerides","PDCD1",0.087,0.333333333333333,FALSE
"CXCL11","glucose",0.087,0.333333333333333,FALSE
"PDCD1","triglycerides",0.087,0.666666666666667,FALSE
"basophils","t_bili",0.087,0.603448275862069,FALSE
"eosinophils","TNFRSF1B",0.087,0.586206896551724,FALSE
"hematocrit","IL7",0.087,0.35632183908046,FALSE
"rdw","chloride",0.087,0.35632183908046,FALSE
"rbc","CXCL11",0.087,0.609195402298851,FALSE
"ast","IL6",0.087,0.494252873563218,FALSE
"bun","CXCL10",0.087,0.540229885057471,FALSE
"calcium","CXCL9",0.087,0.35632183908046,FALSE
"calcium","CCL4",0.087,0.632183908045977,FALSE
"chloride","rdw",0.087,0.64367816091954,FALSE
"chloride","IL10",0.087,0.597701149425287,FALSE
"globulin","glucose",0.087,0.505747126436782,FALSE
"glucose","globulin",0.087,0.494252873563218,FALSE
"glucose","TNFRSF1B",0.087,0.574712643678161,FALSE
"t_bili","basophils",0.087,0.396551724137931,FALSE
"crp","PDCD1",0.087,0.413793103448276,FALSE
"hdl","MMP12",0.087,0.379310344827586,FALSE
"IL6","ast",0.087,0.505747126436782,FALSE
"CXCL8","CCL3",0.087,0.505747126436782,FALSE
"CXCL9","calcium",0.087,0.64367816091954,FALSE
"CXCL10","bun",0.087,0.459770114942529,FALSE
"CXCL10","PDCD1",0.087,0.620689655172414,FALSE
"CXCL11","rbc",0.087,0.39080459770115,FALSE
"IL10","chloride",0.087,0.402298850574713,FALSE
"IL7","hematocrit",0.087,0.64367816091954,FALSE
"IL7","CCL3",0.087,0.505747126436782,FALSE
"CCL3","CXCL8",0.087,0.494252873563218,FALSE
"CCL3","IL7",0.087,0.494252873563218,FALSE
"CCL4","calcium",0.087,0.367816091954023,FALSE
"TNFRSF1B","eosinophils",0.087,0.413793103448276,FALSE
"TNFRSF1B","glucose",0.087,0.425287356321839,FALSE
"MMP12","hdl",0.087,0.620689655172414,FALSE
"PDCD1","crp",0.087,0.586206896551724,FALSE
"PDCD1","CXCL10",0.087,0.379310344827586,FALSE
"age_group","rbc",0.086,1,FALSE
"eosinophils","esr",0.086,0.476744186046512,FALSE
"rdw","ast",0.086,0.418604651162791,FALSE
"rdw","IFNG",0.086,0.383720930232558,FALSE
"rdw","GDF15",0.086,0.348837209302326,FALSE
"rbc","age_group",0.086,0,FALSE
"ast","rdw",0.086,0.581395348837209,FALSE
"calcium","IL6",0.086,0.441860465116279,FALSE
"glucose","HAVCR2",0.086,0.546511627906977,FALSE
"protein","IL1RN",0.086,0.651162790697674,FALSE
"esr","eosinophils",0.086,0.523255813953488,FALSE
"total_chol","LAG3",0.086,0.372093023255814,FALSE
"IL6","calcium",0.086,0.558139534883721,FALSE
"CXCL9","IGFBP7",0.086,0.5,FALSE
"CXCL11","TNFRSF1B",0.086,0.465116279069767,FALSE
"IFNG","rdw",0.086,0.616279069767442,FALSE
"IFNG","PDCD1",0.086,0.534883720930233,FALSE
"IL1RN","protein",0.086,0.348837209302326,FALSE
"GDF15","rdw",0.086,0.651162790697674,FALSE
"IGFBP7","CXCL9",0.086,0.5,FALSE
"TNFRSF1B","CXCL11",0.086,0.534883720930233,FALSE
"PDCD1","IFNG",0.086,0.465116279069767,FALSE
"LAG3","total_chol",0.086,0.627906976744186,FALSE
"HAVCR2","glucose",0.086,0.453488372093023,FALSE
"sex","sodium",0.085,1,FALSE
"weight","sodium",0.085,0.411764705882353,FALSE
"rdw","wbc",0.085,0.752941176470588,FALSE
"wbc","rdw",0.085,0.247058823529412,FALSE
"sodium","sex",0.085,0,FALSE
"sodium","weight",0.085,0.588235294117647,FALSE
"ldl","LEP",0.085,0.235294117647059,FALSE
"IL6","CD8A",0.085,0.588235294117647,FALSE
"CD8A","IL6",0.085,0.411764705882353,FALSE
"LEP","ldl",0.085,0.764705882352941,FALSE
"eosinophils","GDF15",0.085,0.470588235294118,FALSE
"hemoglobin","CHI3L1",0.085,0.470588235294118,FALSE
"mpv","chloride",0.085,0.435294117647059,FALSE
"rbc","HAVCR2",0.085,0.529411764705882,FALSE
"wbc","protein",0.085,0.388235294117647,FALSE
"alk_phos","CXCL8",0.085,0.552941176470588,FALSE
"bun","IL1RN",0.085,0.388235294117647,FALSE
"bun","CD274",0.085,0.576470588235294,FALSE
"calcium","TNF",0.085,0.505882352941176,FALSE
"chloride","mpv",0.085,0.564705882352941,FALSE
"co2","IL1RN",0.085,0.517647058823529,FALSE
"potassium","IL7",0.085,0.552941176470588,FALSE
"protein","wbc",0.085,0.611764705882353,FALSE
"protein","CXCL10",0.085,0.435294117647059,FALSE
"sodium","CCL8",0.085,0.470588235294118,FALSE
"sodium","GZMA",0.085,0.529411764705882,FALSE
"esr","IL15",0.085,0.576470588235294,FALSE
"total_chol","IGFBP7",0.085,0.517647058823529,FALSE
"triglycerides","LAG3",0.085,0.388235294117647,FALSE
"TNF","calcium",0.085,0.494117647058824,FALSE
"CXCL8","alk_phos",0.085,0.447058823529412,FALSE
"CXCL10","protein",0.085,0.564705882352941,FALSE
"CXCL11","LAG3",0.085,0.552941176470588,FALSE
"IFNG","HAVCR2",0.085,0.611764705882353,FALSE
"IL1RN","bun",0.085,0.611764705882353,FALSE
"IL1RN","co2",0.085,0.482352941176471,FALSE
"IL7","potassium",0.085,0.447058823529412,FALSE
"IL15","esr",0.085,0.423529411764706,FALSE
"IL15","CCL4",0.085,0.694117647058824,FALSE
"CCL4","IL15",0.085,0.305882352941176,FALSE
"CCL4","TNFRSF1A",0.085,0.564705882352941,FALSE
"CCL8","sodium",0.085,0.529411764705882,FALSE
"GDF15","eosinophils",0.085,0.529411764705882,FALSE
"CHI3L1","hemoglobin",0.085,0.529411764705882,FALSE
"CHI3L1","CD274",0.085,0.482352941176471,FALSE
"IGFBP7","total_chol",0.085,0.482352941176471,FALSE
"TNFRSF1A","CCL4",0.085,0.435294117647059,FALSE
"TNFRSF1A","GZMA",0.085,0.388235294117647,FALSE
"TNFRSF1B","LAG3",0.085,0.447058823529412,FALSE
"GZMA","sodium",0.085,0.470588235294118,FALSE
"GZMA","TNFRSF1A",0.085,0.611764705882353,FALSE
"LAG3","triglycerides",0.085,0.611764705882353,FALSE
"LAG3","CXCL11",0.085,0.447058823529412,FALSE
"LAG3","TNFRSF1B",0.085,0.552941176470588,FALSE
"HAVCR2","rbc",0.085,0.470588235294118,FALSE
"HAVCR2","IFNG",0.085,0.388235294117647,FALSE
"CD274","bun",0.085,0.423529411764706,FALSE
"CD274","CHI3L1",0.085,0.517647058823529,FALSE
"monocytes","TNF",0.084,0.416666666666667,FALSE
"alk_phos","FGF21",0.084,0.5,FALSE
"co2","potassium",0.084,0.595238095238095,FALSE
"potassium","co2",0.084,0.404761904761905,FALSE
"protein","CXCL8",0.084,0.583333333333333,FALSE
"ldl","CCL3",0.084,0.226190476190476,FALSE
"triglycerides","TNFRSF1B",0.084,0.595238095238095,FALSE
"IL6","CXCL10",0.084,0.5,FALSE
"TNF","monocytes",0.084,0.583333333333333,FALSE
"CXCL8","protein",0.084,0.416666666666667,FALSE
"CXCL10","IL6",0.084,0.5,FALSE
"CCL3","ldl",0.084,0.773809523809524,FALSE
"FGF21","alk_phos",0.084,0.5,FALSE
"TNFRSF1B","triglycerides",0.084,0.404761904761905,FALSE
"weight","PDCD1",0.084,0.547619047619048,FALSE
"basophils","chloride",0.084,0.476190476190476,FALSE
"basophils","IL15",0.084,0.55952380952381,FALSE
"monocytes","PDCD1",0.084,0.464285714285714,FALSE
"platelets","MMP12",0.084,0.357142857142857,FALSE
"rbc","CD274",0.084,0.297619047619048,FALSE
"wbc","IGFBP7",0.084,0.357142857142857,FALSE
"albumin","IL1RN",0.084,0.547619047619048,FALSE
"alk_phos","GZMA",0.084,0.440476190476191,FALSE
"alt","IFNG",0.084,0.535714285714286,FALSE
"alt","CCL2",0.084,0.369047619047619,FALSE
"chloride","basophils",0.084,0.523809523809524,FALSE
"glucose","IL15",0.084,0.428571428571429,FALSE
"protein","IL6",0.084,0.488095238095238,FALSE
"t_bili","GZMA",0.084,0.55952380952381,FALSE
"crp","CXCL10",0.084,0.380952380952381,FALSE
"IL6","protein",0.084,0.511904761904762,FALSE
"CXCL10","crp",0.084,0.619047619047619,FALSE
"IFNG","alt",0.084,0.464285714285714,FALSE
"IL1RN","albumin",0.084,0.452380952380952,FALSE
"IL15","basophils",0.084,0.440476190476191,FALSE
"IL15","glucose",0.084,0.571428571428572,FALSE
"CCL2","alt",0.084,0.630952380952381,FALSE
"IGFBP7","wbc",0.084,0.642857142857143,FALSE
"GZMA","alk_phos",0.084,0.55952380952381,FALSE
"GZMA","t_bili",0.084,0.440476190476191,FALSE
"MMP12","platelets",0.084,0.642857142857143,FALSE
"PDCD1","weight",0.084,0.452380952380952,FALSE
"PDCD1","monocytes",0.084,0.535714285714286,FALSE
"CD274","rbc",0.084,0.702380952380952,FALSE
"weight","VEGFA",0.083,0.771084337349398,FALSE
"eosinophils","IL7",0.083,0.5,FALSE
"wbc","albumin",0.083,0.337349397590361,FALSE
"wbc","PDCD1",0.083,0.397590361445783,FALSE
"albumin","wbc",0.083,0.662650602409639,FALSE
"alk_phos","MMP12",0.083,0.325301204819277,FALSE
"calcium","GZMA",0.083,0.493975903614458,FALSE
"t_bili","IL1RN",0.083,0.506024096385542,FALSE
"esr","TNF",0.083,0.662650602409639,FALSE
"ldl","IL18",0.083,0.5,FALSE
"triglycerides","CCL11",0.083,0.506024096385542,FALSE
"TNF","esr",0.083,0.337349397590361,FALSE
"IL18","ldl",0.083,0.5,FALSE
"IL10","VEGFA",0.083,0.650602409638554,FALSE
"IL1RN","t_bili",0.083,0.493975903614458,FALSE
"IL7","eosinophils",0.083,0.5,FALSE
"CCL3","CCL8",0.083,0.493975903614458,FALSE
"CCL8","CCL3",0.083,0.506024096385542,FALSE
"CCL11","triglycerides",0.083,0.493975903614458,FALSE
"GZMA","calcium",0.083,0.506024096385542,FALSE
"MMP12","alk_phos",0.083,0.674698795180723,FALSE
"VEGFA","weight",0.083,0.228915662650602,FALSE
"VEGFA","IL10",0.083,0.349397590361446,FALSE
"PDCD1","wbc",0.083,0.602409638554217,FALSE
"hemoglobin","LAG3",0.083,0.518072289156627,FALSE
"lymphocytes","albumin",0.083,0.445783132530121,FALSE
"rdw","CCL4",0.083,0.710843373493976,FALSE
"albumin","lymphocytes",0.083,0.55421686746988,FALSE
"alk_phos","protein",0.083,0.530120481927711,FALSE
"glucose","FGF21",0.083,0.518072289156627,FALSE
"protein","alk_phos",0.083,0.469879518072289,FALSE
"crp","CHI3L1",0.083,0.433734939759036,FALSE
"CXCL11","CCL3",0.083,0.55421686746988,FALSE
"CCL3","CXCL11",0.083,0.445783132530121,FALSE
"CCL4","rdw",0.083,0.289156626506024,FALSE
"FGF21","glucose",0.083,0.481927710843374,FALSE
"CHI3L1","crp",0.083,0.566265060240964,FALSE
"LAG3","hemoglobin",0.083,0.481927710843374,FALSE
"sex","monocytes",0.082,1,FALSE
"sex","calcium",0.082,1,FALSE
"weight","lymphocytes",0.082,0.670731707317073,FALSE
"weight","ldl",0.082,0.646341463414634,FALSE
"eosinophils","CXCL8",0.082,0.682926829268293,FALSE
"hemoglobin","hdl",0.082,0.48780487804878,FALSE
"lymphocytes","weight",0.082,0.329268292682927,FALSE
"lymphocytes","IGFBP7",0.082,0.426829268292683,FALSE
"monocytes","sex",0.082,0,FALSE
"rdw","ldl",0.082,0.585365853658537,FALSE
"rbc","IGFBP7",0.082,0.51219512195122,FALSE
"calcium","sex",0.082,0,FALSE
"calcium","LEP",0.082,0.51219512195122,FALSE
"co2","CHI3L1",0.082,0.75609756097561,FALSE
"globulin","crp",0.082,0.390243902439024,FALSE
"crp","globulin",0.082,0.609756097560976,FALSE
"hdl","hemoglobin",0.082,0.51219512195122,FALSE
"ldl","weight",0.082,0.353658536585366,FALSE
"ldl","rdw",0.082,0.414634146341463,FALSE
"ldl","VEGFA",0.082,0.426829268292683,FALSE
"CXCL8","eosinophils",0.082,0.317073170731707,FALSE
"CXCL8","LEP",0.082,0.292682926829268,FALSE
"IL1RN","FGF21",0.082,0.658536585365854,FALSE
"FGF21","IL1RN",0.082,0.341463414634146,FALSE
"CHI3L1","co2",0.082,0.24390243902439,FALSE
"IGFBP7","lymphocytes",0.082,0.573170731707317,FALSE
"IGFBP7","rbc",0.082,0.48780487804878,FALSE
"CD8A","MMP12",0.082,0.5,FALSE
"GZMB","LEP",0.082,0.329268292682927,FALSE
"MMP12","CD8A",0.082,0.5,FALSE
"VEGFA","ldl",0.082,0.573170731707317,FALSE
"LEP","calcium",0.082,0.48780487804878,FALSE
"LEP","CXCL8",0.082,0.707317073170732,FALSE
"LEP","GZMB",0.082,0.670731707317073,FALSE
"lymphocytes","protein",0.082,0.463414634146341,FALSE
"monocytes","calcium",0.082,0.524390243902439,FALSE
"calcium","monocytes",0.082,0.475609756097561,FALSE
"creatinine","CCL3",0.082,0.475609756097561,FALSE
"protein","lymphocytes",0.082,0.536585365853659,FALSE
"protein","CHI3L1",0.082,0.463414634146341,FALSE
"esr","CCL2",0.082,0.378048780487805,FALSE
"esr","KLRD1",0.082,0.536585365853659,FALSE
"CCL2","esr",0.082,0.621951219512195,FALSE
"CCL3","creatinine",0.082,0.524390243902439,FALSE
"FGF21","GZMA",0.082,0.524390243902439,FALSE
"FGF21","KLRD1",0.082,0.378048780487805,FALSE
"CHI3L1","protein",0.082,0.536585365853659,FALSE
"GZMA","FGF21",0.082,0.475609756097561,FALSE
"KLRD1","esr",0.082,0.463414634146341,FALSE
"KLRD1","FGF21",0.082,0.621951219512195,FALSE
"cmv","LAG3",0.081,1,FALSE
"weight","IL1RN",0.081,0.740740740740741,FALSE
"eosinophils","CCL8",0.081,0.580246913580247,FALSE
"eosinophils","CD274",0.081,0.604938271604938,FALSE
"hemoglobin","CXCL10",0.081,0.333333333333333,FALSE
"hemoglobin","KLRD1",0.081,0.506172839506173,FALSE
"lymphocytes","MMP12",0.081,0.320987654320988,FALSE
"neutrophils","CXCL10",0.081,0.345679012345679,FALSE
"neutrophils","IFNG",0.081,0.407407407407407,FALSE
"platelets","bun",0.081,0.518518518518518,FALSE
"bun","platelets",0.081,0.481481481481481,FALSE
"creatinine","CCL11",0.081,0.506172839506173,FALSE
"protein","GDF15",0.081,0.283950617283951,FALSE
"crp","CXCL11",0.081,0.592592592592593,FALSE
"CXCL10","hemoglobin",0.081,0.666666666666667,FALSE
"CXCL10","neutrophils",0.081,0.654320987654321,FALSE
"CXCL11","crp",0.081,0.407407407407407,FALSE
"IFNG","neutrophils",0.081,0.592592592592593,FALSE
"IL1RN","weight",0.081,0.259259259259259,FALSE
"CCL2","TNFRSF1B",0.081,0.691358024691358,FALSE
"CCL8","eosinophils",0.081,0.419753086419753,FALSE
"CCL11","creatinine",0.081,0.493827160493827,FALSE
"GDF15","protein",0.081,0.716049382716049,FALSE
"TNFRSF1B","CCL2",0.081,0.308641975308642,FALSE
"KLRD1","hemoglobin",0.081,0.493827160493827,FALSE
"MMP12","lymphocytes",0.081,0.679012345679012,FALSE
"LAG3","cmv",0.081,0,FALSE
"CD274","eosinophils",0.081,0.395061728395062,FALSE
"basophils","creatinine",0.081,0.530864197530864,FALSE
"basophils","IGFBP7",0.081,0.54320987654321,FALSE
"eosinophils","bun",0.081,0.530864197530864,FALSE
"neutrophils","CHI3L1",0.081,0.271604938271605,FALSE
"albumin","t_bili",0.081,0.62962962962963,FALSE
"alt","CCL4",0.081,0.469135802469136,FALSE
"bun","eosinophils",0.081,0.469135802469136,FALSE
"bun","CCL8",0.081,0.530864197530864,FALSE
"chloride","IL6",0.081,0.728395061728395,FALSE
"creatinine","basophils",0.081,0.469135802469136,FALSE
"t_bili","albumin",0.081,0.37037037037037,FALSE
"IL6","chloride",0.081,0.271604938271605,FALSE
"TNF","VEGFA",0.081,0.444444444444444,FALSE
"TNF","LAG3",0.081,0.37037037037037,FALSE
"CCL4","alt",0.081,0.530864197530864,FALSE
"CCL8","bun",0.081,0.469135802469136,FALSE
"CHI3L1","neutrophils",0.081,0.728395061728395,FALSE
"IGFBP7","basophils",0.081,0.45679012345679,FALSE
"VEGFA","TNF",0.081,0.555555555555556,FALSE
"LAG3","TNF",0.081,0.62962962962963,FALSE
"weight","HAVCR2",0.08,0.675,FALSE
"eosinophils","total_chol",0.08,0.625,FALSE
"eosinophils","CXCL11",0.08,0.7375,FALSE
"hematocrit","IGFBP7",0.08,0.2875,FALSE
"monocytes","GZMA",0.08,0.575,FALSE
"neutrophils","MMP12",0.08,0.325,FALSE
"alk_phos","CCL8",0.08,0.4375,FALSE
"alt","IL15",0.08,0.35,FALSE
"ast","CXCL8",0.08,0.5875,FALSE
"ast","IFNG",0.08,0.5625,FALSE
"bun","CXCL11",0.08,0.5,FALSE
"calcium","GZMB",0.08,0.7,FALSE
"total_chol","eosinophils",0.08,0.375,FALSE
"CXCL8","ast",0.08,0.4125,FALSE
"CXCL11","eosinophils",0.08,0.2625,FALSE
"CXCL11","bun",0.08,0.5,FALSE
"CXCL11","CD8A",0.08,0.4,FALSE
"IFNG","ast",0.08,0.4375,FALSE
"IL18","CCL11",0.08,0.4375,FALSE
"IL15","alt",0.08,0.65,FALSE
"CCL2","GZMB",0.08,0.5,FALSE
"CCL8","alk_phos",0.08,0.5625,FALSE
"CCL11","IL18",0.08,0.5625,FALSE
"CCL11","TNFRSF1B",0.08,0.625,FALSE
"GDF15","KLRD1",0.08,0.4875,FALSE
"FGF21","CD8A",0.08,0.5625,FALSE
"IGFBP7","hematocrit",0.08,0.7125,FALSE
"TNFRSF1B","CCL11",0.08,0.375,FALSE
"CD8A","CXCL11",0.08,0.6,FALSE
"CD8A","FGF21",0.08,0.4375,FALSE
"GZMA","monocytes",0.08,0.425,FALSE
"GZMB","calcium",0.08,0.3,FALSE
"GZMB","CCL2",0.08,0.5,FALSE
"KLRD1","GDF15",0.08,0.5125,FALSE
"MMP12","neutrophils",0.08,0.675,FALSE
"HAVCR2","weight",0.08,0.325,FALSE
"calcium","KLRD1",0.08,0.55,FALSE
"globulin","CXCL8",0.08,0.45,FALSE
"CXCL8","globulin",0.08,0.55,FALSE
"IL1RN","CCL11",0.08,0.45,FALSE
"CCL11","IL1RN",0.08,0.55,FALSE
"KLRD1","calcium",0.08,0.45,FALSE
"cmv","basophils",0.079,1,FALSE
"basophils","cmv",0.079,0,FALSE
"hemoglobin","total_chol",0.079,0.430379746835443,FALSE
"platelets","CCL11",0.079,0.367088607594937,FALSE
"rbc","IL6",0.079,0.40506329113924,FALSE
"alk_phos","sodium",0.079,0.569620253164557,FALSE
"alt","FGF21",0.079,0.40506329113924,FALSE
"co2","CCL3",0.079,0.683544303797468,FALSE
"globulin","IL1RN",0.079,0.481012658227848,FALSE
"glucose","ldl",0.079,0.607594936708861,FALSE
"sodium","alk_phos",0.079,0.430379746835443,FALSE
"sodium","CD274",0.079,0.607594936708861,FALSE
"crp","CD8A",0.079,0.430379746835443,FALSE
"hdl","CCL4",0.079,0.607594936708861,FALSE
"ldl","glucose",0.079,0.392405063291139,FALSE
"ldl","CD274",0.079,0.329113924050633,FALSE
"total_chol","hemoglobin",0.079,0.569620253164557,FALSE
"triglycerides","IL10",0.079,0.443037974683544,FALSE
"IL6","rbc",0.079,0.594936708860759,FALSE
"CXCL10","HAVCR2",0.079,0.493670886075949,FALSE
"IL10","triglycerides",0.079,0.556962025316456,FALSE
"IL1RN","globulin",0.079,0.518987341772152,FALSE
"IL7","MMP12",0.079,0.443037974683544,FALSE
"CCL3","co2",0.079,0.316455696202532,FALSE
"CCL4","hdl",0.079,0.392405063291139,FALSE
"CCL11","platelets",0.079,0.632911392405063,FALSE
"CCL11","LAG3",0.079,0.443037974683544,FALSE
"FGF21","alt",0.079,0.594936708860759,FALSE
"CD8A","crp",0.079,0.569620253164557,FALSE
"MMP12","IL7",0.079,0.556962025316456,FALSE
"MMP12","LAG3",0.079,0.594936708860759,FALSE
"LAG3","CCL11",0.079,0.556962025316456,FALSE
"LAG3","MMP12",0.079,0.40506329113924,FALSE
"HAVCR2","CXCL10",0.079,0.506329113924051,FALSE
"CD274","sodium",0.079,0.392405063291139,FALSE
"CD274","ldl",0.079,0.670886075949367,FALSE
"monocytes","FGF21",0.079,0.455696202531646,FALSE
"rdw","IL10",0.079,0.544303797468354,FALSE
"total_chol","CCL11",0.079,0.455696202531646,FALSE
"IL10","rdw",0.079,0.455696202531646,FALSE
"CCL11","total_chol",0.079,0.544303797468354,FALSE
"FGF21","monocytes",0.079,0.544303797468354,FALSE
"hemoglobin","IL6",0.078,0.525641025641026,FALSE
"hemoglobin","CXCL9",0.078,0.384615384615385,FALSE
"lymphocytes","ast",0.078,0.538461538461539,FALSE
"neutrophils","albumin",0.078,0.307692307692308,FALSE
"platelets","alk_phos",0.078,0.487179487179487,FALSE
"rbc","CXCL9",0.078,0.384615384615385,FALSE
"wbc","CXCL10",0.078,0.423076923076923,FALSE
"wbc","FGF21",0.078,0.448717948717949,FALSE
"albumin","neutrophils",0.078,0.692307692307692,FALSE
"alk_phos","platelets",0.078,0.512820512820513,FALSE
"ast","lymphocytes",0.078,0.461538461538462,FALSE
"co2","esr",0.078,0.58974358974359,FALSE
"co2","IFNG",0.078,0.653846153846154,FALSE
"creatinine","CD274",0.078,0.576923076923077,FALSE
"potassium","t_bili",0.078,0.602564102564103,FALSE
"potassium","IL10",0.078,0.461538461538462,FALSE
"potassium","FGF21",0.078,0.653846153846154,FALSE
"protein","CXCL9",0.078,0.320512820512821,FALSE
"sodium","IL1RN",0.078,0.41025641025641,FALSE
"t_bili","potassium",0.078,0.397435897435897,FALSE
"esr","co2",0.078,0.41025641025641,FALSE
"hdl","IL18",0.078,0.5,FALSE
"hdl","VEGFA",0.078,0.576923076923077,FALSE
"triglycerides","IFNG",0.078,0.41025641025641,FALSE
"IL6","hemoglobin",0.078,0.474358974358974,FALSE
"CXCL8","KLRD1",0.078,0.551282051282051,FALSE
"CXCL9","hemoglobin",0.078,0.615384615384615,FALSE
"CXCL9","rbc",0.078,0.615384615384615,FALSE
"CXCL9","protein",0.078,0.67948717948718,FALSE
"CXCL10","wbc",0.078,0.576923076923077,FALSE
"IFNG","co2",0.078,0.346153846153846,FALSE
"IFNG","triglycerides",0.078,0.58974358974359,FALSE
"IL18","hdl",0.078,0.5,FALSE
"IL10","potassium",0.078,0.538461538461539,FALSE
"IL1RN","sodium",0.078,0.58974358974359,FALSE
"IL7","GZMA",0.078,0.435897435897436,FALSE
"FGF21","wbc",0.078,0.551282051282051,FALSE
"FGF21","potassium",0.078,0.346153846153846,FALSE
"GZMA","IL7",0.078,0.564102564102564,FALSE
"KLRD1","CXCL8",0.078,0.448717948717949,FALSE
"VEGFA","hdl",0.078,0.423076923076923,FALSE
"CD274","creatinine",0.078,0.423076923076923,FALSE
"platelets","CCL3",0.077,0.454545454545455,FALSE
"CCL3","platelets",0.077,0.545454545454545,FALSE
"age_group","co2",0.077,1,FALSE
"sex","IL18",0.077,1,FALSE
"eosinophils","TNF",0.077,0.402597402597403,FALSE
"hemoglobin","CCL11",0.077,0.493506493506494,FALSE
"monocytes","TNFRSF1B",0.077,0.558441558441558,FALSE
"mpv","TNF",0.077,0.714285714285714,FALSE
"rbc","CXCL8",0.077,0.415584415584416,FALSE
"alt","GDF15",0.077,0.337662337662338,FALSE
"ast","CHI3L1",0.077,0.493506493506494,FALSE
"ast","MMP12",0.077,0.480519480519481,FALSE
"calcium","hdl",0.077,0.415584415584416,FALSE
"co2","age_group",0.077,0,FALSE
"co2","MMP12",0.077,0.662337662337662,FALSE
"esr","CXCL9",0.077,0.493506493506494,FALSE
"hdl","calcium",0.077,0.584415584415584,FALSE
"TNF","eosinophils",0.077,0.597402597402597,FALSE
"TNF","mpv",0.077,0.285714285714286,FALSE
"CXCL8","rbc",0.077,0.584415584415584,FALSE
"CXCL9","esr",0.077,0.506493506493507,FALSE
"IL18","sex",0.077,0,FALSE
"IL18","FGF21",0.077,0.584415584415584,FALSE
"IL15","CD8A",0.077,0.636363636363636,FALSE
"CCL11","hemoglobin",0.077,0.506493506493507,FALSE
"GDF15","alt",0.077,0.662337662337662,FALSE
"GDF15","PDCD1",0.077,0.597402597402597,FALSE
"FGF21","IL18",0.077,0.415584415584416,FALSE
"CHI3L1","ast",0.077,0.506493506493507,FALSE
"TNFRSF1B","monocytes",0.077,0.441558441558442,FALSE
"CD8A","IL15",0.077,0.363636363636364,FALSE
"MMP12","ast",0.077,0.51948051948052,FALSE
"MMP12","co2",0.077,0.337662337662338,FALSE
"PDCD1","GDF15",0.077,0.402597402597403,FALSE
"eosinophils","chloride",0.076,0.447368421052632,FALSE
"rbc","FGF21",0.076,0.552631578947368,FALSE
"chloride","eosinophils",0.076,0.552631578947368,FALSE
"ldl","CXCL11",0.076,0.539473684210526,FALSE
"CXCL11","ldl",0.076,0.460526315789474,FALSE
"FGF21","rbc",0.076,0.447368421052632,FALSE
"cmv","bun",0.076,1,FALSE
"eosinophils","VEGFA",0.076,0.618421052631579,FALSE
"hematocrit","total_chol",0.076,0.473684210526316,FALSE
"hemoglobin","GDF15",0.076,0.565789473684211,FALSE
"monocytes","IL7",0.076,0.506578947368421,FALSE
"ast","bun",0.076,0.355263157894737,FALSE
"bun","cmv",0.076,0,FALSE
"bun","ast",0.076,0.644736842105263,FALSE
"bun","sodium",0.076,0.302631578947368,FALSE
"bun","CXCL9",0.076,0.526315789473684,FALSE
"chloride","GZMB",0.076,0.684210526315789,FALSE
"sodium","bun",0.076,0.697368421052632,FALSE
"total_chol","hematocrit",0.076,0.526315789473684,FALSE
"CXCL8","LAG3",0.076,0.5,FALSE
"CXCL9","bun",0.076,0.473684210526316,FALSE
"IL18","CCL2",0.076,0.486842105263158,FALSE
"IL1RN","LAG3",0.076,0.605263157894737,FALSE
"IL7","monocytes",0.076,0.493421052631579,FALSE
"CCL2","IL18",0.076,0.513157894736842,FALSE
"GDF15","hemoglobin",0.076,0.434210526315789,FALSE
"GZMB","chloride",0.076,0.315789473684211,FALSE
"VEGFA","eosinophils",0.076,0.381578947368421,FALSE
"LAG3","CXCL8",0.076,0.5,FALSE
"LAG3","IL1RN",0.076,0.394736842105263,FALSE
"mpv","MMP12",0.075,0.533333333333333,FALSE
"platelets","CCL8",0.075,0.546666666666667,FALSE
"wbc","chloride",0.075,0.333333333333333,FALSE
"alk_phos","CCL11",0.075,0.44,FALSE
"calcium","CXCL8",0.075,0.666666666666667,FALSE
"chloride","wbc",0.075,0.666666666666667,FALSE
"chloride","MMP12",0.075,0.533333333333333,FALSE
"CXCL8","calcium",0.075,0.333333333333333,FALSE
"CCL8","platelets",0.075,0.453333333333333,FALSE
"CCL11","alk_phos",0.075,0.56,FALSE
"MMP12","mpv",0.075,0.466666666666667,FALSE
"MMP12","chloride",0.075,0.466666666666667,FALSE
"eosinophils","CXCL9",0.075,0.386666666666667,FALSE
"lymphocytes","alk_phos",0.075,0.4,FALSE
"mpv","CCL3",0.075,0.48,FALSE
"mpv","IGFBP7",0.075,0.6,FALSE
"rdw","KLRD1",0.075,0.493333333333333,FALSE
"albumin","total_chol",0.075,0.36,FALSE
"albumin","CXCL11",0.075,0.733333333333333,FALSE
"alk_phos","lymphocytes",0.075,0.6,FALSE
"alt","CHI3L1",0.075,0.506666666666667,FALSE
"bun","ldl",0.075,0.76,FALSE
"bun","IL6",0.075,0.586666666666667,FALSE
"calcium","IGFBP7",0.075,0.426666666666667,FALSE
"chloride","IL18",0.075,0.626666666666667,FALSE
"glucose","total_chol",0.075,0.693333333333333,FALSE
"ldl","bun",0.075,0.24,FALSE
"ldl","IL10",0.075,0.253333333333333,FALSE
"total_chol","albumin",0.075,0.64,FALSE
"total_chol","glucose",0.075,0.306666666666667,FALSE
"IL6","bun",0.075,0.413333333333333,FALSE
"CXCL9","eosinophils",0.075,0.613333333333333,FALSE
"CXCL11","albumin",0.075,0.266666666666667,FALSE
"IFNG","GDF15",0.075,0.306666666666667,FALSE
"IL18","chloride",0.075,0.373333333333333,FALSE
"IL10","ldl",0.075,0.746666666666667,FALSE
"CCL3","mpv",0.075,0.52,FALSE
"CCL8","GZMB",0.075,0.493333333333333,FALSE
"GDF15","IFNG",0.075,0.693333333333333,FALSE
"CHI3L1","alt",0.075,0.493333333333333,FALSE
"IGFBP7","mpv",0.075,0.4,FALSE
"IGFBP7","calcium",0.075,0.573333333333333,FALSE
"GZMB","CCL8",0.075,0.506666666666667,FALSE
"KLRD1","rdw",0.075,0.506666666666667,FALSE
"alt","CXCL9",0.074,0.472972972972973,FALSE
"chloride","CXCL8",0.074,0.554054054054054,FALSE
"creatinine","IL6",0.074,0.54054054054054,FALSE
"protein","TNFRSF1A",0.074,0.54054054054054,FALSE
"ldl","IL7",0.074,0.324324324324324,FALSE
"IL6","creatinine",0.074,0.459459459459459,FALSE
"CXCL8","chloride",0.074,0.445945945945946,FALSE
"CXCL9","alt",0.074,0.527027027027027,FALSE
"CXCL10","IFNG",0.074,0.554054054054054,FALSE
"IFNG","CXCL10",0.074,0.445945945945946,FALSE
"IL7","ldl",0.074,0.675675675675676,FALSE
"TNFRSF1A","protein",0.074,0.459459459459459,FALSE
"cmv","alt",0.074,1,FALSE
"cmv","chloride",0.074,1,FALSE
"basophils","CCL4",0.074,0.608108108108108,FALSE
"wbc","calcium",0.074,0.5,FALSE
"albumin","alk_phos",0.074,0.581081081081081,FALSE
"alk_phos","albumin",0.074,0.418918918918919,FALSE
"alt","cmv",0.074,0,FALSE
"ast","creatinine",0.074,0.297297297297297,FALSE
"calcium","wbc",0.074,0.5,FALSE
"chloride","cmv",0.074,0,FALSE
"creatinine","ast",0.074,0.702702702702703,FALSE
"protein","CD274",0.074,0.716216216216216,FALSE
"CXCL11","LEP",0.074,0.391891891891892,FALSE
"CCL4","basophils",0.074,0.391891891891892,FALSE
"GZMA","CD274",0.074,0.635135135135135,FALSE
"CD274","protein",0.074,0.283783783783784,FALSE
"CD274","GZMA",0.074,0.364864864864865,FALSE
"LEP","CXCL11",0.074,0.608108108108108,FALSE
"ast","CXCL9",0.073,0.534246575342466,FALSE
"chloride","TNFRSF1B",0.073,0.780821917808219,FALSE
"ldl","CCL11",0.073,0.424657534246575,FALSE
"CXCL9","ast",0.073,0.465753424657534,FALSE
"CCL11","ldl",0.073,0.575342465753425,FALSE
"TNFRSF1B","chloride",0.073,0.219178082191781,FALSE
"basophils","protein",0.073,0.589041095890411,FALSE
"lymphocytes","sodium",0.073,0.410958904109589,FALSE
"wbc","CHI3L1",0.073,0.410958904109589,FALSE
"wbc","TNFRSF1A",0.073,0.273972602739726,FALSE
"alt","CCL8",0.073,0.712328767123288,FALSE
"protein","basophils",0.073,0.410958904109589,FALSE
"sodium","lymphocytes",0.073,0.589041095890411,FALSE
"sodium","TNFRSF1B",0.073,0.712328767123288,FALSE
"CCL8","alt",0.073,0.287671232876712,FALSE
"CCL8","TNFRSF1A",0.073,0.589041095890411,FALSE
"CHI3L1","wbc",0.073,0.589041095890411,FALSE
"TNFRSF1A","wbc",0.073,0.726027397260274,FALSE
"TNFRSF1A","CCL8",0.073,0.410958904109589,FALSE
"TNFRSF1B","sodium",0.073,0.287671232876712,FALSE
"mpv","TNFRSF1A",0.072,0.583333333333333,FALSE
"rbc","CCL8",0.072,0.569444444444444,FALSE
"calcium","triglycerides",0.072,0.541666666666667,FALSE
"creatinine","total_chol",0.072,0.416666666666667,FALSE
"t_bili","KLRD1",0.072,0.458333333333333,FALSE
"total_chol","creatinine",0.072,0.583333333333333,FALSE
"triglycerides","calcium",0.072,0.458333333333333,FALSE
"IL6","MMP12",0.072,0.583333333333333,FALSE
"IL10","HAVCR2",0.072,0.472222222222222,FALSE
"IL1RN","KLRD1",0.072,0.513888888888889,FALSE
"CCL8","rbc",0.072,0.430555555555556,FALSE
"CCL11","FGF21",0.072,0.472222222222222,FALSE
"FGF21","CCL11",0.072,0.527777777777778,FALSE
"TNFRSF1A","mpv",0.072,0.416666666666667,FALSE
"KLRD1","t_bili",0.072,0.541666666666667,FALSE
"KLRD1","IL1RN",0.072,0.486111111111111,FALSE
"MMP12","IL6",0.072,0.416666666666667,FALSE
"HAVCR2","IL10",0.072,0.527777777777778,FALSE
"age_group","FGF21",0.072,1,FALSE
"basophils","CXCL10",0.072,0.638888888888889,FALSE
"wbc","CCL8",0.072,0.5,FALSE
"creatinine","CXCL9",0.072,0.361111111111111,FALSE
"ldl","CXCL9",0.072,0.402777777777778,FALSE
"total_chol","LEP",0.072,0.263888888888889,FALSE
"triglycerides","CXCL9",0.072,0.388888888888889,FALSE
"CXCL9","creatinine",0.072,0.638888888888889,FALSE
"CXCL9","ldl",0.072,0.597222222222222,FALSE
"CXCL9","triglycerides",0.072,0.611111111111111,FALSE
"CXCL10","basophils",0.072,0.361111111111111,FALSE
"IL7","IL15",0.072,0.388888888888889,FALSE
"IL15","IL7",0.072,0.611111111111111,FALSE
"CCL8","wbc",0.072,0.5,FALSE
"FGF21","age_group",0.072,0,FALSE
"LEP","total_chol",0.072,0.736111111111111,FALSE
"weight","GZMA",0.071,0.577464788732394,FALSE
"hematocrit","HAVCR2",0.071,0.549295774647887,FALSE
"lymphocytes","CXCL10",0.071,0.408450704225352,FALSE
"monocytes","IGFBP7",0.071,0.577464788732394,FALSE
"mpv","CXCL9",0.071,0.535211267605634,FALSE
"rbc","CCL3",0.071,0.704225352112676,FALSE
"albumin","CCL4",0.071,0.563380281690141,FALSE
"albumin","GZMB",0.071,0.535211267605634,FALSE
"albumin","PDCD1",0.071,0.464788732394366,FALSE
"alk_phos","CXCL10",0.071,0.436619718309859,FALSE
"ast","VEGFA",0.071,0.47887323943662,FALSE
"co2","TNF",0.071,0.690140845070423,FALSE
"creatinine","glucose",0.071,0.436619718309859,FALSE
"globulin","CCL2",0.071,0.464788732394366,FALSE
"glucose","creatinine",0.071,0.563380281690141,FALSE
"glucose","LAG3",0.071,0.52112676056338,FALSE
"potassium","CHI3L1",0.071,0.661971830985915,FALSE
"sodium","MMP12",0.071,0.52112676056338,FALSE
"crp","total_chol",0.071,0.549295774647887,FALSE
"ldl","PDCD1",0.071,0.422535211267606,FALSE
"total_chol","crp",0.071,0.450704225352113,FALSE
"triglycerides","CCL3",0.071,0.549295774647887,FALSE
"TNF","co2",0.071,0.309859154929577,FALSE
"CXCL8","IGFBP7",0.071,0.591549295774648,FALSE
"CXCL9","mpv",0.071,0.464788732394366,FALSE
"CXCL10","lymphocytes",0.071,0.591549295774648,FALSE
"CXCL10","alk_phos",0.071,0.563380281690141,FALSE
"IL1RN","MMP12",0.071,0.507042253521127,FALSE
"IL15","CCL3",0.071,0.661971830985915,FALSE
"CCL2","globulin",0.071,0.535211267605634,FALSE
"CCL3","rbc",0.071,0.295774647887324,FALSE
"CCL3","triglycerides",0.071,0.450704225352113,FALSE
"CCL3","IL15",0.071,0.338028169014085,FALSE
"CCL4","albumin",0.071,0.436619718309859,FALSE
"CHI3L1","potassium",0.071,0.338028169014085,FALSE
"IGFBP7","monocytes",0.071,0.422535211267606,FALSE
"IGFBP7","CXCL8",0.071,0.408450704225352,FALSE
"TNFRSF1B","GZMB",0.071,0.47887323943662,FALSE
"GZMA","weight",0.071,0.422535211267606,FALSE
"GZMB","albumin",0.071,0.464788732394366,FALSE
"GZMB","TNFRSF1B",0.071,0.52112676056338,FALSE
"MMP12","sodium",0.071,0.47887323943662,FALSE
"MMP12","IL1RN",0.071,0.492957746478873,FALSE
"VEGFA","ast",0.071,0.52112676056338,FALSE
"PDCD1","albumin",0.071,0.535211267605634,FALSE
"PDCD1","ldl",0.071,0.577464788732394,FALSE
"LAG3","glucose",0.071,0.47887323943662,FALSE
"HAVCR2","hematocrit",0.071,0.450704225352113,FALSE
"age_group","IL18",0.071,1,FALSE
"basophils","TNFRSF1B",0.071,0.619718309859155,FALSE
"IL18","age_group",0.071,0,FALSE
"TNFRSF1B","basophils",0.071,0.380281690140845,FALSE
"basophils","CXCL9",0.07,0.657142857142857,FALSE
"basophils","GDF15",0.07,0.442857142857143,FALSE
"neutrophils","platelets",0.07,0.328571428571429,FALSE
"neutrophils","TNF",0.07,0.3,FALSE
"platelets","neutrophils",0.07,0.671428571428571,FALSE
"wbc","MMP12",0.07,0.285714285714286,FALSE
"ast","CCL8",0.07,0.585714285714286,FALSE
"bun","CHI3L1",0.07,0.571428571428571,FALSE
"protein","crp",0.07,0.3,FALSE
"sodium","IGFBP7",0.07,0.542857142857143,FALSE
"esr","CCL11",0.07,0.471428571428571,FALSE
"crp","protein",0.07,0.7,FALSE
"total_chol","PDCD1",0.07,0.542857142857143,FALSE
"TNF","neutrophils",0.07,0.7,FALSE
"CXCL8","IL1RN",0.07,0.414285714285714,FALSE
"CXCL9","basophils",0.07,0.342857142857143,FALSE
"IL1RN","CXCL8",0.07,0.585714285714286,FALSE
"CCL2","KLRD1",0.07,0.342857142857143,FALSE
"CCL8","ast",0.07,0.414285714285714,FALSE
"CCL11","esr",0.07,0.528571428571428,FALSE
"GDF15","basophils",0.07,0.557142857142857,FALSE
"CHI3L1","bun",0.07,0.428571428571428,FALSE
"IGFBP7","sodium",0.07,0.457142857142857,FALSE
"KLRD1","CCL2",0.07,0.657142857142857,FALSE
"MMP12","wbc",0.07,0.714285714285714,FALSE
"PDCD1","total_chol",0.07,0.457142857142857,FALSE
"ldl","IFNG",0.07,0.271428571428571,FALSE
"CXCL11","IL18",0.07,0.371428571428571,FALSE
"IFNG","ldl",0.07,0.728571428571429,FALSE
"IL18","CXCL11",0.07,0.628571428571429,FALSE
"hematocrit","protein",0.069,0.652173913043478,FALSE
"lymphocytes","ldl",0.069,0.753623188405797,FALSE
"mpv","neutrophils",0.069,0.536231884057971,FALSE
"neutrophils","mpv",0.069,0.463768115942029,FALSE
"neutrophils","PDCD1",0.069,0.550724637681159,FALSE
"alt","IL10",0.069,0.521739130434782,FALSE
"calcium","CXCL11",0.069,0.681159420289855,FALSE
"chloride","CCL2",0.069,0.579710144927536,FALSE
"globulin","IGFBP7",0.069,0.681159420289855,FALSE
"glucose","KLRD1",0.069,0.521739130434782,FALSE
"protein","hematocrit",0.069,0.347826086956522,FALSE
"sodium","triglycerides",0.069,0.391304347826087,FALSE
"ldl","lymphocytes",0.069,0.246376811594203,FALSE
"triglycerides","sodium",0.069,0.608695652173913,FALSE
"IL6","IGFBP7",0.069,0.449275362318841,FALSE
"IL6","PDCD1",0.069,0.434782608695652,FALSE
"CXCL11","calcium",0.069,0.318840579710145,FALSE
"IFNG","CCL8",0.069,0.652173913043478,FALSE
"IL10","alt",0.069,0.478260869565217,FALSE
"CCL2","chloride",0.069,0.420289855072464,FALSE
"CCL8","IFNG",0.069,0.347826086956522,FALSE
"CCL11","GZMA",0.069,0.536231884057971,FALSE
"IGFBP7","globulin",0.069,0.318840579710145,FALSE
"IGFBP7","IL6",0.069,0.550724637681159,FALSE
"GZMA","CCL11",0.069,0.463768115942029,FALSE
"KLRD1","glucose",0.069,0.478260869565217,FALSE
"PDCD1","neutrophils",0.069,0.449275362318841,FALSE
"PDCD1","IL6",0.069,0.565217391304348,FALSE
"weight","calcium",0.068,0.514705882352941,FALSE
"weight","CXCL10",0.068,0.588235294117647,FALSE
"eosinophils","FGF21",0.068,0.441176470588235,FALSE
"hematocrit","CXCL10",0.068,0.352941176470588,FALSE
"monocytes","GDF15",0.068,0.529411764705882,FALSE
"mpv","CXCL10",0.068,0.5,FALSE
"neutrophils","GDF15",0.068,0.382352941176471,FALSE
"platelets","IL15",0.068,0.279411764705882,FALSE
"wbc","TNFRSF1B",0.068,0.338235294117647,FALSE
"alt","CXCL10",0.068,0.441176470588235,FALSE
"calcium","weight",0.068,0.485294117647059,FALSE
"globulin","total_chol",0.068,0.529411764705882,FALSE
"hdl","KLRD1",0.068,0.720588235294118,FALSE
"ldl","KLRD1",0.068,0.529411764705882,FALSE
"total_chol","globulin",0.068,0.470588235294118,FALSE
"total_chol","CCL4",0.068,0.5,FALSE
"CXCL10","weight",0.068,0.411764705882353,FALSE
"CXCL10","hematocrit",0.068,0.647058823529412,FALSE
"CXCL10","mpv",0.068,0.5,FALSE
"CXCL10","alt",0.068,0.558823529411765,FALSE
"IFNG","IL10",0.068,0.558823529411765,FALSE
"IL10","IFNG",0.068,0.441176470588235,FALSE
"IL10","CCL8",0.068,0.514705882352941,FALSE
"IL15","platelets",0.068,0.720588235294118,FALSE
"CCL2","CCL3",0.068,0.441176470588235,FALSE
"CCL3","CCL2",0.068,0.558823529411765,FALSE
"CCL4","total_chol",0.068,0.5,FALSE
"CCL8","IL10",0.068,0.485294117647059,FALSE
"GDF15","monocytes",0.068,0.470588235294118,FALSE
"GDF15","neutrophils",0.068,0.617647058823529,FALSE
"FGF21","eosinophils",0.068,0.558823529411765,FALSE
"IGFBP7","CD274",0.068,0.411764705882353,FALSE
"TNFRSF1B","wbc",0.068,0.661764705882353,FALSE
"KLRD1","hdl",0.068,0.279411764705882,FALSE
"KLRD1","ldl",0.068,0.470588235294118,FALSE
"CD274","IGFBP7",0.068,0.588235294117647,FALSE
"hematocrit","co2",0.067,0.328358208955224,FALSE
"lymphocytes","CCL2",0.067,0.537313432835821,FALSE
"monocytes","HAVCR2",0.067,0.791044776119403,FALSE
"neutrophils","TNFRSF1B",0.067,0.373134328358209,FALSE
"bun","GZMA",0.067,0.582089552238806,FALSE
"co2","hematocrit",0.067,0.671641791044776,FALSE
"co2","GDF15",0.067,0.582089552238806,FALSE
"co2","FGF21",0.067,0.686567164179104,FALSE
"TNF","KLRD1",0.067,0.611940298507463,FALSE
"CCL2","lymphocytes",0.067,0.462686567164179,FALSE
"CCL8","KLRD1",0.067,0.537313432835821,FALSE
"GDF15","co2",0.067,0.417910447761194,FALSE
"FGF21","co2",0.067,0.313432835820896,FALSE
"TNFRSF1B","neutrophils",0.067,0.626865671641791,FALSE
"GZMA","bun",0.067,0.417910447761194,FALSE
"KLRD1","TNF",0.067,0.388059701492537,FALSE
"KLRD1","CCL8",0.067,0.462686567164179,FALSE
"HAVCR2","monocytes",0.067,0.208955223880597,FALSE
"hemoglobin","ldl",0.066,0.454545454545455,FALSE
"lymphocytes","IL18",0.066,0.439393939393939,FALSE
"platelets","rbc",0.066,0.454545454545455,FALSE
"platelets","CXCL10",0.066,0.439393939393939,FALSE
"rbc","platelets",0.066,0.545454545454545,FALSE
"rbc","CCL11",0.066,0.46969696969697,FALSE
"creatinine","CXCL8",0.066,0.454545454545455,FALSE
"globulin","CCL3",0.066,0.545454545454545,FALSE
"potassium","total_chol",0.066,0.712121212121212,FALSE
"crp","ldl",0.066,0.575757575757576,FALSE
"ldl","hemoglobin",0.066,0.545454545454545,FALSE
"ldl","crp",0.066,0.424242424242424,FALSE
"ldl","IGFBP7",0.066,0.545454545454545,FALSE
"total_chol","potassium",0.066,0.287878787878788,FALSE
"CXCL8","creatinine",0.066,0.545454545454545,FALSE
"CXCL8","HAVCR2",0.066,0.575757575757576,FALSE
"CXCL9","CCL2",0.066,0.545454545454545,FALSE
"CXCL10","platelets",0.066,0.560606060606061,FALSE
"CXCL11","IGFBP7",0.066,0.333333333333333,FALSE
"CXCL11","TNFRSF1A",0.066,0.515151515151515,FALSE
"IL18","lymphocytes",0.066,0.560606060606061,FALSE
"IL10","GZMA",0.066,0.590909090909091,FALSE
"IL1RN","GZMA",0.066,0.53030303030303,FALSE
"CCL2","CXCL9",0.066,0.454545454545455,FALSE
"CCL3","globulin",0.066,0.454545454545455,FALSE
"CCL3","GZMA",0.066,0.515151515151515,FALSE
"CCL11","rbc",0.066,0.53030303030303,FALSE
"CCL11","GZMB",0.066,0.393939393939394,FALSE
"IGFBP7","ldl",0.066,0.454545454545455,FALSE
"IGFBP7","CXCL11",0.066,0.666666666666667,FALSE
"TNFRSF1A","CXCL11",0.066,0.484848484848485,FALSE
"GZMA","IL10",0.066,0.409090909090909,FALSE
"GZMA","IL1RN",0.066,0.46969696969697,FALSE
"GZMA","CCL3",0.066,0.484848484848485,FALSE
"GZMB","CCL11",0.066,0.606060606060606,FALSE
"HAVCR2","CXCL8",0.066,0.424242424242424,FALSE
"basophils","CCL3",0.065,0.646153846153846,FALSE
"eosinophils","IL1RN",0.065,0.615384615384615,FALSE
"hemoglobin","protein",0.065,0.569230769230769,FALSE
"neutrophils","rdw",0.065,0.292307692307692,FALSE
"platelets","ast",0.065,0.353846153846154,FALSE
"platelets","glucose",0.065,0.415384615384615,FALSE
"rdw","neutrophils",0.065,0.707692307692308,FALSE
"rdw","calcium",0.065,0.523076923076923,FALSE
"rbc","IL7",0.065,0.584615384615385,FALSE
"albumin","triglycerides",0.065,0.430769230769231,FALSE
"alt","CD8A",0.065,0.538461538461539,FALSE
"ast","platelets",0.065,0.646153846153846,FALSE
"calcium","rdw",0.065,0.476923076923077,FALSE
"co2","glucose",0.065,0.630769230769231,FALSE
"creatinine","triglycerides",0.065,0.6,FALSE
"globulin","CCL11",0.065,0.492307692307692,FALSE
"globulin","CD274",0.065,0.569230769230769,FALSE
"glucose","platelets",0.065,0.584615384615385,FALSE
"glucose","co2",0.065,0.369230769230769,FALSE
"glucose","IL7",0.065,0.646153846153846,FALSE
"protein","hemoglobin",0.065,0.430769230769231,FALSE
"crp","GZMB",0.065,0.507692307692308,FALSE
"total_chol","IFNG",0.065,0.292307692307692,FALSE
"total_chol","IL7",0.065,0.230769230769231,FALSE
"triglycerides","albumin",0.065,0.569230769230769,FALSE
"triglycerides","creatinine",0.065,0.4,FALSE
"CXCL9","FGF21",0.065,0.461538461538462,FALSE
"IFNG","total_chol",0.065,0.707692307692308,FALSE
"IL1RN","eosinophils",0.065,0.384615384615385,FALSE
"IL7","rbc",0.065,0.415384615384615,FALSE
"IL7","glucose",0.065,0.353846153846154,FALSE
"IL7","total_chol",0.065,0.769230769230769,FALSE
"CCL3","basophils",0.065,0.353846153846154,FALSE
"CCL11","globulin",0.065,0.507692307692308,FALSE
"FGF21","CXCL9",0.065,0.538461538461539,FALSE
"CD8A","alt",0.065,0.461538461538462,FALSE
"GZMB","crp",0.065,0.492307692307692,FALSE
"KLRD1","HAVCR2",0.065,0.384615384615385,FALSE
"HAVCR2","KLRD1",0.065,0.615384615384615,FALSE
"CD274","globulin",0.065,0.430769230769231,FALSE
"co2","TNFRSF1B",0.064,0.6875,FALSE
"protein","CCL4",0.064,0.453125,FALSE
"t_bili","TNF",0.064,0.609375,FALSE
"t_bili","PDCD1",0.064,0.5625,FALSE
"hdl","CXCL9",0.064,0.546875,FALSE
"total_chol","IL10",0.064,0.421875,FALSE
"total_chol","CD274",0.064,0.5,FALSE
"triglycerides","HAVCR2",0.064,0.5625,FALSE
"TNF","t_bili",0.064,0.390625,FALSE
"CXCL9","hdl",0.064,0.453125,FALSE
"IL10","total_chol",0.064,0.578125,FALSE
"IL10","TNFRSF1A",0.064,0.4375,FALSE
"CCL4","protein",0.064,0.546875,FALSE
"TNFRSF1A","IL10",0.064,0.5625,FALSE
"TNFRSF1B","co2",0.064,0.3125,FALSE
"PDCD1","t_bili",0.064,0.4375,FALSE
"LAG3","LEP",0.064,0.515625,FALSE
"HAVCR2","triglycerides",0.064,0.4375,FALSE
"CD274","total_chol",0.064,0.5,FALSE
"LEP","LAG3",0.064,0.484375,FALSE
"age_group","mpv",0.063,1,FALSE
"lymphocytes","total_chol",0.063,0.650793650793651,FALSE
"monocytes","IFNG",0.063,0.46031746031746,FALSE
"mpv","age_group",0.063,0,FALSE
"mpv","FGF21",0.063,0.412698412698413,FALSE
"ast","IL7",0.063,0.587301587301587,FALSE
"ast","CCL11",0.063,0.476190476190476,FALSE
"ast","CD274",0.063,0.619047619047619,FALSE
"total_chol","lymphocytes",0.063,0.349206349206349,FALSE
"IFNG","monocytes",0.063,0.53968253968254,FALSE
"IL7","ast",0.063,0.412698412698413,FALSE
"CCL2","CD8A",0.063,0.476190476190476,FALSE
"CCL11","ast",0.063,0.523809523809524,FALSE
"FGF21","mpv",0.063,0.587301587301587,FALSE
"TNFRSF1A","GZMB",0.063,0.26984126984127,FALSE
"CD8A","CCL2",0.063,0.523809523809524,FALSE
"GZMB","TNFRSF1A",0.063,0.73015873015873,FALSE
"CD274","ast",0.063,0.380952380952381,FALSE
"eosinophils","HAVCR2",0.062,0.580645161290323,FALSE
"lymphocytes","alt",0.062,0.645161290322581,FALSE
"neutrophils","CXCL11",0.062,0.532258064516129,FALSE
"neutrophils","TNFRSF1A",0.062,0.419354838709677,FALSE
"albumin","GZMA",0.062,0.516129032258065,FALSE
"alt","lymphocytes",0.062,0.354838709677419,FALSE
"ast","CCL4",0.062,0.532258064516129,FALSE
"chloride","triglycerides",0.062,0.532258064516129,FALSE
"globulin","HAVCR2",0.062,0.661290322580645,FALSE
"potassium","CXCL8",0.062,0.693548387096774,FALSE
"t_bili","CCL2",0.062,0.483870967741935,FALSE
"t_bili","CD8A",0.062,0.403225806451613,FALSE
"ldl","GZMA",0.062,0.403225806451613,FALSE
"total_chol","CXCL9",0.062,0.387096774193548,FALSE
"triglycerides","chloride",0.062,0.467741935483871,FALSE
"IL6","IL10",0.062,0.467741935483871,FALSE
"CXCL8","potassium",0.062,0.306451612903226,FALSE
"CXCL9","total_chol",0.062,0.612903225806452,FALSE
"CXCL11","neutrophils",0.062,0.467741935483871,FALSE
"IL10","IL6",0.062,0.532258064516129,FALSE
"CCL2","t_bili",0.062,0.516129032258065,FALSE
"CCL4","ast",0.062,0.467741935483871,FALSE
"TNFRSF1A","neutrophils",0.062,0.580645161290323,FALSE
"TNFRSF1A","KLRD1",0.062,0.451612903225806,FALSE
"CD8A","t_bili",0.062,0.596774193548387,FALSE
"GZMA","albumin",0.062,0.483870967741935,FALSE
"GZMA","ldl",0.062,0.596774193548387,FALSE
"KLRD1","TNFRSF1A",0.062,0.548387096774194,FALSE
"HAVCR2","eosinophils",0.062,0.419354838709677,FALSE
"HAVCR2","globulin",0.062,0.338709677419355,FALSE
"weight","GZMB",0.061,0.737704918032787,FALSE
"eosinophils","CHI3L1",0.061,0.639344262295082,FALSE
"hematocrit","CXCL9",0.061,0.442622950819672,FALSE
"hematocrit","IL10",0.061,0.442622950819672,FALSE
"lymphocytes","bun",0.061,0.409836065573771,FALSE
"mpv","ast",0.061,0.409836065573771,FALSE
"neutrophils","HAVCR2",0.061,0.459016393442623,FALSE
"platelets","CXCL9",0.061,0.409836065573771,FALSE
"rdw","CCL3",0.061,0.60655737704918,FALSE
"rdw","CHI3L1",0.061,0.508196721311475,FALSE
"wbc","IFNG",0.061,0.278688524590164,FALSE
"albumin","ldl",0.061,0.557377049180328,FALSE
"alk_phos","hdl",0.061,0.344262295081967,FALSE
"ast","mpv",0.061,0.590163934426229,FALSE
"bun","lymphocytes",0.061,0.590163934426229,FALSE
"glucose","CHI3L1",0.061,0.573770491803279,FALSE
"potassium","ldl",0.061,0.737704918032787,FALSE
"crp","CCL4",0.061,0.475409836065574,FALSE
"hdl","alk_phos",0.061,0.655737704918033,FALSE
"ldl","albumin",0.061,0.442622950819672,FALSE
"ldl","potassium",0.061,0.262295081967213,FALSE
"CXCL9","hematocrit",0.061,0.557377049180328,FALSE
"CXCL9","platelets",0.061,0.590163934426229,FALSE
"IFNG","wbc",0.061,0.721311475409836,FALSE
"IFNG","CD274",0.061,0.639344262295082,FALSE
"IL10","hematocrit",0.061,0.557377049180328,FALSE
"CCL3","rdw",0.061,0.39344262295082,FALSE
"CCL4","crp",0.061,0.524590163934426,FALSE
"CHI3L1","eosinophils",0.061,0.360655737704918,FALSE
"CHI3L1","rdw",0.061,0.491803278688525,FALSE
"CHI3L1","glucose",0.061,0.426229508196721,FALSE
"GZMB","weight",0.061,0.262295081967213,FALSE
"HAVCR2","neutrophils",0.061,0.540983606557377,FALSE
"CD274","IFNG",0.061,0.360655737704918,FALSE
"triglycerides","TNFRSF1A",0.06,0.583333333333333,FALSE
"TNFRSF1A","triglycerides",0.06,0.416666666666667,FALSE
"hematocrit","GDF15",0.06,0.383333333333333,FALSE
"hematocrit","LAG3",0.06,0.466666666666667,FALSE
"hemoglobin","globulin",0.06,0.466666666666667,FALSE
"alk_phos","IGFBP7",0.06,0.366666666666667,FALSE
"ast","IL10",0.06,0.516666666666667,FALSE
"globulin","hemoglobin",0.06,0.533333333333333,FALSE
"esr","IL7",0.06,0.45,FALSE
"crp","TNF",0.06,0.55,FALSE
"total_chol","CD8A",0.06,0.4,FALSE
"total_chol","KLRD1",0.06,0.483333333333333,FALSE
"total_chol","VEGFA",0.06,0.383333333333333,FALSE
"TNF","crp",0.06,0.45,FALSE
"IL10","ast",0.06,0.483333333333333,FALSE
"IL7","esr",0.06,0.55,FALSE
"GDF15","hematocrit",0.06,0.616666666666667,FALSE
"IGFBP7","alk_phos",0.06,0.633333333333333,FALSE
"CD8A","total_chol",0.06,0.6,FALSE
"GZMA","HAVCR2",0.06,0.566666666666667,FALSE
"KLRD1","total_chol",0.06,0.516666666666667,FALSE
"VEGFA","total_chol",0.06,0.616666666666667,FALSE
"LAG3","hematocrit",0.06,0.533333333333333,FALSE
"HAVCR2","GZMA",0.06,0.433333333333333,FALSE
"eosinophils","TNFRSF1A",0.059,0.576271186440678,FALSE
"TNFRSF1A","eosinophils",0.059,0.423728813559322,FALSE
"age_group","triglycerides",0.059,1,FALSE
"weight","CXCL11",0.059,0.745762711864407,FALSE
"rbc","PDCD1",0.059,0.542372881355932,FALSE
"wbc","HAVCR2",0.059,0.355932203389831,FALSE
"glucose","VEGFA",0.059,0.677966101694915,FALSE
"triglycerides","age_group",0.059,0,FALSE
"IL6","CXCL11",0.059,0.627118644067797,FALSE
"CXCL11","weight",0.059,0.254237288135593,FALSE
"CXCL11","IL6",0.059,0.372881355932203,FALSE
"CXCL11","KLRD1",0.059,0.440677966101695,FALSE
"KLRD1","CXCL11",0.059,0.559322033898305,FALSE
"VEGFA","glucose",0.059,0.322033898305085,FALSE
"PDCD1","rbc",0.059,0.457627118644068,FALSE
"HAVCR2","wbc",0.059,0.64406779661017,FALSE
"calcium","FGF21",0.058,0.568965517241379,FALSE
"FGF21","calcium",0.058,0.431034482758621,FALSE
"mpv","TNFRSF1B",0.058,0.620689655172414,FALSE
"neutrophils","FGF21",0.058,0.482758620689655,FALSE
"hdl","CD274",0.058,0.517241379310345,FALSE
"FGF21","neutrophils",0.058,0.517241379310345,FALSE
"TNFRSF1B","mpv",0.058,0.379310344827586,FALSE
"CD274","hdl",0.058,0.482758620689655,FALSE
"hematocrit","ldl",0.057,0.578947368421053,FALSE
"wbc","total_chol",0.057,0.491228070175439,FALSE
"albumin","IL15",0.057,0.280701754385965,FALSE
"ldl","hematocrit",0.057,0.421052631578947,FALSE
"total_chol","wbc",0.057,0.508771929824561,FALSE
"CXCL11","HAVCR2",0.057,0.403508771929825,FALSE
"IL15","albumin",0.057,0.719298245614035,FALSE
"HAVCR2","CXCL11",0.057,0.596491228070175,FALSE
"chloride","CCL4",0.057,0.631578947368421,FALSE
"creatinine","ldl",0.057,0.543859649122807,FALSE
"hdl","CCL2",0.057,0.543859649122807,FALSE
"ldl","creatinine",0.057,0.456140350877193,FALSE
"total_chol","CXCL11",0.057,0.631578947368421,FALSE
"CXCL11","total_chol",0.057,0.368421052631579,FALSE
"IL1RN","IL7",0.057,0.473684210526316,FALSE
"IL7","IL1RN",0.057,0.526315789473684,FALSE
"CCL2","hdl",0.057,0.456140350877193,FALSE
"CCL4","chloride",0.057,0.368421052631579,FALSE
"TNF","IL10",0.056,0.375,FALSE
"IL10","TNF",0.056,0.625,FALSE
"LAG3","CD274",0.056,0.625,FALSE
"CD274","LAG3",0.056,0.375,FALSE
"rdw","globulin",0.056,0.446428571428571,FALSE
"rdw","IL7",0.056,0.410714285714286,FALSE
"alt","VEGFA",0.056,0.517857142857143,FALSE
"globulin","rdw",0.056,0.553571428571429,FALSE
"sodium","ldl",0.056,0.714285714285714,FALSE
"ldl","sodium",0.056,0.285714285714286,FALSE
"IL10","IL15",0.056,0.392857142857143,FALSE
"IL7","rdw",0.056,0.589285714285714,FALSE
"IL15","IL10",0.056,0.607142857142857,FALSE
"VEGFA","alt",0.056,0.482142857142857,FALSE
"basophils","TNFRSF1A",0.056,0.678571428571429,FALSE
"basophils","VEGFA",0.056,0.642857142857143,FALSE
"TNFRSF1A","basophils",0.056,0.321428571428571,FALSE
"VEGFA","basophils",0.056,0.357142857142857,FALSE
"total_chol","GZMA",0.055,0.363636363636364,FALSE
"GZMA","total_chol",0.055,0.636363636363636,FALSE
"platelets","IGFBP7",0.055,0.581818181818182,FALSE
"rdw","total_chol",0.055,0.581818181818182,FALSE
"wbc","GZMB",0.055,0.418181818181818,FALSE
"alt","CXCL11",0.055,0.436363636363636,FALSE
"potassium","CCL2",0.055,0.727272727272727,FALSE
"ldl","CD8A",0.055,0.545454545454545,FALSE
"total_chol","rdw",0.055,0.418181818181818,FALSE
"CXCL11","alt",0.055,0.563636363636364,FALSE
"IFNG","IL7",0.055,0.472727272727273,FALSE
"IL7","IFNG",0.055,0.527272727272727,FALSE
"CCL2","potassium",0.055,0.272727272727273,FALSE
"IGFBP7","platelets",0.055,0.418181818181818,FALSE
"CD8A","ldl",0.055,0.454545454545455,FALSE
"GZMB","wbc",0.055,0.581818181818182,FALSE
"ldl","CXCL10",0.054,0.388888888888889,FALSE
"CXCL10","ldl",0.054,0.611111111111111,FALSE
"CCL8","HAVCR2",0.054,0.611111111111111,FALSE
"HAVCR2","CCL8",0.054,0.388888888888889,FALSE
"ast","CD8A",0.054,0.407407407407407,FALSE
"CD8A","ast",0.054,0.592592592592593,FALSE
"t_bili","CCL4",0.053,0.528301886792453,FALSE
"CCL4","t_bili",0.053,0.471698113207547,FALSE
"sex","eosinophils",0.053,1,FALSE
"eosinophils","sex",0.053,0,FALSE
"hematocrit","CCL11",0.053,0.509433962264151,FALSE
"lymphocytes","IL7",0.053,0.283018867924528,FALSE
"hdl","IL7",0.053,0.566037735849057,FALSE
"IL6","KLRD1",0.053,0.490566037735849,FALSE
"CXCL11","IFNG",0.053,0.509433962264151,FALSE
"IFNG","CXCL11",0.053,0.490566037735849,FALSE
"IL10","TNFRSF1B",0.053,0.433962264150943,FALSE
"IL7","lymphocytes",0.053,0.716981132075472,FALSE
"IL7","hdl",0.053,0.433962264150943,FALSE
"CCL11","hematocrit",0.053,0.490566037735849,FALSE
"GDF15","LEP",0.053,0.509433962264151,FALSE
"TNFRSF1B","IL10",0.053,0.566037735849057,FALSE
"KLRD1","IL6",0.053,0.509433962264151,FALSE
"LEP","GDF15",0.053,0.490566037735849,FALSE
"neutrophils","GZMB",0.052,0.403846153846154,FALSE
"albumin","CXCL9",0.052,0.596153846153846,FALSE
"total_chol","CXCL10",0.052,0.326923076923077,FALSE
"CXCL9","albumin",0.052,0.403846153846154,FALSE
"CXCL10","total_chol",0.052,0.673076923076923,FALSE
"GZMB","neutrophils",0.052,0.596153846153846,FALSE
"sex","chloride",0.052,1,FALSE
"wbc","t_bili",0.052,0.307692307692308,FALSE
"albumin","IGFBP7",0.052,0.5,FALSE
"chloride","sex",0.052,0,FALSE
"t_bili","wbc",0.052,0.692307692307692,FALSE
"IGFBP7","albumin",0.052,0.5,FALSE
"alk_phos","CXCL11",0.051,0.686274509803922,FALSE
"alt","IL7",0.051,0.333333333333333,FALSE
"globulin","IL15",0.051,0.313725490196078,FALSE
"CXCL11","alk_phos",0.051,0.313725490196078,FALSE
"IL7","alt",0.051,0.666666666666667,FALSE
"IL15","globulin",0.051,0.686274509803922,FALSE
"sex","IFNG",0.05,1,FALSE
"monocytes","CHI3L1",0.05,0.5,FALSE
"neutrophils","ldl",0.05,0.52,FALSE
"platelets","ldl",0.05,0.56,FALSE
"platelets","LAG3",0.05,0.42,FALSE
"wbc","GDF15",0.05,0.22,FALSE
"ldl","neutrophils",0.05,0.48,FALSE
"ldl","platelets",0.05,0.44,FALSE
"IFNG","sex",0.05,0,FALSE
"GDF15","wbc",0.05,0.78,FALSE
"CHI3L1","monocytes",0.05,0.5,FALSE
"LAG3","platelets",0.05,0.58,FALSE
"cmv","IL18",0.049,1,FALSE
"cmv","FGF21",0.049,1,FALSE
"neutrophils","rbc",0.049,0.428571428571429,FALSE
"neutrophils","total_chol",0.049,0.510204081632653,FALSE
"rbc","neutrophils",0.049,0.571428571428571,FALSE
"creatinine","IFNG",0.049,0.428571428571429,FALSE
"t_bili","IL18",0.049,0.530612244897959,FALSE
"total_chol","neutrophils",0.049,0.489795918367347,FALSE
"IFNG","creatinine",0.049,0.571428571428571,FALSE
"IL18","cmv",0.049,0,FALSE
"IL18","t_bili",0.049,0.469387755102041,FALSE
"FGF21","cmv",0.049,0,FALSE
"platelets","total_chol",0.048,0.583333333333333,FALSE
"t_bili","TNFRSF1B",0.048,0.520833333333333,FALSE
"total_chol","platelets",0.048,0.416666666666667,FALSE
"TNFRSF1B","t_bili",0.048,0.479166666666667,FALSE
"hemoglobin","IL10",0.047,0.404255319148936,FALSE
"monocytes","CCL8",0.047,0.638297872340425,FALSE
"bun","LAG3",0.047,0.468085106382979,FALSE
"IL10","hemoglobin",0.047,0.595744680851064,FALSE
"CCL8","monocytes",0.047,0.361702127659574,FALSE
"LAG3","bun",0.047,0.531914893617021,FALSE
"protein","HAVCR2",0.046,0.5,FALSE
"HAVCR2","protein",0.046,0.5,FALSE
"wbc","ldl",0.045,0.577777777777778,FALSE
"t_bili","IL15",0.045,0.311111111111111,FALSE
"ldl","wbc",0.045,0.422222222222222,FALSE
"IL15","t_bili",0.045,0.688888888888889,FALSE
"protein","IGFBP7",0.044,0.409090909090909,FALSE
"IGFBP7","protein",0.044,0.590909090909091,FALSE
"albumin","LAG3",0.043,0.488372093023256,FALSE
"LAG3","albumin",0.043,0.511627906976744,FALSE
"GZMB","HAVCR2",0.039,0.58974358974359,FALSE
"HAVCR2","GZMB",0.039,0.41025641025641,FALSE
"age_group","sex",0,0,FALSE
"age_group","cmv",0,0,FALSE
"sex","age_group",0,0,FALSE
"sex","cmv",0,0,FALSE
"cmv","age_group",0,0,FALSE
"cmv","sex",0,0,FALSE
"basophils","eosinophils",0,0,FALSE
"basophils","lymphocytes",0,0,FALSE
"basophils","monocytes",0,0,FALSE
"basophils","neutrophils",0,0,FALSE
"basophils","wbc",0,0,FALSE
"eosinophils","basophils",0,0,FALSE
"eosinophils","lymphocytes",0,0,FALSE
"eosinophils","monocytes",0,0,FALSE
"eosinophils","neutrophils",0,0,FALSE
"eosinophils","wbc",0,0,FALSE
"lymphocytes","basophils",0,0,FALSE
"lymphocytes","eosinophils",0,0,FALSE
"lymphocytes","monocytes",0,0,FALSE
"lymphocytes","neutrophils",0,0,FALSE
"lymphocytes","wbc",0,0,FALSE
"monocytes","basophils",0,0,FALSE
"monocytes","eosinophils",0,0,FALSE
"monocytes","lymphocytes",0,0,FALSE
"monocytes","neutrophils",0,0,FALSE
"monocytes","wbc",0,0,FALSE
"neutrophils","basophils",0,0,FALSE
"neutrophils","eosinophils",0,0,FALSE
"neutrophils","lymphocytes",0,0,FALSE
"neutrophils","monocytes",0,0,FALSE
"neutrophils","wbc",0,0,FALSE
"wbc","basophils",0,0,FALSE
"wbc","eosinophils",0,0,FALSE
"wbc","lymphocytes",0,0,FALSE
"wbc","monocytes",0,0,FALSE
"wbc","neutrophils",0,0,FALSE
