"from","to","strength","direction","in_final_dag"
"hemoglobin","hematocrit",1,0.538,TRUE
"ast","alt",1,0.512,TRUE
"albumin","calcium",0.995,0.586934673366834,TRUE
"VEGFA","IL7",0.991,0.538345105953582,TRUE
"triglycerides","hdl",0.99,0.571212121212121,TRUE
"CXCL9","CXCL10",0.986,0.552738336713996,TRUE
"age_group","GDF15",0.979,1,TRUE
"TNFRSF1B","HAVCR2",0.965,0.586528497409326,TRUE
"sex","LEP",0.964,1,TRUE
"GZMA","LAG3",0.939,0.649627263045793,TRUE
"GZMA","CD8A",0.937,0.711312700106724,TRUE
"LEP","IL1RN",0.904,0.536504424778761,TRUE
"TNFRSF1B","TNFRSF1A",0.89,0.56123595505618,TRUE
"TNFRSF1A","HAVCR2",0.887,0.537204058624577,TRUE
"CXCL10","CXCL11",0.882,0.747165532879819,TRUE
"alt","ast",1,0.488,FALSE
"hematocrit","hemoglobin",1,0.462,FALSE
"calcium","albumin",0.995,0.413065326633166,FALSE
"IL7","VEGFA",0.991,0.461654894046418,FALSE
"hdl","triglycerides",0.99,0.428787878787879,FALSE
"CXCL10","CXCL9",0.986,0.447261663286004,FALSE
"GDF15","age_group",0.979,0,FALSE
"HAVCR2","TNFRSF1B",0.965,0.413471502590674,FALSE
"LEP","sex",0.964,0,FALSE
"LAG3","GZMA",0.939,0.350372736954207,FALSE
"CD8A","GZMA",0.937,0.288687299893276,FALSE
"IL1RN","LEP",0.904,0.463495575221239,FALSE
"TNFRSF1A","TNFRSF1B",0.89,0.43876404494382,FALSE
"HAVCR2","TNFRSF1A",0.887,0.462795941375423,FALSE
"CXCL11","CXCL10",0.882,0.252834467120181,FALSE
"creatinine","bun",0.845,0.718343195266272,FALSE
"bun","creatinine",0.845,0.281656804733728,FALSE
"CXCL9","PDCD1",0.845,0.689940828402367,FALSE
"PDCD1","CXCL9",0.845,0.310059171597633,FALSE
"GZMA","GZMB",0.812,0.690270935960591,FALSE
"GZMB","GZMA",0.812,0.309729064039409,FALSE
"esr","platelets",0.807,0.589838909541512,FALSE
"platelets","esr",0.807,0.410161090458488,FALSE
"CXCL9","IFNG",0.803,0.787671232876712,FALSE
"IFNG","CXCL9",0.803,0.212328767123288,FALSE
"TNF","IFNG",0.792,0.549242424242424,FALSE
"IFNG","TNF",0.792,0.450757575757576,FALSE
"sex","IGFBP7",0.786,1,FALSE
"IGFBP7","sex",0.786,0,FALSE
"sex","creatinine",0.781,1,FALSE
"creatinine","sex",0.781,0,FALSE
"FGF21","CHI3L1",0.757,0.404227212681638,FALSE
"CHI3L1","FGF21",0.757,0.595772787318362,FALSE
"IL6","IL1RN",0.752,0.308510638297872,FALSE
"IL1RN","IL6",0.752,0.691489361702128,FALSE
"CCL2","CCL11",0.75,0.37,FALSE
"CCL11","CCL2",0.75,0.63,FALSE
"potassium","calcium",0.748,0.707219251336898,FALSE
"calcium","potassium",0.748,0.292780748663102,FALSE
"CCL4","GZMB",0.747,0.564926372155288,FALSE
"GZMB","CCL4",0.747,0.435073627844712,FALSE
"CXCL8","CCL11",0.715,0.376223776223776,FALSE
"CCL11","CXCL8",0.715,0.623776223776224,FALSE
"CXCL8","CCL2",0.713,0.460729312762973,FALSE
"IL18","PDCD1",0.713,0.238429172510519,FALSE
"CCL2","CXCL8",0.713,0.539270687237027,FALSE
"PDCD1","IL18",0.713,0.761570827489481,FALSE
"CCL3","CCL4",0.712,0.620786516853933,FALSE
"CCL4","CCL3",0.712,0.379213483146067,FALSE
"bun","FGF21",0.7,0.545,FALSE
"FGF21","bun",0.7,0.455,FALSE
"albumin","bun",0.698,0.343839541547278,FALSE
"bun","albumin",0.698,0.656160458452722,FALSE
"IGFBP7","TNFRSF1A",0.697,0.195121951219512,FALSE
"TNFRSF1A","IGFBP7",0.697,0.804878048780488,FALSE
"CXCL8","CD8A",0.676,0.568047337278107,FALSE
"CD8A","CXCL8",0.676,0.431952662721894,FALSE
"crp","VEGFA",0.675,0.640740740740741,FALSE
"IGFBP7","LAG3",0.675,0.291851851851852,FALSE
"VEGFA","crp",0.675,0.359259259259259,FALSE
"LAG3","IGFBP7",0.675,0.708148148148148,FALSE
"CXCL11","GZMA",0.674,0.448071216617211,FALSE
"GZMA","CXCL11",0.674,0.551928783382789,FALSE
"eosinophils","LEP",0.672,0.456845238095238,FALSE
"LEP","eosinophils",0.672,0.543154761904762,FALSE
"FGF21","LEP",0.67,0.396268656716418,FALSE
"LEP","FGF21",0.67,0.603731343283582,FALSE
"TNFRSF1B","PDCD1",0.669,0.523168908819133,FALSE
"PDCD1","TNFRSF1B",0.669,0.476831091180867,FALSE
"age_group","CCL11",0.663,1,FALSE
"CCL11","age_group",0.663,0,FALSE
"CXCL10","IL1RN",0.662,0.359516616314199,FALSE
"IL1RN","CXCL10",0.662,0.640483383685801,FALSE
"monocytes","hemoglobin",0.657,0.251141552511416,FALSE
"hemoglobin","monocytes",0.657,0.748858447488584,FALSE
"triglycerides","VEGFA",0.656,0.268292682926829,FALSE
"VEGFA","triglycerides",0.656,0.731707317073171,FALSE
"neutrophils","CXCL8",0.637,0.323390894819466,FALSE
"CXCL8","neutrophils",0.637,0.676609105180534,FALSE
"CXCL8","MMP12",0.632,0.561708860759494,FALSE
"MMP12","CXCL8",0.632,0.438291139240506,FALSE
"glucose","IL10",0.624,0.473557692307692,FALSE
"IL10","glucose",0.624,0.526442307692308,FALSE
"CCL8","CCL11",0.623,0.215890850722311,FALSE
"CCL11","CCL8",0.623,0.784109149277689,FALSE
"triglycerides","IGFBP7",0.618,0.627831715210356,FALSE
"IGFBP7","triglycerides",0.618,0.372168284789644,FALSE
"TNF","CXCL10",0.61,0.218032786885246,FALSE
"CXCL10","TNF",0.61,0.781967213114754,FALSE
"hemoglobin","rdw",0.608,0.245065789473684,FALSE
"rdw","hemoglobin",0.608,0.754934210526316,FALSE
"crp","IL6",0.599,0.41652754590985,FALSE
"hdl","ldl",0.599,0.23873121869783,FALSE
"ldl","hdl",0.599,0.76126878130217,FALSE
"IL6","crp",0.599,0.58347245409015,FALSE
"creatinine","IL18",0.59,0.592372881355932,FALSE
"IL18","creatinine",0.59,0.407627118644068,FALSE
"IL1RN","CCL4",0.585,0.47008547008547,FALSE
"CCL4","IL1RN",0.585,0.52991452991453,FALSE
"alt","IL18",0.58,0.553448275862069,FALSE
"IL18","alt",0.58,0.446551724137931,FALSE
"sex","HAVCR2",0.579,1,FALSE
"ldl","triglycerides",0.579,0.773747841105354,FALSE
"triglycerides","ldl",0.579,0.226252158894646,FALSE
"HAVCR2","sex",0.579,0,FALSE
"esr","IL1RN",0.575,0.379130434782609,FALSE
"IL1RN","esr",0.575,0.620869565217391,FALSE
"IL15","KLRD1",0.571,0.632224168126095,FALSE
"KLRD1","IL15",0.571,0.367775831873905,FALSE
"wbc","CXCL8",0.568,0.167253521126761,FALSE
"CXCL8","wbc",0.568,0.832746478873239,FALSE
"CCL3","TNFRSF1B",0.563,0.25044404973357,FALSE
"TNFRSF1B","CCL3",0.563,0.74955595026643,FALSE
"age_group","IL10",0.556,1,FALSE
"IL10","age_group",0.556,0,FALSE
"GDF15","FGF21",0.555,0.726126126126126,FALSE
"FGF21","GDF15",0.555,0.273873873873874,FALSE
"CCL11","VEGFA",0.552,0.592391304347826,FALSE
"VEGFA","CCL11",0.552,0.407608695652174,FALSE
"CXCL9","KLRD1",0.548,0.817518248175182,FALSE
"KLRD1","CXCL9",0.548,0.182481751824818,FALSE
"CXCL11","VEGFA",0.547,0.480804387568556,FALSE
"VEGFA","CXCL11",0.547,0.519195612431444,FALSE
"rdw","IGFBP7",0.546,0.591575091575092,FALSE
"IGFBP7","rdw",0.546,0.408424908424908,FALSE
"crp","esr",0.544,0.675551470588235,FALSE
"esr","crp",0.544,0.324448529411765,FALSE
"CXCL9","CCL4",0.544,0.59375,FALSE
"CCL2","MMP12",0.544,0.610294117647059,FALSE
"CCL4","CXCL9",0.544,0.40625,FALSE
"MMP12","CCL2",0.544,0.389705882352941,FALSE
"IL18","IL1RN",0.543,0.534069981583794,FALSE
"IL1RN","IL18",0.543,0.465930018416206,FALSE
"hemoglobin","wbc",0.541,0.791127541589649,FALSE
"wbc","hemoglobin",0.541,0.208872458410351,FALSE
"eosinophils","hemoglobin",0.54,0.366666666666667,FALSE
"hemoglobin","eosinophils",0.54,0.633333333333333,FALSE
"age_group","glucose",0.538,1,FALSE
"glucose","age_group",0.538,0,FALSE
"alt","hematocrit",0.537,0.312849162011173,FALSE
"hematocrit","alt",0.537,0.687150837988827,FALSE
"cmv","KLRD1",0.526,1,FALSE
"KLRD1","cmv",0.526,0,FALSE
"hemoglobin","albumin",0.521,0.781190019193858,FALSE
"rdw","LAG3",0.521,0.576775431861804,FALSE
"albumin","hemoglobin",0.521,0.218809980806142,FALSE
"LAG3","rdw",0.521,0.423224568138196,FALSE
"hematocrit","calcium",0.518,0.457528957528958,FALSE
"calcium","hematocrit",0.518,0.542471042471042,FALSE
"CD8A","PDCD1",0.515,0.293203883495146,FALSE
"PDCD1","CD8A",0.515,0.706796116504854,FALSE
"hemoglobin","IL18",0.513,0.773879142300195,FALSE
"IL18","hemoglobin",0.513,0.226120857699805,FALSE
"sex","hemoglobin",0.512,1,FALSE
"hemoglobin","sex",0.512,0,FALSE
"age_group","IGFBP7",0.506,1,FALSE
"alt","IL1RN",0.506,0.535573122529644,FALSE
"IL1RN","alt",0.506,0.464426877470356,FALSE
"IGFBP7","age_group",0.506,0,FALSE
"IL10","FGF21",0.501,0.636726546906188,FALSE
"GDF15","TNFRSF1B",0.501,0.365269461077844,FALSE
"FGF21","IL10",0.501,0.363273453093812,FALSE
"TNFRSF1B","GDF15",0.501,0.634730538922156,FALSE
"glucose","CCL3",0.5,0.69,FALSE
"CCL3","glucose",0.5,0.31,FALSE
"bun","TNFRSF1A",0.497,0.626760563380282,FALSE
"TNFRSF1A","bun",0.497,0.373239436619718,FALSE
"neutrophils","GZMA",0.496,0.308467741935484,FALSE
"IL1RN","CCL2",0.496,0.737903225806452,FALSE
"CCL2","IL1RN",0.496,0.262096774193548,FALSE
"GZMA","neutrophils",0.496,0.691532258064516,FALSE
"neutrophils","IL1RN",0.492,0.235772357723577,FALSE
"IL1RN","neutrophils",0.492,0.764227642276423,FALSE
"age_group","bun",0.491,1,FALSE
"bun","age_group",0.491,0,FALSE
"wbc","IL1RN",0.491,0.228105906313646,FALSE
"IL1RN","wbc",0.491,0.771894093686354,FALSE
"sex","CD274",0.486,1,FALSE
"CD274","sex",0.486,0,FALSE
"esr","hematocrit",0.482,0.512448132780083,FALSE
"hematocrit","esr",0.482,0.487551867219917,FALSE
"IL18","IL10",0.481,0.46985446985447,FALSE
"IL10","IL18",0.481,0.53014553014553,FALSE
"neutrophils","IL6",0.477,0.176100628930818,FALSE
"IL6","neutrophils",0.477,0.823899371069182,FALSE
"potassium","CD8A",0.475,0.292631578947368,FALSE
"CD8A","potassium",0.475,0.707368421052632,FALSE
"CCL2","CCL8",0.47,0.727659574468085,FALSE
"CCL8","CCL2",0.47,0.272340425531915,FALSE
"age_group","rdw",0.469,1,FALSE
"rdw","age_group",0.469,0,FALSE
"crp","neutrophils",0.467,0.711991434689508,FALSE
"neutrophils","crp",0.467,0.288008565310493,FALSE
"HAVCR2","CD274",0.467,0.685224839400428,FALSE
"CD274","HAVCR2",0.467,0.314775160599572,FALSE
"lymphocytes","IFNG",0.462,0.37987012987013,FALSE
"platelets","IL10",0.462,0.348484848484849,FALSE
"IFNG","lymphocytes",0.462,0.62012987012987,FALSE
"IL10","platelets",0.462,0.651515151515151,FALSE
"GDF15","HAVCR2",0.461,0.609544468546638,FALSE
"HAVCR2","GDF15",0.461,0.390455531453362,FALSE
"alt","KLRD1",0.46,0.489130434782609,FALSE
"KLRD1","alt",0.46,0.510869565217391,FALSE
"age_group","ldl",0.459,1,FALSE
"ldl","age_group",0.459,0,FALSE
"albumin","CD274",0.459,0.413943355119826,FALSE
"CD274","albumin",0.459,0.586056644880174,FALSE
"hematocrit","TNF",0.459,0.75599128540305,FALSE
"TNF","hematocrit",0.459,0.24400871459695,FALSE
"eosinophils","glucose",0.458,0.336244541484716,FALSE
"glucose","eosinophils",0.458,0.663755458515284,FALSE
"alt","CCL3",0.457,0.470459518599562,FALSE
"CCL3","alt",0.457,0.529540481400438,FALSE
"lymphocytes","IL15",0.456,0.415570175438596,FALSE
"IL15","lymphocytes",0.456,0.584429824561403,FALSE
"glucose","potassium",0.455,0.587912087912088,FALSE
"potassium","glucose",0.455,0.412087912087912,FALSE
"TNF","PDCD1",0.455,0.306593406593407,FALSE
"PDCD1","TNF",0.455,0.693406593406593,FALSE
"IL6","TNFRSF1A",0.455,0.323076923076923,FALSE
"CXCL8","CCL4",0.455,0.456043956043956,FALSE
"CCL4","CXCL8",0.455,0.543956043956044,FALSE
"TNFRSF1A","IL6",0.455,0.676923076923077,FALSE
"age_group","CD8A",0.453,1,FALSE
"CD8A","age_group",0.453,0,FALSE
"platelets","VEGFA",0.451,0.343680709534368,FALSE
"VEGFA","platelets",0.451,0.656319290465632,FALSE
"IL6","LEP",0.449,0.712694877505568,FALSE
"LEP","IL6",0.449,0.287305122494432,FALSE
"creatinine","IL7",0.447,0.308724832214765,FALSE
"IL7","creatinine",0.447,0.691275167785235,FALSE
"monocytes","ldl",0.445,0.375280898876404,FALSE
"ldl","monocytes",0.445,0.624719101123596,FALSE
"IL7","IGFBP7",0.442,0.368778280542986,FALSE
"IGFBP7","IL7",0.442,0.631221719457014,FALSE
"bun","CD8A",0.441,0.609977324263039,FALSE
"CD8A","bun",0.441,0.390022675736961,FALSE
"alt","glucose",0.44,0.306818181818182,FALSE
"glucose","alt",0.44,0.693181818181818,FALSE
"CXCL11","CCL4",0.44,0.436363636363636,FALSE
"CCL4","CXCL11",0.44,0.563636363636364,FALSE
"CXCL9","CCL3",0.438,0.71689497716895,FALSE
"CCL3","CXCL9",0.438,0.28310502283105,FALSE
"sex","rdw",0.437,1,FALSE
"rdw","sex",0.437,0,FALSE
"eosinophils","IL18",0.432,0.680555555555556,FALSE
"IL18","eosinophils",0.432,0.319444444444444,FALSE
"GDF15","TNFRSF1A",0.431,0.707656612529002,FALSE
"TNFRSF1A","GDF15",0.431,0.292343387470998,FALSE
"IL18","HAVCR2",0.43,0.37906976744186,FALSE
"HAVCR2","IL18",0.43,0.62093023255814,FALSE
"age_group","TNF",0.429,1,FALSE
"TNF","age_group",0.429,0,FALSE
"CXCL10","IGFBP7",0.429,0.762237762237762,FALSE
"IGFBP7","CXCL10",0.429,0.237762237762238,FALSE
"eosinophils","calcium",0.428,0.586448598130841,FALSE
"calcium","eosinophils",0.428,0.413551401869159,FALSE
"potassium","PDCD1",0.426,0.577464788732394,FALSE
"PDCD1","potassium",0.426,0.422535211267606,FALSE
"neutrophils","CCL2",0.422,0.35781990521327,FALSE
"CCL2","neutrophils",0.422,0.64218009478673,FALSE
"CXCL8","CXCL11",0.421,0.515439429928741,FALSE
"CXCL11","CXCL8",0.421,0.484560570071259,FALSE
"eosinophils","ast",0.42,0.735714285714286,FALSE
"ast","eosinophils",0.42,0.264285714285714,FALSE
"IL7","FGF21",0.42,0.585714285714286,FALSE
"FGF21","IL7",0.42,0.414285714285714,FALSE
"cmv","CXCL11",0.419,1,FALSE
"CXCL11","cmv",0.419,0,FALSE
"CXCL10","IL15",0.414,0.357487922705314,FALSE
"IL15","CXCL10",0.414,0.642512077294686,FALSE
"lymphocytes","calcium",0.411,0.608272506082725,FALSE
"albumin","CXCL10",0.411,0.347931873479319,FALSE
"calcium","lymphocytes",0.411,0.391727493917275,FALSE
"CXCL10","albumin",0.411,0.652068126520681,FALSE
"CCL3","FGF21",0.411,0.506082725060827,FALSE
"FGF21","CCL3",0.411,0.493917274939173,FALSE
"sex","crp",0.41,1,FALSE
"sex","CHI3L1",0.41,1,FALSE
"crp","sex",0.41,0,FALSE
"CHI3L1","sex",0.41,0,FALSE
"potassium","IFNG",0.408,0.591911764705882,FALSE
"IFNG","potassium",0.408,0.408088235294118,FALSE
"CXCL11","GZMB",0.406,0.364532019704433,FALSE
"GZMB","CXCL11",0.406,0.635467980295567,FALSE
"IL15","GDF15",0.405,0.598765432098765,FALSE
"GDF15","IL15",0.405,0.401234567901235,FALSE
"eosinophils","hdl",0.402,0.614427860696517,FALSE
"hdl","eosinophils",0.402,0.385572139303483,FALSE
"ast","calcium",0.401,0.674563591022444,FALSE
"calcium","ast",0.401,0.325436408977556,FALSE
"cmv","TNF",0.4,1,FALSE
"triglycerides","IL1RN",0.4,0.3475,FALSE
"TNF","cmv",0.4,0,FALSE
"IL1RN","triglycerides",0.4,0.6525,FALSE
"sex","hematocrit",0.397,1,FALSE
"cmv","lymphocytes",0.397,1,FALSE
"lymphocytes","cmv",0.397,0,FALSE
"hematocrit","sex",0.397,0,FALSE
"CCL11","GDF15",0.396,0.612373737373737,FALSE
"GDF15","CCL11",0.396,0.387626262626263,FALSE
"crp","LEP",0.394,0.218274111675127,FALSE
"LEP","crp",0.394,0.781725888324873,FALSE
"creatinine","CCL4",0.392,0.706632653061224,FALSE
"IFNG","KLRD1",0.392,0.561224489795918,FALSE
"CCL4","creatinine",0.392,0.293367346938776,FALSE
"KLRD1","IFNG",0.392,0.438775510204082,FALSE
"lymphocytes","hdl",0.391,0.41304347826087,FALSE
"hdl","lymphocytes",0.391,0.58695652173913,FALSE
"GZMA","KLRD1",0.389,0.766066838046272,FALSE
"KLRD1","GZMA",0.389,0.233933161953727,FALSE
"eosinophils","IL6",0.388,0.610824742268041,FALSE
"IL6","eosinophils",0.388,0.389175257731959,FALSE
"bun","MMP12",0.387,0.705426356589147,FALSE
"CXCL9","GZMA",0.387,0.665374677002584,FALSE
"CXCL9","CD274",0.387,0.630490956072351,FALSE
"GZMA","CXCL9",0.387,0.334625322997416,FALSE
"MMP12","bun",0.387,0.294573643410853,FALSE
"CD274","CXCL9",0.387,0.369509043927649,FALSE
"esr","calcium",0.385,0.667532467532468,FALSE
"calcium","esr",0.385,0.332467532467532,FALSE
"crp","IL15",0.383,0.543080939947781,FALSE
"IL15","crp",0.383,0.456919060052219,FALSE
"CHI3L1","VEGFA",0.377,0.437665782493369,FALSE
"VEGFA","CHI3L1",0.377,0.562334217506631,FALSE
"CXCL9","TNFRSF1B",0.373,0.487935656836461,FALSE
"TNFRSF1B","CXCL9",0.373,0.512064343163539,FALSE
"crp","eosinophils",0.372,0.43010752688172,FALSE
"eosinophils","crp",0.372,0.56989247311828,FALSE
"CCL3","LEP",0.371,0.683288409703504,FALSE
"LEP","CCL3",0.371,0.316711590296496,FALSE
"FGF21","CD274",0.37,0.459459459459459,FALSE
"CD274","FGF21",0.37,0.540540540540541,FALSE
"IL7","CCL11",0.369,0.765582655826558,FALSE
"CCL11","IL7",0.369,0.234417344173442,FALSE
"ldl","IL1RN",0.367,0.476839237057221,FALSE
"IL1RN","ldl",0.367,0.523160762942779,FALSE
"IL1RN","HAVCR2",0.367,0.427792915531335,FALSE
"HAVCR2","IL1RN",0.367,0.572207084468665,FALSE
"CXCL9","MMP12",0.366,0.579234972677596,FALSE
"MMP12","CXCL9",0.366,0.420765027322404,FALSE
"crp","glucose",0.365,0.443835616438356,FALSE
"glucose","crp",0.365,0.556164383561644,FALSE
"wbc","IL6",0.365,0.16986301369863,FALSE
"IL6","wbc",0.365,0.83013698630137,FALSE
"sex","platelets",0.364,1,FALSE
"crp","CCL8",0.364,0.478021978021978,FALSE
"platelets","sex",0.364,0,FALSE
"CCL8","crp",0.364,0.521978021978022,FALSE
"esr","GZMB",0.363,0.520661157024793,FALSE
"GZMB","esr",0.363,0.479338842975207,FALSE
"CXCL10","CCL3",0.362,0.712707182320442,FALSE
"CCL3","CXCL10",0.362,0.287292817679558,FALSE
"neutrophils","IL7",0.36,0.208333333333333,FALSE
"hdl","ast",0.36,0.752777777777778,FALSE
"ast","hdl",0.36,0.247222222222222,FALSE
"IL7","neutrophils",0.36,0.791666666666667,FALSE
"hematocrit","GZMB",0.358,0.480446927374302,FALSE
"GZMB","hematocrit",0.358,0.519553072625698,FALSE
"hemoglobin","CD8A",0.354,0.751412429378531,FALSE
"albumin","TNFRSF1A",0.354,0.34180790960452,FALSE
"creatinine","wbc",0.354,0.706214689265537,FALSE
"wbc","creatinine",0.354,0.293785310734463,FALSE
"CCL4","VEGFA",0.354,0.440677966101695,FALSE
"TNFRSF1A","albumin",0.354,0.65819209039548,FALSE
"CD8A","hemoglobin",0.354,0.248587570621469,FALSE
"VEGFA","CCL4",0.354,0.559322033898305,FALSE
"IL6","CCL8",0.353,0.643059490084986,FALSE
"CCL8","IL6",0.353,0.356940509915014,FALSE
"creatinine","IGFBP7",0.351,0.831908831908832,FALSE
"potassium","LEP",0.351,0.715099715099715,FALSE
"IGFBP7","creatinine",0.351,0.168091168091168,FALSE
"LEP","potassium",0.351,0.284900284900285,FALSE
"esr","ast",0.347,0.648414985590778,FALSE
"ast","esr",0.347,0.351585014409222,FALSE
"age_group","IL15",0.346,1,FALSE
"IL15","age_group",0.346,0,FALSE
"IL15","FGF21",0.345,0.47536231884058,FALSE
"FGF21","IL15",0.345,0.52463768115942,FALSE
"monocytes","platelets",0.343,0.39067055393586,FALSE
"platelets","monocytes",0.343,0.60932944606414,FALSE
"ldl","HAVCR2",0.343,0.533527696793003,FALSE
"HAVCR2","ldl",0.343,0.466472303206997,FALSE
"esr","creatinine",0.342,0.456140350877193,FALSE
"creatinine","esr",0.342,0.543859649122807,FALSE
"TNF","CCL8",0.342,0.58187134502924,FALSE
"CCL8","TNF",0.342,0.41812865497076,FALSE
"neutrophils","potassium",0.341,0.297653958944282,FALSE
"ldl","IL6",0.341,0.577712609970675,FALSE
"potassium","neutrophils",0.341,0.702346041055719,FALSE
"IL6","ldl",0.341,0.422287390029326,FALSE
"neutrophils","creatinine",0.34,0.385294117647059,FALSE
"creatinine","neutrophils",0.34,0.614705882352941,FALSE
"calcium","TNFRSF1A",0.339,0.581120943952802,FALSE
"CXCL9","LAG3",0.339,0.616519174041298,FALSE
"TNFRSF1A","calcium",0.339,0.418879056047198,FALSE
"LAG3","CXCL9",0.339,0.383480825958702,FALSE
"VEGFA","LEP",0.338,0.343195266272189,FALSE
"LEP","VEGFA",0.338,0.656804733727811,FALSE
"IL15","TNFRSF1A",0.338,0.630177514792899,FALSE
"TNFRSF1A","IL15",0.338,0.369822485207101,FALSE
"hematocrit","CCL4",0.335,0.402985074626866,FALSE
"CCL4","hematocrit",0.335,0.597014925373134,FALSE
"IL6","CCL2",0.335,0.516417910447761,FALSE
"CCL2","IL6",0.335,0.483582089552239,FALSE
"lymphocytes","GZMA",0.334,0.419161676646707,FALSE
"GZMA","lymphocytes",0.334,0.580838323353293,FALSE
"VEGFA","CD274",0.334,0.631736526946108,FALSE
"CD274","VEGFA",0.334,0.368263473053892,FALSE
"lymphocytes","CXCL11",0.333,0.435435435435435,FALSE
"CXCL11","lymphocytes",0.333,0.564564564564565,FALSE
"IL15","PDCD1",0.331,0.561933534743203,FALSE
"PDCD1","IL15",0.331,0.438066465256798,FALSE
"hdl","PDCD1",0.33,0.4,FALSE
"ldl","calcium",0.33,0.677272727272727,FALSE
"calcium","ldl",0.33,0.322727272727273,FALSE
"PDCD1","hdl",0.33,0.6,FALSE
"neutrophils","KLRD1",0.329,0.519756838905775,FALSE
"KLRD1","neutrophils",0.329,0.480243161094225,FALSE
"eosinophils","LAG3",0.329,0.732522796352584,FALSE
"LAG3","eosinophils",0.329,0.267477203647416,FALSE
"bun","GDF15",0.326,0.119631901840491,FALSE
"GDF15","bun",0.326,0.880368098159509,FALSE
"CXCL9","CHI3L1",0.325,0.670769230769231,FALSE
"CHI3L1","CXCL9",0.325,0.329230769230769,FALSE
"lymphocytes","KLRD1",0.325,0.529230769230769,FALSE
"KLRD1","lymphocytes",0.325,0.470769230769231,FALSE
"IL18","CD8A",0.323,0.74922600619195,FALSE
"CD8A","IL18",0.323,0.25077399380805,FALSE
"age_group","CXCL11",0.321,1,FALSE
"CXCL11","age_group",0.321,0,FALSE
"albumin","hematocrit",0.32,0.35625,FALSE
"hematocrit","albumin",0.32,0.64375,FALSE
"sex","esr",0.316,1,FALSE
"esr","sex",0.316,0,FALSE
"lymphocytes","CCL11",0.315,0.387301587301587,FALSE
"platelets","potassium",0.315,0.301587301587302,FALSE
"potassium","platelets",0.315,0.698412698412698,FALSE
"CCL11","lymphocytes",0.315,0.612698412698413,FALSE
"creatinine","KLRD1",0.314,0.74203821656051,FALSE
"KLRD1","creatinine",0.314,0.25796178343949,FALSE
"neutrophils","hemoglobin",0.313,0.226837060702875,FALSE
"monocytes","creatinine",0.313,0.584664536741214,FALSE
"hemoglobin","neutrophils",0.313,0.773162939297125,FALSE
"platelets","GZMB",0.313,0.501597444089457,FALSE
"creatinine","monocytes",0.313,0.415335463258786,FALSE
"GZMB","platelets",0.313,0.498402555910543,FALSE
"age_group","neutrophils",0.312,1,FALSE
"neutrophils","age_group",0.312,0,FALSE
"hemoglobin","glucose",0.312,0.628205128205128,FALSE
"glucose","hemoglobin",0.312,0.371794871794872,FALSE
"crp","wbc",0.311,0.790996784565916,FALSE
"wbc","crp",0.311,0.209003215434084,FALSE
"triglycerides","IL18",0.309,0.533980582524272,FALSE
"ast","LEP",0.309,0.333333333333333,FALSE
"IL18","triglycerides",0.309,0.466019417475728,FALSE
"CCL4","MMP12",0.309,0.511326860841424,FALSE
"MMP12","CCL4",0.309,0.488673139158576,FALSE
"LEP","ast",0.309,0.666666666666667,FALSE
"lymphocytes","LEP",0.308,0.25,FALSE
"rdw","hematocrit",0.308,0.850649350649351,FALSE
"hematocrit","rdw",0.308,0.149350649350649,FALSE
"LEP","lymphocytes",0.308,0.75,FALSE
"sex","CXCL11",0.307,1,FALSE
"CXCL11","sex",0.307,0,FALSE
"CCL8","GZMA",0.307,0.276872964169381,FALSE
"GZMA","CCL8",0.307,0.723127035830619,FALSE
"cmv","IL10",0.306,1,FALSE
"IL10","cmv",0.306,0,FALSE
"crp","KLRD1",0.304,0.470394736842105,FALSE
"GZMB","LAG3",0.304,0.598684210526316,FALSE
"KLRD1","crp",0.304,0.529605263157895,FALSE
"LAG3","GZMB",0.304,0.401315789473684,FALSE
"hemoglobin","alt",0.303,0.557755775577558,FALSE
"alt","hemoglobin",0.303,0.442244224422442,FALSE
"TNF","CD274",0.303,0.514851485148515,FALSE
"CD274","TNF",0.303,0.485148514851485,FALSE
"cmv","glucose",0.302,1,FALSE
"glucose","cmv",0.302,0,FALSE
"wbc","CCL2",0.302,0.205298013245033,FALSE
"CCL2","wbc",0.302,0.794701986754967,FALSE
"hematocrit","IFNG",0.301,0.18936877076412,FALSE
"IFNG","hematocrit",0.301,0.81063122923588,FALSE
"CCL3","PDCD1",0.299,0.454849498327759,FALSE
"PDCD1","CCL3",0.299,0.545150501672241,FALSE
"wbc","CCL3",0.297,0.195286195286195,FALSE
"CCL3","wbc",0.297,0.804713804713805,FALSE
"CCL4","PDCD1",0.297,0.409090909090909,FALSE
"PDCD1","CCL4",0.297,0.590909090909091,FALSE
"CD8A","KLRD1",0.295,0.572881355932203,FALSE
"KLRD1","CD8A",0.295,0.427118644067797,FALSE
"creatinine","CCL8",0.294,0.76530612244898,FALSE
"CCL8","creatinine",0.294,0.23469387755102,FALSE
"IL6","CHI3L1",0.293,0.440273037542662,FALSE
"CHI3L1","IL6",0.293,0.559726962457338,FALSE
"platelets","IL7",0.292,0.335616438356164,FALSE
"IL7","platelets",0.292,0.664383561643835,FALSE
"cmv","rdw",0.292,1,FALSE
"monocytes","CCL3",0.292,0.595890410958904,FALSE
"rdw","cmv",0.292,0,FALSE
"CCL3","monocytes",0.292,0.404109589041096,FALSE
"CHI3L1","TNFRSF1A",0.291,0.391752577319588,FALSE
"TNFRSF1A","CHI3L1",0.291,0.608247422680412,FALSE
"hemoglobin","potassium",0.29,0.23448275862069,FALSE
"potassium","hemoglobin",0.29,0.76551724137931,FALSE
"lymphocytes","platelets",0.29,0.382758620689655,FALSE
"platelets","lymphocytes",0.29,0.617241379310345,FALSE
"CXCL8","PDCD1",0.29,0.393103448275862,FALSE
"PDCD1","CXCL8",0.29,0.606896551724138,FALSE
"glucose","IL6",0.287,0.679442508710801,FALSE
"IL6","glucose",0.287,0.320557491289199,FALSE
"triglycerides","hematocrit",0.287,0.369337979094077,FALSE
"hematocrit","triglycerides",0.287,0.630662020905923,FALSE
"alt","calcium",0.286,0.674825174825175,FALSE
"calcium","alt",0.286,0.325174825174825,FALSE
"rdw","TNFRSF1B",0.285,0.428070175438596,FALSE
"TNFRSF1B","rdw",0.285,0.571929824561404,FALSE
"wbc","IL7",0.285,0.150877192982456,FALSE
"IL7","wbc",0.285,0.849122807017544,FALSE
"PDCD1","LAG3",0.284,0.542253521126761,FALSE
"LAG3","PDCD1",0.284,0.457746478873239,FALSE
"age_group","wbc",0.284,1,FALSE
"age_group","CCL2",0.284,1,FALSE
"wbc","age_group",0.284,0,FALSE
"CCL2","age_group",0.284,0,FALSE
"esr","potassium",0.283,0.452296819787986,FALSE
"hdl","hematocrit",0.283,0.296819787985866,FALSE
"triglycerides","FGF21",0.283,0.503533568904594,FALSE
"hematocrit","hdl",0.283,0.703180212014134,FALSE
"potassium","esr",0.283,0.547703180212014,FALSE
"CCL11","MMP12",0.283,0.416961130742049,FALSE
"FGF21","triglycerides",0.283,0.496466431095406,FALSE
"MMP12","CCL11",0.283,0.58303886925795,FALSE
"CXCL9","GDF15",0.283,0.144876325088339,FALSE
"GDF15","CXCL9",0.283,0.855123674911661,FALSE
"rdw","glucose",0.281,0.576512455516014,FALSE
"glucose","rdw",0.281,0.423487544483986,FALSE
"CHI3L1","MMP12",0.281,0.444839857651246,FALSE
"MMP12","CHI3L1",0.281,0.555160142348754,FALSE
"alt","IL6",0.28,0.360714285714286,FALSE
"IL6","alt",0.28,0.639285714285714,FALSE
"CXCL10","GZMA",0.28,0.657142857142857,FALSE
"GZMA","CXCL10",0.28,0.342857142857143,FALSE
"sex","CCL4",0.279,1,FALSE
"CCL4","sex",0.279,0,FALSE
"IL6","CD274",0.278,0.453237410071942,FALSE
"CCL2","LAG3",0.278,0.449640287769784,FALSE
"LAG3","CCL2",0.278,0.550359712230216,FALSE
"CD274","IL6",0.278,0.546762589928057,FALSE
"monocytes","IL6",0.276,0.423913043478261,FALSE
"albumin","glucose",0.276,0.329710144927536,FALSE
"glucose","albumin",0.276,0.670289855072464,FALSE
"IL6","monocytes",0.276,0.576086956521739,FALSE
"age_group","CD274",0.275,1,FALSE
"sex","CCL3",0.275,1,FALSE
"ldl","FGF21",0.275,0.56,FALSE
"albumin","GDF15",0.275,0.265454545454545,FALSE
"CCL3","sex",0.275,0,FALSE
"GDF15","albumin",0.275,0.734545454545455,FALSE
"FGF21","ldl",0.275,0.44,FALSE
"CD274","age_group",0.275,0,FALSE
"age_group","CHI3L1",0.273,1,FALSE
"IL1RN","CD274",0.273,0.505494505494505,FALSE
"CHI3L1","age_group",0.273,0,FALSE
"TNFRSF1A","VEGFA",0.273,0.564102564102564,FALSE
"VEGFA","TNFRSF1A",0.273,0.435897435897436,FALSE
"CD274","IL1RN",0.273,0.494505494505495,FALSE
"wbc","LEP",0.272,0.198529411764706,FALSE
"GZMB","VEGFA",0.272,0.488970588235294,FALSE
"VEGFA","GZMB",0.272,0.511029411764706,FALSE
"LEP","wbc",0.272,0.801470588235294,FALSE
"IL1RN","VEGFA",0.271,0.785977859778598,FALSE
"VEGFA","IL1RN",0.271,0.214022140221402,FALSE
"CXCL11","MMP12",0.27,0.362962962962963,FALSE
"MMP12","CXCL11",0.27,0.637037037037037,FALSE
"lymphocytes","CD8A",0.269,0.338289962825279,FALSE
"ldl","LAG3",0.269,0.598513011152416,FALSE
"CD8A","lymphocytes",0.269,0.661710037174721,FALSE
"LAG3","ldl",0.269,0.401486988847584,FALSE
"monocytes","CXCL8",0.268,0.388059701492537,FALSE
"ldl","GZMB",0.268,0.742537313432836,FALSE
"creatinine","TNFRSF1A",0.268,0.738805970149254,FALSE
"CXCL8","monocytes",0.268,0.611940298507463,FALSE
"CXCL8","CCL8",0.268,0.686567164179104,FALSE
"CCL8","CXCL8",0.268,0.313432835820896,FALSE
"IGFBP7","KLRD1",0.268,0.544776119402985,FALSE
"TNFRSF1A","creatinine",0.268,0.261194029850746,FALSE
"GZMB","ldl",0.268,0.257462686567164,FALSE
"KLRD1","IGFBP7",0.268,0.455223880597015,FALSE
"crp","alt",0.267,0.700374531835206,FALSE
"crp","IL1RN",0.267,0.205992509363296,FALSE
"platelets","GDF15",0.267,0.299625468164794,FALSE
"alt","crp",0.267,0.299625468164794,FALSE
"IL1RN","crp",0.267,0.794007490636704,FALSE
"CCL3","HAVCR2",0.267,0.307116104868914,FALSE
"GDF15","platelets",0.267,0.700374531835206,FALSE
"HAVCR2","CCL3",0.267,0.692883895131086,FALSE
"ldl","ast",0.266,0.609022556390977,FALSE
"ast","ldl",0.266,0.390977443609023,FALSE
"potassium","CCL3",0.266,0.609022556390977,FALSE
"CCL3","potassium",0.266,0.390977443609023,FALSE
"IL6","LAG3",0.265,0.471698113207547,FALSE
"LAG3","IL6",0.265,0.528301886792453,FALSE
"age_group","lymphocytes",0.264,1,FALSE
"lymphocytes","age_group",0.264,0,FALSE
"ast","IL18",0.264,0.378787878787879,FALSE
"IL18","ast",0.264,0.621212121212121,FALSE
"monocytes","GZMB",0.263,0.631178707224335,FALSE
"creatinine","IL1RN",0.263,0.665399239543726,FALSE
"IL1RN","creatinine",0.263,0.334600760456274,FALSE
"GZMB","monocytes",0.263,0.368821292775665,FALSE
"crp","IL7",0.262,0.721374045801527,FALSE
"rdw","PDCD1",0.262,0.625954198473282,FALSE
"IL7","crp",0.262,0.278625954198473,FALSE
"IL15","CD274",0.262,0.5,FALSE
"CCL3","MMP12",0.262,0.419847328244275,FALSE
"MMP12","CCL3",0.262,0.580152671755725,FALSE
"PDCD1","rdw",0.262,0.374045801526718,FALSE
"CD274","IL15",0.262,0.5,FALSE
"triglycerides","TNF",0.261,0.505747126436782,FALSE
"TNF","triglycerides",0.261,0.494252873563218,FALSE
"GDF15","VEGFA",0.261,0.363984674329502,FALSE
"VEGFA","GDF15",0.261,0.636015325670498,FALSE
"esr","lymphocytes",0.26,0.611538461538461,FALSE
"lymphocytes","esr",0.26,0.388461538461538,FALSE
"glucose","CXCL8",0.26,0.788461538461538,FALSE
"CXCL8","glucose",0.26,0.211538461538462,FALSE
"platelets","calcium",0.259,0.544401544401544,FALSE
"ast","glucose",0.259,0.32046332046332,FALSE
"bun","IL15",0.259,0.326254826254826,FALSE
"glucose","ast",0.259,0.67953667953668,FALSE
"calcium","platelets",0.259,0.455598455598456,FALSE
"IL15","bun",0.259,0.673745173745174,FALSE
"HAVCR2","LEP",0.259,0.247104247104247,FALSE
"LEP","HAVCR2",0.259,0.752895752895753,FALSE
"sex","CXCL9",0.258,1,FALSE
"esr","IL6",0.258,0.422480620155039,FALSE
"IL6","esr",0.258,0.577519379844961,FALSE
"CXCL8","VEGFA",0.258,0.461240310077519,FALSE
"CXCL9","sex",0.258,0,FALSE
"VEGFA","CXCL8",0.258,0.538759689922481,FALSE
"sex","lymphocytes",0.256,1,FALSE
"cmv","potassium",0.256,1,FALSE
"lymphocytes","sex",0.256,0,FALSE
"potassium","cmv",0.256,0,FALSE
"rdw","CCL11",0.255,0.368627450980392,FALSE
"ast","GZMA",0.255,0.449019607843137,FALSE
"CCL11","rdw",0.255,0.631372549019608,FALSE
"GZMA","ast",0.255,0.550980392156863,FALSE
"esr","GZMA",0.254,0.582677165354331,FALSE
"hemoglobin","IFNG",0.254,0.228346456692913,FALSE
"ldl","alt",0.254,0.704724409448819,FALSE
"alt","ldl",0.254,0.295275590551181,FALSE
"IFNG","hemoglobin",0.254,0.771653543307087,FALSE
"GZMA","esr",0.254,0.417322834645669,FALSE
"IL15","IGFBP7",0.253,0.596837944664032,FALSE
"IGFBP7","IL15",0.253,0.403162055335968,FALSE
"sex","TNFRSF1B",0.252,1,FALSE
"hdl","bun",0.252,0.557539682539683,FALSE
"bun","hdl",0.252,0.442460317460317,FALSE
"TNFRSF1B","sex",0.252,0,FALSE
"age_group","TNFRSF1A",0.251,1,FALSE
"age_group","PDCD1",0.251,1,FALSE
"neutrophils","CCL4",0.251,0.382470119521912,FALSE
"eosinophils","alt",0.251,0.836653386454183,FALSE
"alt","eosinophils",0.251,0.163346613545817,FALSE
"CCL4","neutrophils",0.251,0.617529880478088,FALSE
"TNFRSF1A","age_group",0.251,0,FALSE
"PDCD1","age_group",0.251,0,FALSE
"CXCL11","IL7",0.25,0.306,FALSE
"IL7","CXCL11",0.25,0.694,FALSE
"platelets","IL6",0.249,0.457831325301205,FALSE
"IL6","platelets",0.249,0.542168674698795,FALSE
"eosinophils","albumin",0.248,0.701612903225806,FALSE
"hdl","LEP",0.248,0.580645161290323,FALSE
"albumin","eosinophils",0.248,0.298387096774194,FALSE
"IL6","CXCL9",0.248,0.451612903225806,FALSE
"CXCL9","IL6",0.248,0.548387096774194,FALSE
"LEP","hdl",0.248,0.419354838709677,FALSE
"age_group","CXCL8",0.247,1,FALSE
"sex","hdl",0.247,1,FALSE
"sex","IL1RN",0.247,1,FALSE
"hdl","sex",0.247,0,FALSE
"CXCL8","age_group",0.247,0,FALSE
"IL1RN","sex",0.247,0,FALSE
"IL15","GZMA",0.247,0.619433198380567,FALSE
"GZMA","IL15",0.247,0.380566801619433,FALSE
"crp","CCL11",0.246,0.455284552845528,FALSE
"monocytes","IL10",0.246,0.74390243902439,FALSE
"IL10","monocytes",0.246,0.25609756097561,FALSE
"CCL11","crp",0.246,0.544715447154472,FALSE
"CCL11","IGFBP7",0.246,0.359756097560976,FALSE
"IGFBP7","CCL11",0.246,0.640243902439024,FALSE
"CXCL10","LEP",0.245,0.346938775510204,FALSE
"IL7","CHI3L1",0.245,0.669387755102041,FALSE
"CHI3L1","IL7",0.245,0.330612244897959,FALSE
"LEP","CXCL10",0.245,0.653061224489796,FALSE
"hdl","IL15",0.244,0.329918032786885,FALSE
"glucose","CXCL10",0.244,0.5,FALSE
"CXCL10","glucose",0.244,0.5,FALSE
"IL15","hdl",0.244,0.670081967213115,FALSE
"sex","CCL2",0.243,1,FALSE
"creatinine","GDF15",0.243,0.518518518518518,FALSE
"CXCL10","GZMB",0.243,0.641975308641975,FALSE
"CCL2","sex",0.243,0,FALSE
"GDF15","creatinine",0.243,0.481481481481482,FALSE
"GZMB","CXCL10",0.243,0.358024691358025,FALSE
"TNF","IL15",0.242,0.419421487603306,FALSE
"IL15","TNF",0.242,0.580578512396694,FALSE
"hdl","IL1RN",0.242,0.400826446280992,FALSE
"TNF","TNFRSF1B",0.242,0.425619834710744,FALSE
"IL10","IGFBP7",0.242,0.444214876033058,FALSE
"IL1RN","hdl",0.242,0.599173553719008,FALSE
"CCL8","GDF15",0.242,0.770661157024793,FALSE
"GDF15","CCL8",0.242,0.229338842975207,FALSE
"GDF15","CHI3L1",0.242,0.611570247933884,FALSE
"CHI3L1","GDF15",0.242,0.388429752066116,FALSE
"IGFBP7","IL10",0.242,0.555785123966942,FALSE
"TNFRSF1B","TNF",0.242,0.574380165289256,FALSE
"KLRD1","VEGFA",0.242,0.545454545454546,FALSE
"VEGFA","KLRD1",0.242,0.454545454545455,FALSE
"lymphocytes","CXCL9",0.241,0.211618257261411,FALSE
"CXCL9","lymphocytes",0.241,0.788381742738589,FALSE
"IL15","LAG3",0.24,0.670833333333333,FALSE
"LAG3","IL15",0.24,0.329166666666667,FALSE
"eosinophils","CCL11",0.239,0.656903765690377,FALSE
"ldl","CCL2",0.239,0.443514644351464,FALSE
"CCL2","ldl",0.239,0.556485355648536,FALSE
"CCL11","eosinophils",0.239,0.343096234309623,FALSE
"GDF15","IGFBP7",0.239,0.410041841004184,FALSE
"CHI3L1","TNFRSF1B",0.239,0.497907949790795,FALSE
"IGFBP7","GDF15",0.239,0.589958158995816,FALSE
"TNFRSF1B","CHI3L1",0.239,0.502092050209205,FALSE
"sex","CXCL10",0.238,1,FALSE
"esr","ldl",0.238,0.529411764705882,FALSE
"ldl","esr",0.238,0.470588235294118,FALSE
"albumin","CD8A",0.238,0.487394957983193,FALSE
"CXCL10","sex",0.238,0,FALSE
"CD8A","albumin",0.238,0.512605042016807,FALSE
"GZMA","PDCD1",0.238,0.445378151260504,FALSE
"PDCD1","GZMA",0.238,0.554621848739496,FALSE
"neutrophils","bun",0.237,0.421940928270042,FALSE
"eosinophils","IL15",0.237,0.417721518987342,FALSE
"bun","neutrophils",0.237,0.578059071729958,FALSE
"IL7","GDF15",0.237,0.717299578059072,FALSE
"IL15","eosinophils",0.237,0.582278481012658,FALSE
"GDF15","IL7",0.237,0.282700421940928,FALSE
"eosinophils","MMP12",0.237,0.69831223628692,FALSE
"wbc","LAG3",0.237,0.244725738396625,FALSE
"CXCL8","GZMA",0.237,0.459915611814346,FALSE
"GZMA","CXCL8",0.237,0.540084388185654,FALSE
"MMP12","eosinophils",0.237,0.30168776371308,FALSE
"LAG3","wbc",0.237,0.755274261603376,FALSE
"sex","TNF",0.236,1,FALSE
"eosinophils","hematocrit",0.236,0.610169491525424,FALSE
"hematocrit","eosinophils",0.236,0.389830508474576,FALSE
"TNF","sex",0.236,0,FALSE
"eosinophils","platelets",0.235,0.574468085106383,FALSE
"platelets","eosinophils",0.235,0.425531914893617,FALSE
"wbc","CD8A",0.235,0.634042553191489,FALSE
"CCL4","LAG3",0.235,0.697872340425532,FALSE
"CD8A","wbc",0.235,0.365957446808511,FALSE
"LAG3","CCL4",0.235,0.302127659574468,FALSE
"hdl","IL6",0.233,0.463519313304721,FALSE
"ast","CCL2",0.233,0.44206008583691,FALSE
"IL6","hdl",0.233,0.536480686695279,FALSE
"CCL2","ast",0.233,0.55793991416309,FALSE
"CXCL10","IL7",0.232,0.599137931034483,FALSE
"IL7","CXCL10",0.232,0.400862068965517,FALSE
"cmv","platelets",0.231,1,FALSE
"platelets","cmv",0.231,0,FALSE
"CCL2","GZMA",0.231,0.264069264069264,FALSE
"GZMA","CCL2",0.231,0.735930735930736,FALSE
"hdl","TNFRSF1B",0.231,0.307359307359307,FALSE
"alt","GZMA",0.231,0.471861471861472,FALSE
"glucose","GDF15",0.231,0.307359307359307,FALSE
"IL10","PDCD1",0.231,0.378787878787879,FALSE
"IL1RN","CCL3",0.231,0.619047619047619,FALSE
"CCL3","IL1RN",0.231,0.380952380952381,FALSE
"GDF15","glucose",0.231,0.692640692640693,FALSE
"TNFRSF1B","hdl",0.231,0.692640692640693,FALSE
"GZMA","alt",0.231,0.528138528138528,FALSE
"PDCD1","IL10",0.231,0.621212121212121,FALSE
"platelets","CD8A",0.23,0.626086956521739,FALSE
"ast","IGFBP7",0.23,0.456521739130435,FALSE
"IL18","CHI3L1",0.23,0.669565217391304,FALSE
"CHI3L1","IL18",0.23,0.330434782608696,FALSE
"IGFBP7","ast",0.23,0.543478260869565,FALSE
"CD8A","platelets",0.23,0.373913043478261,FALSE
"age_group","IL6",0.229,1,FALSE
"IL6","age_group",0.229,0,FALSE
"crp","platelets",0.229,0.655021834061135,FALSE
"crp","TNFRSF1A",0.229,0.454148471615721,FALSE
"hemoglobin","creatinine",0.229,0.48471615720524,FALSE
"platelets","crp",0.229,0.344978165938865,FALSE
"rdw","TNF",0.229,0.646288209606987,FALSE
"creatinine","hemoglobin",0.229,0.51528384279476,FALSE
"TNF","rdw",0.229,0.353711790393013,FALSE
"TNFRSF1A","crp",0.229,0.54585152838428,FALSE
"TNFRSF1B","CD274",0.229,0.668122270742358,FALSE
"CD274","TNFRSF1B",0.229,0.331877729257642,FALSE
"sex","alt",0.228,1,FALSE
"alt","sex",0.228,0,FALSE
"creatinine","calcium",0.228,0.587719298245614,FALSE
"calcium","creatinine",0.228,0.412280701754386,FALSE
"CXCL10","LAG3",0.228,0.728070175438597,FALSE
"CCL4","CCL11",0.228,0.267543859649123,FALSE
"CCL11","CCL4",0.228,0.732456140350877,FALSE
"LAG3","CXCL10",0.228,0.271929824561404,FALSE
"hemoglobin","GZMB",0.228,0.649122807017544,FALSE
"CXCL9","IL15",0.228,0.315789473684211,FALSE
"IL15","CXCL9",0.228,0.684210526315789,FALSE
"GZMB","hemoglobin",0.228,0.350877192982456,FALSE
"hdl","LAG3",0.227,0.299559471365639,FALSE
"IL18","KLRD1",0.227,0.555066079295154,FALSE
"GZMA","LEP",0.227,0.392070484581498,FALSE
"KLRD1","IL18",0.227,0.444933920704846,FALSE
"LAG3","hdl",0.227,0.700440528634361,FALSE
"LEP","GZMA",0.227,0.607929515418502,FALSE
"rdw","albumin",0.227,0.806167400881057,FALSE
"albumin","rdw",0.227,0.193832599118943,FALSE
"calcium","GDF15",0.227,0.361233480176211,FALSE
"GDF15","calcium",0.227,0.638766519823789,FALSE
"monocytes","glucose",0.226,0.584070796460177,FALSE
"hdl","HAVCR2",0.226,0.393805309734513,FALSE
"glucose","monocytes",0.226,0.415929203539823,FALSE
"HAVCR2","hdl",0.226,0.606194690265487,FALSE
"sex","VEGFA",0.225,1,FALSE
"CCL8","CHI3L1",0.225,0.402222222222222,FALSE
"CHI3L1","CCL8",0.225,0.597777777777778,FALSE
"VEGFA","sex",0.225,0,FALSE
"age_group","GZMB",0.224,1,FALSE
"GZMB","age_group",0.224,0,FALSE
"monocytes","CCL11",0.224,0.683035714285714,FALSE
"CCL11","monocytes",0.224,0.316964285714286,FALSE
"cmv","TNFRSF1B",0.223,1,FALSE
"platelets","CD274",0.223,0.475336322869955,FALSE
"CXCL10","KLRD1",0.223,0.816143497757847,FALSE
"CXCL11","IL10",0.223,0.600896860986547,FALSE
"IL10","CXCL11",0.223,0.399103139013453,FALSE
"CCL8","LEP",0.223,0.403587443946188,FALSE
"TNFRSF1B","cmv",0.223,0,FALSE
"KLRD1","CXCL10",0.223,0.183856502242152,FALSE
"CD274","platelets",0.223,0.524663677130045,FALSE
"LEP","CCL8",0.223,0.596412556053812,FALSE
"CCL4","GZMA",0.221,0.407239819004525,FALSE
"GZMA","CCL4",0.221,0.592760180995475,FALSE
"CXCL8","CXCL10",0.221,0.334841628959276,FALSE
"CXCL10","CXCL8",0.221,0.665158371040724,FALSE
"IGFBP7","LEP",0.221,0.212669683257919,FALSE
"LEP","IGFBP7",0.221,0.787330316742082,FALSE
"esr","LEP",0.22,0.372727272727273,FALSE
"LEP","esr",0.22,0.627272727272727,FALSE
"eosinophils","creatinine",0.22,0.640909090909091,FALSE
"creatinine","eosinophils",0.22,0.359090909090909,FALSE
"hdl","CCL8",0.219,0.611872146118721,FALSE
"CCL8","hdl",0.219,0.388127853881279,FALSE
"crp","GDF15",0.219,0.45662100456621,FALSE
"lymphocytes","GDF15",0.219,0.420091324200913,FALSE
"GDF15","crp",0.219,0.54337899543379,FALSE
"GDF15","lymphocytes",0.219,0.579908675799087,FALSE
"rdw","creatinine",0.218,0.380733944954128,FALSE
"creatinine","rdw",0.218,0.619266055045872,FALSE
"neutrophils","triglycerides",0.218,0.31651376146789,FALSE
"neutrophils","CCL3",0.218,0.252293577981651,FALSE
"triglycerides","neutrophils",0.218,0.68348623853211,FALSE
"bun","wbc",0.218,0.545871559633027,FALSE
"wbc","bun",0.218,0.454128440366972,FALSE
"CXCL8","IL7",0.218,0.467889908256881,FALSE
"IL7","CXCL8",0.218,0.532110091743119,FALSE
"CCL3","neutrophils",0.218,0.747706422018349,FALSE
"ldl","TNFRSF1B",0.218,0.651376146788991,FALSE
"TNFRSF1B","ldl",0.218,0.348623853211009,FALSE
"monocytes","CCL2",0.217,0.525345622119816,FALSE
"hdl","glucose",0.217,0.557603686635945,FALSE
"glucose","hdl",0.217,0.442396313364055,FALSE
"IL18","CCL3",0.217,0.285714285714286,FALSE
"CCL2","monocytes",0.217,0.474654377880184,FALSE
"CCL3","IL18",0.217,0.714285714285714,FALSE
"VEGFA","PDCD1",0.216,0.375,FALSE
"PDCD1","VEGFA",0.216,0.625,FALSE
"platelets","CHI3L1",0.216,0.277777777777778,FALSE
"IL6","CXCL8",0.216,0.555555555555556,FALSE
"CXCL8","IL6",0.216,0.444444444444444,FALSE
"CXCL9","CCL11",0.216,0.550925925925926,FALSE
"CCL11","CXCL9",0.216,0.449074074074074,FALSE
"CHI3L1","platelets",0.216,0.722222222222222,FALSE
"CHI3L1","LAG3",0.216,0.412037037037037,FALSE
"LAG3","CHI3L1",0.216,0.587962962962963,FALSE
"sex","GZMB",0.215,1,FALSE
"hdl","albumin",0.215,0.497674418604651,FALSE
"albumin","hdl",0.215,0.502325581395349,FALSE
"IL7","CCL8",0.215,0.555813953488372,FALSE
"CCL8","IL7",0.215,0.444186046511628,FALSE
"GZMB","sex",0.215,0,FALSE
"creatinine","IL15",0.215,0.655813953488372,FALSE
"IL15","creatinine",0.215,0.344186046511628,FALSE
"glucose","IL1RN",0.214,0.38785046728972,FALSE
"IL1RN","glucose",0.214,0.61214953271028,FALSE
"sex","glucose",0.214,1,FALSE
"platelets","rdw",0.214,0.313084112149533,FALSE
"rdw","platelets",0.214,0.686915887850467,FALSE
"bun","glucose",0.214,0.58411214953271,FALSE
"glucose","sex",0.214,0,FALSE
"glucose","bun",0.214,0.41588785046729,FALSE
"TNF","CXCL11",0.214,0.324766355140187,FALSE
"CXCL11","TNF",0.214,0.675233644859813,FALSE
"IFNG","IL18",0.214,0.705607476635514,FALSE
"IL18","IFNG",0.214,0.294392523364486,FALSE
"eosinophils","GZMA",0.214,0.663551401869159,FALSE
"GZMA","eosinophils",0.214,0.336448598130841,FALSE
"age_group","LAG3",0.213,1,FALSE
"potassium","HAVCR2",0.213,0.830985915492958,FALSE
"LAG3","age_group",0.213,0,FALSE
"HAVCR2","potassium",0.213,0.169014084507042,FALSE
"IGFBP7","HAVCR2",0.212,0.316037735849057,FALSE
"HAVCR2","IGFBP7",0.212,0.683962264150943,FALSE
"IL7","CCL4",0.211,0.5260663507109,FALSE
"CCL4","IL7",0.211,0.473933649289099,FALSE
"bun","TNFRSF1B",0.211,0.578199052132701,FALSE
"CXCL10","CCL4",0.211,0.57345971563981,FALSE
"CCL4","CXCL10",0.211,0.42654028436019,FALSE
"TNFRSF1B","bun",0.211,0.421800947867299,FALSE
"CHI3L1","GZMA",0.21,0.342857142857143,FALSE
"GZMA","CHI3L1",0.21,0.657142857142857,FALSE
"age_group","esr",0.21,1,FALSE
"sex","ast",0.21,1,FALSE
"esr","age_group",0.21,0,FALSE
"monocytes","ast",0.21,0.423809523809524,FALSE
"rdw","HAVCR2",0.21,0.485714285714286,FALSE
"ast","sex",0.21,0,FALSE
"ast","monocytes",0.21,0.576190476190476,FALSE
"HAVCR2","rdw",0.21,0.514285714285714,FALSE
"PDCD1","CD274",0.209,0.550239234449761,FALSE
"CD274","PDCD1",0.209,0.449760765550239,FALSE
"TNFRSF1B","VEGFA",0.209,0.497607655502392,FALSE
"VEGFA","TNFRSF1B",0.209,0.502392344497608,FALSE
"esr","FGF21",0.208,0.653846153846154,FALSE
"neutrophils","glucose",0.208,0.521634615384615,FALSE
"glucose","neutrophils",0.208,0.478365384615385,FALSE
"glucose","CCL2",0.208,0.524038461538461,FALSE
"CCL2","glucose",0.208,0.475961538461538,FALSE
"FGF21","esr",0.208,0.346153846153846,FALSE
"hdl","GDF15",0.208,0.153846153846154,FALSE
"GDF15","hdl",0.208,0.846153846153846,FALSE
"hemoglobin","ast",0.207,0.642512077294686,FALSE
"ast","hemoglobin",0.207,0.357487922705314,FALSE
"IL10","KLRD1",0.207,0.652173913043478,FALSE
"IL15","MMP12",0.207,0.66183574879227,FALSE
"KLRD1","IL10",0.207,0.347826086956522,FALSE
"MMP12","IL15",0.207,0.338164251207729,FALSE
"age_group","HAVCR2",0.207,1,FALSE
"cmv","GZMB",0.207,1,FALSE
"GZMB","cmv",0.207,0,FALSE
"HAVCR2","age_group",0.207,0,FALSE
"lymphocytes","hemoglobin",0.206,0.339805825242718,FALSE
"hemoglobin","lymphocytes",0.206,0.660194174757282,FALSE
"CHI3L1","GZMB",0.206,0.461165048543689,FALSE
"GZMB","CHI3L1",0.206,0.538834951456311,FALSE
"age_group","hdl",0.206,1,FALSE
"cmv","CCL4",0.206,1,FALSE
"hdl","age_group",0.206,0,FALSE
"CCL4","cmv",0.206,0,FALSE
"hemoglobin","GZMA",0.205,0.448780487804878,FALSE
"platelets","creatinine",0.205,0.370731707317073,FALSE
"creatinine","platelets",0.205,0.629268292682927,FALSE
"bun","CCL2",0.205,0.55609756097561,FALSE
"wbc","IL15",0.205,0.390243902439024,FALSE
"CXCL11","CCL8",0.205,0.504878048780488,FALSE
"IFNG","GZMA",0.205,0.375609756097561,FALSE
"IL15","wbc",0.205,0.609756097560976,FALSE
"CCL2","bun",0.205,0.44390243902439,FALSE
"CCL8","CXCL11",0.205,0.495121951219512,FALSE
"CHI3L1","LEP",0.205,0.482926829268293,FALSE
"GZMA","hemoglobin",0.205,0.551219512195122,FALSE
"GZMA","IFNG",0.205,0.624390243902439,FALSE
"LEP","CHI3L1",0.205,0.517073170731707,FALSE
"age_group","KLRD1",0.205,1,FALSE
"ldl","IL15",0.205,0.575609756097561,FALSE
"IL15","ldl",0.205,0.424390243902439,FALSE
"KLRD1","age_group",0.205,0,FALSE
"monocytes","bun",0.204,0.622549019607843,FALSE
"bun","monocytes",0.204,0.377450980392157,FALSE
"IFNG","IL15",0.204,0.394607843137255,FALSE
"IL15","IFNG",0.204,0.605392156862745,FALSE
"age_group","MMP12",0.204,1,FALSE
"sex","IL6",0.204,1,FALSE
"sex","IL10",0.204,1,FALSE
"hematocrit","IL18",0.204,0.700980392156863,FALSE
"IL6","sex",0.204,0,FALSE
"IL18","hematocrit",0.204,0.299019607843137,FALSE
"IL10","sex",0.204,0,FALSE
"MMP12","age_group",0.204,0,FALSE
"hemoglobin","IL1RN",0.203,0.408866995073892,FALSE
"platelets","wbc",0.203,0.773399014778325,FALSE
"hdl","IGFBP7",0.203,0.660098522167488,FALSE
"wbc","platelets",0.203,0.226600985221675,FALSE
"IL1RN","hemoglobin",0.203,0.591133004926108,FALSE
"IGFBP7","hdl",0.203,0.339901477832512,FALSE
"CD8A","CD274",0.203,0.650246305418719,FALSE
"CD274","CD8A",0.203,0.349753694581281,FALSE
"CXCL10","VEGFA",0.202,0.594059405940594,FALSE
"VEGFA","CXCL10",0.202,0.405940594059406,FALSE
"IFNG","MMP12",0.202,0.717821782178218,FALSE
"MMP12","IFNG",0.202,0.282178217821782,FALSE
"albumin","IL18",0.201,0.502487562189055,FALSE
"creatinine","VEGFA",0.201,0.681592039800995,FALSE
"IL18","albumin",0.201,0.497512437810945,FALSE
"IL18","VEGFA",0.201,0.472636815920398,FALSE
"TNFRSF1B","CD8A",0.201,0.482587064676617,FALSE
"CD8A","TNFRSF1B",0.201,0.517412935323383,FALSE
"VEGFA","creatinine",0.201,0.318407960199005,FALSE
"VEGFA","IL18",0.201,0.527363184079602,FALSE
"bun","CCL11",0.2,0.505,FALSE
"glucose","IL18",0.2,0.585,FALSE
"IL18","glucose",0.2,0.415,FALSE
"CCL11","bun",0.2,0.495,FALSE
"FGF21","LAG3",0.2,0.52,FALSE
"LAG3","FGF21",0.2,0.48,FALSE
"eosinophils","CCL2",0.2,0.745,FALSE
"CCL2","eosinophils",0.2,0.255,FALSE
"hemoglobin","calcium",0.199,0.396984924623116,FALSE
"hemoglobin","TNF",0.199,0.592964824120603,FALSE
"hematocrit","CXCL11",0.199,0.628140703517588,FALSE
"calcium","hemoglobin",0.199,0.603015075376884,FALSE
"TNF","hemoglobin",0.199,0.407035175879397,FALSE
"TNF","IL18",0.199,0.381909547738693,FALSE
"TNF","CHI3L1",0.199,0.457286432160804,FALSE
"CXCL9","IL1RN",0.199,0.517587939698492,FALSE
"CXCL11","hematocrit",0.199,0.371859296482412,FALSE
"IL18","TNF",0.199,0.618090452261307,FALSE
"IL1RN","CXCL9",0.199,0.482412060301508,FALSE
"CHI3L1","TNF",0.199,0.542713567839196,FALSE
"monocytes","LAG3",0.198,0.611111111111111,FALSE
"rdw","CXCL10",0.198,0.45959595959596,FALSE
"albumin","IL6",0.198,0.333333333333333,FALSE
"IL6","albumin",0.198,0.666666666666667,FALSE
"CXCL10","rdw",0.198,0.54040404040404,FALSE
"LAG3","monocytes",0.198,0.388888888888889,FALSE
"glucose","hematocrit",0.197,0.365482233502538,FALSE
"hematocrit","glucose",0.197,0.634517766497462,FALSE
"wbc","potassium",0.197,0.281725888324873,FALSE
"potassium","wbc",0.197,0.718274111675127,FALSE
"age_group","VEGFA",0.196,1,FALSE
"eosinophils","rdw",0.196,0.607142857142857,FALSE
"rdw","eosinophils",0.196,0.392857142857143,FALSE
"hdl","CCL11",0.196,0.678571428571429,FALSE
"glucose","CCL8",0.196,0.709183673469388,FALSE
"CCL8","glucose",0.196,0.290816326530612,FALSE
"CCL11","hdl",0.196,0.321428571428571,FALSE
"VEGFA","age_group",0.196,0,FALSE
"CCL11","TNFRSF1A",0.196,0.739795918367347,FALSE
"TNFRSF1A","CCL11",0.196,0.260204081632653,FALSE
"age_group","CXCL9",0.195,1,FALSE
"triglycerides","wbc",0.195,0.743589743589744,FALSE
"wbc","triglycerides",0.195,0.256410256410256,FALSE
"CXCL8","CHI3L1",0.195,0.415384615384615,FALSE
"CXCL9","age_group",0.195,0,FALSE
"IL7","TNFRSF1A",0.195,0.348717948717949,FALSE
"CHI3L1","CXCL8",0.195,0.584615384615385,FALSE
"TNFRSF1A","IL7",0.195,0.651282051282051,FALSE
"monocytes","hematocrit",0.194,0.43298969072165,FALSE
"platelets","LEP",0.194,0.371134020618557,FALSE
"rdw","bun",0.194,0.420103092783505,FALSE
"triglycerides","GZMB",0.194,0.701030927835052,FALSE
"bun","rdw",0.194,0.579896907216495,FALSE
"hematocrit","monocytes",0.194,0.56701030927835,FALSE
"TNF","CXCL8",0.194,0.45360824742268,FALSE
"CXCL8","TNF",0.194,0.54639175257732,FALSE
"GZMB","triglycerides",0.194,0.298969072164948,FALSE
"KLRD1","LAG3",0.194,0.355670103092784,FALSE
"MMP12","VEGFA",0.194,0.520618556701031,FALSE
"VEGFA","MMP12",0.194,0.479381443298969,FALSE
"LAG3","KLRD1",0.194,0.644329896907216,FALSE
"LEP","platelets",0.194,0.628865979381443,FALSE
"IL7","GZMB",0.193,0.430051813471503,FALSE
"GZMB","IL7",0.193,0.569948186528497,FALSE
"triglycerides","CD8A",0.193,0.735751295336788,FALSE
"CD8A","triglycerides",0.193,0.264248704663212,FALSE
"lymphocytes","CCL3",0.192,0.244791666666667,FALSE
"hdl","alt",0.192,0.75,FALSE
"alt","hdl",0.192,0.25,FALSE
"alt","creatinine",0.192,0.333333333333333,FALSE
"creatinine","alt",0.192,0.666666666666667,FALSE
"hematocrit","potassium",0.192,0.161458333333333,FALSE
"potassium","hematocrit",0.192,0.838541666666667,FALSE
"CCL3","lymphocytes",0.192,0.755208333333333,FALSE
"cmv","CCL8",0.191,1,FALSE
"monocytes","TNFRSF1A",0.191,0.570680628272251,FALSE
"monocytes","CD8A",0.191,0.612565445026178,FALSE
"TNF","FGF21",0.191,0.554973821989529,FALSE
"IL10","CD8A",0.191,0.612565445026178,FALSE
"CCL8","cmv",0.191,0,FALSE
"FGF21","TNF",0.191,0.445026178010471,FALSE
"TNFRSF1A","monocytes",0.191,0.429319371727749,FALSE
"CD8A","monocytes",0.191,0.387434554973822,FALSE
"CD8A","IL10",0.191,0.387434554973822,FALSE
"crp","albumin",0.19,0.684210526315789,FALSE
"rdw","hdl",0.19,0.615789473684211,FALSE
"hdl","rdw",0.19,0.384210526315789,FALSE
"albumin","crp",0.19,0.315789473684211,FALSE
"CXCL11","PDCD1",0.19,0.536842105263158,FALSE
"IFNG","CCL4",0.19,0.305263157894737,FALSE
"CCL4","IFNG",0.19,0.694736842105263,FALSE
"PDCD1","CXCL11",0.19,0.463157894736842,FALSE
"crp","calcium",0.189,0.576719576719577,FALSE
"calcium","crp",0.189,0.423280423280423,FALSE
"IFNG","FGF21",0.189,0.582010582010582,FALSE
"FGF21","IFNG",0.189,0.417989417989418,FALSE
"crp","creatinine",0.188,0.5,FALSE
"neutrophils","ast",0.188,0.526595744680851,FALSE
"ast","neutrophils",0.188,0.473404255319149,FALSE
"creatinine","crp",0.188,0.5,FALSE
"creatinine","CCL2",0.188,0.622340425531915,FALSE
"CXCL8","FGF21",0.188,0.531914893617021,FALSE
"IL7","PDCD1",0.188,0.526595744680851,FALSE
"CCL2","creatinine",0.188,0.377659574468085,FALSE
"FGF21","CXCL8",0.188,0.468085106382979,FALSE
"PDCD1","IL7",0.188,0.473404255319149,FALSE
"sex","PDCD1",0.187,1,FALSE
"PDCD1","sex",0.187,0,FALSE
"cmv","CD8A",0.186,1,FALSE
"CD8A","cmv",0.186,0,FALSE
"sex","albumin",0.185,1,FALSE
"esr","TNFRSF1B",0.185,0.416216216216216,FALSE
"hemoglobin","CXCL8",0.185,0.621621621621622,FALSE
"ldl","GDF15",0.185,0.448648648648649,FALSE
"alt","LEP",0.185,0.518918918918919,FALSE
"albumin","sex",0.185,0,FALSE
"CXCL8","hemoglobin",0.185,0.378378378378378,FALSE
"GDF15","ldl",0.185,0.551351351351351,FALSE
"TNFRSF1B","esr",0.185,0.583783783783784,FALSE
"LEP","alt",0.185,0.481081081081081,FALSE
"esr","hdl",0.184,0.456521739130435,FALSE
"esr","CHI3L1",0.184,0.391304347826087,FALSE
"hdl","esr",0.184,0.543478260869565,FALSE
"albumin","HAVCR2",0.184,0.483695652173913,FALSE
"TNF","CCL11",0.184,0.347826086956522,FALSE
"CXCL10","CCL2",0.184,0.625,FALSE
"CCL2","CXCL10",0.184,0.375,FALSE
"CCL11","TNF",0.184,0.652173913043478,FALSE
"CHI3L1","esr",0.184,0.608695652173913,FALSE
"HAVCR2","albumin",0.184,0.516304347826087,FALSE
"sex","neutrophils",0.183,1,FALSE
"crp","IL18",0.183,0.360655737704918,FALSE
"neutrophils","sex",0.183,0,FALSE
"neutrophils","IL18",0.183,0.26775956284153,FALSE
"platelets","FGF21",0.183,0.344262295081967,FALSE
"IL18","crp",0.183,0.639344262295082,FALSE
"IL18","neutrophils",0.183,0.73224043715847,FALSE
"FGF21","platelets",0.183,0.655737704918033,FALSE
"LAG3","HAVCR2",0.183,0.300546448087432,FALSE
"HAVCR2","LAG3",0.183,0.699453551912568,FALSE
"esr","IL15",0.182,0.464285714285714,FALSE
"monocytes","IL1RN",0.182,0.456043956043956,FALSE
"hemoglobin","LEP",0.182,0.252747252747253,FALSE
"IL1RN","monocytes",0.182,0.543956043956044,FALSE
"IL15","esr",0.182,0.535714285714286,FALSE
"CCL4","TNFRSF1B",0.182,0.582417582417582,FALSE
"TNFRSF1B","CCL4",0.182,0.417582417582418,FALSE
"LEP","hemoglobin",0.182,0.747252747252747,FALSE
"eosinophils","IGFBP7",0.181,0.685082872928177,FALSE
"CXCL9","TNFRSF1A",0.181,0.464088397790055,FALSE
"CXCL11","IL15",0.181,0.337016574585635,FALSE
"IL15","CXCL11",0.181,0.662983425414365,FALSE
"IGFBP7","eosinophils",0.181,0.314917127071823,FALSE
"TNFRSF1A","CXCL9",0.181,0.535911602209945,FALSE
"hemoglobin","platelets",0.18,0.6,FALSE
"platelets","hemoglobin",0.18,0.4,FALSE
"ast","wbc",0.18,0.522222222222222,FALSE
"creatinine","GZMB",0.18,0.588888888888889,FALSE
"wbc","ast",0.18,0.477777777777778,FALSE
"CXCL10","GDF15",0.18,0.416666666666667,FALSE
"GDF15","CXCL10",0.18,0.583333333333333,FALSE
"GZMB","creatinine",0.18,0.411111111111111,FALSE
"MMP12","CD274",0.18,0.477777777777778,FALSE
"CD274","MMP12",0.18,0.522222222222222,FALSE
"esr","monocytes",0.179,0.256983240223464,FALSE
"monocytes","esr",0.179,0.743016759776536,FALSE
"monocytes","CXCL9",0.179,0.525139664804469,FALSE
"eosinophils","IL10",0.179,0.424581005586592,FALSE
"rdw","MMP12",0.179,0.508379888268156,FALSE
"triglycerides","IL7",0.179,0.368715083798883,FALSE
"CXCL8","IL18",0.179,0.446927374301676,FALSE
"CXCL9","monocytes",0.179,0.474860335195531,FALSE
"IL18","CXCL8",0.179,0.553072625698324,FALSE
"IL10","eosinophils",0.179,0.575418994413408,FALSE
"IL7","triglycerides",0.179,0.631284916201117,FALSE
"CCL4","FGF21",0.179,0.597765363128492,FALSE
"FGF21","CCL4",0.179,0.402234636871508,FALSE
"MMP12","rdw",0.179,0.491620111731844,FALSE
"ast","GZMB",0.178,0.519662921348315,FALSE
"ast","KLRD1",0.178,0.353932584269663,FALSE
"IL18","TNFRSF1A",0.178,0.578651685393258,FALSE
"TNFRSF1A","IL18",0.178,0.421348314606742,FALSE
"GZMB","ast",0.178,0.480337078651685,FALSE
"KLRD1","ast",0.178,0.646067415730337,FALSE
"hematocrit","PDCD1",0.177,0.23728813559322,FALSE
"PDCD1","hematocrit",0.177,0.76271186440678,FALSE
"hemoglobin","MMP12",0.177,0.593220338983051,FALSE
"MMP12","hemoglobin",0.177,0.406779661016949,FALSE
"hemoglobin","IL15",0.176,0.267045454545455,FALSE
"hdl","IFNG",0.176,0.352272727272727,FALSE
"triglycerides","ast",0.176,0.710227272727273,FALSE
"triglycerides","bun",0.176,0.579545454545455,FALSE
"triglycerides","potassium",0.176,0.426136363636364,FALSE
"triglycerides","IL15",0.176,0.255681818181818,FALSE
"ast","triglycerides",0.176,0.289772727272727,FALSE
"bun","triglycerides",0.176,0.420454545454545,FALSE
"potassium","triglycerides",0.176,0.573863636363636,FALSE
"IL6","IFNG",0.176,0.511363636363636,FALSE
"IFNG","hdl",0.176,0.647727272727273,FALSE
"IFNG","IL6",0.176,0.488636363636364,FALSE
"IL15","hemoglobin",0.176,0.732954545454546,FALSE
"IL15","triglycerides",0.176,0.744318181818182,FALSE
"CHI3L1","IGFBP7",0.176,0.528409090909091,FALSE
"IGFBP7","CHI3L1",0.176,0.471590909090909,FALSE
"cmv","ldl",0.175,1,FALSE
"esr","glucose",0.175,0.474285714285714,FALSE
"rdw","GZMB",0.175,0.611428571428571,FALSE
"ldl","cmv",0.175,0,FALSE
"ast","TNFRSF1A",0.175,0.497142857142857,FALSE
"glucose","esr",0.175,0.525714285714286,FALSE
"CXCL8","IL10",0.175,0.52,FALSE
"IL10","CXCL8",0.175,0.48,FALSE
"TNFRSF1A","ast",0.175,0.502857142857143,FALSE
"GZMB","rdw",0.175,0.388571428571429,FALSE
"GZMB","KLRD1",0.175,0.48,FALSE
"KLRD1","GZMB",0.175,0.52,FALSE
"creatinine","HAVCR2",0.174,0.71264367816092,FALSE
"wbc","hematocrit",0.174,0.316091954022989,FALSE
"hematocrit","wbc",0.174,0.683908045977011,FALSE
"IFNG","CCL3",0.174,0.517241379310345,FALSE
"IL18","IGFBP7",0.174,0.528735632183908,FALSE
"CCL3","IFNG",0.174,0.482758620689655,FALSE
"IGFBP7","IL18",0.174,0.471264367816092,FALSE
"HAVCR2","creatinine",0.174,0.28735632183908,FALSE
"cmv","neutrophils",0.173,1,FALSE
"cmv","IGFBP7",0.173,1,FALSE
"neutrophils","cmv",0.173,0,FALSE
"alt","IGFBP7",0.173,0.549132947976879,FALSE
"albumin","LEP",0.173,0.132947976878613,FALSE
"IFNG","CCL2",0.173,0.624277456647399,FALSE
"CCL2","IFNG",0.173,0.375722543352601,FALSE
"IGFBP7","cmv",0.173,0,FALSE
"IGFBP7","alt",0.173,0.450867052023121,FALSE
"LEP","albumin",0.173,0.867052023121387,FALSE
"cmv","CCL2",0.172,1,FALSE
"hematocrit","CCL8",0.172,0.273255813953488,FALSE
"CCL2","cmv",0.172,0,FALSE
"CCL8","hematocrit",0.172,0.726744186046512,FALSE
"cmv","CD274",0.171,1,FALSE
"IFNG","LAG3",0.171,0.321637426900585,FALSE
"LAG3","IFNG",0.171,0.678362573099415,FALSE
"CD274","cmv",0.171,0,FALSE
"lymphocytes","alt",0.171,0.444444444444444,FALSE
"neutrophils","LAG3",0.171,0.35672514619883,FALSE
"alt","lymphocytes",0.171,0.555555555555556,FALSE
"ast","GDF15",0.171,0.596491228070175,FALSE
"glucose","IGFBP7",0.171,0.429824561403509,FALSE
"IL10","LEP",0.171,0.514619883040936,FALSE
"GDF15","ast",0.171,0.403508771929825,FALSE
"IGFBP7","glucose",0.171,0.570175438596491,FALSE
"LAG3","neutrophils",0.171,0.64327485380117,FALSE
"LEP","IL10",0.171,0.485380116959064,FALSE
"neutrophils","CXCL9",0.17,0.205882352941176,FALSE
"CXCL9","neutrophils",0.17,0.794117647058823,FALSE
"CCL2","TNFRSF1A",0.17,0.6,FALSE
"TNFRSF1A","CCL2",0.17,0.4,FALSE
"CD8A","GZMB",0.17,0.435294117647059,FALSE
"GZMB","CD8A",0.17,0.564705882352941,FALSE
"cmv","MMP12",0.169,1,FALSE
"esr","hemoglobin",0.169,0.597633136094674,FALSE
"hemoglobin","esr",0.169,0.402366863905325,FALSE
"triglycerides","CCL2",0.169,0.680473372781065,FALSE
"IL7","CD274",0.169,0.594674556213018,FALSE
"CCL2","triglycerides",0.169,0.319526627218935,FALSE
"MMP12","cmv",0.169,0,FALSE
"CD274","IL7",0.169,0.405325443786982,FALSE
"hemoglobin","TNFRSF1A",0.169,0.372781065088757,FALSE
"alt","LAG3",0.169,0.579881656804734,FALSE
"albumin","potassium",0.169,0.355029585798817,FALSE
"potassium","albumin",0.169,0.644970414201184,FALSE
"CCL2","IGFBP7",0.169,0.50887573964497,FALSE
"IGFBP7","CCL2",0.169,0.49112426035503,FALSE
"TNFRSF1A","hemoglobin",0.169,0.627218934911243,FALSE
"LAG3","alt",0.169,0.420118343195266,FALSE
"esr","CXCL10",0.168,0.327380952380952,FALSE
"neutrophils","LEP",0.168,0.18452380952381,FALSE
"platelets","ldl",0.168,0.583333333333333,FALSE
"ldl","platelets",0.168,0.416666666666667,FALSE
"IL6","GDF15",0.168,0.172619047619048,FALSE
"CXCL10","esr",0.168,0.672619047619048,FALSE
"GDF15","IL6",0.168,0.827380952380952,FALSE
"LEP","neutrophils",0.168,0.81547619047619,FALSE
"eosinophils","CD8A",0.168,0.517857142857143,FALSE
"rdw","potassium",0.168,0.440476190476191,FALSE
"potassium","rdw",0.168,0.55952380952381,FALSE
"CD8A","eosinophils",0.168,0.482142857142857,FALSE
"ast","CCL3",0.167,0.341317365269461,FALSE
"glucose","LEP",0.167,0.586826347305389,FALSE
"wbc","GZMA",0.167,0.323353293413174,FALSE
"IL6","CCL11",0.167,0.311377245508982,FALSE
"IFNG","CHI3L1",0.167,0.652694610778443,FALSE
"CCL3","ast",0.167,0.658682634730539,FALSE
"CCL4","GDF15",0.167,0.580838323353293,FALSE
"CCL11","IL6",0.167,0.688622754491018,FALSE
"GDF15","CCL4",0.167,0.419161676646707,FALSE
"CHI3L1","IFNG",0.167,0.347305389221557,FALSE
"GZMA","wbc",0.167,0.676646706586826,FALSE
"LEP","glucose",0.167,0.413173652694611,FALSE
"crp","IGFBP7",0.167,0.467065868263473,FALSE
"calcium","IL1RN",0.167,0.461077844311377,FALSE
"IL1RN","calcium",0.167,0.538922155688623,FALSE
"IGFBP7","crp",0.167,0.532934131736527,FALSE
"TNFRSF1A","PDCD1",0.167,0.461077844311377,FALSE
"PDCD1","TNFRSF1A",0.167,0.538922155688623,FALSE
"TNF","CCL2",0.166,0.41566265060241,FALSE
"IFNG","TNFRSF1B",0.166,0.692771084337349,FALSE
"CCL2","TNF",0.166,0.58433734939759,FALSE
"TNFRSF1B","IFNG",0.166,0.307228915662651,FALSE
"TNFRSF1B","KLRD1",0.166,0.692771084337349,FALSE
"KLRD1","TNFRSF1B",0.166,0.307228915662651,FALSE
"monocytes","CCL4",0.166,0.572289156626506,FALSE
"monocytes","MMP12",0.166,0.560240963855422,FALSE
"CXCL9","CCL8",0.166,0.719879518072289,FALSE
"CCL4","monocytes",0.166,0.427710843373494,FALSE
"CCL8","CXCL9",0.166,0.280120481927711,FALSE
"MMP12","monocytes",0.166,0.439759036144578,FALSE
"triglycerides","CXCL10",0.165,0.418181818181818,FALSE
"ast","IL1RN",0.165,0.575757575757576,FALSE
"creatinine","PDCD1",0.165,0.503030303030303,FALSE
"calcium","HAVCR2",0.165,0.757575757575758,FALSE
"CXCL10","triglycerides",0.165,0.581818181818182,FALSE
"IL1RN","ast",0.165,0.424242424242424,FALSE
"PDCD1","creatinine",0.165,0.496969696969697,FALSE
"HAVCR2","calcium",0.165,0.242424242424242,FALSE
"rdw","CXCL11",0.165,0.618181818181818,FALSE
"triglycerides","CHI3L1",0.165,0.472727272727273,FALSE
"calcium","CCL11",0.165,0.539393939393939,FALSE
"CXCL11","rdw",0.165,0.381818181818182,FALSE
"CCL11","calcium",0.165,0.460606060606061,FALSE
"CHI3L1","triglycerides",0.165,0.527272727272727,FALSE
"MMP12","PDCD1",0.165,0.442424242424242,FALSE
"PDCD1","MMP12",0.165,0.557575757575758,FALSE
"age_group","potassium",0.164,1,FALSE
"age_group","CCL4",0.164,1,FALSE
"potassium","age_group",0.164,0,FALSE
"CCL4","age_group",0.164,0,FALSE
"crp","LAG3",0.164,0.536585365853659,FALSE
"platelets","HAVCR2",0.164,0.621951219512195,FALSE
"hdl","GZMB",0.164,0.640243902439024,FALSE
"ast","TNF",0.164,0.548780487804878,FALSE
"bun","hematocrit",0.164,0.530487804878049,FALSE
"hematocrit","bun",0.164,0.469512195121951,FALSE
"TNF","ast",0.164,0.451219512195122,FALSE
"CXCL10","CCL11",0.164,0.557926829268293,FALSE
"CCL11","CXCL10",0.164,0.442073170731707,FALSE
"IGFBP7","TNFRSF1B",0.164,0.432926829268293,FALSE
"TNFRSF1B","IGFBP7",0.164,0.567073170731707,FALSE
"GZMB","hdl",0.164,0.359756097560976,FALSE
"LAG3","crp",0.164,0.463414634146341,FALSE
"HAVCR2","platelets",0.164,0.378048780487805,FALSE
"rdw","triglycerides",0.163,0.656441717791411,FALSE
"triglycerides","rdw",0.163,0.343558282208589,FALSE
"CXCL11","GDF15",0.163,0.496932515337423,FALSE
"CCL3","TNFRSF1A",0.163,0.417177914110429,FALSE
"GDF15","CXCL11",0.163,0.503067484662577,FALSE
"TNFRSF1A","CCL3",0.163,0.582822085889571,FALSE
"PDCD1","HAVCR2",0.163,0.582822085889571,FALSE
"HAVCR2","PDCD1",0.163,0.417177914110429,FALSE
"lymphocytes","GZMB",0.162,0.401234567901235,FALSE
"platelets","triglycerides",0.162,0.425925925925926,FALSE
"platelets","KLRD1",0.162,0.679012345679012,FALSE
"triglycerides","platelets",0.162,0.574074074074074,FALSE
"albumin","creatinine",0.162,0.314814814814815,FALSE
"albumin","CCL8",0.162,0.475308641975309,FALSE
"creatinine","albumin",0.162,0.685185185185185,FALSE
"bun","CCL3",0.162,0.388888888888889,FALSE
"IL15","GZMB",0.162,0.617283950617284,FALSE
"CCL3","bun",0.162,0.611111111111111,FALSE
"CCL8","albumin",0.162,0.524691358024691,FALSE
"GZMB","lymphocytes",0.162,0.598765432098765,FALSE
"GZMB","IL15",0.162,0.382716049382716,FALSE
"KLRD1","platelets",0.162,0.320987654320988,FALSE
"IL10","CCL11",0.162,0.561728395061728,FALSE
"CCL11","IL10",0.162,0.438271604938272,FALSE
"alt","TNF",0.161,0.683229813664596,FALSE
"albumin","KLRD1",0.161,0.478260869565217,FALSE
"wbc","IL10",0.161,0.31055900621118,FALSE
"wbc","VEGFA",0.161,0.260869565217391,FALSE
"TNF","alt",0.161,0.316770186335404,FALSE
"IFNG","TNFRSF1A",0.161,0.782608695652174,FALSE
"IL10","wbc",0.161,0.68944099378882,FALSE
"IL1RN","TNFRSF1B",0.161,0.521739130434783,FALSE
"TNFRSF1A","IFNG",0.161,0.217391304347826,FALSE
"TNFRSF1B","IL1RN",0.161,0.478260869565217,FALSE
"KLRD1","albumin",0.161,0.521739130434783,FALSE
"VEGFA","wbc",0.161,0.739130434782609,FALSE
"cmv","wbc",0.16,1,FALSE
"cmv","CCL11",0.16,1,FALSE
"hdl","wbc",0.16,0.7125,FALSE
"glucose","wbc",0.16,0.7625,FALSE
"wbc","cmv",0.16,0,FALSE
"wbc","hdl",0.16,0.2875,FALSE
"wbc","glucose",0.16,0.2375,FALSE
"IL6","TNF",0.16,0.64375,FALSE
"TNF","IL6",0.16,0.35625,FALSE
"TNF","TNFRSF1A",0.16,0.7375,FALSE
"IL15","TNFRSF1B",0.16,0.74375,FALSE
"CCL11","cmv",0.16,0,FALSE
"TNFRSF1A","TNF",0.16,0.2625,FALSE
"TNFRSF1B","IL15",0.16,0.25625,FALSE
"lymphocytes","CCL4",0.159,0.490566037735849,FALSE
"triglycerides","alt",0.159,0.691823899371069,FALSE
"alt","triglycerides",0.159,0.308176100628931,FALSE
"TNF","IGFBP7",0.159,0.433962264150943,FALSE
"CCL3","GZMA",0.159,0.427672955974843,FALSE
"CCL4","lymphocytes",0.159,0.509433962264151,FALSE
"IGFBP7","TNF",0.159,0.566037735849057,FALSE
"GZMA","CCL3",0.159,0.572327044025157,FALSE
"age_group","albumin",0.158,1,FALSE
"esr","IL18",0.158,0.474683544303797,FALSE
"platelets","hdl",0.158,0.525316455696203,FALSE
"hdl","platelets",0.158,0.474683544303797,FALSE
"albumin","age_group",0.158,0,FALSE
"TNF","GZMA",0.158,0.379746835443038,FALSE
"IL18","esr",0.158,0.525316455696203,FALSE
"GDF15","CD8A",0.158,0.338607594936709,FALSE
"CD8A","GDF15",0.158,0.661392405063291,FALSE
"GZMA","TNF",0.158,0.620253164556962,FALSE
"KLRD1","CD274",0.158,0.417721518987342,FALSE
"CD274","KLRD1",0.158,0.582278481012658,FALSE
"rdw","IL1RN",0.157,0.64968152866242,FALSE
"potassium","GDF15",0.157,0.471337579617834,FALSE
"IL6","GZMB",0.157,0.509554140127389,FALSE
"IL1RN","rdw",0.157,0.35031847133758,FALSE
"GDF15","potassium",0.157,0.528662420382166,FALSE
"GZMB","IL6",0.157,0.490445859872611,FALSE
"platelets","IFNG",0.156,0.538461538461539,FALSE
"triglycerides","IL6",0.156,0.576923076923077,FALSE
"albumin","MMP12",0.156,0.358974358974359,FALSE
"creatinine","hematocrit",0.156,0.506410256410256,FALSE
"hematocrit","creatinine",0.156,0.493589743589744,FALSE
"IL6","triglycerides",0.156,0.423076923076923,FALSE
"IFNG","platelets",0.156,0.461538461538462,FALSE
"IL18","TNFRSF1B",0.156,0.333333333333333,FALSE
"IGFBP7","PDCD1",0.156,0.557692307692308,FALSE
"TNFRSF1B","IL18",0.156,0.666666666666667,FALSE
"MMP12","albumin",0.156,0.641025641025641,FALSE
"PDCD1","IGFBP7",0.156,0.442307692307692,FALSE
"cmv","GZMA",0.155,1,FALSE
"lymphocytes","CXCL8",0.155,0.483870967741935,FALSE
"hemoglobin","CCL2",0.155,0.32258064516129,FALSE
"hdl","CCL3",0.155,0.225806451612903,FALSE
"albumin","IFNG",0.155,0.496774193548387,FALSE
"potassium","TNFRSF1A",0.155,0.761290322580645,FALSE
"TNF","IL7",0.155,0.27741935483871,FALSE
"TNF","CD8A",0.155,0.541935483870968,FALSE
"CXCL8","lymphocytes",0.155,0.516129032258065,FALSE
"IFNG","albumin",0.155,0.503225806451613,FALSE
"IL7","TNF",0.155,0.72258064516129,FALSE
"CCL2","hemoglobin",0.155,0.67741935483871,FALSE
"CCL3","hdl",0.155,0.774193548387097,FALSE
"GDF15","GZMA",0.155,0.554838709677419,FALSE
"IGFBP7","GZMB",0.155,0.438709677419355,FALSE
"TNFRSF1A","potassium",0.155,0.238709677419355,FALSE
"CD8A","TNF",0.155,0.458064516129032,FALSE
"GZMA","cmv",0.155,0,FALSE
"GZMA","GDF15",0.155,0.445161290322581,FALSE
"GZMB","IGFBP7",0.155,0.561290322580645,FALSE
"GZMB","MMP12",0.155,0.554838709677419,FALSE
"MMP12","GZMB",0.155,0.445161290322581,FALSE
"cmv","GDF15",0.154,1,FALSE
"lymphocytes","CHI3L1",0.154,0.467532467532468,FALSE
"neutrophils","CCL8",0.154,0.38961038961039,FALSE
"hemoglobin","CCL4",0.154,0.324675324675325,FALSE
"potassium","CCL11",0.154,0.512987012987013,FALSE
"CCL3","KLRD1",0.154,0.506493506493507,FALSE
"CCL4","hemoglobin",0.154,0.675324675324675,FALSE
"CCL8","neutrophils",0.154,0.61038961038961,FALSE
"CCL8","LAG3",0.154,0.201298701298701,FALSE
"CCL11","potassium",0.154,0.487012987012987,FALSE
"GDF15","cmv",0.154,0,FALSE
"GDF15","MMP12",0.154,0.516233766233766,FALSE
"CHI3L1","lymphocytes",0.154,0.532467532467533,FALSE
"KLRD1","CCL3",0.154,0.493506493506494,FALSE
"MMP12","GDF15",0.154,0.483766233766234,FALSE
"LAG3","CCL8",0.154,0.798701298701299,FALSE
"age_group","platelets",0.153,1,FALSE
"lymphocytes","CCL8",0.153,0.339869281045752,FALSE
"platelets","age_group",0.153,0,FALSE
"bun","potassium",0.153,0.42156862745098,FALSE
"bun","IL7",0.153,0.437908496732026,FALSE
"potassium","bun",0.153,0.57843137254902,FALSE
"IL7","bun",0.153,0.562091503267974,FALSE
"CCL8","lymphocytes",0.153,0.660130718954248,FALSE
"alt","HAVCR2",0.152,0.559210526315789,FALSE
"HAVCR2","alt",0.152,0.440789473684211,FALSE
"bun","TNF",0.152,0.427631578947368,FALSE
"hematocrit","IL1RN",0.152,0.289473684210526,FALSE
"potassium","GZMA",0.152,0.598684210526316,FALSE
"TNF","bun",0.152,0.572368421052632,FALSE
"IL10","LAG3",0.152,0.625,FALSE
"IL1RN","hematocrit",0.152,0.710526315789474,FALSE
"GZMA","potassium",0.152,0.401315789473684,FALSE
"LAG3","IL10",0.152,0.375,FALSE
"triglycerides","KLRD1",0.151,0.562913907284768,FALSE
"KLRD1","triglycerides",0.151,0.437086092715232,FALSE
"sex","FGF21",0.151,1,FALSE
"ldl","CCL8",0.151,0.629139072847682,FALSE
"wbc","CCL4",0.151,0.324503311258278,FALSE
"CCL4","wbc",0.151,0.675496688741722,FALSE
"CCL8","ldl",0.151,0.370860927152318,FALSE
"FGF21","sex",0.151,0,FALSE
"CXCL9","VEGFA",0.15,0.566666666666667,FALSE
"VEGFA","CXCL9",0.15,0.433333333333333,FALSE
"crp","CXCL8",0.15,0.513333333333333,FALSE
"lymphocytes","glucose",0.15,0.373333333333333,FALSE
"monocytes","IL15",0.15,0.39,FALSE
"triglycerides","GDF15",0.15,0.133333333333333,FALSE
"glucose","lymphocytes",0.15,0.626666666666667,FALSE
"CXCL8","crp",0.15,0.486666666666667,FALSE
"IL15","monocytes",0.15,0.61,FALSE
"CCL3","CCL11",0.15,0.42,FALSE
"CCL11","CCL3",0.15,0.58,FALSE
"GDF15","triglycerides",0.15,0.866666666666667,FALSE
"crp","monocytes",0.149,0.530201342281879,FALSE
"monocytes","crp",0.149,0.469798657718121,FALSE
"platelets","CCL4",0.149,0.536912751677852,FALSE
"CCL4","platelets",0.149,0.463087248322148,FALSE
"esr","IL10",0.149,0.348993288590604,FALSE
"rdw","ast",0.149,0.577181208053691,FALSE
"ast","rdw",0.149,0.422818791946309,FALSE
"creatinine","CD8A",0.149,0.503355704697987,FALSE
"hematocrit","CD8A",0.149,0.624161073825503,FALSE
"potassium","TNF",0.149,0.63758389261745,FALSE
"IL6","VEGFA",0.149,0.63758389261745,FALSE
"TNF","potassium",0.149,0.36241610738255,FALSE
"CXCL10","TNFRSF1B",0.149,0.496644295302013,FALSE
"IL10","esr",0.149,0.651006711409396,FALSE
"IL15","CCL2",0.149,0.718120805369127,FALSE
"CCL2","IL15",0.149,0.281879194630873,FALSE
"TNFRSF1B","CXCL10",0.149,0.503355704697987,FALSE
"CD8A","creatinine",0.149,0.496644295302013,FALSE
"CD8A","hematocrit",0.149,0.375838926174497,FALSE
"VEGFA","IL6",0.149,0.36241610738255,FALSE
"lymphocytes","hematocrit",0.148,0.324324324324324,FALSE
"rdw","alt",0.148,0.567567567567568,FALSE
"alt","rdw",0.148,0.432432432432432,FALSE
"hematocrit","lymphocytes",0.148,0.675675675675676,FALSE
"sex","GDF15",0.148,1,FALSE
"lymphocytes","creatinine",0.148,0.27027027027027,FALSE
"creatinine","lymphocytes",0.148,0.72972972972973,FALSE
"creatinine","TNF",0.148,0.628378378378378,FALSE
"IL6","HAVCR2",0.148,0.52027027027027,FALSE
"TNF","creatinine",0.148,0.371621621621622,FALSE
"GDF15","sex",0.148,0,FALSE
"HAVCR2","IL6",0.148,0.47972972972973,FALSE
"CXCL11","CCL3",0.147,0.653061224489796,FALSE
"CCL3","CXCL11",0.147,0.346938775510204,FALSE
"glucose","CD8A",0.146,0.547945205479452,FALSE
"hematocrit","GZMA",0.146,0.205479452054794,FALSE
"IL6","CCL3",0.146,0.534246575342466,FALSE
"CCL3","IL6",0.146,0.465753424657534,FALSE
"IGFBP7","VEGFA",0.146,0.568493150684931,FALSE
"TNFRSF1B","MMP12",0.146,0.561643835616438,FALSE
"CD8A","glucose",0.146,0.452054794520548,FALSE
"GZMA","hematocrit",0.146,0.794520547945205,FALSE
"MMP12","TNFRSF1B",0.146,0.438356164383562,FALSE
"VEGFA","IGFBP7",0.146,0.431506849315068,FALSE
"rdw","ldl",0.146,0.376712328767123,FALSE
"ldl","rdw",0.146,0.623287671232877,FALSE
"alt","CXCL8",0.146,0.301369863013699,FALSE
"potassium","CCL8",0.146,0.719178082191781,FALSE
"CXCL8","alt",0.146,0.698630136986301,FALSE
"CCL8","potassium",0.146,0.280821917808219,FALSE
"rdw","CD274",0.145,0.527586206896552,FALSE
"IL6","GZMA",0.145,0.579310344827586,FALSE
"IL1RN","CHI3L1",0.145,0.43448275862069,FALSE
"CCL2","VEGFA",0.145,0.43448275862069,FALSE
"CHI3L1","IL1RN",0.145,0.56551724137931,FALSE
"CHI3L1","PDCD1",0.145,0.572413793103448,FALSE
"GZMA","IL6",0.145,0.420689655172414,FALSE
"VEGFA","CCL2",0.145,0.56551724137931,FALSE
"PDCD1","CHI3L1",0.145,0.427586206896552,FALSE
"CD274","rdw",0.145,0.472413793103448,FALSE
"albumin","IL7",0.145,0.368965517241379,FALSE
"bun","IL10",0.145,0.503448275862069,FALSE
"CXCL8","GZMB",0.145,0.510344827586207,FALSE
"IL10","bun",0.145,0.496551724137931,FALSE
"IL7","albumin",0.145,0.631034482758621,FALSE
"TNFRSF1A","MMP12",0.145,0.358620689655172,FALSE
"GZMB","CXCL8",0.145,0.489655172413793,FALSE
"MMP12","TNFRSF1A",0.145,0.641379310344828,FALSE
"albumin","CHI3L1",0.144,0.423611111111111,FALSE
"bun","PDCD1",0.144,0.451388888888889,FALSE
"TNF","CXCL9",0.144,0.201388888888889,FALSE
"CXCL9","TNF",0.144,0.798611111111111,FALSE
"CHI3L1","albumin",0.144,0.576388888888889,FALSE
"PDCD1","bun",0.144,0.548611111111111,FALSE
"cmv","CXCL9",0.144,1,FALSE
"cmv","IL7",0.144,1,FALSE
"ldl","CCL4",0.144,0.625,FALSE
"wbc","CCL11",0.144,0.381944444444444,FALSE
"CXCL9","cmv",0.144,0,FALSE
"IL10","CD274",0.144,0.625,FALSE
"IL7","cmv",0.144,0,FALSE
"CCL4","ldl",0.144,0.375,FALSE
"CCL11","wbc",0.144,0.618055555555556,FALSE
"CD274","IL10",0.144,0.375,FALSE
"rdw","IL18",0.143,0.587412587412587,FALSE
"potassium","CD274",0.143,0.475524475524476,FALSE
"IL18","rdw",0.143,0.412587412587412,FALSE
"IL1RN","TNFRSF1A",0.143,0.531468531468531,FALSE
"TNFRSF1A","IL1RN",0.143,0.468531468531468,FALSE
"TNFRSF1A","CD274",0.143,0.412587412587412,FALSE
"PDCD1","LEP",0.143,0.328671328671329,FALSE
"CD274","potassium",0.143,0.524475524475524,FALSE
"CD274","TNFRSF1A",0.143,0.587412587412587,FALSE
"LEP","PDCD1",0.143,0.671328671328671,FALSE
"sex","CXCL8",0.143,1,FALSE
"cmv","CCL3",0.143,1,FALSE
"CXCL8","sex",0.143,0,FALSE
"CXCL9","CD8A",0.143,0.741258741258741,FALSE
"CCL3","cmv",0.143,0,FALSE
"CD8A","CXCL9",0.143,0.258741258741259,FALSE
"esr","CXCL11",0.142,0.549295774647887,FALSE
"neutrophils","IL10",0.142,0.302816901408451,FALSE
"triglycerides","LEP",0.142,0.352112676056338,FALSE
"bun","KLRD1",0.142,0.774647887323944,FALSE
"wbc","KLRD1",0.142,0.570422535211268,FALSE
"potassium","IL6",0.142,0.690140845070423,FALSE
"IL6","potassium",0.142,0.309859154929577,FALSE
"CXCL8","GDF15",0.142,0.443661971830986,FALSE
"CXCL11","esr",0.142,0.450704225352113,FALSE
"IL10","neutrophils",0.142,0.697183098591549,FALSE
"CCL3","GZMB",0.142,0.577464788732394,FALSE
"GDF15","CXCL8",0.142,0.556338028169014,FALSE
"GZMB","CCL3",0.142,0.422535211267606,FALSE
"KLRD1","bun",0.142,0.225352112676056,FALSE
"KLRD1","wbc",0.142,0.429577464788732,FALSE
"LEP","triglycerides",0.142,0.647887323943662,FALSE
"platelets","PDCD1",0.142,0.5,FALSE
"CCL3","CD274",0.142,0.633802816901408,FALSE
"CCL8","VEGFA",0.142,0.387323943661972,FALSE
"VEGFA","CCL8",0.142,0.612676056338028,FALSE
"PDCD1","platelets",0.142,0.5,FALSE
"CD274","CCL3",0.142,0.366197183098592,FALSE
"hdl","CXCL11",0.141,0.652482269503546,FALSE
"ast","potassium",0.141,0.326241134751773,FALSE
"potassium","ast",0.141,0.673758865248227,FALSE
"CXCL11","hdl",0.141,0.347517730496454,FALSE
"CCL2","LEP",0.141,0.170212765957447,FALSE
"CHI3L1","CD8A",0.141,0.581560283687943,FALSE
"TNFRSF1A","LAG3",0.141,0.539007092198581,FALSE
"CD8A","CHI3L1",0.141,0.418439716312057,FALSE
"LAG3","TNFRSF1A",0.141,0.460992907801418,FALSE
"LEP","CCL2",0.141,0.829787234042553,FALSE
"platelets","IL18",0.14,0.535714285714286,FALSE
"potassium","CCL4",0.14,0.692857142857143,FALSE
"IL6","IL18",0.14,0.521428571428571,FALSE
"CXCL11","CD274",0.14,0.464285714285714,FALSE
"IL18","platelets",0.14,0.464285714285714,FALSE
"IL18","IL6",0.14,0.478571428571429,FALSE
"CCL4","potassium",0.14,0.307142857142857,FALSE
"GZMB","PDCD1",0.14,0.417857142857143,FALSE
"PDCD1","GZMB",0.14,0.582142857142857,FALSE
"CD274","CXCL11",0.14,0.535714285714286,FALSE
"lymphocytes","IL10",0.139,0.388489208633093,FALSE
"glucose","IFNG",0.139,0.402877697841727,FALSE
"IFNG","glucose",0.139,0.597122302158273,FALSE
"IL10","lymphocytes",0.139,0.611510791366906,FALSE
"IL1RN","CD8A",0.139,0.712230215827338,FALSE
"CD8A","IL1RN",0.139,0.287769784172662,FALSE
"CD274","LEP",0.139,0.510791366906475,FALSE
"LEP","CD274",0.139,0.489208633093525,FALSE
"hdl","creatinine",0.139,0.266187050359712,FALSE
"creatinine","hdl",0.139,0.733812949640288,FALSE
"triglycerides","GZMA",0.138,0.619565217391304,FALSE
"creatinine","FGF21",0.138,0.536231884057971,FALSE
"hematocrit","FGF21",0.138,0.344202898550725,FALSE
"FGF21","creatinine",0.138,0.463768115942029,FALSE
"FGF21","hematocrit",0.138,0.655797101449275,FALSE
"CHI3L1","HAVCR2",0.138,0.594202898550725,FALSE
"GZMA","triglycerides",0.138,0.380434782608696,FALSE
"HAVCR2","CHI3L1",0.138,0.405797101449275,FALSE
"ldl","IGFBP7",0.138,0.630434782608696,FALSE
"IGFBP7","ldl",0.138,0.369565217391304,FALSE
"crp","hdl",0.137,0.591240875912409,FALSE
"crp","potassium",0.137,0.562043795620438,FALSE
"neutrophils","IGFBP7",0.137,0.430656934306569,FALSE
"monocytes","VEGFA",0.137,0.328467153284672,FALSE
"hdl","crp",0.137,0.408759124087591,FALSE
"ast","CXCL11",0.137,0.306569343065693,FALSE
"potassium","crp",0.137,0.437956204379562,FALSE
"CXCL11","ast",0.137,0.693430656934306,FALSE
"CCL2","CHI3L1",0.137,0.671532846715328,FALSE
"CCL11","CHI3L1",0.137,0.594890510948905,FALSE
"CHI3L1","CCL2",0.137,0.328467153284672,FALSE
"CHI3L1","CCL11",0.137,0.405109489051095,FALSE
"IGFBP7","neutrophils",0.137,0.569343065693431,FALSE
"VEGFA","monocytes",0.137,0.671532846715328,FALSE
"sex","KLRD1",0.136,1,FALSE
"cmv","CHI3L1",0.136,1,FALSE
"esr","bun",0.136,0.617647058823529,FALSE
"esr","wbc",0.136,0.691176470588235,FALSE
"platelets","CXCL11",0.136,0.522058823529412,FALSE
"alt","CD274",0.136,0.522058823529412,FALSE
"bun","esr",0.136,0.382352941176471,FALSE
"bun","CCL4",0.136,0.367647058823529,FALSE
"wbc","esr",0.136,0.308823529411765,FALSE
"CXCL10","FGF21",0.136,0.595588235294118,FALSE
"CXCL11","platelets",0.136,0.477941176470588,FALSE
"CXCL11","IL1RN",0.136,0.352941176470588,FALSE
"IL18","GZMA",0.136,0.352941176470588,FALSE
"IL1RN","CXCL11",0.136,0.647058823529412,FALSE
"CCL4","bun",0.136,0.63235294117647,FALSE
"FGF21","CXCL10",0.136,0.404411764705882,FALSE
"CHI3L1","cmv",0.136,0,FALSE
"GZMA","IL18",0.136,0.647058823529412,FALSE
"KLRD1","sex",0.136,0,FALSE
"CD274","alt",0.136,0.477941176470588,FALSE
"lymphocytes","PDCD1",0.135,0.362962962962963,FALSE
"hemoglobin","CXCL11",0.135,0.57037037037037,FALSE
"hemoglobin","VEGFA",0.135,0.718518518518518,FALSE
"albumin","VEGFA",0.135,0.540740740740741,FALSE
"TNF","MMP12",0.135,0.444444444444444,FALSE
"CXCL8","IFNG",0.135,0.340740740740741,FALSE
"CXCL10","CD8A",0.135,0.681481481481481,FALSE
"CXCL11","hemoglobin",0.135,0.42962962962963,FALSE
"IFNG","CXCL8",0.135,0.659259259259259,FALSE
"CCL2","CCL4",0.135,0.525925925925926,FALSE
"CCL4","CCL2",0.135,0.474074074074074,FALSE
"TNFRSF1A","LEP",0.135,0.325925925925926,FALSE
"CD8A","CXCL10",0.135,0.318518518518518,FALSE
"MMP12","TNF",0.135,0.555555555555555,FALSE
"VEGFA","hemoglobin",0.135,0.281481481481481,FALSE
"VEGFA","albumin",0.135,0.459259259259259,FALSE
"PDCD1","lymphocytes",0.135,0.637037037037037,FALSE
"LEP","TNFRSF1A",0.135,0.674074074074074,FALSE
"age_group","GZMA",0.134,1,FALSE
"esr","MMP12",0.134,0.388059701492537,FALSE
"eosinophils","ldl",0.134,0.447761194029851,FALSE
"hemoglobin","HAVCR2",0.134,0.611940298507463,FALSE
"platelets","CCL8",0.134,0.544776119402985,FALSE
"rdw","TNFRSF1A",0.134,0.432835820895522,FALSE
"ldl","eosinophils",0.134,0.552238805970149,FALSE
"alt","CCL2",0.134,0.358208955223881,FALSE
"CXCL9","IL10",0.134,0.597014925373134,FALSE
"IL18","CCL8",0.134,0.432835820895522,FALSE
"IL10","CXCL9",0.134,0.402985074626866,FALSE
"IL15","HAVCR2",0.134,0.671641791044776,FALSE
"CCL2","alt",0.134,0.641791044776119,FALSE
"CCL3","CHI3L1",0.134,0.552238805970149,FALSE
"CCL8","platelets",0.134,0.455223880597015,FALSE
"CCL8","IL18",0.134,0.567164179104478,FALSE
"CHI3L1","CCL3",0.134,0.447761194029851,FALSE
"TNFRSF1A","rdw",0.134,0.567164179104478,FALSE
"GZMA","age_group",0.134,0,FALSE
"MMP12","esr",0.134,0.611940298507463,FALSE
"HAVCR2","hemoglobin",0.134,0.388059701492537,FALSE
"HAVCR2","IL15",0.134,0.328358208955224,FALSE
"cmv","IFNG",0.133,1,FALSE
"neutrophils","hdl",0.133,0.466165413533835,FALSE
"neutrophils","VEGFA",0.133,0.406015037593985,FALSE
"hdl","neutrophils",0.133,0.533834586466165,FALSE
"alt","wbc",0.133,0.451127819548872,FALSE
"ast","albumin",0.133,0.488721804511278,FALSE
"albumin","ast",0.133,0.511278195488722,FALSE
"creatinine","TNFRSF1B",0.133,0.593984962406015,FALSE
"wbc","alt",0.133,0.548872180451128,FALSE
"potassium","IL1RN",0.133,0.714285714285714,FALSE
"IFNG","cmv",0.133,0,FALSE
"IL18","IL7",0.133,0.518796992481203,FALSE
"IL10","CHI3L1",0.133,0.526315789473684,FALSE
"IL1RN","potassium",0.133,0.285714285714286,FALSE
"IL7","IL18",0.133,0.481203007518797,FALSE
"IL7","KLRD1",0.133,0.496240601503759,FALSE
"CCL8","FGF21",0.133,0.360902255639098,FALSE
"CCL11","LEP",0.133,0.24812030075188,FALSE
"FGF21","CCL8",0.133,0.639097744360902,FALSE
"CHI3L1","IL10",0.133,0.473684210526316,FALSE
"TNFRSF1B","creatinine",0.133,0.406015037593985,FALSE
"KLRD1","IL7",0.133,0.503759398496241,FALSE
"VEGFA","neutrophils",0.133,0.593984962406015,FALSE
"LEP","CCL11",0.133,0.75187969924812,FALSE
"sex","ldl",0.132,1,FALSE
"cmv","LEP",0.132,1,FALSE
"hemoglobin","IGFBP7",0.132,0.439393939393939,FALSE
"ldl","sex",0.132,0,FALSE
"ast","hematocrit",0.132,0.431818181818182,FALSE
"hematocrit","ast",0.132,0.568181818181818,FALSE
"CXCL8","CD274",0.132,0.636363636363636,FALSE
"IGFBP7","hemoglobin",0.132,0.560606060606061,FALSE
"CD274","CXCL8",0.132,0.363636363636364,FALSE
"LEP","cmv",0.132,0,FALSE
"cmv","creatinine",0.131,1,FALSE
"crp","PDCD1",0.131,0.526717557251908,FALSE
"lymphocytes","IL1RN",0.131,0.480916030534351,FALSE
"neutrophils","CD8A",0.131,0.473282442748092,FALSE
"hdl","CXCL10",0.131,0.259541984732824,FALSE
"triglycerides","CCL8",0.131,0.473282442748092,FALSE
"albumin","CXCL11",0.131,0.679389312977099,FALSE
"creatinine","cmv",0.131,0,FALSE
"bun","calcium",0.131,0.618320610687023,FALSE
"glucose","TNF",0.131,0.450381679389313,FALSE
"calcium","bun",0.131,0.381679389312977,FALSE
"TNF","glucose",0.131,0.549618320610687,FALSE
"CXCL10","hdl",0.131,0.740458015267176,FALSE
"CXCL11","albumin",0.131,0.320610687022901,FALSE
"IL1RN","lymphocytes",0.131,0.519083969465649,FALSE
"CCL8","triglycerides",0.131,0.526717557251908,FALSE
"CD8A","neutrophils",0.131,0.526717557251908,FALSE
"CD8A","LAG3",0.131,0.358778625954198,FALSE
"PDCD1","crp",0.131,0.473282442748092,FALSE
"LAG3","CD8A",0.131,0.641221374045802,FALSE
"creatinine","CHI3L1",0.13,0.615384615384615,FALSE
"calcium","CCL2",0.13,0.646153846153846,FALSE
"IL6","IL15",0.13,0.338461538461538,FALSE
"CXCL8","IL15",0.13,0.338461538461538,FALSE
"IL15","IL6",0.13,0.661538461538461,FALSE
"IL15","CXCL8",0.13,0.661538461538461,FALSE
"CCL2","calcium",0.13,0.353846153846154,FALSE
"FGF21","MMP12",0.13,0.361538461538462,FALSE
"CHI3L1","creatinine",0.13,0.384615384615385,FALSE
"IGFBP7","CD8A",0.13,0.315384615384615,FALSE
"CD8A","IGFBP7",0.13,0.684615384615385,FALSE
"MMP12","FGF21",0.13,0.638461538461539,FALSE
"VEGFA","LAG3",0.13,0.546153846153846,FALSE
"LAG3","VEGFA",0.13,0.453846153846154,FALSE
"cmv","PDCD1",0.129,1,FALSE
"lymphocytes","TNFRSF1A",0.129,0.542635658914729,FALSE
"hematocrit","TNFRSF1A",0.129,0.403100775193798,FALSE
"hematocrit","VEGFA",0.129,0.612403100775194,FALSE
"IL18","IL15",0.129,0.488372093023256,FALSE
"IL15","IL18",0.129,0.511627906976744,FALSE
"CCL3","CD8A",0.129,0.713178294573643,FALSE
"GDF15","CD274",0.129,0.705426356589147,FALSE
"TNFRSF1A","lymphocytes",0.129,0.457364341085271,FALSE
"TNFRSF1A","hematocrit",0.129,0.596899224806202,FALSE
"CD8A","CCL3",0.129,0.286821705426357,FALSE
"VEGFA","hematocrit",0.129,0.387596899224806,FALSE
"PDCD1","cmv",0.129,0,FALSE
"CD274","GDF15",0.129,0.294573643410853,FALSE
"cmv","HAVCR2",0.128,1,FALSE
"crp","ast",0.128,0.796875,FALSE
"esr","GDF15",0.128,0.3515625,FALSE
"ast","crp",0.128,0.203125,FALSE
"glucose","CXCL11",0.128,0.640625,FALSE
"glucose","IL15",0.128,0.31640625,FALSE
"IL6","TNFRSF1B",0.128,0.5546875,FALSE
"CXCL11","glucose",0.128,0.359375,FALSE
"IL15","glucose",0.128,0.68359375,FALSE
"GDF15","esr",0.128,0.6484375,FALSE
"CHI3L1","KLRD1",0.128,0.5390625,FALSE
"TNFRSF1B","IL6",0.128,0.4453125,FALSE
"KLRD1","CHI3L1",0.128,0.4609375,FALSE
"HAVCR2","cmv",0.128,0,FALSE
"age_group","IL1RN",0.127,1,FALSE
"age_group","CCL3",0.127,1,FALSE
"eosinophils","bun",0.127,0.716535433070866,FALSE
"bun","eosinophils",0.127,0.283464566929134,FALSE
"calcium","IL7",0.127,0.484251968503937,FALSE
"IFNG","GDF15",0.127,0.307086614173228,FALSE
"IL1RN","age_group",0.127,0,FALSE
"IL7","calcium",0.127,0.515748031496063,FALSE
"CCL3","age_group",0.127,0,FALSE
"CCL4","LEP",0.127,0.464566929133858,FALSE
"CCL11","PDCD1",0.127,0.511811023622047,FALSE
"GDF15","IFNG",0.127,0.692913385826772,FALSE
"TNFRSF1B","LEP",0.127,0.307086614173228,FALSE
"KLRD1","PDCD1",0.127,0.377952755905512,FALSE
"KLRD1","LEP",0.127,0.535433070866142,FALSE
"PDCD1","CCL11",0.127,0.488188976377953,FALSE
"PDCD1","KLRD1",0.127,0.622047244094488,FALSE
"LEP","CCL4",0.127,0.535433070866142,FALSE
"LEP","TNFRSF1B",0.127,0.692913385826772,FALSE
"LEP","KLRD1",0.127,0.464566929133858,FALSE
"age_group","eosinophils",0.126,1,FALSE
"age_group","creatinine",0.126,1,FALSE
"age_group","LEP",0.126,1,FALSE
"eosinophils","age_group",0.126,0,FALSE
"rdw","GZMA",0.126,0.650793650793651,FALSE
"ast","FGF21",0.126,0.468253968253968,FALSE
"ast","PDCD1",0.126,0.492063492063492,FALSE
"creatinine","age_group",0.126,0,FALSE
"CXCL10","CCL8",0.126,0.555555555555556,FALSE
"IL18","GDF15",0.126,0.238095238095238,FALSE
"CCL8","CXCL10",0.126,0.444444444444444,FALSE
"GDF15","IL18",0.126,0.761904761904762,FALSE
"FGF21","ast",0.126,0.531746031746032,FALSE
"FGF21","TNFRSF1B",0.126,0.515873015873016,FALSE
"FGF21","HAVCR2",0.126,0.658730158730159,FALSE
"TNFRSF1B","FGF21",0.126,0.484126984126984,FALSE
"GZMA","rdw",0.126,0.349206349206349,FALSE
"PDCD1","ast",0.126,0.507936507936508,FALSE
"HAVCR2","FGF21",0.126,0.341269841269841,FALSE
"LEP","age_group",0.126,0,FALSE
"crp","HAVCR2",0.125,0.712,FALSE
"esr","alt",0.125,0.64,FALSE
"esr","CCL3",0.125,0.416,FALSE
"lymphocytes","CD274",0.125,0.4,FALSE
"hemoglobin","ldl",0.125,0.24,FALSE
"platelets","CCL2",0.125,0.456,FALSE
"rdw","CXCL9",0.125,0.528,FALSE
"ldl","hemoglobin",0.125,0.76,FALSE
"alt","esr",0.125,0.36,FALSE
"alt","IFNG",0.125,0.52,FALSE
"wbc","CXCL11",0.125,0.3,FALSE
"CXCL9","rdw",0.125,0.472,FALSE
"CXCL9","GZMB",0.125,0.68,FALSE
"CXCL11","wbc",0.125,0.7,FALSE
"IFNG","alt",0.125,0.48,FALSE
"CCL2","platelets",0.125,0.544,FALSE
"CCL3","esr",0.125,0.584,FALSE
"GZMB","CXCL9",0.125,0.32,FALSE
"HAVCR2","crp",0.125,0.288,FALSE
"CD274","lymphocytes",0.125,0.6,FALSE
"crp","CHI3L1",0.124,0.548387096774194,FALSE
"hematocrit","IL15",0.124,0.233870967741935,FALSE
"calcium","KLRD1",0.124,0.693548387096774,FALSE
"CXCL8","TNFRSF1B",0.124,0.516129032258065,FALSE
"IL15","hematocrit",0.124,0.766129032258065,FALSE
"FGF21","IGFBP7",0.124,0.653225806451613,FALSE
"CHI3L1","crp",0.124,0.451612903225806,FALSE
"IGFBP7","FGF21",0.124,0.346774193548387,FALSE
"TNFRSF1B","CXCL8",0.124,0.483870967741935,FALSE
"KLRD1","calcium",0.124,0.306451612903226,FALSE
"sex","bun",0.123,1,FALSE
"sex","IL15",0.123,1,FALSE
"sex","TNFRSF1A",0.123,1,FALSE
"cmv","IL6",0.123,1,FALSE
"hemoglobin","CCL8",0.123,0.341463414634146,FALSE
"hdl","calcium",0.123,0.707317073170732,FALSE
"ast","IL15",0.123,0.373983739837398,FALSE
"bun","sex",0.123,0,FALSE
"calcium","hdl",0.123,0.292682926829268,FALSE
"IL6","cmv",0.123,0,FALSE
"IL15","sex",0.123,0,FALSE
"IL15","ast",0.123,0.626016260162602,FALSE
"CCL2","FGF21",0.123,0.365853658536585,FALSE
"CCL8","hemoglobin",0.123,0.658536585365854,FALSE
"CCL8","PDCD1",0.123,0.349593495934959,FALSE
"FGF21","CCL2",0.123,0.634146341463415,FALSE
"TNFRSF1A","sex",0.123,0,FALSE
"CD8A","HAVCR2",0.123,0.48780487804878,FALSE
"PDCD1","CCL8",0.123,0.650406504065041,FALSE
"HAVCR2","CD8A",0.123,0.51219512195122,FALSE
"sex","CCL8",0.122,1,FALSE
"ldl","LEP",0.122,0.286885245901639,FALSE
"albumin","CCL11",0.122,0.278688524590164,FALSE
"hematocrit","CCL3",0.122,0.557377049180328,FALSE
"TNF","KLRD1",0.122,0.639344262295082,FALSE
"TNF","HAVCR2",0.122,0.483606557377049,FALSE
"CXCL11","CHI3L1",0.122,0.39344262295082,FALSE
"IL10","IL7",0.122,0.39344262295082,FALSE
"IL1RN","IL15",0.122,0.336065573770492,FALSE
"IL1RN","CCL8",0.122,0.524590163934426,FALSE
"IL7","IL10",0.122,0.60655737704918,FALSE
"IL15","IL1RN",0.122,0.663934426229508,FALSE
"CCL3","hematocrit",0.122,0.442622950819672,FALSE
"CCL4","IGFBP7",0.122,0.680327868852459,FALSE
"CCL8","sex",0.122,0,FALSE
"CCL8","IL1RN",0.122,0.475409836065574,FALSE
"CCL11","albumin",0.122,0.721311475409836,FALSE
"CHI3L1","CXCL11",0.122,0.60655737704918,FALSE
"IGFBP7","CCL4",0.122,0.319672131147541,FALSE
"KLRD1","TNF",0.122,0.360655737704918,FALSE
"HAVCR2","TNF",0.122,0.516393442622951,FALSE
"LEP","ldl",0.122,0.713114754098361,FALSE
"cmv","VEGFA",0.121,1,FALSE
"esr","LAG3",0.121,0.487603305785124,FALSE
"monocytes","alt",0.121,0.644628099173554,FALSE
"monocytes","LEP",0.121,0.479338842975207,FALSE
"platelets","TNFRSF1B",0.121,0.504132231404959,FALSE
"rdw","CXCL8",0.121,0.636363636363636,FALSE
"alt","monocytes",0.121,0.355371900826446,FALSE
"calcium","IL15",0.121,0.380165289256198,FALSE
"CXCL8","rdw",0.121,0.363636363636364,FALSE
"IL15","calcium",0.121,0.619834710743802,FALSE
"TNFRSF1B","platelets",0.121,0.495867768595041,FALSE
"KLRD1","MMP12",0.121,0.413223140495868,FALSE
"MMP12","KLRD1",0.121,0.586776859504132,FALSE
"VEGFA","cmv",0.121,0,FALSE
"LAG3","esr",0.121,0.512396694214876,FALSE
"LEP","monocytes",0.121,0.520661157024793,FALSE
"hematocrit","CHI3L1",0.12,0.416666666666667,FALSE
"CHI3L1","hematocrit",0.12,0.583333333333333,FALSE
"esr","CCL8",0.12,0.658333333333333,FALSE
"monocytes","KLRD1",0.12,0.75,FALSE
"eosinophils","CD274",0.12,0.616666666666667,FALSE
"hemoglobin","CD274",0.12,0.458333333333333,FALSE
"platelets","alt",0.12,0.566666666666667,FALSE
"triglycerides","CXCL8",0.12,0.658333333333333,FALSE
"alt","platelets",0.12,0.433333333333333,FALSE
"bun","LEP",0.12,0.35,FALSE
"potassium","CXCL11",0.12,0.791666666666667,FALSE
"CXCL8","triglycerides",0.12,0.341666666666667,FALSE
"CXCL11","potassium",0.12,0.208333333333333,FALSE
"CCL2","GZMB",0.12,0.575,FALSE
"CCL3","LAG3",0.12,0.45,FALSE
"CCL8","esr",0.12,0.341666666666667,FALSE
"CD8A","VEGFA",0.12,0.533333333333333,FALSE
"GZMB","CCL2",0.12,0.425,FALSE
"KLRD1","monocytes",0.12,0.25,FALSE
"VEGFA","CD8A",0.12,0.466666666666667,FALSE
"LAG3","CCL3",0.12,0.55,FALSE
"CD274","eosinophils",0.12,0.383333333333333,FALSE
"CD274","hemoglobin",0.12,0.541666666666667,FALSE
"LEP","bun",0.12,0.65,FALSE
"rdw","CCL2",0.119,0.588235294117647,FALSE
"triglycerides","CCL3",0.119,0.411764705882353,FALSE
"CCL2","rdw",0.119,0.411764705882353,FALSE
"CCL3","triglycerides",0.119,0.588235294117647,FALSE
"CCL3","GDF15",0.119,0.411764705882353,FALSE
"GDF15","CCL3",0.119,0.588235294117647,FALSE
"esr","albumin",0.119,0.689075630252101,FALSE
"lymphocytes","VEGFA",0.119,0.378151260504202,FALSE
"eosinophils","GZMB",0.119,0.739495798319328,FALSE
"hdl","CD8A",0.119,0.554621848739496,FALSE
"ldl","VEGFA",0.119,0.73109243697479,FALSE
"albumin","esr",0.119,0.310924369747899,FALSE
"glucose","CCL11",0.119,0.630252100840336,FALSE
"IL10","GZMB",0.119,0.46218487394958,FALSE
"IL7","HAVCR2",0.119,0.319327731092437,FALSE
"CCL3","IGFBP7",0.119,0.647058823529412,FALSE
"CCL11","glucose",0.119,0.369747899159664,FALSE
"IGFBP7","CCL3",0.119,0.352941176470588,FALSE
"CD8A","hdl",0.119,0.445378151260504,FALSE
"GZMB","eosinophils",0.119,0.260504201680672,FALSE
"GZMB","IL10",0.119,0.53781512605042,FALSE
"VEGFA","lymphocytes",0.119,0.621848739495798,FALSE
"VEGFA","ldl",0.119,0.26890756302521,FALSE
"HAVCR2","IL7",0.119,0.680672268907563,FALSE
"platelets","GZMA",0.118,0.559322033898305,FALSE
"potassium","LAG3",0.118,0.567796610169492,FALSE
"CXCL11","LAG3",0.118,0.652542372881356,FALSE
"GZMA","platelets",0.118,0.440677966101695,FALSE
"LAG3","potassium",0.118,0.432203389830508,FALSE
"LAG3","CXCL11",0.118,0.347457627118644,FALSE
"sex","wbc",0.117,1,FALSE
"platelets","TNFRSF1A",0.117,0.598290598290598,FALSE
"wbc","sex",0.117,0,FALSE
"IL10","CCL3",0.117,0.58974358974359,FALSE
"CCL3","IL10",0.117,0.41025641025641,FALSE
"IGFBP7","GZMA",0.117,0.273504273504273,FALSE
"TNFRSF1A","platelets",0.117,0.401709401709402,FALSE
"GZMA","IGFBP7",0.117,0.726495726495726,FALSE
"monocytes","CXCL10",0.117,0.512820512820513,FALSE
"hemoglobin","triglycerides",0.117,0.521367521367521,FALSE
"triglycerides","hemoglobin",0.117,0.478632478632479,FALSE
"creatinine","CXCL9",0.117,0.333333333333333,FALSE
"glucose","CCL4",0.117,0.538461538461539,FALSE
"CXCL9","creatinine",0.117,0.666666666666667,FALSE
"CXCL9","CXCL11",0.117,0.564102564102564,FALSE
"CXCL9","IGFBP7",0.117,0.658119658119658,FALSE
"CXCL10","monocytes",0.117,0.487179487179487,FALSE
"CXCL11","CXCL9",0.117,0.435897435897436,FALSE
"IL18","MMP12",0.117,0.487179487179487,FALSE
"CCL4","glucose",0.117,0.461538461538462,FALSE
"IGFBP7","CXCL9",0.117,0.341880341880342,FALSE
"MMP12","IL18",0.117,0.512820512820513,FALSE
"cmv","monocytes",0.116,1,FALSE
"crp","ldl",0.116,0.431034482758621,FALSE
"monocytes","cmv",0.116,0,FALSE
"ldl","crp",0.116,0.568965517241379,FALSE
"bun","IGFBP7",0.116,0.577586206896552,FALSE
"IFNG","GZMB",0.116,0.5,FALSE
"IGFBP7","bun",0.116,0.422413793103448,FALSE
"GZMB","IFNG",0.116,0.5,FALSE
"hemoglobin","CHI3L1",0.116,0.336206896551724,FALSE
"ldl","bun",0.116,0.530172413793103,FALSE
"triglycerides","MMP12",0.116,0.560344827586207,FALSE
"bun","ldl",0.116,0.469827586206897,FALSE
"TNF","LEP",0.116,0.543103448275862,FALSE
"IL18","GZMB",0.116,0.387931034482759,FALSE
"IL7","CCL2",0.116,0.637931034482759,FALSE
"CCL2","IL7",0.116,0.362068965517241,FALSE
"CHI3L1","hemoglobin",0.116,0.663793103448276,FALSE
"GZMB","IL18",0.116,0.612068965517241,FALSE
"MMP12","triglycerides",0.116,0.439655172413793,FALSE
"LEP","TNF",0.116,0.456896551724138,FALSE
"age_group","crp",0.115,1,FALSE
"cmv","crp",0.115,1,FALSE
"cmv","eosinophils",0.115,1,FALSE
"crp","age_group",0.115,0,FALSE
"crp","cmv",0.115,0,FALSE
"monocytes","albumin",0.115,0.591304347826087,FALSE
"eosinophils","cmv",0.115,0,FALSE
"ldl","IL18",0.115,0.721739130434783,FALSE
"albumin","monocytes",0.115,0.408695652173913,FALSE
"creatinine","CXCL11",0.115,0.582608695652174,FALSE
"CXCL11","creatinine",0.115,0.417391304347826,FALSE
"IL18","ldl",0.115,0.278260869565217,FALSE
"neutrophils","CCL11",0.115,0.356521739130435,FALSE
"neutrophils","CD274",0.115,0.31304347826087,FALSE
"alt","CXCL9",0.115,0.330434782608696,FALSE
"alt","CCL11",0.115,0.678260869565217,FALSE
"albumin","CCL2",0.115,0.321739130434783,FALSE
"wbc","CXCL9",0.115,0.217391304347826,FALSE
"TNF","CCL3",0.115,0.347826086956522,FALSE
"CXCL8","CXCL9",0.115,0.321739130434783,FALSE
"CXCL8","HAVCR2",0.115,0.547826086956522,FALSE
"CXCL9","alt",0.115,0.669565217391304,FALSE
"CXCL9","wbc",0.115,0.782608695652174,FALSE
"CXCL9","CXCL8",0.115,0.678260869565217,FALSE
"IFNG","CD8A",0.115,0.617391304347826,FALSE
"CCL2","albumin",0.115,0.678260869565217,FALSE
"CCL2","HAVCR2",0.115,0.460869565217391,FALSE
"CCL3","TNF",0.115,0.652173913043478,FALSE
"CCL11","neutrophils",0.115,0.643478260869565,FALSE
"CCL11","alt",0.115,0.321739130434783,FALSE
"GDF15","LAG3",0.115,0.556521739130435,FALSE
"FGF21","KLRD1",0.115,0.365217391304348,FALSE
"CD8A","IFNG",0.115,0.382608695652174,FALSE
"KLRD1","FGF21",0.115,0.634782608695652,FALSE
"LAG3","GDF15",0.115,0.443478260869565,FALSE
"HAVCR2","CXCL8",0.115,0.452173913043478,FALSE
"HAVCR2","CCL2",0.115,0.539130434782609,FALSE
"CD274","neutrophils",0.115,0.68695652173913,FALSE
"crp","GZMA",0.114,0.403508771929825,FALSE
"esr","CXCL9",0.114,0.307017543859649,FALSE
"lymphocytes","FGF21",0.114,0.421052631578947,FALSE
"CXCL9","esr",0.114,0.692982456140351,FALSE
"CCL11","HAVCR2",0.114,0.587719298245614,FALSE
"FGF21","lymphocytes",0.114,0.578947368421053,FALSE
"GZMA","crp",0.114,0.596491228070175,FALSE
"GZMA","MMP12",0.114,0.43859649122807,FALSE
"MMP12","GZMA",0.114,0.56140350877193,FALSE
"HAVCR2","CCL11",0.114,0.412280701754386,FALSE
"crp","bun",0.114,0.657894736842105,FALSE
"crp","IL10",0.114,0.530701754385965,FALSE
"crp","CD274",0.114,0.526315789473684,FALSE
"neutrophils","IL15",0.114,0.350877192982456,FALSE
"rdw","LEP",0.114,0.535087719298246,FALSE
"albumin","wbc",0.114,0.657894736842105,FALSE
"creatinine","MMP12",0.114,0.552631578947368,FALSE
"bun","crp",0.114,0.342105263157895,FALSE
"wbc","albumin",0.114,0.342105263157895,FALSE
"IL10","crp",0.114,0.469298245614035,FALSE
"IL10","CCL2",0.114,0.640350877192982,FALSE
"IL15","neutrophils",0.114,0.649122807017544,FALSE
"CCL2","IL10",0.114,0.359649122807018,FALSE
"TNFRSF1A","GZMA",0.114,0.342105263157895,FALSE
"TNFRSF1B","GZMA",0.114,0.482456140350877,FALSE
"GZMA","TNFRSF1A",0.114,0.657894736842105,FALSE
"GZMA","TNFRSF1B",0.114,0.517543859649123,FALSE
"MMP12","creatinine",0.114,0.447368421052632,FALSE
"CD274","crp",0.114,0.473684210526316,FALSE
"LEP","rdw",0.114,0.464912280701754,FALSE
"hemoglobin","TNFRSF1B",0.113,0.424778761061947,FALSE
"hemoglobin","PDCD1",0.113,0.274336283185841,FALSE
"calcium","CCL3",0.113,0.407079646017699,FALSE
"calcium","LEP",0.113,0.592920353982301,FALSE
"CXCL9","HAVCR2",0.113,0.725663716814159,FALSE
"IL7","CD8A",0.113,0.743362831858407,FALSE
"CCL3","calcium",0.113,0.592920353982301,FALSE
"TNFRSF1B","hemoglobin",0.113,0.575221238938053,FALSE
"CD8A","IL7",0.113,0.256637168141593,FALSE
"PDCD1","hemoglobin",0.113,0.725663716814159,FALSE
"HAVCR2","CXCL9",0.113,0.274336283185841,FALSE
"LEP","calcium",0.113,0.407079646017699,FALSE
"hemoglobin","IL6",0.113,0.628318584070796,FALSE
"hematocrit","CXCL10",0.113,0.31858407079646,FALSE
"IL6","hemoglobin",0.113,0.371681415929204,FALSE
"CXCL10","hematocrit",0.113,0.68141592920354,FALSE
"IL7","TNFRSF1B",0.113,0.469026548672566,FALSE
"TNFRSF1B","IL7",0.113,0.530973451327434,FALSE
"eosinophils","KLRD1",0.112,0.705357142857143,FALSE
"platelets","hematocrit",0.112,0.589285714285714,FALSE
"rdw","CCL4",0.112,0.723214285714286,FALSE
"rdw","CCL8",0.112,0.401785714285714,FALSE
"alt","TNFRSF1A",0.112,0.419642857142857,FALSE
"glucose","calcium",0.112,0.553571428571429,FALSE
"hematocrit","platelets",0.112,0.410714285714286,FALSE
"calcium","glucose",0.112,0.446428571428571,FALSE
"CCL4","rdw",0.112,0.276785714285714,FALSE
"CCL4","CD274",0.112,0.589285714285714,FALSE
"CCL8","rdw",0.112,0.598214285714286,FALSE
"FGF21","TNFRSF1A",0.112,0.5,FALSE
"TNFRSF1A","alt",0.112,0.580357142857143,FALSE
"TNFRSF1A","FGF21",0.112,0.5,FALSE
"KLRD1","eosinophils",0.112,0.294642857142857,FALSE
"CD274","CCL4",0.112,0.410714285714286,FALSE
"IL10","CCL4",0.112,0.339285714285714,FALSE
"CCL4","IL10",0.112,0.660714285714286,FALSE
"crp","IFNG",0.111,0.378378378378378,FALSE
"IFNG","crp",0.111,0.621621621621622,FALSE
"age_group","hemoglobin",0.111,1,FALSE
"sex","LAG3",0.111,1,FALSE
"esr","CD274",0.111,0.279279279279279,FALSE
"hemoglobin","age_group",0.111,0,FALSE
"hdl","FGF21",0.111,0.513513513513513,FALSE
"hdl","GZMA",0.111,0.486486486486486,FALSE
"hematocrit","IGFBP7",0.111,0.405405405405405,FALSE
"IL10","CCL8",0.111,0.567567567567568,FALSE
"CCL8","IL10",0.111,0.432432432432432,FALSE
"FGF21","hdl",0.111,0.486486486486486,FALSE
"IGFBP7","hematocrit",0.111,0.594594594594595,FALSE
"GZMA","hdl",0.111,0.513513513513513,FALSE
"LAG3","sex",0.111,0,FALSE
"CD274","esr",0.111,0.720720720720721,FALSE
"monocytes","CXCL11",0.111,0.666666666666667,FALSE
"CXCL11","monocytes",0.111,0.333333333333333,FALSE
"CCL11","CD8A",0.11,0.618181818181818,FALSE
"CD8A","CCL11",0.11,0.381818181818182,FALSE
"esr","TNFRSF1A",0.11,0.709090909090909,FALSE
"monocytes","triglycerides",0.11,0.445454545454545,FALSE
"hdl","TNFRSF1A",0.11,0.581818181818182,FALSE
"triglycerides","monocytes",0.11,0.554545454545455,FALSE
"TNF","IL1RN",0.11,0.454545454545455,FALSE
"CXCL10","CHI3L1",0.11,0.481818181818182,FALSE
"CXCL10","CD274",0.11,0.6,FALSE
"IL1RN","TNF",0.11,0.545454545454545,FALSE
"CHI3L1","CXCL10",0.11,0.518181818181818,FALSE
"TNFRSF1A","esr",0.11,0.290909090909091,FALSE
"TNFRSF1A","hdl",0.11,0.418181818181818,FALSE
"CD274","CXCL10",0.11,0.4,FALSE
"eosinophils","CXCL11",0.11,0.654545454545455,FALSE
"CXCL10","MMP12",0.11,0.463636363636364,FALSE
"CXCL11","eosinophils",0.11,0.345454545454546,FALSE
"MMP12","CXCL10",0.11,0.536363636363636,FALSE
"hemoglobin","hdl",0.109,0.63302752293578,FALSE
"hdl","hemoglobin",0.109,0.36697247706422,FALSE
"hematocrit","IL7",0.109,0.229357798165138,FALSE
"IL7","hematocrit",0.109,0.770642201834862,FALSE
"cmv","TNFRSF1A",0.109,1,FALSE
"crp","CCL2",0.109,0.596330275229358,FALSE
"hemoglobin","GDF15",0.109,0.605504587155963,FALSE
"hdl","potassium",0.109,0.31651376146789,FALSE
"hdl","CXCL8",0.109,0.605504587155963,FALSE
"glucose","PDCD1",0.109,0.559633027522936,FALSE
"potassium","hdl",0.109,0.68348623853211,FALSE
"CXCL8","hdl",0.109,0.394495412844037,FALSE
"IL1RN","MMP12",0.109,0.504587155963303,FALSE
"CCL2","crp",0.109,0.403669724770642,FALSE
"CCL4","CHI3L1",0.109,0.486238532110092,FALSE
"GDF15","hemoglobin",0.109,0.394495412844037,FALSE
"CHI3L1","CCL4",0.109,0.513761467889908,FALSE
"TNFRSF1A","cmv",0.109,0,FALSE
"MMP12","IL1RN",0.109,0.495412844036697,FALSE
"PDCD1","glucose",0.109,0.440366972477064,FALSE
"albumin","TNFRSF1B",0.109,0.348623853211009,FALSE
"bun","IL1RN",0.109,0.339449541284404,FALSE
"IL1RN","bun",0.109,0.660550458715596,FALSE
"TNFRSF1B","albumin",0.109,0.651376146788991,FALSE
"platelets","albumin",0.108,0.638888888888889,FALSE
"albumin","platelets",0.108,0.361111111111111,FALSE
"hematocrit","LEP",0.108,0.351851851851852,FALSE
"LEP","hematocrit",0.108,0.648148148148148,FALSE
"age_group","CXCL10",0.108,1,FALSE
"crp","CCL4",0.108,0.509259259259259,FALSE
"lymphocytes","IL18",0.108,0.574074074074074,FALSE
"triglycerides","PDCD1",0.108,0.425925925925926,FALSE
"alt","bun",0.108,0.277777777777778,FALSE
"ast","HAVCR2",0.108,0.574074074074074,FALSE
"bun","alt",0.108,0.722222222222222,FALSE
"bun","CXCL8",0.108,0.481481481481481,FALSE
"potassium","IGFBP7",0.108,0.555555555555556,FALSE
"TNF","GDF15",0.108,0.296296296296296,FALSE
"CXCL8","bun",0.108,0.518518518518518,FALSE
"CXCL10","age_group",0.108,0,FALSE
"IL18","lymphocytes",0.108,0.425925925925926,FALSE
"CCL4","crp",0.108,0.490740740740741,FALSE
"GDF15","TNF",0.108,0.703703703703704,FALSE
"IGFBP7","potassium",0.108,0.444444444444444,FALSE
"PDCD1","triglycerides",0.108,0.574074074074074,FALSE
"HAVCR2","ast",0.108,0.425925925925926,FALSE
"potassium","GZMB",0.108,0.666666666666667,FALSE
"GZMB","potassium",0.108,0.333333333333333,FALSE
"esr","CD8A",0.107,0.635514018691589,FALSE
"platelets","MMP12",0.107,0.373831775700935,FALSE
"ldl","albumin",0.107,0.626168224299065,FALSE
"albumin","ldl",0.107,0.373831775700935,FALSE
"wbc","TNF",0.107,0.224299065420561,FALSE
"hematocrit","CD274",0.107,0.355140186915888,FALSE
"TNF","wbc",0.107,0.775700934579439,FALSE
"TNF","GZMB",0.107,0.345794392523364,FALSE
"CCL2","CD274",0.107,0.467289719626168,FALSE
"CD8A","esr",0.107,0.364485981308411,FALSE
"GZMB","TNF",0.107,0.654205607476635,FALSE
"MMP12","platelets",0.107,0.626168224299065,FALSE
"CD274","hematocrit",0.107,0.644859813084112,FALSE
"CD274","CCL2",0.107,0.532710280373832,FALSE
"crp","CCL3",0.107,0.485981308411215,FALSE
"esr","triglycerides",0.107,0.476635514018692,FALSE
"monocytes","HAVCR2",0.107,0.719626168224299,FALSE
"triglycerides","esr",0.107,0.523364485981308,FALSE
"bun","CXCL10",0.107,0.476635514018692,FALSE
"CXCL8","LEP",0.107,0.420560747663551,FALSE
"CXCL10","bun",0.107,0.523364485981308,FALSE
"CCL3","crp",0.107,0.514018691588785,FALSE
"MMP12","HAVCR2",0.107,0.560747663551402,FALSE
"HAVCR2","monocytes",0.107,0.280373831775701,FALSE
"HAVCR2","MMP12",0.107,0.439252336448598,FALSE
"LEP","CXCL8",0.107,0.579439252336449,FALSE
"lymphocytes","albumin",0.106,0.613207547169811,FALSE
"ast","CHI3L1",0.106,0.39622641509434,FALSE
"albumin","lymphocytes",0.106,0.386792452830189,FALSE
"CXCL11","FGF21",0.106,0.622641509433962,FALSE
"FGF21","CXCL11",0.106,0.377358490566038,FALSE
"CHI3L1","ast",0.106,0.60377358490566,FALSE
"wbc","IGFBP7",0.106,0.481132075471698,FALSE
"IGFBP7","wbc",0.106,0.518867924528302,FALSE
"lymphocytes","TNF",0.105,0.342857142857143,FALSE
"platelets","TNF",0.105,0.6,FALSE
"creatinine","IL10",0.105,0.542857142857143,FALSE
"glucose","IL7",0.105,0.552380952380952,FALSE
"glucose","FGF21",0.105,0.609523809523809,FALSE
"wbc","CD274",0.105,0.371428571428571,FALSE
"TNF","lymphocytes",0.105,0.657142857142857,FALSE
"TNF","platelets",0.105,0.4,FALSE
"IL10","creatinine",0.105,0.457142857142857,FALSE
"IL7","glucose",0.105,0.447619047619048,FALSE
"CCL8","IGFBP7",0.105,0.542857142857143,FALSE
"FGF21","glucose",0.105,0.39047619047619,FALSE
"IGFBP7","CCL8",0.105,0.457142857142857,FALSE
"CD274","wbc",0.105,0.628571428571429,FALSE
"age_group","TNFRSF1B",0.105,1,FALSE
"sex","calcium",0.105,1,FALSE
"calcium","sex",0.105,0,FALSE
"FGF21","GZMA",0.105,0.504761904761905,FALSE
"TNFRSF1B","age_group",0.105,0,FALSE
"TNFRSF1B","LAG3",0.105,0.561904761904762,FALSE
"GZMA","FGF21",0.105,0.495238095238095,FALSE
"LAG3","TNFRSF1B",0.105,0.438095238095238,FALSE
"lymphocytes","LAG3",0.104,0.336538461538462,FALSE
"lymphocytes","HAVCR2",0.104,0.673076923076923,FALSE
"hemoglobin","IL7",0.104,0.375,FALSE
"ast","creatinine",0.104,0.394230769230769,FALSE
"creatinine","ast",0.104,0.605769230769231,FALSE
"creatinine","LAG3",0.104,0.605769230769231,FALSE
"calcium","TNFRSF1B",0.104,0.596153846153846,FALSE
"IL18","CD274",0.104,0.557692307692308,FALSE
"IL7","hemoglobin",0.104,0.625,FALSE
"CCL11","KLRD1",0.104,0.346153846153846,FALSE
"TNFRSF1B","calcium",0.104,0.403846153846154,FALSE
"KLRD1","CCL11",0.104,0.653846153846154,FALSE
"LAG3","lymphocytes",0.104,0.663461538461538,FALSE
"LAG3","creatinine",0.104,0.394230769230769,FALSE
"HAVCR2","lymphocytes",0.104,0.326923076923077,FALSE
"CD274","IL18",0.104,0.442307692307692,FALSE
"age_group","IL7",0.104,1,FALSE
"cmv","CXCL10",0.104,1,FALSE
"neutrophils","hematocrit",0.104,0.413461538461538,FALSE
"hematocrit","neutrophils",0.104,0.586538461538462,FALSE
"CXCL10","cmv",0.104,0,FALSE
"IL7","age_group",0.104,0,FALSE
"CD8A","LEP",0.104,0.298076923076923,FALSE
"LEP","CD8A",0.104,0.701923076923077,FALSE
"esr","KLRD1",0.103,0.640776699029126,FALSE
"eosinophils","CCL3",0.103,0.485436893203884,FALSE
"rdw","IL6",0.103,0.563106796116505,FALSE
"ldl","CHI3L1",0.103,0.601941747572815,FALSE
"bun","HAVCR2",0.103,0.669902912621359,FALSE
"bun","CD274",0.103,0.611650485436893,FALSE
"IL6","rdw",0.103,0.436893203883495,FALSE
"IL18","LEP",0.103,0.349514563106796,FALSE
"IL1RN","PDCD1",0.103,0.563106796116505,FALSE
"CCL3","eosinophils",0.103,0.514563106796116,FALSE
"CHI3L1","ldl",0.103,0.398058252427184,FALSE
"KLRD1","esr",0.103,0.359223300970874,FALSE
"PDCD1","IL1RN",0.103,0.436893203883495,FALSE
"HAVCR2","bun",0.103,0.330097087378641,FALSE
"CD274","bun",0.103,0.388349514563107,FALSE
"LEP","IL18",0.103,0.650485436893204,FALSE
"cmv","ast",0.103,1,FALSE
"eosinophils","CXCL9",0.103,0.572815533980582,FALSE
"rdw","IL15",0.103,0.422330097087379,FALSE
"ldl","potassium",0.103,0.427184466019417,FALSE
"ast","cmv",0.103,0,FALSE
"potassium","ldl",0.103,0.572815533980582,FALSE
"CXCL9","eosinophils",0.103,0.427184466019417,FALSE
"IL15","rdw",0.103,0.577669902912621,FALSE
"eosinophils","potassium",0.102,0.401960784313726,FALSE
"eosinophils","CXCL10",0.102,0.509803921568627,FALSE
"hdl","CHI3L1",0.102,0.431372549019608,FALSE
"ldl","CXCL8",0.102,0.676470588235294,FALSE
"ldl","TNFRSF1A",0.102,0.686274509803922,FALSE
"glucose","HAVCR2",0.102,0.431372549019608,FALSE
"potassium","eosinophils",0.102,0.598039215686274,FALSE
"IL6","CXCL11",0.102,0.558823529411765,FALSE
"IL6","CD8A",0.102,0.666666666666667,FALSE
"CXCL8","ldl",0.102,0.323529411764706,FALSE
"CXCL10","eosinophils",0.102,0.490196078431373,FALSE
"CXCL11","IL6",0.102,0.441176470588235,FALSE
"IL7","LAG3",0.102,0.647058823529412,FALSE
"CHI3L1","hdl",0.102,0.568627450980392,FALSE
"TNFRSF1A","ldl",0.102,0.313725490196078,FALSE
"CD8A","IL6",0.102,0.333333333333333,FALSE
"MMP12","LEP",0.102,0.637254901960784,FALSE
"LAG3","IL7",0.102,0.352941176470588,FALSE
"HAVCR2","glucose",0.102,0.568627450980392,FALSE
"LEP","MMP12",0.102,0.362745098039216,FALSE
"crp","hematocrit",0.102,0.5,FALSE
"ldl","CD274",0.102,0.691176470588235,FALSE
"alt","CCL4",0.102,0.42156862745098,FALSE
"ast","CCL11",0.102,0.42156862745098,FALSE
"creatinine","IL6",0.102,0.57843137254902,FALSE
"bun","VEGFA",0.102,0.57843137254902,FALSE
"glucose","MMP12",0.102,0.5,FALSE
"hematocrit","crp",0.102,0.5,FALSE
"IL6","creatinine",0.102,0.42156862745098,FALSE
"TNF","LAG3",0.102,0.42156862745098,FALSE
"CXCL10","TNFRSF1A",0.102,0.57843137254902,FALSE
"IFNG","IGFBP7",0.102,0.57843137254902,FALSE
"CCL4","alt",0.102,0.57843137254902,FALSE
"CCL11","ast",0.102,0.57843137254902,FALSE
"IGFBP7","IFNG",0.102,0.42156862745098,FALSE
"TNFRSF1A","CXCL10",0.102,0.42156862745098,FALSE
"MMP12","glucose",0.102,0.5,FALSE
"VEGFA","bun",0.102,0.42156862745098,FALSE
"LAG3","TNF",0.102,0.57843137254902,FALSE
"CD274","ldl",0.102,0.308823529411765,FALSE
"age_group","alt",0.101,1,FALSE
"crp","MMP12",0.101,0.633663366336634,FALSE
"monocytes","rdw",0.101,0.366336633663366,FALSE
"rdw","monocytes",0.101,0.633663366336634,FALSE
"rdw","CD8A",0.101,0.643564356435644,FALSE
"triglycerides","CD274",0.101,0.772277227722772,FALSE
"alt","age_group",0.101,0,FALSE
"creatinine","GZMA",0.101,0.475247524752475,FALSE
"hematocrit","IL6",0.101,0.455445544554455,FALSE
"calcium","CHI3L1",0.101,0.465346534653465,FALSE
"IL6","hematocrit",0.101,0.544554455445544,FALSE
"CHI3L1","calcium",0.101,0.534653465346535,FALSE
"CD8A","rdw",0.101,0.356435643564356,FALSE
"GZMA","creatinine",0.101,0.524752475247525,FALSE
"MMP12","crp",0.101,0.366336633663366,FALSE
"CD274","triglycerides",0.101,0.227722772277228,FALSE
"esr","neutrophils",0.101,0.712871287128713,FALSE
"neutrophils","esr",0.101,0.287128712871287,FALSE
"neutrophils","calcium",0.1,0.4,FALSE
"eosinophils","CXCL8",0.1,0.75,FALSE
"rdw","VEGFA",0.1,0.46,FALSE
"ldl","CXCL11",0.1,0.68,FALSE
"alt","PDCD1",0.1,0.42,FALSE
"bun","IL6",0.1,0.51,FALSE
"wbc","TNFRSF1A",0.1,0.35,FALSE
"potassium","IL15",0.1,0.39,FALSE
"calcium","neutrophils",0.1,0.6,FALSE
"calcium","GZMB",0.1,0.61,FALSE
"IL6","bun",0.1,0.49,FALSE
"CXCL8","eosinophils",0.1,0.25,FALSE
"CXCL9","IL18",0.1,0.63,FALSE
"CXCL11","ldl",0.1,0.32,FALSE
"IFNG","LEP",0.1,0.66,FALSE
"IL18","CXCL9",0.1,0.37,FALSE
"IL15","potassium",0.1,0.61,FALSE
"CCL8","KLRD1",0.1,0.43,FALSE
"GDF15","LEP",0.1,0.57,FALSE
"TNFRSF1A","wbc",0.1,0.65,FALSE
"GZMB","calcium",0.1,0.39,FALSE
"KLRD1","CCL8",0.1,0.57,FALSE
"VEGFA","rdw",0.1,0.54,FALSE
"PDCD1","alt",0.1,0.58,FALSE
"LEP","IFNG",0.1,0.34,FALSE
"LEP","GDF15",0.1,0.43,FALSE
"cmv","CXCL8",0.099,1,FALSE
"esr","TNF",0.099,0.696969696969697,FALSE
"eosinophils","GDF15",0.099,0.535353535353535,FALSE
"hdl","TNF",0.099,0.707070707070707,FALSE
"hdl","IL18",0.099,0.378787878787879,FALSE
"triglycerides","glucose",0.099,0.626262626262626,FALSE
"albumin","CXCL8",0.099,0.525252525252525,FALSE
"albumin","FGF21",0.099,0.303030303030303,FALSE
"bun","IL18",0.099,0.494949494949495,FALSE
"glucose","triglycerides",0.099,0.373737373737374,FALSE
"potassium","TNFRSF1B",0.099,0.686868686868687,FALSE
"calcium","CXCL9",0.099,0.252525252525253,FALSE
"TNF","esr",0.099,0.303030303030303,FALSE
"TNF","hdl",0.099,0.292929292929293,FALSE
"CXCL8","cmv",0.099,0,FALSE
"CXCL8","albumin",0.099,0.474747474747475,FALSE
"CXCL9","calcium",0.099,0.747474747474747,FALSE
"IL18","hdl",0.099,0.621212121212121,FALSE
"IL18","bun",0.099,0.505050505050505,FALSE
"IL18","CCL4",0.099,0.484848484848485,FALSE
"CCL4","IL18",0.099,0.515151515151515,FALSE
"CCL4","HAVCR2",0.099,0.535353535353535,FALSE
"GDF15","eosinophils",0.099,0.464646464646465,FALSE
"FGF21","albumin",0.099,0.696969696969697,FALSE
"FGF21","VEGFA",0.099,0.646464646464646,FALSE
"TNFRSF1B","potassium",0.099,0.313131313131313,FALSE
"VEGFA","FGF21",0.099,0.353535353535354,FALSE
"HAVCR2","CCL4",0.099,0.464646464646465,FALSE
"cmv","hemoglobin",0.098,1,FALSE
"eosinophils","CCL8",0.098,0.755102040816326,FALSE
"hemoglobin","cmv",0.098,0,FALSE
"platelets","IL1RN",0.098,0.428571428571429,FALSE
"creatinine","glucose",0.098,0.408163265306122,FALSE
"glucose","creatinine",0.098,0.591836734693878,FALSE
"potassium","CXCL9",0.098,0.448979591836735,FALSE
"CXCL9","potassium",0.098,0.551020408163265,FALSE
"IL1RN","platelets",0.098,0.571428571428571,FALSE
"CCL8","eosinophils",0.098,0.244897959183673,FALSE
"cmv","IL15",0.097,1,FALSE
"alt","CHI3L1",0.097,0.412371134020619,FALSE
"alt","GZMB",0.097,0.577319587628866,FALSE
"creatinine","LEP",0.097,0.412371134020619,FALSE
"bun","IFNG",0.097,0.402061855670103,FALSE
"calcium","IFNG",0.097,0.247422680412371,FALSE
"CXCL10","IL18",0.097,0.515463917525773,FALSE
"IFNG","bun",0.097,0.597938144329897,FALSE
"IFNG","calcium",0.097,0.752577319587629,FALSE
"IL18","CXCL10",0.097,0.484536082474227,FALSE
"IL15","cmv",0.097,0,FALSE
"CCL4","TNFRSF1A",0.097,0.556701030927835,FALSE
"CCL8","MMP12",0.097,0.536082474226804,FALSE
"CHI3L1","alt",0.097,0.587628865979381,FALSE
"TNFRSF1A","CCL4",0.097,0.443298969072165,FALSE
"GZMA","VEGFA",0.097,0.494845360824742,FALSE
"GZMB","alt",0.097,0.422680412371134,FALSE
"MMP12","CCL8",0.097,0.463917525773196,FALSE
"VEGFA","GZMA",0.097,0.505154639175258,FALSE
"LEP","creatinine",0.097,0.587628865979381,FALSE
"cmv","IL1RN",0.096,1,FALSE
"esr","IGFBP7",0.096,0.59375,FALSE
"lymphocytes","CXCL10",0.096,0.25,FALSE
"neutrophils","platelets",0.096,0.270833333333333,FALSE
"monocytes","GDF15",0.096,0.6875,FALSE
"eosinophils","triglycerides",0.096,0.572916666666667,FALSE
"hemoglobin","bun",0.096,0.364583333333333,FALSE
"platelets","neutrophils",0.096,0.729166666666667,FALSE
"triglycerides","eosinophils",0.096,0.427083333333333,FALSE
"alt","FGF21",0.096,0.34375,FALSE
"bun","hemoglobin",0.096,0.635416666666667,FALSE
"bun","GZMB",0.096,0.520833333333333,FALSE
"glucose","TNFRSF1B",0.096,0.520833333333333,FALSE
"wbc","IL18",0.096,0.395833333333333,FALSE
"calcium","VEGFA",0.096,0.75,FALSE
"CXCL10","lymphocytes",0.096,0.75,FALSE
"CXCL10","IL10",0.096,0.6875,FALSE
"IL18","wbc",0.096,0.604166666666667,FALSE
"IL10","CXCL10",0.096,0.3125,FALSE
"IL10","IL1RN",0.096,0.552083333333333,FALSE
"IL1RN","cmv",0.096,0,FALSE
"IL1RN","IL10",0.096,0.447916666666667,FALSE
"IL7","LEP",0.096,0.291666666666667,FALSE
"CCL4","KLRD1",0.096,0.583333333333333,FALSE
"GDF15","monocytes",0.096,0.3125,FALSE
"FGF21","alt",0.096,0.65625,FALSE
"IGFBP7","esr",0.096,0.40625,FALSE
"TNFRSF1B","glucose",0.096,0.479166666666667,FALSE
"GZMB","bun",0.096,0.479166666666667,FALSE
"KLRD1","CCL4",0.096,0.416666666666667,FALSE
"VEGFA","calcium",0.096,0.25,FALSE
"LEP","IL7",0.096,0.708333333333333,FALSE
"sex","IL18",0.095,1,FALSE
"sex","CCL11",0.095,1,FALSE
"lymphocytes","potassium",0.095,0.294736842105263,FALSE
"hdl","CCL2",0.095,0.589473684210526,FALSE
"ldl","glucose",0.095,0.568421052631579,FALSE
"ldl","CXCL9",0.095,0.505263157894737,FALSE
"triglycerides","albumin",0.095,0.684210526315789,FALSE
"triglycerides","CXCL9",0.095,0.347368421052632,FALSE
"ast","TNFRSF1B",0.095,0.484210526315789,FALSE
"albumin","triglycerides",0.095,0.315789473684211,FALSE
"glucose","ldl",0.095,0.431578947368421,FALSE
"hematocrit","CCL2",0.095,0.347368421052632,FALSE
"hematocrit","GDF15",0.095,0.442105263157895,FALSE
"hematocrit","HAVCR2",0.095,0.621052631578947,FALSE
"potassium","lymphocytes",0.095,0.705263157894737,FALSE
"potassium","CHI3L1",0.095,0.705263157894737,FALSE
"calcium","TNF",0.095,0.484210526315789,FALSE
"TNF","calcium",0.095,0.515789473684211,FALSE
"CXCL8","KLRD1",0.095,0.526315789473684,FALSE
"CXCL9","ldl",0.095,0.494736842105263,FALSE
"CXCL9","triglycerides",0.095,0.652631578947368,FALSE
"IL18","sex",0.095,0,FALSE
"IL1RN","GZMA",0.095,0.536842105263158,FALSE
"CCL2","hdl",0.095,0.410526315789474,FALSE
"CCL2","hematocrit",0.095,0.652631578947368,FALSE
"CCL11","sex",0.095,0,FALSE
"GDF15","hematocrit",0.095,0.557894736842105,FALSE
"CHI3L1","potassium",0.095,0.294736842105263,FALSE
"TNFRSF1B","ast",0.095,0.515789473684211,FALSE
"GZMA","IL1RN",0.095,0.463157894736842,FALSE
"KLRD1","CXCL8",0.095,0.473684210526316,FALSE
"HAVCR2","hematocrit",0.095,0.378947368421053,FALSE
"cmv","esr",0.094,1,FALSE
"crp","triglycerides",0.094,0.611702127659575,FALSE
"crp","CXCL9",0.094,0.446808510638298,FALSE
"esr","cmv",0.094,0,FALSE
"esr","rdw",0.094,0.48936170212766,FALSE
"monocytes","GZMA",0.094,0.627659574468085,FALSE
"monocytes","CD274",0.094,0.351063829787234,FALSE
"rdw","esr",0.094,0.51063829787234,FALSE
"triglycerides","crp",0.094,0.388297872340426,FALSE
"ast","CXCL10",0.094,0.329787234042553,FALSE
"creatinine","CXCL8",0.094,0.382978723404255,FALSE
"bun","CXCL9",0.094,0.457446808510638,FALSE
"wbc","GZMB",0.094,0.25531914893617,FALSE
"hematocrit","KLRD1",0.094,0.446808510638298,FALSE
"calcium","CCL8",0.094,0.563829787234043,FALSE
"CXCL8","creatinine",0.094,0.617021276595745,FALSE
"CXCL9","crp",0.094,0.553191489361702,FALSE
"CXCL9","bun",0.094,0.542553191489362,FALSE
"CXCL10","ast",0.094,0.670212765957447,FALSE
"CCL3","CCL8",0.094,0.691489361702128,FALSE
"CCL8","calcium",0.094,0.436170212765957,FALSE
"CCL8","CCL3",0.094,0.308510638297872,FALSE
"FGF21","GZMB",0.094,0.606382978723404,FALSE
"FGF21","PDCD1",0.094,0.617021276595745,FALSE
"GZMA","monocytes",0.094,0.372340425531915,FALSE
"GZMB","wbc",0.094,0.74468085106383,FALSE
"GZMB","FGF21",0.094,0.393617021276596,FALSE
"KLRD1","hematocrit",0.094,0.553191489361702,FALSE
"PDCD1","FGF21",0.094,0.382978723404255,FALSE
"CD274","monocytes",0.094,0.648936170212766,FALSE
"sex","CD8A",0.093,1,FALSE
"hdl","IL10",0.093,0.532258064516129,FALSE
"ldl","KLRD1",0.093,0.763440860215054,FALSE
"triglycerides","IFNG",0.093,0.602150537634409,FALSE
"triglycerides","CCL4",0.093,0.387096774193548,FALSE
"albumin","TNF",0.093,0.602150537634409,FALSE
"wbc","IFNG",0.093,0.193548387096774,FALSE
"potassium","CXCL10",0.093,0.655913978494624,FALSE
"TNF","albumin",0.093,0.397849462365591,FALSE
"CXCL10","potassium",0.093,0.344086021505376,FALSE
"IFNG","triglycerides",0.093,0.397849462365591,FALSE
"IFNG","wbc",0.093,0.806451612903226,FALSE
"IL10","hdl",0.093,0.467741935483871,FALSE
"IL10","VEGFA",0.093,0.666666666666667,FALSE
"CCL2","CD8A",0.093,0.483870967741935,FALSE
"CCL2","KLRD1",0.093,0.56989247311828,FALSE
"CCL4","triglycerides",0.093,0.612903225806452,FALSE
"CD8A","sex",0.093,0,FALSE
"CD8A","CCL2",0.093,0.516129032258065,FALSE
"KLRD1","ldl",0.093,0.236559139784946,FALSE
"KLRD1","CCL2",0.093,0.43010752688172,FALSE
"VEGFA","IL10",0.093,0.333333333333333,FALSE
"sex","GZMA",0.092,1,FALSE
"neutrophils","GDF15",0.092,0.260869565217391,FALSE
"eosinophils","CCL4",0.092,0.597826086956522,FALSE
"rdw","IL10",0.092,0.402173913043478,FALSE
"triglycerides","CXCL11",0.092,0.739130434782609,FALSE
"albumin","IGFBP7",0.092,0.41304347826087,FALSE
"glucose","GZMA",0.092,0.478260869565217,FALSE
"hematocrit","CXCL8",0.092,0.391304347826087,FALSE
"IL6","CCL4",0.092,0.554347826086957,FALSE
"CXCL8","hematocrit",0.092,0.608695652173913,FALSE
"CXCL8","TNFRSF1A",0.092,0.543478260869565,FALSE
"CXCL9","LEP",0.092,0.445652173913044,FALSE
"CXCL11","triglycerides",0.092,0.260869565217391,FALSE
"IL18","CCL11",0.092,0.304347826086957,FALSE
"IL18","LAG3",0.092,0.402173913043478,FALSE
"IL10","rdw",0.092,0.597826086956522,FALSE
"IL1RN","GZMB",0.092,0.521739130434783,FALSE
"IL15","CHI3L1",0.092,0.467391304347826,FALSE
"CCL4","eosinophils",0.092,0.402173913043478,FALSE
"CCL4","IL6",0.092,0.445652173913044,FALSE
"CCL11","IL18",0.092,0.695652173913043,FALSE
"GDF15","neutrophils",0.092,0.739130434782609,FALSE
"CHI3L1","IL15",0.092,0.532608695652174,FALSE
"IGFBP7","albumin",0.092,0.58695652173913,FALSE
"IGFBP7","MMP12",0.092,0.5,FALSE
"TNFRSF1A","CXCL8",0.092,0.456521739130435,FALSE
"GZMA","sex",0.092,0,FALSE
"GZMA","glucose",0.092,0.521739130434783,FALSE
"GZMB","IL1RN",0.092,0.478260869565217,FALSE
"MMP12","IGFBP7",0.092,0.5,FALSE
"LAG3","IL18",0.092,0.597826086956522,FALSE
"LEP","CXCL9",0.092,0.554347826086957,FALSE
"sex","potassium",0.091,1,FALSE
"lymphocytes","ast",0.091,0.351648351648352,FALSE
"ldl","MMP12",0.091,0.56043956043956,FALSE
"triglycerides","HAVCR2",0.091,0.648351648351648,FALSE
"ast","lymphocytes",0.091,0.648351648351648,FALSE
"creatinine","CXCL10",0.091,0.637362637362637,FALSE
"potassium","sex",0.091,0,FALSE
"IL6","IL7",0.091,0.494505494505495,FALSE
"IL6","MMP12",0.091,0.417582417582418,FALSE
"CXCL8","CCL3",0.091,0.483516483516484,FALSE
"CXCL10","creatinine",0.091,0.362637362637363,FALSE
"IL18","CCL2",0.091,0.692307692307692,FALSE
"IL1RN","CCL11",0.091,0.67032967032967,FALSE
"IL7","IL6",0.091,0.505494505494505,FALSE
"CCL2","IL18",0.091,0.307692307692308,FALSE
"CCL3","CXCL8",0.091,0.516483516483517,FALSE
"CCL4","CCL8",0.091,0.505494505494505,FALSE
"CCL8","CCL4",0.091,0.494505494505495,FALSE
"CCL11","IL1RN",0.091,0.32967032967033,FALSE
"CCL11","CD274",0.091,0.549450549450549,FALSE
"MMP12","ldl",0.091,0.43956043956044,FALSE
"MMP12","IL6",0.091,0.582417582417582,FALSE
"HAVCR2","triglycerides",0.091,0.351648351648352,FALSE
"CD274","CCL11",0.091,0.450549450549451,FALSE
"sex","MMP12",0.09,1,FALSE
"esr","eosinophils",0.09,0.388888888888889,FALSE
"esr","CXCL8",0.09,0.555555555555556,FALSE
"esr","IFNG",0.09,0.266666666666667,FALSE
"esr","VEGFA",0.09,0.488888888888889,FALSE
"eosinophils","esr",0.09,0.611111111111111,FALSE
"hemoglobin","CCL11",0.09,0.377777777777778,FALSE
"platelets","bun",0.09,0.488888888888889,FALSE
"platelets","CXCL10",0.09,0.511111111111111,FALSE
"ldl","CD8A",0.09,0.644444444444444,FALSE
"alt","TNFRSF1B",0.09,0.433333333333333,FALSE
"bun","platelets",0.09,0.511111111111111,FALSE
"potassium","CCL2",0.09,0.8,FALSE
"calcium","CXCL8",0.09,0.577777777777778,FALSE
"IL6","CXCL10",0.09,0.544444444444445,FALSE
"CXCL8","esr",0.09,0.444444444444444,FALSE
"CXCL8","calcium",0.09,0.422222222222222,FALSE
"CXCL10","platelets",0.09,0.488888888888889,FALSE
"CXCL10","IL6",0.09,0.455555555555556,FALSE
"CXCL11","CCL2",0.09,0.555555555555556,FALSE
"IFNG","esr",0.09,0.733333333333333,FALSE
"IFNG","VEGFA",0.09,0.588888888888889,FALSE
"IFNG","PDCD1",0.09,0.438888888888889,FALSE
"CCL2","potassium",0.09,0.2,FALSE
"CCL2","CXCL11",0.09,0.444444444444444,FALSE
"CCL3","VEGFA",0.09,0.6,FALSE
"CCL11","hemoglobin",0.09,0.622222222222222,FALSE
"TNFRSF1B","alt",0.09,0.566666666666667,FALSE
"CD8A","ldl",0.09,0.355555555555556,FALSE
"MMP12","sex",0.09,0,FALSE
"VEGFA","esr",0.09,0.511111111111111,FALSE
"VEGFA","IFNG",0.09,0.411111111111111,FALSE
"VEGFA","CCL3",0.09,0.4,FALSE
"PDCD1","IFNG",0.09,0.561111111111111,FALSE
"rdw","wbc",0.089,0.764044943820225,FALSE
"wbc","rdw",0.089,0.235955056179775,FALSE
"crp","hemoglobin",0.089,0.640449438202247,FALSE
"lymphocytes","IGFBP7",0.089,0.471910112359551,FALSE
"hemoglobin","crp",0.089,0.359550561797753,FALSE
"platelets","glucose",0.089,0.51685393258427,FALSE
"ldl","hematocrit",0.089,0.741573033707865,FALSE
"albumin","IL10",0.089,0.685393258426966,FALSE
"albumin","CCL4",0.089,0.606741573033708,FALSE
"glucose","platelets",0.089,0.48314606741573,FALSE
"hematocrit","ldl",0.089,0.258426966292135,FALSE
"hematocrit","TNFRSF1B",0.089,0.382022471910112,FALSE
"potassium","CXCL8",0.089,0.730337078651685,FALSE
"potassium","KLRD1",0.089,0.685393258426966,FALSE
"CXCL8","potassium",0.089,0.269662921348315,FALSE
"IL10","albumin",0.089,0.314606741573034,FALSE
"CCL4","albumin",0.089,0.393258426966292,FALSE
"CCL4","CD8A",0.089,0.382022471910112,FALSE
"GDF15","KLRD1",0.089,0.393258426966292,FALSE
"IGFBP7","lymphocytes",0.089,0.52808988764045,FALSE
"TNFRSF1B","hematocrit",0.089,0.617977528089888,FALSE
"CD8A","CCL4",0.089,0.617977528089888,FALSE
"KLRD1","potassium",0.089,0.314606741573034,FALSE
"KLRD1","GDF15",0.089,0.606741573033708,FALSE
"age_group","IL18",0.088,1,FALSE
"sex","IL7",0.088,1,FALSE
"esr","PDCD1",0.088,0.534090909090909,FALSE
"lymphocytes","IL6",0.088,0.431818181818182,FALSE
"lymphocytes","MMP12",0.088,0.465909090909091,FALSE
"monocytes","TNF",0.088,0.375,FALSE
"monocytes","IL18",0.088,0.670454545454545,FALSE
"hemoglobin","KLRD1",0.088,0.579545454545455,FALSE
"alt","CD8A",0.088,0.659090909090909,FALSE
"IL6","lymphocytes",0.088,0.568181818181818,FALSE
"IL6","FGF21",0.088,0.579545454545455,FALSE
"TNF","monocytes",0.088,0.625,FALSE
"IL18","age_group",0.088,0,FALSE
"IL18","monocytes",0.088,0.329545454545455,FALSE
"IL1RN","GDF15",0.088,0.534090909090909,FALSE
"IL7","sex",0.088,0,FALSE
"CCL2","GDF15",0.088,0.511363636363636,FALSE
"GDF15","IL1RN",0.088,0.465909090909091,FALSE
"GDF15","CCL2",0.088,0.488636363636364,FALSE
"FGF21","IL6",0.088,0.420454545454545,FALSE
"CD8A","alt",0.088,0.340909090909091,FALSE
"KLRD1","hemoglobin",0.088,0.420454545454545,FALSE
"MMP12","lymphocytes",0.088,0.534090909090909,FALSE
"PDCD1","esr",0.088,0.465909090909091,FALSE
"GDF15","GZMB",0.087,0.666666666666667,FALSE
"GZMB","GDF15",0.087,0.333333333333333,FALSE
"age_group","monocytes",0.087,1,FALSE
"neutrophils","TNFRSF1B",0.087,0.275862068965517,FALSE
"neutrophils","GZMB",0.087,0.252873563218391,FALSE
"monocytes","age_group",0.087,0,FALSE
"monocytes","hdl",0.087,0.419540229885057,FALSE
"monocytes","PDCD1",0.087,0.505747126436782,FALSE
"hemoglobin","CXCL10",0.087,0.39080459770115,FALSE
"hdl","monocytes",0.087,0.580459770114943,FALSE
"triglycerides","CCL11",0.087,0.551724137931035,FALSE
"alt","GDF15",0.087,0.275862068965517,FALSE
"calcium","GZMA",0.087,0.367816091954023,FALSE
"calcium","PDCD1",0.087,0.517241379310345,FALSE
"calcium","LAG3",0.087,0.379310344827586,FALSE
"CXCL9","FGF21",0.087,0.540229885057471,FALSE
"CXCL10","hemoglobin",0.087,0.609195402298851,FALSE
"CXCL10","IFNG",0.087,0.482758620689655,FALSE
"CXCL11","TNFRSF1B",0.087,0.413793103448276,FALSE
"IFNG","CXCL10",0.087,0.517241379310345,FALSE
"CCL8","CD8A",0.087,0.482758620689655,FALSE
"CCL8","CD274",0.087,0.735632183908046,FALSE
"CCL11","triglycerides",0.087,0.448275862068966,FALSE
"GDF15","alt",0.087,0.724137931034483,FALSE
"FGF21","CXCL9",0.087,0.459770114942529,FALSE
"TNFRSF1A","GZMB",0.087,0.448275862068966,FALSE
"TNFRSF1B","neutrophils",0.087,0.724137931034483,FALSE
"TNFRSF1B","CXCL11",0.087,0.586206896551724,FALSE
"CD8A","CCL8",0.087,0.517241379310345,FALSE
"GZMA","calcium",0.087,0.632183908045977,FALSE
"GZMB","neutrophils",0.087,0.747126436781609,FALSE
"GZMB","TNFRSF1A",0.087,0.551724137931035,FALSE
"PDCD1","monocytes",0.087,0.494252873563218,FALSE
"PDCD1","calcium",0.087,0.482758620689655,FALSE
"LAG3","calcium",0.087,0.620689655172414,FALSE
"CD274","CCL8",0.087,0.264367816091954,FALSE
"ldl","PDCD1",0.086,0.674418604651163,FALSE
"alt","MMP12",0.086,0.244186046511628,FALSE
"MMP12","alt",0.086,0.755813953488372,FALSE
"PDCD1","ldl",0.086,0.325581395348837,FALSE
"age_group","CCL8",0.086,1,FALSE
"crp","rdw",0.086,0.523255813953488,FALSE
"crp","FGF21",0.086,0.546511627906977,FALSE
"esr","CCL2",0.086,0.5,FALSE
"esr","CCL4",0.086,0.604651162790698,FALSE
"lymphocytes","TNFRSF1B",0.086,0.5,FALSE
"neutrophils","HAVCR2",0.086,0.488372093023256,FALSE
"rdw","crp",0.086,0.476744186046512,FALSE
"ldl","IFNG",0.086,0.465116279069767,FALSE
"ldl","IL10",0.086,0.534883720930233,FALSE
"ast","IL6",0.086,0.441860465116279,FALSE
"ast","LAG3",0.086,0.418604651162791,FALSE
"glucose","LAG3",0.086,0.453488372093023,FALSE
"IL6","ast",0.086,0.558139534883721,FALSE
"IFNG","ldl",0.086,0.534883720930233,FALSE
"IL10","ldl",0.086,0.465116279069767,FALSE
"IL10","GDF15",0.086,0.348837209302326,FALSE
"CCL2","esr",0.086,0.5,FALSE
"CCL4","esr",0.086,0.395348837209302,FALSE
"CCL8","age_group",0.086,0,FALSE
"GDF15","IL10",0.086,0.651162790697674,FALSE
"FGF21","crp",0.086,0.453488372093023,FALSE
"TNFRSF1A","KLRD1",0.086,0.546511627906977,FALSE
"TNFRSF1B","lymphocytes",0.086,0.5,FALSE
"KLRD1","TNFRSF1A",0.086,0.453488372093023,FALSE
"LAG3","ast",0.086,0.581395348837209,FALSE
"LAG3","glucose",0.086,0.546511627906977,FALSE
"HAVCR2","neutrophils",0.086,0.511627906976744,FALSE
"neutrophils","FGF21",0.085,0.329411764705882,FALSE
"wbc","FGF21",0.085,0.329411764705882,FALSE
"calcium","CXCL11",0.085,0.776470588235294,FALSE
"CXCL11","calcium",0.085,0.223529411764706,FALSE
"FGF21","neutrophils",0.085,0.670588235294118,FALSE
"FGF21","wbc",0.085,0.670588235294118,FALSE
"hemoglobin","CCL3",0.085,0.505882352941176,FALSE
"triglycerides","LAG3",0.085,0.494117647058824,FALSE
"IL10","TNFRSF1A",0.085,0.458823529411765,FALSE
"IL7","MMP12",0.085,0.576470588235294,FALSE
"CCL3","hemoglobin",0.085,0.494117647058824,FALSE
"CCL11","TNFRSF1B",0.085,0.529411764705882,FALSE
"TNFRSF1A","IL10",0.085,0.541176470588235,FALSE
"TNFRSF1B","CCL11",0.085,0.470588235294118,FALSE
"GZMB","LEP",0.085,0.376470588235294,FALSE
"MMP12","IL7",0.085,0.423529411764706,FALSE
"LAG3","triglycerides",0.085,0.505882352941176,FALSE
"LEP","GZMB",0.085,0.623529411764706,FALSE
"cmv","hdl",0.084,1,FALSE
"platelets","LAG3",0.084,0.416666666666667,FALSE
"rdw","FGF21",0.084,0.5,FALSE
"hdl","cmv",0.084,0,FALSE
"creatinine","CCL3",0.084,0.583333333333333,FALSE
"CCL3","creatinine",0.084,0.416666666666667,FALSE
"CCL11","FGF21",0.084,0.595238095238095,FALSE
"FGF21","rdw",0.084,0.5,FALSE
"FGF21","CCL11",0.084,0.404761904761905,FALSE
"LAG3","platelets",0.084,0.583333333333333,FALSE
"crp","CXCL11",0.084,0.613095238095238,FALSE
"neutrophils","PDCD1",0.084,0.392857142857143,FALSE
"ldl","GZMA",0.084,0.714285714285714,FALSE
"triglycerides","TNFRSF1B",0.084,0.511904761904762,FALSE
"creatinine","IFNG",0.084,0.428571428571429,FALSE
"CXCL11","crp",0.084,0.386904761904762,FALSE
"IFNG","creatinine",0.084,0.571428571428572,FALSE
"IL1RN","IGFBP7",0.084,0.607142857142857,FALSE
"CCL11","GZMB",0.084,0.369047619047619,FALSE
"IGFBP7","IL1RN",0.084,0.392857142857143,FALSE
"TNFRSF1B","triglycerides",0.084,0.488095238095238,FALSE
"TNFRSF1B","GZMB",0.084,0.523809523809524,FALSE
"GZMA","ldl",0.084,0.285714285714286,FALSE
"GZMB","CCL11",0.084,0.630952380952381,FALSE
"GZMB","TNFRSF1B",0.084,0.476190476190476,FALSE
"MMP12","LAG3",0.084,0.607142857142857,FALSE
"PDCD1","neutrophils",0.084,0.607142857142857,FALSE
"LAG3","MMP12",0.084,0.392857142857143,FALSE
"age_group","hematocrit",0.083,1,FALSE
"hematocrit","age_group",0.083,0,FALSE
"potassium","IL18",0.083,0.650602409638554,FALSE
"IL18","potassium",0.083,0.349397590361446,FALSE
"IL15","VEGFA",0.083,0.493975903614458,FALSE
"GZMB","CD274",0.083,0.578313253012048,FALSE
"VEGFA","IL15",0.083,0.506024096385542,FALSE
"CD274","GZMB",0.083,0.421686746987952,FALSE
"bun","GZMA",0.083,0.55421686746988,FALSE
"calcium","IL6",0.083,0.457831325301205,FALSE
"calcium","CD8A",0.083,0.518072289156627,FALSE
"IL6","calcium",0.083,0.542168674698795,FALSE
"CD8A","calcium",0.083,0.481927710843374,FALSE
"GZMA","bun",0.083,0.445783132530121,FALSE
"neutrophils","ldl",0.082,0.292682926829268,FALSE
"monocytes","IGFBP7",0.082,0.646341463414634,FALSE
"ldl","neutrophils",0.082,0.707317073170732,FALSE
"ldl","CCL3",0.082,0.707317073170732,FALSE
"alt","IL15",0.082,0.310975609756098,FALSE
"IL1RN","LAG3",0.082,0.51219512195122,FALSE
"IL15","alt",0.082,0.689024390243902,FALSE
"CCL3","ldl",0.082,0.292682926829268,FALSE
"IGFBP7","monocytes",0.082,0.353658536585366,FALSE
"LAG3","IL1RN",0.082,0.48780487804878,FALSE
"hemoglobin","LAG3",0.082,0.268292682926829,FALSE
"platelets","CXCL8",0.082,0.463414634146341,FALSE
"rdw","IFNG",0.082,0.536585365853659,FALSE
"calcium","CCL4",0.082,0.621951219512195,FALSE
"CXCL8","platelets",0.082,0.536585365853659,FALSE
"CXCL11","CCL11",0.082,0.524390243902439,FALSE
"IFNG","rdw",0.082,0.463414634146341,FALSE
"IL10","TNFRSF1B",0.082,0.439024390243902,FALSE
"CCL4","calcium",0.082,0.378048780487805,FALSE
"CCL11","CXCL11",0.082,0.475609756097561,FALSE
"TNFRSF1B","IL10",0.082,0.560975609756098,FALSE
"LAG3","hemoglobin",0.082,0.731707317073171,FALSE
"monocytes","TNFRSF1B",0.081,0.567901234567901,FALSE
"hemoglobin","CXCL9",0.081,0.432098765432099,FALSE
"IL6","PDCD1",0.081,0.580246913580247,FALSE
"CXCL9","hemoglobin",0.081,0.567901234567901,FALSE
"IFNG","CCL11",0.081,0.481481481481481,FALSE
"IL10","IL15",0.081,0.320987654320988,FALSE
"IL1RN","FGF21",0.081,0.716049382716049,FALSE
"IL15","IL10",0.081,0.679012345679012,FALSE
"IL15","CCL4",0.081,0.703703703703704,FALSE
"CCL4","IL15",0.081,0.296296296296296,FALSE
"CCL11","IFNG",0.081,0.518518518518518,FALSE
"FGF21","IL1RN",0.081,0.283950617283951,FALSE
"TNFRSF1B","monocytes",0.081,0.432098765432099,FALSE
"GZMA","CD274",0.081,0.765432098765432,FALSE
"PDCD1","IL6",0.081,0.419753086419753,FALSE
"CD274","GZMA",0.081,0.234567901234568,FALSE
"creatinine","potassium",0.081,0.530864197530864,FALSE
"glucose","KLRD1",0.081,0.530864197530864,FALSE
"potassium","creatinine",0.081,0.469135802469136,FALSE
"KLRD1","glucose",0.081,0.469135802469136,FALSE
"cmv","hematocrit",0.08,1,FALSE
"hdl","MMP12",0.08,0.35,FALSE
"ldl","TNF",0.08,0.7375,FALSE
"ldl","CCL11",0.08,0.725,FALSE
"alt","CCL8",0.08,0.65,FALSE
"ast","bun",0.08,0.275,FALSE
"ast","CXCL8",0.08,0.425,FALSE
"bun","ast",0.08,0.725,FALSE
"glucose","CD274",0.08,0.51875,FALSE
"hematocrit","cmv",0.08,0,FALSE
"TNF","ldl",0.08,0.2625,FALSE
"CXCL8","ast",0.08,0.575,FALSE
"CCL8","alt",0.08,0.35,FALSE
"CCL11","ldl",0.08,0.275,FALSE
"MMP12","hdl",0.08,0.65,FALSE
"CD274","glucose",0.08,0.48125,FALSE
"neutrophils","CXCL11",0.08,0.4625,FALSE
"CXCL11","neutrophils",0.08,0.5375,FALSE
"lymphocytes","CCL2",0.079,0.430379746835443,FALSE
"neutrophils","MMP12",0.079,0.215189873417722,FALSE
"eosinophils","IL1RN",0.079,0.670886075949367,FALSE
"hemoglobin","FGF21",0.079,0.329113924050633,FALSE
"ldl","creatinine",0.079,0.417721518987342,FALSE
"creatinine","ldl",0.079,0.582278481012658,FALSE
"CXCL9","CCL2",0.079,0.670886075949367,FALSE
"IL1RN","eosinophils",0.079,0.329113924050633,FALSE
"CCL2","lymphocytes",0.079,0.569620253164557,FALSE
"CCL2","CXCL9",0.079,0.329113924050633,FALSE
"FGF21","hemoglobin",0.079,0.670886075949367,FALSE
"MMP12","neutrophils",0.079,0.784810126582278,FALSE
"VEGFA","HAVCR2",0.079,0.417721518987342,FALSE
"HAVCR2","VEGFA",0.079,0.582278481012658,FALSE
"cmv","calcium",0.078,1,FALSE
"crp","TNFRSF1B",0.078,0.602564102564103,FALSE
"monocytes","potassium",0.078,0.564102564102564,FALSE
"eosinophils","IFNG",0.078,0.384615384615385,FALSE
"eosinophils","IL7",0.078,0.67948717948718,FALSE
"platelets","ast",0.078,0.576923076923077,FALSE
"triglycerides","IL10",0.078,0.461538461538462,FALSE
"alt","CXCL11",0.078,0.397435897435897,FALSE
"ast","platelets",0.078,0.423076923076923,FALSE
"glucose","GZMB",0.078,0.525641025641026,FALSE
"potassium","monocytes",0.078,0.435897435897436,FALSE
"calcium","cmv",0.078,0,FALSE
"CXCL11","alt",0.078,0.602564102564103,FALSE
"CXCL11","KLRD1",0.078,0.602564102564103,FALSE
"IFNG","eosinophils",0.078,0.615384615384615,FALSE
"IFNG","IL10",0.078,0.461538461538462,FALSE
"IL10","triglycerides",0.078,0.538461538461539,FALSE
"IL10","IFNG",0.078,0.538461538461539,FALSE
"IL1RN","KLRD1",0.078,0.525641025641026,FALSE
"IL7","eosinophils",0.078,0.320512820512821,FALSE
"IL15","CCL11",0.078,0.705128205128205,FALSE
"CCL11","IL15",0.078,0.294871794871795,FALSE
"CCL11","GZMA",0.078,0.525641025641026,FALSE
"GDF15","PDCD1",0.078,0.461538461538462,FALSE
"TNFRSF1B","crp",0.078,0.397435897435897,FALSE
"GZMA","CCL11",0.078,0.474358974358974,FALSE
"GZMB","glucose",0.078,0.474358974358974,FALSE
"KLRD1","CXCL11",0.078,0.397435897435897,FALSE
"KLRD1","IL1RN",0.078,0.474358974358974,FALSE
"PDCD1","GDF15",0.078,0.538461538461539,FALSE
"triglycerides","calcium",0.077,0.454545454545455,FALSE
"calcium","triglycerides",0.077,0.545454545454545,FALSE
"CCL11","LAG3",0.077,0.454545454545455,FALSE
"LAG3","CCL11",0.077,0.545454545454545,FALSE
"cmv","alt",0.077,1,FALSE
"lymphocytes","triglycerides",0.077,0.311688311688312,FALSE
"platelets","CXCL9",0.077,0.363636363636364,FALSE
"rdw","KLRD1",0.077,0.532467532467533,FALSE
"triglycerides","lymphocytes",0.077,0.688311688311688,FALSE
"alt","cmv",0.077,0,FALSE
"alt","albumin",0.077,0.61038961038961,FALSE
"ast","IL10",0.077,0.675324675324675,FALSE
"albumin","alt",0.077,0.38961038961039,FALSE
"CXCL8","IL1RN",0.077,0.571428571428571,FALSE
"CXCL9","platelets",0.077,0.636363636363636,FALSE
"IL10","ast",0.077,0.324675324675325,FALSE
"IL1RN","CXCL8",0.077,0.428571428571429,FALSE
"IL15","LEP",0.077,0.636363636363636,FALSE
"KLRD1","rdw",0.077,0.467532467532468,FALSE
"LEP","IL15",0.077,0.363636363636364,FALSE
"albumin","CCL3",0.076,0.447368421052632,FALSE
"CCL3","albumin",0.076,0.552631578947368,FALSE
"sex","monocytes",0.076,1,FALSE
"neutrophils","alt",0.076,0.526315789473684,FALSE
"monocytes","sex",0.076,0,FALSE
"eosinophils","VEGFA",0.076,0.776315789473684,FALSE
"eosinophils","PDCD1",0.076,0.631578947368421,FALSE
"alt","neutrophils",0.076,0.473684210526316,FALSE
"bun","LAG3",0.076,0.368421052631579,FALSE
"glucose","VEGFA",0.076,0.723684210526316,FALSE
"wbc","CXCL10",0.076,0.302631578947368,FALSE
"calcium","IL18",0.076,0.631578947368421,FALSE
"TNF","CCL4",0.076,0.355263157894737,FALSE
"CXCL10","wbc",0.076,0.697368421052632,FALSE
"CXCL10","PDCD1",0.076,0.565789473684211,FALSE
"CXCL10","HAVCR2",0.076,0.592105263157895,FALSE
"IL18","calcium",0.076,0.368421052631579,FALSE
"IL15","CD8A",0.076,0.578947368421053,FALSE
"CCL4","TNF",0.076,0.644736842105263,FALSE
"CD8A","IL15",0.076,0.421052631578947,FALSE
"VEGFA","eosinophils",0.076,0.223684210526316,FALSE
"VEGFA","glucose",0.076,0.276315789473684,FALSE
"PDCD1","eosinophils",0.076,0.368421052631579,FALSE
"PDCD1","CXCL10",0.076,0.434210526315789,FALSE
"LAG3","bun",0.076,0.631578947368421,FALSE
"HAVCR2","CXCL10",0.076,0.407894736842105,FALSE
"monocytes","IL7",0.075,0.566666666666667,FALSE
"hematocrit","MMP12",0.075,0.466666666666667,FALSE
"potassium","IL10",0.075,0.673333333333333,FALSE
"IL10","potassium",0.075,0.326666666666667,FALSE
"IL7","monocytes",0.075,0.433333333333333,FALSE
"CHI3L1","CD274",0.075,0.533333333333333,FALSE
"MMP12","hematocrit",0.075,0.533333333333333,FALSE
"CD274","CHI3L1",0.075,0.466666666666667,FALSE
"monocytes","FGF21",0.075,0.613333333333333,FALSE
"platelets","CCL11",0.075,0.506666666666667,FALSE
"bun","CHI3L1",0.075,0.506666666666667,FALSE
"wbc","TNFRSF1B",0.075,0.253333333333333,FALSE
"CXCL9","IL7",0.075,0.48,FALSE
"IL7","CXCL9",0.075,0.52,FALSE
"CCL8","GZMB",0.075,0.6,FALSE
"CCL11","platelets",0.075,0.493333333333333,FALSE
"FGF21","monocytes",0.075,0.386666666666667,FALSE
"CHI3L1","bun",0.075,0.493333333333333,FALSE
"TNFRSF1B","wbc",0.075,0.746666666666667,FALSE
"GZMB","CCL8",0.075,0.4,FALSE
"hdl","KLRD1",0.074,0.554054054054054,FALSE
"glucose","CXCL9",0.074,0.54054054054054,FALSE
"CXCL9","glucose",0.074,0.459459459459459,FALSE
"KLRD1","hdl",0.074,0.445945945945946,FALSE
"age_group","ast",0.074,1,FALSE
"age_group","calcium",0.074,1,FALSE
"neutrophils","CXCL10",0.074,0.310810810810811,FALSE
"alt","CXCL10",0.074,0.5,FALSE
"ast","age_group",0.074,0,FALSE
"ast","CD8A",0.074,0.621621621621622,FALSE
"albumin","CXCL9",0.074,0.378378378378378,FALSE
"creatinine","CCL11",0.074,0.513513513513513,FALSE
"calcium","age_group",0.074,0,FALSE
"CXCL9","albumin",0.074,0.621621621621622,FALSE
"CXCL10","neutrophils",0.074,0.689189189189189,FALSE
"CXCL10","alt",0.074,0.5,FALSE
"CCL11","creatinine",0.074,0.486486486486486,FALSE
"CD8A","ast",0.074,0.378378378378378,FALSE
"eosinophils","FGF21",0.073,0.534246575342466,FALSE
"eosinophils","CHI3L1",0.073,0.452054794520548,FALSE
"rdw","GDF15",0.073,0.479452054794521,FALSE
"creatinine","CD274",0.073,0.684931506849315,FALSE
"bun","CXCL11",0.073,0.342465753424658,FALSE
"CXCL8","LAG3",0.073,0.452054794520548,FALSE
"CXCL11","bun",0.073,0.657534246575342,FALSE
"CXCL11","IL18",0.073,0.520547945205479,FALSE
"IL18","CXCL11",0.073,0.479452054794521,FALSE
"IL10","HAVCR2",0.073,0.479452054794521,FALSE
"CCL8","TNFRSF1B",0.073,0.534246575342466,FALSE
"GDF15","rdw",0.073,0.520547945205479,FALSE
"FGF21","eosinophils",0.073,0.465753424657534,FALSE
"CHI3L1","eosinophils",0.073,0.547945205479452,FALSE
"TNFRSF1B","CCL8",0.073,0.465753424657534,FALSE
"LAG3","CXCL8",0.073,0.547945205479452,FALSE
"HAVCR2","IL10",0.073,0.520547945205479,FALSE
"CD274","creatinine",0.073,0.315068493150685,FALSE
"calcium","IGFBP7",0.073,0.506849315068493,FALSE
"TNF","VEGFA",0.073,0.410958904109589,FALSE
"IFNG","CD274",0.073,0.63013698630137,FALSE
"IGFBP7","calcium",0.073,0.493150684931507,FALSE
"TNFRSF1A","CD8A",0.073,0.506849315068493,FALSE
"CD8A","TNFRSF1A",0.073,0.493150684931507,FALSE
"VEGFA","TNF",0.073,0.589041095890411,FALSE
"CD274","IFNG",0.073,0.36986301369863,FALSE
"potassium","FGF21",0.072,0.569444444444444,FALSE
"FGF21","potassium",0.072,0.430555555555556,FALSE
"ldl","IL7",0.072,0.611111111111111,FALSE
"wbc","MMP12",0.072,0.375,FALSE
"hematocrit","LAG3",0.072,0.291666666666667,FALSE
"potassium","MMP12",0.072,0.597222222222222,FALSE
"IL7","ldl",0.072,0.388888888888889,FALSE
"MMP12","wbc",0.072,0.625,FALSE
"MMP12","potassium",0.072,0.402777777777778,FALSE
"LAG3","hematocrit",0.072,0.708333333333333,FALSE
"neutrophils","albumin",0.071,0.47887323943662,FALSE
"platelets","CCL3",0.071,0.52112676056338,FALSE
"ast","IFNG",0.071,0.507042253521127,FALSE
"ast","CCL4",0.071,0.52112676056338,FALSE
"albumin","neutrophils",0.071,0.52112676056338,FALSE
"albumin","GZMB",0.071,0.704225352112676,FALSE
"calcium","IL10",0.071,0.535211267605634,FALSE
"CXCL11","TNFRSF1A",0.071,0.422535211267606,FALSE
"IFNG","ast",0.071,0.492957746478873,FALSE
"IL18","FGF21",0.071,0.408450704225352,FALSE
"IL10","calcium",0.071,0.464788732394366,FALSE
"IL15","CCL8",0.071,0.647887323943662,FALSE
"CCL2","PDCD1",0.071,0.464788732394366,FALSE
"CCL3","platelets",0.071,0.47887323943662,FALSE
"CCL4","ast",0.071,0.47887323943662,FALSE
"CCL8","IL15",0.071,0.352112676056338,FALSE
"FGF21","IL18",0.071,0.591549295774648,FALSE
"TNFRSF1A","CXCL11",0.071,0.577464788732394,FALSE
"GZMB","albumin",0.071,0.295774647887324,FALSE
"PDCD1","CCL2",0.071,0.535211267605634,FALSE
"crp","lymphocytes",0.071,0.619718309859155,FALSE
"lymphocytes","crp",0.071,0.380281690140845,FALSE
"monocytes","IFNG",0.071,0.380281690140845,FALSE
"IFNG","monocytes",0.071,0.619718309859155,FALSE
"monocytes","CCL8",0.07,0.714285714285714,FALSE
"platelets","IGFBP7",0.07,0.5,FALSE
"hdl","CCL4",0.07,0.471428571428571,FALSE
"calcium","CD274",0.07,0.4,FALSE
"CCL4","hdl",0.07,0.528571428571428,FALSE
"CCL8","monocytes",0.07,0.285714285714286,FALSE
"IGFBP7","platelets",0.07,0.5,FALSE
"GZMB","HAVCR2",0.07,0.471428571428571,FALSE
"HAVCR2","GZMB",0.07,0.528571428571428,FALSE
"CD274","calcium",0.07,0.6,FALSE
"KLRD1","HAVCR2",0.07,0.385714285714286,FALSE
"HAVCR2","KLRD1",0.07,0.614285714285714,FALSE
"cmv","LAG3",0.069,1,FALSE
"neutrophils","CHI3L1",0.069,0.289855072463768,FALSE
"neutrophils","TNFRSF1A",0.069,0.318840579710145,FALSE
"ast","MMP12",0.069,0.434782608695652,FALSE
"wbc","CHI3L1",0.069,0.333333333333333,FALSE
"wbc","PDCD1",0.069,0.347826086956522,FALSE
"hematocrit","CXCL9",0.069,0.318840579710145,FALSE
"calcium","CXCL10",0.069,0.449275362318841,FALSE
"CXCL8","IGFBP7",0.069,0.463768115942029,FALSE
"CXCL9","hematocrit",0.069,0.681159420289855,FALSE
"CXCL10","calcium",0.069,0.550724637681159,FALSE
"IFNG","IL1RN",0.069,0.594202898550725,FALSE
"IL1RN","IFNG",0.069,0.405797101449275,FALSE
"IL7","GZMA",0.069,0.550724637681159,FALSE
"CHI3L1","neutrophils",0.069,0.710144927536232,FALSE
"CHI3L1","wbc",0.069,0.666666666666667,FALSE
"IGFBP7","CXCL8",0.069,0.536231884057971,FALSE
"TNFRSF1A","neutrophils",0.069,0.681159420289855,FALSE
"GZMA","IL7",0.069,0.449275362318841,FALSE
"MMP12","ast",0.069,0.565217391304348,FALSE
"PDCD1","wbc",0.069,0.652173913043478,FALSE
"LAG3","cmv",0.069,0,FALSE
"neutrophils","rdw",0.069,0.376811594202899,FALSE
"rdw","neutrophils",0.069,0.623188405797101,FALSE
"wbc","HAVCR2",0.069,0.376811594202899,FALSE
"HAVCR2","wbc",0.069,0.623188405797101,FALSE
"rdw","calcium",0.068,0.544117647058823,FALSE
"rdw","IL7",0.068,0.352941176470588,FALSE
"calcium","rdw",0.068,0.455882352941176,FALSE
"IL10","MMP12",0.068,0.411764705882353,FALSE
"IL7","rdw",0.068,0.647058823529412,FALSE
"IL7","IL15",0.068,0.602941176470588,FALSE
"IL15","IL7",0.068,0.397058823529412,FALSE
"MMP12","IL10",0.068,0.588235294117647,FALSE
"neutrophils","TNF",0.067,0.283582089552239,FALSE
"hdl","CXCL9",0.067,0.358208955223881,FALSE
"hdl","VEGFA",0.067,0.447761194029851,FALSE
"triglycerides","TNFRSF1A",0.067,0.462686567164179,FALSE
"alt","IL10",0.067,0.507462686567164,FALSE
"albumin","PDCD1",0.067,0.402985074626866,FALSE
"calcium","MMP12",0.067,0.477611940298507,FALSE
"TNF","neutrophils",0.067,0.716417910447761,FALSE
"CXCL9","hdl",0.067,0.641791044776119,FALSE
"CXCL11","LEP",0.067,0.358208955223881,FALSE
"IL10","alt",0.067,0.492537313432836,FALSE
"IL7","CCL3",0.067,0.537313432835821,FALSE
"CCL3","IL7",0.067,0.462686567164179,FALSE
"TNFRSF1A","triglycerides",0.067,0.537313432835821,FALSE
"MMP12","calcium",0.067,0.522388059701493,FALSE
"VEGFA","hdl",0.067,0.552238805970149,FALSE
"PDCD1","albumin",0.067,0.597014925373134,FALSE
"LAG3","LEP",0.067,0.432835820895522,FALSE
"LEP","CXCL11",0.067,0.641791044776119,FALSE
"LEP","LAG3",0.067,0.567164179104478,FALSE
"crp","CXCL10",0.066,0.333333333333333,FALSE
"TNF","IL10",0.066,0.439393939393939,FALSE
"CXCL10","crp",0.066,0.666666666666667,FALSE
"IFNG","CCL8",0.066,0.545454545454545,FALSE
"IL10","TNF",0.066,0.560606060606061,FALSE
"CCL8","IFNG",0.066,0.454545454545455,FALSE
"CD8A","MMP12",0.066,0.46969696969697,FALSE
"MMP12","CD8A",0.066,0.53030303030303,FALSE
"eosinophils","TNF",0.065,0.492307692307692,FALSE
"eosinophils","TNFRSF1B",0.065,0.676923076923077,FALSE
"ldl","wbc",0.065,0.692307692307692,FALSE
"alt","VEGFA",0.065,0.276923076923077,FALSE
"wbc","ldl",0.065,0.307692307692308,FALSE
"wbc","calcium",0.065,0.423076923076923,FALSE
"wbc","CCL8",0.065,0.430769230769231,FALSE
"calcium","wbc",0.065,0.576923076923077,FALSE
"TNF","eosinophils",0.065,0.507692307692308,FALSE
"CXCL11","CD8A",0.065,0.461538461538462,FALSE
"CXCL11","HAVCR2",0.065,0.338461538461538,FALSE
"CCL8","wbc",0.065,0.569230769230769,FALSE
"IGFBP7","CD274",0.065,0.353846153846154,FALSE
"TNFRSF1B","eosinophils",0.065,0.323076923076923,FALSE
"CD8A","CXCL11",0.065,0.538461538461539,FALSE
"VEGFA","alt",0.065,0.723076923076923,FALSE
"HAVCR2","CXCL11",0.065,0.661538461538461,FALSE
"CD274","IGFBP7",0.065,0.646153846153846,FALSE
"sex","triglycerides",0.064,1,FALSE
"cmv","bun",0.064,1,FALSE
"lymphocytes","ldl",0.064,0.375,FALSE
"lymphocytes","IL7",0.064,0.421875,FALSE
"rdw","CCL3",0.064,0.453125,FALSE
"ldl","lymphocytes",0.064,0.625,FALSE
"triglycerides","sex",0.064,0,FALSE
"albumin","IL1RN",0.064,0.3125,FALSE
"albumin","IL15",0.064,0.203125,FALSE
"albumin","LAG3",0.064,0.4375,FALSE
"bun","cmv",0.064,0,FALSE
"bun","CCL8",0.064,0.53125,FALSE
"CXCL11","IGFBP7",0.064,0.484375,FALSE
"IL10","GZMA",0.064,0.5,FALSE
"IL1RN","albumin",0.064,0.6875,FALSE
"IL7","lymphocytes",0.064,0.578125,FALSE
"IL15","albumin",0.064,0.796875,FALSE
"IL15","CCL3",0.064,0.625,FALSE
"CCL2","TNFRSF1B",0.064,0.46875,FALSE
"CCL3","rdw",0.064,0.546875,FALSE
"CCL3","IL15",0.064,0.375,FALSE
"CCL8","bun",0.064,0.46875,FALSE
"IGFBP7","CXCL11",0.064,0.515625,FALSE
"TNFRSF1B","CCL2",0.064,0.53125,FALSE
"GZMA","IL10",0.064,0.5,FALSE
"LAG3","albumin",0.064,0.5625,FALSE
"rdw","CHI3L1",0.063,0.53968253968254,FALSE
"triglycerides","creatinine",0.063,0.412698412698413,FALSE
"ast","VEGFA",0.063,0.46031746031746,FALSE
"albumin","GZMA",0.063,0.285714285714286,FALSE
"creatinine","triglycerides",0.063,0.587301587301587,FALSE
"potassium","VEGFA",0.063,0.777777777777778,FALSE
"CXCL11","IFNG",0.063,0.365079365079365,FALSE
"IFNG","CXCL11",0.063,0.634920634920635,FALSE
"CHI3L1","rdw",0.063,0.46031746031746,FALSE
"GZMA","albumin",0.063,0.714285714285714,FALSE
"VEGFA","ast",0.063,0.53968253968254,FALSE
"VEGFA","potassium",0.063,0.222222222222222,FALSE
"cmv","albumin",0.062,1,FALSE
"hemoglobin","IL10",0.062,0.5,FALSE
"hdl","CD274",0.062,0.435483870967742,FALSE
"ldl","CXCL10",0.062,0.67741935483871,FALSE
"albumin","cmv",0.062,0,FALSE
"hematocrit","CCL11",0.062,0.435483870967742,FALSE
"IL6","IGFBP7",0.062,0.5,FALSE
"CXCL10","ldl",0.062,0.32258064516129,FALSE
"IL10","hemoglobin",0.062,0.5,FALSE
"CCL2","CCL3",0.062,0.467741935483871,FALSE
"CCL3","CCL2",0.062,0.532258064516129,FALSE
"CCL8","TNFRSF1A",0.062,0.516129032258065,FALSE
"CCL11","hematocrit",0.062,0.564516129032258,FALSE
"IGFBP7","IL6",0.062,0.5,FALSE
"TNFRSF1A","CCL8",0.062,0.483870967741935,FALSE
"GZMA","HAVCR2",0.062,0.548387096774194,FALSE
"HAVCR2","GZMA",0.062,0.451612903225806,FALSE
"CD274","hdl",0.062,0.564516129032258,FALSE
"age_group","IFNG",0.061,1,FALSE
"age_group","FGF21",0.061,1,FALSE
"lymphocytes","bun",0.061,0.360655737704918,FALSE
"neutrophils","IFNG",0.061,0.344262295081967,FALSE
"alt","potassium",0.061,0.311475409836066,FALSE
"bun","lymphocytes",0.061,0.639344262295082,FALSE
"glucose","TNFRSF1A",0.061,0.491803278688525,FALSE
"potassium","alt",0.061,0.688524590163935,FALSE
"IFNG","age_group",0.061,0,FALSE
"IFNG","neutrophils",0.061,0.655737704918033,FALSE
"IL1RN","IL7",0.061,0.508196721311475,FALSE
"IL7","IL1RN",0.061,0.491803278688525,FALSE
"FGF21","age_group",0.061,0,FALSE
"TNFRSF1A","glucose",0.061,0.508196721311475,FALSE
"monocytes","CHI3L1",0.06,0.433333333333333,FALSE
"eosinophils","TNFRSF1A",0.06,0.65,FALSE
"IL6","KLRD1",0.06,0.566666666666667,FALSE
"IFNG","HAVCR2",0.06,0.6,FALSE
"CHI3L1","monocytes",0.06,0.566666666666667,FALSE
"TNFRSF1A","eosinophils",0.06,0.35,FALSE
"KLRD1","IL6",0.06,0.433333333333333,FALSE
"HAVCR2","IFNG",0.06,0.4,FALSE
"calcium","FGF21",0.058,0.413793103448276,FALSE
"FGF21","calcium",0.058,0.586206896551724,FALSE
"lymphocytes","rdw",0.058,0.310344827586207,FALSE
"rdw","lymphocytes",0.058,0.689655172413793,FALSE
"crp","CD8A",0.057,0.596491228070175,FALSE
"esr","CCL11",0.057,0.578947368421053,FALSE
"CCL11","esr",0.057,0.421052631578947,FALSE
"CD8A","crp",0.057,0.403508771929825,FALSE
"esr","IL7",0.056,0.410714285714286,FALSE
"hematocrit","IL10",0.056,0.517857142857143,FALSE
"IL6","IL10",0.056,0.482142857142857,FALSE
"IL10","hematocrit",0.056,0.482142857142857,FALSE
"IL10","IL6",0.056,0.517857142857143,FALSE
"IL7","esr",0.056,0.589285714285714,FALSE
"LAG3","CD274",0.055,0.618181818181818,FALSE
"CD274","LAG3",0.055,0.381818181818182,FALSE
"ast","CCL8",0.055,0.418181818181818,FALSE
"CCL8","ast",0.055,0.581818181818182,FALSE
"FGF21","CD8A",0.054,0.62962962962963,FALSE
"CD8A","FGF21",0.054,0.37037037037037,FALSE
"ast","CXCL9",0.054,0.333333333333333,FALSE
"CXCL9","ast",0.054,0.666666666666667,FALSE
"hdl","IL7",0.053,0.415094339622641,FALSE
"glucose","CHI3L1",0.053,0.415094339622641,FALSE
"IL7","hdl",0.053,0.584905660377358,FALSE
"CHI3L1","glucose",0.053,0.584905660377358,FALSE
"alt","IL7",0.052,0.346153846153846,FALSE
"ast","IL7",0.052,0.538461538461538,FALSE
"wbc","GDF15",0.052,0.346153846153846,FALSE
"IL7","alt",0.052,0.653846153846154,FALSE
"IL7","ast",0.052,0.461538461538462,FALSE
"GDF15","wbc",0.052,0.653846153846154,FALSE
"cmv","triglycerides",0.052,1,FALSE
"esr","HAVCR2",0.052,0.692307692307692,FALSE
"eosinophils","HAVCR2",0.052,0.730769230769231,FALSE
"triglycerides","cmv",0.052,0,FALSE
"potassium","IL7",0.052,0.576923076923077,FALSE
"IL7","potassium",0.052,0.423076923076923,FALSE
"HAVCR2","esr",0.052,0.307692307692308,FALSE
"HAVCR2","eosinophils",0.052,0.269230769230769,FALSE
"monocytes","calcium",0.051,0.627450980392157,FALSE
"ast","CD274",0.051,0.568627450980392,FALSE
"calcium","monocytes",0.051,0.372549019607843,FALSE
"CD274","ast",0.051,0.431372549019608,FALSE
"crp","GZMB",0.05,0.68,FALSE
"GZMB","crp",0.05,0.32,FALSE
"sex","eosinophils",0.049,1,FALSE
"eosinophils","sex",0.049,0,FALSE
"platelets","IL15",0.049,0.285714285714286,FALSE
"IL15","platelets",0.049,0.714285714285714,FALSE
"crp","TNF",0.048,0.541666666666667,FALSE
"TNF","crp",0.048,0.458333333333333,FALSE
"age_group","triglycerides",0.047,1,FALSE
"triglycerides","age_group",0.047,0,FALSE
"CCL8","HAVCR2",0.046,0.58695652173913,FALSE
"HAVCR2","CCL8",0.046,0.41304347826087,FALSE
"sex","IFNG",0.043,1,FALSE
"IFNG","sex",0.043,0,FALSE
"IFNG","IL7",0.043,0.558139534883721,FALSE
"IL7","IFNG",0.043,0.441860465116279,FALSE
"cmv","IL18",0.042,1,FALSE
"IL18","cmv",0.042,0,FALSE
"cmv","FGF21",0.036,1,FALSE
"FGF21","cmv",0.036,0,FALSE
"age_group","sex",0,0,FALSE
"age_group","cmv",0,0,FALSE
"sex","age_group",0,0,FALSE
"sex","cmv",0,0,FALSE
"cmv","age_group",0,0,FALSE
"cmv","sex",0,0,FALSE
"lymphocytes","neutrophils",0,0,FALSE
"lymphocytes","monocytes",0,0,FALSE
"lymphocytes","eosinophils",0,0,FALSE
"lymphocytes","wbc",0,0,FALSE
"neutrophils","lymphocytes",0,0,FALSE
"neutrophils","monocytes",0,0,FALSE
"neutrophils","eosinophils",0,0,FALSE
"neutrophils","wbc",0,0,FALSE
"monocytes","lymphocytes",0,0,FALSE
"monocytes","neutrophils",0,0,FALSE
"monocytes","eosinophils",0,0,FALSE
"monocytes","wbc",0,0,FALSE
"eosinophils","lymphocytes",0,0,FALSE
"eosinophils","neutrophils",0,0,FALSE
"eosinophils","monocytes",0,0,FALSE
"eosinophils","wbc",0,0,FALSE
"wbc","lymphocytes",0,0,FALSE
"wbc","neutrophils",0,0,FALSE
"wbc","monocytes",0,0,FALSE
"wbc","eosinophils",0,0,FALSE
