"from","to","strength","direction","in_final_dag"
"g2_m_checkpoint","e2f_targets",1,0.51,TRUE
"interferon_gamma_response","interferon_alpha_response",1,0.507,TRUE
"estrogen_response_early","estrogen_response_late",1,0.545,TRUE
"g2_m_checkpoint","mitotic_spindle",0.997,0.807923771313942,TRUE
"epithelial_mesenchymal_transition","uv_response_dn",0.964,0.835580912863071,TRUE
"epithelial_mesenchymal_transition","apical_junction",0.964,0.594917012448133,TRUE
"coagulation","complement",0.963,0.68380062305296,TRUE
"hypoxia","protein_secretion",0.958,0.804279749478079,TRUE
"e2f_targets","g2_m_checkpoint",1,0.49,FALSE
"interferon_alpha_response","interferon_gamma_response",1,0.493,FALSE
"estrogen_response_late","estrogen_response_early",1,0.455,FALSE
"mitotic_spindle","g2_m_checkpoint",0.997,0.192076228686058,FALSE
"uv_response_dn","epithelial_mesenchymal_transition",0.964,0.164419087136929,FALSE
"apical_junction","epithelial_mesenchymal_transition",0.964,0.405082987551867,FALSE
"complement","coagulation",0.963,0.31619937694704,FALSE
"protein_secretion","hypoxia",0.958,0.195720250521921,FALSE
"inflammatory_response","il_6_jak_stat3_signaling",0.901,0.83795782463929,FALSE
"il_6_jak_stat3_signaling","inflammatory_response",0.901,0.16204217536071,FALSE
"cholesterol_homeostasis","apoptosis",0.892,0.318385650224215,FALSE
"apoptosis","cholesterol_homeostasis",0.892,0.681614349775785,FALSE
"e2f_targets","myc_targets_v1",0.89,0.82752808988764,FALSE
"myc_targets_v1","e2f_targets",0.89,0.17247191011236,FALSE
"inflammatory_response","kras_signaling_up",0.869,0.496547756041427,FALSE
"kras_signaling_up","inflammatory_response",0.869,0.503452243958573,FALSE
"mitotic_spindle","adipogenesis",0.862,0.385150812064965,FALSE
"adipogenesis","mitotic_spindle",0.862,0.614849187935035,FALSE
"bile_acid_metabolism","pperoxisome",0.829,0.648371531966224,FALSE
"pperoxisome","bile_acid_metabolism",0.829,0.351628468033776,FALSE
"mtorc1_signaling","glycolysis",0.824,0.58252427184466,FALSE
"glycolysis","mtorc1_signaling",0.824,0.41747572815534,FALSE
"myc_targets_v1","dna_repair",0.823,0.795868772782503,FALSE
"dna_repair","myc_targets_v1",0.823,0.204131227217497,FALSE
"allograft_rejection","kras_signaling_up",0.815,0.184662576687117,FALSE
"kras_signaling_up","allograft_rejection",0.815,0.815337423312884,FALSE
"unfolded_protein_response","interferon_gamma_response",0.812,0.416256157635468,FALSE
"interferon_gamma_response","unfolded_protein_response",0.812,0.583743842364532,FALSE
"hypoxia","epithelial_mesenchymal_transition",0.799,0.158948685857322,FALSE
"epithelial_mesenchymal_transition","hypoxia",0.799,0.841051314142678,FALSE
"estrogen_response_early","apical_surface",0.784,0.85969387755102,FALSE
"apical_surface","estrogen_response_early",0.784,0.14030612244898,FALSE
"myogenesis","epithelial_mesenchymal_transition",0.775,0.303870967741936,FALSE
"epithelial_mesenchymal_transition","myogenesis",0.775,0.696129032258065,FALSE
"myc_targets_v1","myc_targets_v2",0.764,0.740837696335078,FALSE
"myc_targets_v2","myc_targets_v1",0.764,0.259162303664921,FALSE
"cholesterol_homeostasis","protein_secretion",0.761,0.304862023653088,FALSE
"protein_secretion","cholesterol_homeostasis",0.761,0.695137976346912,FALSE
"tnf_alpha_signaling_via_nf_kb","kras_signaling_up",0.748,0.301470588235294,FALSE
"kras_signaling_up","tnf_alpha_signaling_via_nf_kb",0.748,0.698529411764706,FALSE
"il_2_stat5_signaling","apoptosis",0.747,0.358768406961178,FALSE
"apoptosis","il_2_stat5_signaling",0.747,0.641231593038822,FALSE
"il_2_stat5_signaling","fatty_acid_metabolism",0.743,0.730820995962315,FALSE
"fatty_acid_metabolism","il_2_stat5_signaling",0.743,0.269179004037685,FALSE
"uv_response_up","unfolded_protein_response",0.739,0.278755074424898,FALSE
"unfolded_protein_response","uv_response_up",0.739,0.721244925575102,FALSE
"hypoxia","glycolysis",0.739,0.675236806495264,FALSE
"glycolysis","hypoxia",0.739,0.324763193504736,FALSE
"e2f_targets","mtorc1_signaling",0.716,0.764664804469274,FALSE
"mtorc1_signaling","e2f_targets",0.716,0.235335195530726,FALSE
"uv_response_dn","inflammatory_response",0.713,0.634642356241234,FALSE
"inflammatory_response","uv_response_dn",0.713,0.365357643758766,FALSE
"p53_pathway","uv_response_up",0.699,0.606580829756795,FALSE
"uv_response_up","p53_pathway",0.699,0.393419170243205,FALSE
"unfolded_protein_response","reactive_oxygen_species_pathway",0.678,0.223451327433628,FALSE
"reactive_oxygen_species_pathway","unfolded_protein_response",0.678,0.776548672566372,FALSE
"uv_response_up","heme_metabolism",0.671,0.265275707898659,FALSE
"heme_metabolism","uv_response_up",0.671,0.734724292101341,FALSE
"dna_repair","reactive_oxygen_species_pathway",0.665,0.302255639097744,FALSE
"reactive_oxygen_species_pathway","dna_repair",0.665,0.697744360902256,FALSE
"myogenesis","estrogen_response_early",0.655,0.522137404580153,FALSE
"pancreas_beta_cells","apical_junction",0.655,0.0931297709923664,FALSE
"estrogen_response_early","myogenesis",0.655,0.477862595419847,FALSE
"apical_junction","pancreas_beta_cells",0.655,0.906870229007633,FALSE
"hedgehog_signaling","adipogenesis",0.649,0.329738058551618,FALSE
"adipogenesis","hedgehog_signaling",0.649,0.670261941448382,FALSE
"myc_targets_v2","cholesterol_homeostasis",0.641,0.608424336973479,FALSE
"cholesterol_homeostasis","myc_targets_v2",0.641,0.391575663026521,FALSE
"g2_m_checkpoint","glycolysis",0.624,0.661057692307692,FALSE
"glycolysis","g2_m_checkpoint",0.624,0.338942307692308,FALSE
"myogenesis","apical_junction",0.621,0.429951690821256,FALSE
"apical_junction","myogenesis",0.621,0.570048309178744,FALSE
"complement","pi3k_akt_mtor_signaling",0.618,0.558252427184466,FALSE
"pi3k_akt_mtor_signaling","complement",0.618,0.441747572815534,FALSE
"kras_signaling_dn","epithelial_mesenchymal_transition",0.617,0.20097244732577,FALSE
"epithelial_mesenchymal_transition","kras_signaling_dn",0.617,0.79902755267423,FALSE
"wnt_beta_catenin_signaling","angiogenesis",0.616,0.308441558441558,FALSE
"angiogenesis","wnt_beta_catenin_signaling",0.616,0.691558441558442,FALSE
"wnt_beta_catenin_signaling","pperoxisome",0.614,0.254071661237785,FALSE
"pperoxisome","wnt_beta_catenin_signaling",0.614,0.745928338762215,FALSE
"myc_targets_v2","il_6_jak_stat3_signaling",0.61,0.25,FALSE
"uv_response_up","complement",0.61,0.354098360655738,FALSE
"il_6_jak_stat3_signaling","myc_targets_v2",0.61,0.75,FALSE
"complement","uv_response_up",0.61,0.645901639344262,FALSE
"tnf_alpha_signaling_via_nf_kb","il_2_stat5_signaling",0.603,0.599502487562189,FALSE
"il_2_stat5_signaling","tnf_alpha_signaling_via_nf_kb",0.603,0.400497512437811,FALSE
"coagulation","adipogenesis",0.59,0.630508474576271,FALSE
"adipogenesis","coagulation",0.59,0.369491525423729,FALSE
"unfolded_protein_response","spermatogenesis",0.589,0.578947368421053,FALSE
"xenobiotic_metabolism","adipogenesis",0.589,0.481324278438031,FALSE
"adipogenesis","xenobiotic_metabolism",0.589,0.51867572156197,FALSE
"spermatogenesis","unfolded_protein_response",0.589,0.421052631578947,FALSE
"androgen_response","protein_secretion",0.589,0.318336162988115,FALSE
"protein_secretion","androgen_response",0.589,0.681663837011885,FALSE
"unfolded_protein_response","tnf_alpha_signaling_via_nf_kb",0.585,0.586324786324786,FALSE
"tnf_alpha_signaling_via_nf_kb","unfolded_protein_response",0.585,0.413675213675214,FALSE
"e2f_targets","protein_secretion",0.578,0.365051903114187,FALSE
"protein_secretion","e2f_targets",0.578,0.634948096885813,FALSE
"p53_pathway","angiogenesis",0.572,0.499125874125874,FALSE
"angiogenesis","p53_pathway",0.572,0.500874125874126,FALSE
"angiogenesis","protein_secretion",0.571,0.206654991243433,FALSE
"protein_secretion","angiogenesis",0.571,0.793345008756568,FALSE
"tnf_alpha_signaling_via_nf_kb","il_6_jak_stat3_signaling",0.568,0.413732394366197,FALSE
"il_6_jak_stat3_signaling","tnf_alpha_signaling_via_nf_kb",0.568,0.586267605633803,FALSE
"fatty_acid_metabolism","xenobiotic_metabolism",0.563,0.288632326820604,FALSE
"xenobiotic_metabolism","fatty_acid_metabolism",0.563,0.711367673179396,FALSE
"androgen_response","apoptosis",0.563,0.424511545293073,FALSE
"apoptosis","androgen_response",0.563,0.575488454706927,FALSE
"reactive_oxygen_species_pathway","il_2_stat5_signaling",0.561,0.727272727272727,FALSE
"il_2_stat5_signaling","reactive_oxygen_species_pathway",0.561,0.272727272727273,FALSE
"pi3k_akt_mtor_signaling","androgen_response",0.557,0.579892280071813,FALSE
"androgen_response","pi3k_akt_mtor_signaling",0.557,0.420107719928187,FALSE
"e2f_targets","myc_targets_v2",0.554,0.810469314079422,FALSE
"myc_targets_v2","e2f_targets",0.554,0.189530685920578,FALSE
"complement","cholesterol_homeostasis",0.552,0.552536231884058,FALSE
"cholesterol_homeostasis","complement",0.552,0.447463768115942,FALSE
"g2_m_checkpoint","estrogen_response_late",0.549,0.601092896174863,FALSE
"estrogen_response_late","g2_m_checkpoint",0.549,0.398907103825137,FALSE
"kras_signaling_dn","apical_junction",0.541,0.273567467652495,FALSE
"apical_junction","kras_signaling_dn",0.541,0.726432532347505,FALSE
"myogenesis","spermatogenesis",0.539,0.903525046382189,FALSE
"spermatogenesis","myogenesis",0.539,0.0964749536178107,FALSE
"uv_response_dn","adipogenesis",0.538,0.657063197026022,FALSE
"adipogenesis","uv_response_dn",0.538,0.342936802973978,FALSE
"reactive_oxygen_species_pathway","tnf_alpha_signaling_via_nf_kb",0.537,0.78584729981378,FALSE
"tnf_alpha_signaling_via_nf_kb","reactive_oxygen_species_pathway",0.537,0.21415270018622,FALSE
"myc_targets_v2","oxidative_phosphorylation",0.534,0.718164794007491,FALSE
"coagulation","epithelial_mesenchymal_transition",0.534,0.194756554307116,FALSE
"oxidative_phosphorylation","myc_targets_v2",0.534,0.281835205992509,FALSE
"pperoxisome","protein_secretion",0.534,0.290262172284644,FALSE
"epithelial_mesenchymal_transition","coagulation",0.534,0.805243445692884,FALSE
"protein_secretion","pperoxisome",0.534,0.709737827715356,FALSE
"dna_repair","uv_response_dn",0.525,0.403809523809524,FALSE
"uv_response_dn","dna_repair",0.525,0.596190476190476,FALSE
"hedgehog_signaling","glycolysis",0.524,0.450381679389313,FALSE
"glycolysis","hedgehog_signaling",0.524,0.549618320610687,FALSE
"il_2_stat5_signaling","spermatogenesis",0.523,0.390057361376673,FALSE
"spermatogenesis","il_2_stat5_signaling",0.523,0.609942638623327,FALSE
"uv_response_up","xenobiotic_metabolism",0.522,0.271072796934866,FALSE
"xenobiotic_metabolism","uv_response_up",0.522,0.728927203065134,FALSE
"interferon_gamma_response","glycolysis",0.52,0.4,FALSE
"glycolysis","interferon_gamma_response",0.52,0.6,FALSE
"sex","reactive_oxygen_species_pathway",0.519,1,FALSE
"reactive_oxygen_species_pathway","sex",0.519,0,FALSE
"hypoxia","hedgehog_signaling",0.519,0.808285163776493,FALSE
"kras_signaling_dn","estrogen_response_early",0.519,0.391136801541426,FALSE
"hedgehog_signaling","hypoxia",0.519,0.191714836223507,FALSE
"estrogen_response_early","kras_signaling_dn",0.519,0.608863198458574,FALSE
"bile_acid_metabolism","myogenesis",0.518,0.200772200772201,FALSE
"xenobiotic_metabolism","epithelial_mesenchymal_transition",0.518,0.1003861003861,FALSE
"myogenesis","bile_acid_metabolism",0.518,0.799227799227799,FALSE
"epithelial_mesenchymal_transition","xenobiotic_metabolism",0.518,0.8996138996139,FALSE
"coagulation","apical_junction",0.515,0.259223300970874,FALSE
"apical_junction","coagulation",0.515,0.740776699029126,FALSE
"notch_signaling","cholesterol_homeostasis",0.514,0.326848249027237,FALSE
"cholesterol_homeostasis","notch_signaling",0.514,0.673151750972763,FALSE
"estrogen_response_early","apical_junction",0.514,0.480544747081712,FALSE
"apical_junction","estrogen_response_early",0.514,0.519455252918288,FALSE
"inflammatory_response","angiogenesis",0.508,0.860236220472441,FALSE
"oxidative_phosphorylation","xenobiotic_metabolism",0.508,0.669291338582677,FALSE
"xenobiotic_metabolism","oxidative_phosphorylation",0.508,0.330708661417323,FALSE
"angiogenesis","inflammatory_response",0.508,0.139763779527559,FALSE
"inflammatory_response","apoptosis",0.501,0.649700598802395,FALSE
"apoptosis","inflammatory_response",0.501,0.350299401197605,FALSE
"reactive_oxygen_species_pathway","heme_metabolism",0.495,0.239393939393939,FALSE
"kras_signaling_dn","spermatogenesis",0.495,0.662626262626263,FALSE
"heme_metabolism","reactive_oxygen_species_pathway",0.495,0.760606060606061,FALSE
"spermatogenesis","kras_signaling_dn",0.495,0.337373737373737,FALSE
"allograft_rejection","apoptosis",0.494,0.417004048582996,FALSE
"apoptosis","allograft_rejection",0.494,0.582995951417004,FALSE
"dna_repair","hypoxia",0.492,0.274390243902439,FALSE
"hypoxia","dna_repair",0.492,0.725609756097561,FALSE
"myc_targets_v2","mtorc1_signaling",0.488,0.401639344262295,FALSE
"mtorc1_signaling","myc_targets_v2",0.488,0.598360655737705,FALSE
"uv_response_up","pi3k_akt_mtor_signaling",0.483,0.326086956521739,FALSE
"pi3k_akt_mtor_signaling","uv_response_up",0.483,0.673913043478261,FALSE
"oxidative_phosphorylation","adipogenesis",0.483,0.619047619047619,FALSE
"adipogenesis","oxidative_phosphorylation",0.483,0.380952380952381,FALSE
"tnf_alpha_signaling_via_nf_kb","apoptosis",0.481,0.41995841995842,FALSE
"apoptosis","tnf_alpha_signaling_via_nf_kb",0.481,0.58004158004158,FALSE
"dna_repair","kras_signaling_dn",0.481,0.557172557172557,FALSE
"kras_signaling_dn","dna_repair",0.481,0.442827442827443,FALSE
"dna_repair","oxidative_phosphorylation",0.477,0.615303983228512,FALSE
"coagulation","kras_signaling_dn",0.477,0.469601677148847,FALSE
"kras_signaling_dn","coagulation",0.477,0.530398322851153,FALSE
"oxidative_phosphorylation","dna_repair",0.477,0.384696016771488,FALSE
"complement","kras_signaling_up",0.472,0.456567796610169,FALSE
"kras_signaling_up","complement",0.472,0.543432203389831,FALSE
"hedgehog_signaling","myogenesis",0.472,0.202330508474576,FALSE
"myogenesis","hedgehog_signaling",0.472,0.797669491525424,FALSE
"myc_targets_v2","inflammatory_response",0.471,0.312101910828025,FALSE
"inflammatory_response","myc_targets_v2",0.471,0.687898089171975,FALSE
"kras_signaling_up","androgen_response",0.468,0.678418803418803,FALSE
"androgen_response","kras_signaling_up",0.468,0.321581196581197,FALSE
"e2f_targets","heme_metabolism",0.467,0.396145610278373,FALSE
"heme_metabolism","e2f_targets",0.467,0.603854389721627,FALSE
"pi3k_akt_mtor_signaling","myogenesis",0.466,0.146995708154506,FALSE
"myogenesis","pi3k_akt_mtor_signaling",0.466,0.853004291845494,FALSE
"myc_targets_v1","cholesterol_homeostasis",0.448,0.571428571428571,FALSE
"cholesterol_homeostasis","myc_targets_v1",0.448,0.428571428571429,FALSE
"il_6_jak_stat3_signaling","angiogenesis",0.447,0.626398210290828,FALSE
"angiogenesis","il_6_jak_stat3_signaling",0.447,0.373601789709172,FALSE
"myc_targets_v1","spermatogenesis",0.447,0.758389261744966,FALSE
"spermatogenesis","myc_targets_v1",0.447,0.241610738255034,FALSE
"pperoxisome","epithelial_mesenchymal_transition",0.445,0.0685393258426966,FALSE
"epithelial_mesenchymal_transition","pperoxisome",0.445,0.931460674157303,FALSE
"complement","allograft_rejection",0.442,0.44683257918552,FALSE
"allograft_rejection","complement",0.442,0.55316742081448,FALSE
"mtorc1_signaling","cholesterol_homeostasis",0.439,0.542141230068337,FALSE
"cholesterol_homeostasis","mtorc1_signaling",0.439,0.457858769931663,FALSE
"myc_targets_v1","oxidative_phosphorylation",0.438,0.768264840182648,FALSE
"oxidative_phosphorylation","myc_targets_v1",0.438,0.231735159817352,FALSE
"interferon_alpha_response","estrogen_response_late",0.437,0.549199084668192,FALSE
"estrogen_response_late","interferon_alpha_response",0.437,0.450800915331808,FALSE
"mitotic_spindle","apoptosis",0.436,0.594036697247706,FALSE
"apoptosis","mitotic_spindle",0.436,0.405963302752294,FALSE
"mtorc1_signaling","adipogenesis",0.435,0.418390804597701,FALSE
"bile_acid_metabolism","apical_junction",0.435,0.13448275862069,FALSE
"adipogenesis","mtorc1_signaling",0.435,0.581609195402299,FALSE
"apical_junction","bile_acid_metabolism",0.435,0.86551724137931,FALSE
"coagulation","xenobiotic_metabolism",0.431,0.639211136890951,FALSE
"xenobiotic_metabolism","coagulation",0.431,0.360788863109049,FALSE
"kras_signaling_dn","fatty_acid_metabolism",0.426,0.504694835680751,FALSE
"fatty_acid_metabolism","kras_signaling_dn",0.426,0.495305164319249,FALSE
"oxidative_phosphorylation","heme_metabolism",0.424,0.586084905660377,FALSE
"heme_metabolism","oxidative_phosphorylation",0.424,0.413915094339623,FALSE
"wnt_beta_catenin_signaling","adipogenesis",0.422,0.402843601895735,FALSE
"adipogenesis","wnt_beta_catenin_signaling",0.422,0.597156398104265,FALSE
"fatty_acid_metabolism","estrogen_response_late",0.422,0.295023696682464,FALSE
"estrogen_response_late","fatty_acid_metabolism",0.422,0.704976303317536,FALSE
"uv_response_up","pperoxisome",0.421,0.491686460807601,FALSE
"pperoxisome","uv_response_up",0.421,0.508313539192399,FALSE
"dna_repair","allograft_rejection",0.417,0.362110311750599,FALSE
"tnf_alpha_signaling_via_nf_kb","complement",0.417,0.394484412470024,FALSE
"complement","tnf_alpha_signaling_via_nf_kb",0.417,0.605515587529976,FALSE
"allograft_rejection","dna_repair",0.417,0.637889688249401,FALSE
"pi3k_akt_mtor_signaling","estrogen_response_late",0.402,0.171641791044776,FALSE
"estrogen_response_late","pi3k_akt_mtor_signaling",0.402,0.828358208955224,FALSE
"myc_targets_v2","dna_repair",0.398,0.683417085427136,FALSE
"dna_repair","myc_targets_v2",0.398,0.316582914572864,FALSE
"dna_repair","il_2_stat5_signaling",0.398,0.577889447236181,FALSE
"il_2_stat5_signaling","dna_repair",0.398,0.422110552763819,FALSE
"p53_pathway","fatty_acid_metabolism",0.396,0.457070707070707,FALSE
"fatty_acid_metabolism","p53_pathway",0.396,0.542929292929293,FALSE
"xenobiotic_metabolism","angiogenesis",0.393,0.706106870229008,FALSE
"angiogenesis","xenobiotic_metabolism",0.393,0.293893129770992,FALSE
"inflammatory_response","coagulation",0.391,0.432225063938619,FALSE
"coagulation","inflammatory_response",0.391,0.567774936061381,FALSE
"inflammatory_response","heme_metabolism",0.389,0.241645244215938,FALSE
"heme_metabolism","inflammatory_response",0.389,0.758354755784062,FALSE
"bile_acid_metabolism","epithelial_mesenchymal_transition",0.388,0.0695876288659794,FALSE
"epithelial_mesenchymal_transition","bile_acid_metabolism",0.388,0.930412371134021,FALSE
"reactive_oxygen_species_pathway","pancreas_beta_cells",0.386,0.764248704663212,FALSE
"cholesterol_homeostasis","pancreas_beta_cells",0.386,0.505181347150259,FALSE
"pancreas_beta_cells","reactive_oxygen_species_pathway",0.386,0.235751295336788,FALSE
"pancreas_beta_cells","cholesterol_homeostasis",0.386,0.494818652849741,FALSE
"complement","apical_surface",0.385,0.641558441558442,FALSE
"apical_surface","complement",0.385,0.358441558441558,FALSE
"allograft_rejection","xenobiotic_metabolism",0.378,0.478835978835979,FALSE
"xenobiotic_metabolism","allograft_rejection",0.378,0.521164021164021,FALSE
"spermatogenesis","epithelial_mesenchymal_transition",0.378,0.0648148148148148,FALSE
"epithelial_mesenchymal_transition","spermatogenesis",0.378,0.935185185185185,FALSE
"coagulation","oxidative_phosphorylation",0.377,0.543766578249337,FALSE
"oxidative_phosphorylation","coagulation",0.377,0.456233421750663,FALSE
"pancreas_beta_cells","estrogen_response_early",0.376,0.30186170212766,FALSE
"estrogen_response_early","pancreas_beta_cells",0.376,0.69813829787234,FALSE
"myc_targets_v2","unfolded_protein_response",0.374,0.74331550802139,FALSE
"uv_response_dn","wnt_beta_catenin_signaling",0.374,0.47192513368984,FALSE
"unfolded_protein_response","myc_targets_v2",0.374,0.25668449197861,FALSE
"wnt_beta_catenin_signaling","uv_response_dn",0.374,0.52807486631016,FALSE
"tgf_beta_signaling","notch_signaling",0.37,0.516216216216216,FALSE
"tgf_beta_signaling","glycolysis",0.37,0.586486486486486,FALSE
"notch_signaling","tgf_beta_signaling",0.37,0.483783783783784,FALSE
"glycolysis","tgf_beta_signaling",0.37,0.413513513513514,FALSE
"glycolysis","pancreas_beta_cells",0.368,0.559782608695652,FALSE
"pancreas_beta_cells","glycolysis",0.368,0.440217391304348,FALSE
"kras_signaling_dn","androgen_response",0.366,0.601092896174863,FALSE
"androgen_response","kras_signaling_dn",0.366,0.398907103825137,FALSE
"notch_signaling","heme_metabolism",0.364,0.399725274725275,FALSE
"heme_metabolism","notch_signaling",0.364,0.600274725274725,FALSE
"uv_response_dn","uv_response_up",0.363,0.716253443526171,FALSE
"uv_response_up","uv_response_dn",0.363,0.283746556473829,FALSE
"p53_pathway","kras_signaling_up",0.362,0.314917127071823,FALSE
"kras_signaling_up","p53_pathway",0.362,0.685082872928177,FALSE
"il_6_jak_stat3_signaling","complement",0.36,0.611111111111111,FALSE
"complement","il_6_jak_stat3_signaling",0.36,0.388888888888889,FALSE
"reactive_oxygen_species_pathway","apical_surface",0.359,0.635097493036212,FALSE
"inflammatory_response","bile_acid_metabolism",0.359,0.520891364902507,FALSE
"bile_acid_metabolism","inflammatory_response",0.359,0.479108635097493,FALSE
"apical_surface","reactive_oxygen_species_pathway",0.359,0.364902506963788,FALSE
"allograft_rejection","tgf_beta_signaling",0.357,0.746498599439776,FALSE
"tgf_beta_signaling","allograft_rejection",0.357,0.253501400560224,FALSE
"e2f_targets","kras_signaling_up",0.355,0.594366197183099,FALSE
"hypoxia","complement",0.355,0.729577464788732,FALSE
"il_6_jak_stat3_signaling","fatty_acid_metabolism",0.355,0.526760563380282,FALSE
"complement","hypoxia",0.355,0.270422535211268,FALSE
"kras_signaling_up","e2f_targets",0.355,0.405633802816901,FALSE
"fatty_acid_metabolism","il_6_jak_stat3_signaling",0.355,0.473239436619718,FALSE
"mtorc1_signaling","apoptosis",0.353,0.518413597733711,FALSE
"apoptosis","mtorc1_signaling",0.353,0.481586402266289,FALSE
"hypoxia","allograft_rejection",0.352,0.636363636363636,FALSE
"allograft_rejection","hypoxia",0.352,0.363636363636364,FALSE
"mitotic_spindle","estrogen_response_early",0.347,0.386167146974063,FALSE
"p53_pathway","xenobiotic_metabolism",0.347,0.263688760806916,FALSE
"xenobiotic_metabolism","p53_pathway",0.347,0.736311239193084,FALSE
"estrogen_response_early","mitotic_spindle",0.347,0.613832853025937,FALSE
"myogenesis","estrogen_response_late",0.346,0.66907514450867,FALSE
"estrogen_response_late","myogenesis",0.346,0.330924855491329,FALSE
"sex","fatty_acid_metabolism",0.346,1,FALSE
"fatty_acid_metabolism","sex",0.346,0,FALSE
"dna_repair","unfolded_protein_response",0.345,0.68695652173913,FALSE
"unfolded_protein_response","dna_repair",0.345,0.31304347826087,FALSE
"complement","protein_secretion",0.344,0.244186046511628,FALSE
"protein_secretion","complement",0.344,0.755813953488372,FALSE
"kras_signaling_dn","estrogen_response_late",0.344,0.425872093023256,FALSE
"estrogen_response_late","kras_signaling_dn",0.344,0.574127906976744,FALSE
"unfolded_protein_response","apoptosis",0.342,0.333333333333333,FALSE
"apoptosis","unfolded_protein_response",0.342,0.666666666666667,FALSE
"hypoxia","inflammatory_response",0.341,0.645161290322581,FALSE
"inflammatory_response","hypoxia",0.341,0.354838709677419,FALSE
"e2f_targets","unfolded_protein_response",0.337,0.853115727002967,FALSE
"unfolded_protein_response","e2f_targets",0.337,0.146884272997033,FALSE
"pi3k_akt_mtor_signaling","estrogen_response_early",0.333,0.192192192192192,FALSE
"estrogen_response_early","pi3k_akt_mtor_signaling",0.333,0.807807807807808,FALSE
"uv_response_up","glycolysis",0.332,0.424698795180723,FALSE
"glycolysis","uv_response_up",0.332,0.575301204819277,FALSE
"pperoxisome","androgen_response",0.33,0.459090909090909,FALSE
"androgen_response","pperoxisome",0.33,0.540909090909091,FALSE
"uv_response_dn","myogenesis",0.327,0.437308868501529,FALSE
"myogenesis","uv_response_dn",0.327,0.562691131498471,FALSE
"inflammatory_response","allograft_rejection",0.325,0.756923076923077,FALSE
"allograft_rejection","inflammatory_response",0.325,0.243076923076923,FALSE
"g2_m_checkpoint","mtorc1_signaling",0.324,0.779320987654321,FALSE
"mtorc1_signaling","g2_m_checkpoint",0.324,0.220679012345679,FALSE
"uv_response_dn","notch_signaling",0.322,0.714285714285714,FALSE
"kras_signaling_up","adipogenesis",0.322,0.430124223602484,FALSE
"notch_signaling","uv_response_dn",0.322,0.285714285714286,FALSE
"adipogenesis","kras_signaling_up",0.322,0.569875776397516,FALSE
"uv_response_dn","pi3k_akt_mtor_signaling",0.322,0.732919254658385,FALSE
"pi3k_akt_mtor_signaling","uv_response_dn",0.322,0.267080745341615,FALSE
"tgf_beta_signaling","apoptosis",0.32,0.30625,FALSE
"apoptosis","tgf_beta_signaling",0.32,0.69375,FALSE
"sex","hypoxia",0.316,1,FALSE
"hypoxia","sex",0.316,0,FALSE
"interferon_gamma_response","angiogenesis",0.316,0.569620253164557,FALSE
"angiogenesis","interferon_gamma_response",0.316,0.430379746835443,FALSE
"interferon_alpha_response","allograft_rejection",0.315,0.387301587301587,FALSE
"allograft_rejection","interferon_alpha_response",0.315,0.612698412698413,FALSE
"hedgehog_signaling","estrogen_response_late",0.312,0.519230769230769,FALSE
"estrogen_response_late","hedgehog_signaling",0.312,0.480769230769231,FALSE
"myc_targets_v2","interferon_gamma_response",0.31,0.635483870967742,FALSE
"interferon_gamma_response","myc_targets_v2",0.31,0.364516129032258,FALSE
"xenobiotic_metabolism","apical_junction",0.308,0.180194805194805,FALSE
"apical_junction","xenobiotic_metabolism",0.308,0.819805194805195,FALSE
"glycolysis","adipogenesis",0.306,0.437908496732026,FALSE
"adipogenesis","glycolysis",0.306,0.562091503267974,FALSE
"apical_junction","protein_secretion",0.305,0.534426229508197,FALSE
"protein_secretion","apical_junction",0.305,0.465573770491803,FALSE
"p53_pathway","tnf_alpha_signaling_via_nf_kb",0.304,0.342105263157895,FALSE
"tnf_alpha_signaling_via_nf_kb","p53_pathway",0.304,0.657894736842105,FALSE
"il_2_stat5_signaling","apical_surface",0.303,0.36963696369637,FALSE
"tgf_beta_signaling","bile_acid_metabolism",0.303,0.36963696369637,FALSE
"bile_acid_metabolism","tgf_beta_signaling",0.303,0.63036303630363,FALSE
"apical_surface","il_2_stat5_signaling",0.303,0.63036303630363,FALSE
"coagulation","kras_signaling_up",0.302,0.574503311258278,FALSE
"kras_signaling_up","coagulation",0.302,0.425496688741722,FALSE
"uv_response_up","cholesterol_homeostasis",0.299,0.254180602006689,FALSE
"cholesterol_homeostasis","uv_response_up",0.299,0.745819397993311,FALSE
"unfolded_protein_response","oxidative_phosphorylation",0.297,0.383838383838384,FALSE
"oxidative_phosphorylation","unfolded_protein_response",0.297,0.616161616161616,FALSE
"cholesterol_homeostasis","pperoxisome",0.297,0.478114478114478,FALSE
"pperoxisome","cholesterol_homeostasis",0.297,0.521885521885522,FALSE
"spermatogenesis","angiogenesis",0.297,0.420875420875421,FALSE
"angiogenesis","spermatogenesis",0.297,0.579124579124579,FALSE
"mitotic_spindle","uv_response_dn",0.296,0.35472972972973,FALSE
"uv_response_dn","mitotic_spindle",0.296,0.64527027027027,FALSE
"mitotic_spindle","uv_response_up",0.295,0.616949152542373,FALSE
"uv_response_up","mitotic_spindle",0.295,0.383050847457627,FALSE
"interferon_gamma_response","protein_secretion",0.293,0.266211604095563,FALSE
"wnt_beta_catenin_signaling","heme_metabolism",0.293,0.300341296928328,FALSE
"heme_metabolism","wnt_beta_catenin_signaling",0.293,0.699658703071672,FALSE
"protein_secretion","interferon_gamma_response",0.293,0.733788395904437,FALSE
"coagulation","androgen_response",0.292,0.541095890410959,FALSE
"androgen_response","coagulation",0.292,0.458904109589041,FALSE
"il_2_stat5_signaling","kras_signaling_up",0.291,0.237113402061856,FALSE
"kras_signaling_up","il_2_stat5_signaling",0.291,0.762886597938144,FALSE
"wnt_beta_catenin_signaling","oxidative_phosphorylation",0.291,0.460481099656357,FALSE
"oxidative_phosphorylation","wnt_beta_catenin_signaling",0.291,0.539518900343643,FALSE
"estrogen_response_early","protein_secretion",0.291,0.487972508591065,FALSE
"protein_secretion","estrogen_response_early",0.291,0.512027491408935,FALSE
"interferon_gamma_response","spermatogenesis",0.29,0.437931034482759,FALSE
"spermatogenesis","interferon_gamma_response",0.29,0.562068965517241,FALSE
"tnf_alpha_signaling_via_nf_kb","wnt_beta_catenin_signaling",0.288,0.576388888888889,FALSE
"il_6_jak_stat3_signaling","apical_surface",0.288,0.454861111111111,FALSE
"wnt_beta_catenin_signaling","tnf_alpha_signaling_via_nf_kb",0.288,0.423611111111111,FALSE
"apical_surface","il_6_jak_stat3_signaling",0.288,0.545138888888889,FALSE
"g2_m_checkpoint","protein_secretion",0.287,0.48780487804878,FALSE
"fatty_acid_metabolism","apical_surface",0.287,0.588850174216028,FALSE
"apical_surface","fatty_acid_metabolism",0.287,0.411149825783972,FALSE
"protein_secretion","g2_m_checkpoint",0.287,0.512195121951219,FALSE
"reactive_oxygen_species_pathway","glycolysis",0.286,0.755244755244755,FALSE
"glycolysis","reactive_oxygen_species_pathway",0.286,0.244755244755245,FALSE
"androgen_response","apical_surface",0.285,0.533333333333333,FALSE
"apical_surface","androgen_response",0.285,0.466666666666667,FALSE
"uv_response_dn","il_6_jak_stat3_signaling",0.283,0.671378091872791,FALSE
"unfolded_protein_response","apical_surface",0.283,0.593639575971731,FALSE
"il_6_jak_stat3_signaling","uv_response_dn",0.283,0.328621908127208,FALSE
"coagulation","heme_metabolism",0.283,0.420494699646643,FALSE
"heme_metabolism","coagulation",0.283,0.579505300353357,FALSE
"apical_surface","unfolded_protein_response",0.283,0.406360424028269,FALSE
"mitotic_spindle","myc_targets_v1",0.28,0.342857142857143,FALSE
"myc_targets_v1","mitotic_spindle",0.28,0.657142857142857,FALSE
"wnt_beta_catenin_signaling","androgen_response",0.279,0.311827956989247,FALSE
"androgen_response","wnt_beta_catenin_signaling",0.279,0.688172043010753,FALSE
"interferon_alpha_response","heme_metabolism",0.278,0.514388489208633,FALSE
"tgf_beta_signaling","fatty_acid_metabolism",0.278,0.446043165467626,FALSE
"fatty_acid_metabolism","tgf_beta_signaling",0.278,0.553956834532374,FALSE
"heme_metabolism","interferon_alpha_response",0.278,0.485611510791367,FALSE
"uv_response_dn","pancreas_beta_cells",0.277,0.857400722021661,FALSE
"pancreas_beta_cells","uv_response_dn",0.277,0.142599277978339,FALSE
"pi3k_akt_mtor_signaling","kras_signaling_dn",0.276,0.373188405797101,FALSE
"kras_signaling_dn","pi3k_akt_mtor_signaling",0.276,0.626811594202899,FALSE
"complement","xenobiotic_metabolism",0.274,0.518248175182482,FALSE
"xenobiotic_metabolism","complement",0.274,0.481751824817518,FALSE
"age_group","allograft_rejection",0.272,1,FALSE
"myc_targets_v1","reactive_oxygen_species_pathway",0.272,0.294117647058824,FALSE
"reactive_oxygen_species_pathway","myc_targets_v1",0.272,0.705882352941176,FALSE
"allograft_rejection","age_group",0.272,0,FALSE
"reactive_oxygen_species_pathway","estrogen_response_late",0.271,0.765682656826568,FALSE
"estrogen_response_late","reactive_oxygen_species_pathway",0.271,0.234317343173432,FALSE
"p53_pathway","myogenesis",0.27,0.225925925925926,FALSE
"notch_signaling","hedgehog_signaling",0.27,0.52962962962963,FALSE
"hedgehog_signaling","notch_signaling",0.27,0.47037037037037,FALSE
"myogenesis","p53_pathway",0.27,0.774074074074074,FALSE
"inflammatory_response","tnf_alpha_signaling_via_nf_kb",0.269,0.646840148698885,FALSE
"tnf_alpha_signaling_via_nf_kb","inflammatory_response",0.269,0.353159851301115,FALSE
"kras_signaling_up","epithelial_mesenchymal_transition",0.269,0.263940520446097,FALSE
"tgf_beta_signaling","androgen_response",0.269,0.37546468401487,FALSE
"hedgehog_signaling","cholesterol_homeostasis",0.269,0.527881040892193,FALSE
"cholesterol_homeostasis","hedgehog_signaling",0.269,0.472118959107807,FALSE
"epithelial_mesenchymal_transition","kras_signaling_up",0.269,0.736059479553903,FALSE
"androgen_response","tgf_beta_signaling",0.269,0.62453531598513,FALSE
"p53_pathway","bile_acid_metabolism",0.268,0.48134328358209,FALSE
"bile_acid_metabolism","p53_pathway",0.268,0.51865671641791,FALSE
"g2_m_checkpoint","notch_signaling",0.267,0.610486891385768,FALSE
"notch_signaling","g2_m_checkpoint",0.267,0.389513108614232,FALSE
"interferon_alpha_response","spermatogenesis",0.266,0.526315789473684,FALSE
"spermatogenesis","interferon_alpha_response",0.266,0.473684210526316,FALSE
"myc_targets_v1","unfolded_protein_response",0.265,0.750943396226415,FALSE
"uv_response_dn","oxidative_phosphorylation",0.265,0.532075471698113,FALSE
"unfolded_protein_response","myc_targets_v1",0.265,0.249056603773585,FALSE
"unfolded_protein_response","tgf_beta_signaling",0.265,0.430188679245283,FALSE
"reactive_oxygen_species_pathway","protein_secretion",0.265,0.524528301886792,FALSE
"il_6_jak_stat3_signaling","allograft_rejection",0.265,0.554716981132075,FALSE
"allograft_rejection","il_6_jak_stat3_signaling",0.265,0.445283018867924,FALSE
"kras_signaling_dn","tgf_beta_signaling",0.265,0.452830188679245,FALSE
"tgf_beta_signaling","unfolded_protein_response",0.265,0.569811320754717,FALSE
"tgf_beta_signaling","kras_signaling_dn",0.265,0.547169811320755,FALSE
"oxidative_phosphorylation","uv_response_dn",0.265,0.467924528301887,FALSE
"xenobiotic_metabolism","pperoxisome",0.265,0.558490566037736,FALSE
"pperoxisome","xenobiotic_metabolism",0.265,0.441509433962264,FALSE
"protein_secretion","reactive_oxygen_species_pathway",0.265,0.475471698113208,FALSE
"myc_targets_v2","xenobiotic_metabolism",0.264,0.587121212121212,FALSE
"dna_repair","adipogenesis",0.264,0.458333333333333,FALSE
"xenobiotic_metabolism","myc_targets_v2",0.264,0.412878787878788,FALSE
"adipogenesis","dna_repair",0.264,0.541666666666667,FALSE
"p53_pathway","wnt_beta_catenin_signaling",0.262,0.526717557251908,FALSE
"unfolded_protein_response","bile_acid_metabolism",0.262,0.50381679389313,FALSE
"wnt_beta_catenin_signaling","p53_pathway",0.262,0.473282442748092,FALSE
"bile_acid_metabolism","unfolded_protein_response",0.262,0.49618320610687,FALSE
"myc_targets_v2","kras_signaling_up",0.261,0.371647509578544,FALSE
"kras_signaling_up","myc_targets_v2",0.261,0.628352490421456,FALSE
"mitotic_spindle","interferon_alpha_response",0.257,0.194552529182879,FALSE
"interferon_alpha_response","mitotic_spindle",0.257,0.805447470817121,FALSE
"e2f_targets","tnf_alpha_signaling_via_nf_kb",0.256,0.6171875,FALSE
"tnf_alpha_signaling_via_nf_kb","e2f_targets",0.256,0.3828125,FALSE
"myc_targets_v2","notch_signaling",0.255,0.741176470588235,FALSE
"notch_signaling","myc_targets_v2",0.255,0.258823529411765,FALSE
"unfolded_protein_response","kras_signaling_up",0.254,0.299212598425197,FALSE
"kras_signaling_up","unfolded_protein_response",0.254,0.700787401574803,FALSE
"e2f_targets","p53_pathway",0.253,0.446640316205534,FALSE
"p53_pathway","e2f_targets",0.253,0.553359683794466,FALSE
"uv_response_dn","androgen_response",0.253,0.656126482213439,FALSE
"hypoxia","tgf_beta_signaling",0.253,0.707509881422925,FALSE
"tgf_beta_signaling","hypoxia",0.253,0.292490118577075,FALSE
"androgen_response","uv_response_dn",0.253,0.343873517786561,FALSE
"sex","estrogen_response_early",0.252,1,FALSE
"reactive_oxygen_species_pathway","hedgehog_signaling",0.252,0.599206349206349,FALSE
"kras_signaling_up","myogenesis",0.252,0.220238095238095,FALSE
"hedgehog_signaling","reactive_oxygen_species_pathway",0.252,0.400793650793651,FALSE
"myogenesis","kras_signaling_up",0.252,0.779761904761905,FALSE
"estrogen_response_early","sex",0.252,0,FALSE
"mitotic_spindle","spermatogenesis",0.25,0.588,FALSE
"myc_targets_v2","protein_secretion",0.25,0.326,FALSE
"uv_response_up","hypoxia",0.25,0.268,FALSE
"hypoxia","uv_response_up",0.25,0.732,FALSE
"spermatogenesis","mitotic_spindle",0.25,0.412,FALSE
"protein_secretion","myc_targets_v2",0.25,0.674,FALSE
"uv_response_up","hedgehog_signaling",0.249,0.309236947791165,FALSE
"il_2_stat5_signaling","adipogenesis",0.249,0.413654618473896,FALSE
"hedgehog_signaling","uv_response_up",0.249,0.690763052208835,FALSE
"oxidative_phosphorylation","estrogen_response_early",0.249,0.42570281124498,FALSE
"pperoxisome","spermatogenesis",0.249,0.63855421686747,FALSE
"adipogenesis","il_2_stat5_signaling",0.249,0.586345381526104,FALSE
"spermatogenesis","pperoxisome",0.249,0.36144578313253,FALSE
"estrogen_response_early","oxidative_phosphorylation",0.249,0.57429718875502,FALSE
"glycolysis","oxidative_phosphorylation",0.248,0.395161290322581,FALSE
"oxidative_phosphorylation","glycolysis",0.248,0.604838709677419,FALSE
"tnf_alpha_signaling_via_nf_kb","allograft_rejection",0.247,0.615384615384615,FALSE
"complement","estrogen_response_late",0.247,0.408906882591093,FALSE
"allograft_rejection","tnf_alpha_signaling_via_nf_kb",0.247,0.384615384615385,FALSE
"estrogen_response_late","complement",0.247,0.591093117408907,FALSE
"cmv","glycolysis",0.246,1,FALSE
"wnt_beta_catenin_signaling","bile_acid_metabolism",0.246,0.33739837398374,FALSE
"glycolysis","cmv",0.246,0,FALSE
"bile_acid_metabolism","wnt_beta_catenin_signaling",0.246,0.66260162601626,FALSE
"mtorc1_signaling","androgen_response",0.245,0.589795918367347,FALSE
"hedgehog_signaling","oxidative_phosphorylation",0.245,0.302040816326531,FALSE
"oxidative_phosphorylation","hedgehog_signaling",0.245,0.697959183673469,FALSE
"androgen_response","mtorc1_signaling",0.245,0.410204081632653,FALSE
"hypoxia","myogenesis",0.244,0.39344262295082,FALSE
"interferon_gamma_response","cholesterol_homeostasis",0.244,0.483606557377049,FALSE
"cholesterol_homeostasis","interferon_gamma_response",0.244,0.516393442622951,FALSE
"myogenesis","hypoxia",0.244,0.60655737704918,FALSE
"interferon_alpha_response","xenobiotic_metabolism",0.242,0.826446280991736,FALSE
"xenobiotic_metabolism","interferon_alpha_response",0.242,0.173553719008264,FALSE
"unfolded_protein_response","cholesterol_homeostasis",0.242,0.433884297520661,FALSE
"cholesterol_homeostasis","unfolded_protein_response",0.242,0.566115702479339,FALSE
"adipogenesis","apical_surface",0.242,0.619834710743802,FALSE
"apical_surface","adipogenesis",0.242,0.380165289256198,FALSE
"myc_targets_v1","fatty_acid_metabolism",0.241,0.705394190871369,FALSE
"kras_signaling_up","protein_secretion",0.241,0.408713692946058,FALSE
"notch_signaling","xenobiotic_metabolism",0.241,0.560165975103734,FALSE
"hedgehog_signaling","pancreas_beta_cells",0.241,0.514522821576764,FALSE
"fatty_acid_metabolism","myc_targets_v1",0.241,0.294605809128631,FALSE
"xenobiotic_metabolism","notch_signaling",0.241,0.439834024896266,FALSE
"pancreas_beta_cells","hedgehog_signaling",0.241,0.485477178423237,FALSE
"protein_secretion","kras_signaling_up",0.241,0.591286307053942,FALSE
"age_group","interferon_alpha_response",0.24,1,FALSE
"g2_m_checkpoint","coagulation",0.24,0.5375,FALSE
"interferon_alpha_response","age_group",0.24,0,FALSE
"coagulation","g2_m_checkpoint",0.24,0.4625,FALSE
"kras_signaling_dn","glycolysis",0.24,0.65,FALSE
"glycolysis","kras_signaling_dn",0.24,0.35,FALSE
"myc_targets_v1","inflammatory_response",0.239,0.631799163179916,FALSE
"reactive_oxygen_species_pathway","interferon_gamma_response",0.239,0.702928870292887,FALSE
"inflammatory_response","myc_targets_v1",0.239,0.368200836820084,FALSE
"interferon_gamma_response","reactive_oxygen_species_pathway",0.239,0.297071129707113,FALSE
"unfolded_protein_response","interferon_alpha_response",0.238,0.542016806722689,FALSE
"unfolded_protein_response","angiogenesis",0.238,0.512605042016807,FALSE
"interferon_alpha_response","unfolded_protein_response",0.238,0.457983193277311,FALSE
"kras_signaling_dn","apical_surface",0.238,0.649159663865546,FALSE
"angiogenesis","unfolded_protein_response",0.238,0.487394957983193,FALSE
"apical_surface","kras_signaling_dn",0.238,0.350840336134454,FALSE
"androgen_response","estrogen_response_late",0.237,0.438818565400844,FALSE
"estrogen_response_late","androgen_response",0.237,0.561181434599156,FALSE
"g2_m_checkpoint","p53_pathway",0.236,0.436440677966102,FALSE
"p53_pathway","g2_m_checkpoint",0.236,0.563559322033898,FALSE
"allograft_rejection","hedgehog_signaling",0.236,0.478813559322034,FALSE
"hedgehog_signaling","allograft_rejection",0.236,0.521186440677966,FALSE
"reactive_oxygen_species_pathway","adipogenesis",0.235,0.723404255319149,FALSE
"interferon_alpha_response","complement",0.235,0.829787234042553,FALSE
"complement","interferon_alpha_response",0.235,0.170212765957447,FALSE
"adipogenesis","reactive_oxygen_species_pathway",0.235,0.276595744680851,FALSE
"allograft_rejection","glycolysis",0.235,0.476595744680851,FALSE
"glycolysis","allograft_rejection",0.235,0.523404255319149,FALSE
"interferon_gamma_response","heme_metabolism",0.234,0.408119658119658,FALSE
"heme_metabolism","interferon_gamma_response",0.234,0.591880341880342,FALSE
"bile_acid_metabolism","spermatogenesis",0.234,0.487179487179487,FALSE
"spermatogenesis","bile_acid_metabolism",0.234,0.512820512820513,FALSE
"pi3k_akt_mtor_signaling","adipogenesis",0.233,0.388412017167382,FALSE
"bile_acid_metabolism","apoptosis",0.233,0.536480686695279,FALSE
"adipogenesis","pi3k_akt_mtor_signaling",0.233,0.611587982832618,FALSE
"apoptosis","bile_acid_metabolism",0.233,0.463519313304721,FALSE
"interferon_gamma_response","mtorc1_signaling",0.232,0.318965517241379,FALSE
"mtorc1_signaling","interferon_gamma_response",0.232,0.681034482758621,FALSE
"mtorc1_signaling","oxidative_phosphorylation",0.231,0.562770562770563,FALSE
"oxidative_phosphorylation","mtorc1_signaling",0.231,0.437229437229437,FALSE
"il_2_stat5_signaling","pperoxisome",0.231,0.463203463203463,FALSE
"pperoxisome","il_2_stat5_signaling",0.231,0.536796536796537,FALSE
"uv_response_up","interferon_alpha_response",0.23,0.428260869565217,FALSE
"interferon_alpha_response","uv_response_up",0.23,0.571739130434783,FALSE
"myc_targets_v1","allograft_rejection",0.23,0.486956521739131,FALSE
"interferon_alpha_response","apical_junction",0.23,0.334782608695652,FALSE
"allograft_rejection","myc_targets_v1",0.23,0.51304347826087,FALSE
"apical_junction","interferon_alpha_response",0.23,0.665217391304348,FALSE
"notch_signaling","pancreas_beta_cells",0.229,0.572052401746725,FALSE
"pancreas_beta_cells","notch_signaling",0.229,0.427947598253275,FALSE
"angiogenesis","androgen_response",0.229,0.445414847161572,FALSE
"androgen_response","angiogenesis",0.229,0.554585152838428,FALSE
"myc_targets_v1","adipogenesis",0.227,0.444933920704846,FALSE
"adipogenesis","myc_targets_v1",0.227,0.555066079295154,FALSE
"estrogen_response_late","protein_secretion",0.227,0.599118942731278,FALSE
"protein_secretion","estrogen_response_late",0.227,0.400881057268722,FALSE
"uv_response_dn","xenobiotic_metabolism",0.227,0.656387665198238,FALSE
"xenobiotic_metabolism","uv_response_dn",0.227,0.343612334801762,FALSE
"age_group","reactive_oxygen_species_pathway",0.226,1,FALSE
"reactive_oxygen_species_pathway","age_group",0.226,0,FALSE
"tgf_beta_signaling","pancreas_beta_cells",0.226,0.570796460176991,FALSE
"wnt_beta_catenin_signaling","hedgehog_signaling",0.226,0.491150442477876,FALSE
"hedgehog_signaling","wnt_beta_catenin_signaling",0.226,0.508849557522124,FALSE
"pancreas_beta_cells","tgf_beta_signaling",0.226,0.429203539823009,FALSE
"dna_repair","xenobiotic_metabolism",0.226,0.65929203539823,FALSE
"oxidative_phosphorylation","myogenesis",0.226,0.451327433628319,FALSE
"xenobiotic_metabolism","dna_repair",0.226,0.34070796460177,FALSE
"myogenesis","oxidative_phosphorylation",0.226,0.548672566371681,FALSE
"inflammatory_response","pancreas_beta_cells",0.224,0.59375,FALSE
"pancreas_beta_cells","inflammatory_response",0.224,0.40625,FALSE
"mitotic_spindle","myc_targets_v2",0.224,0.334821428571429,FALSE
"myc_targets_v2","mitotic_spindle",0.224,0.665178571428572,FALSE
"p53_pathway","hypoxia",0.222,0.189189189189189,FALSE
"hypoxia","p53_pathway",0.222,0.810810810810811,FALSE
"pi3k_akt_mtor_signaling","spermatogenesis",0.221,0.565610859728507,FALSE
"spermatogenesis","pi3k_akt_mtor_signaling",0.221,0.434389140271493,FALSE
"uv_response_up","interferon_gamma_response",0.219,0.616438356164383,FALSE
"interferon_gamma_response","uv_response_up",0.219,0.383561643835616,FALSE
"mtorc1_signaling","kras_signaling_up",0.219,0.376712328767123,FALSE
"kras_signaling_up","mtorc1_signaling",0.219,0.623287671232877,FALSE
"mitotic_spindle","pi3k_akt_mtor_signaling",0.218,0.779816513761468,FALSE
"tnf_alpha_signaling_via_nf_kb","spermatogenesis",0.218,0.380733944954128,FALSE
"pi3k_akt_mtor_signaling","mitotic_spindle",0.218,0.220183486238532,FALSE
"spermatogenesis","tnf_alpha_signaling_via_nf_kb",0.218,0.619266055045872,FALSE
"interferon_gamma_response","allograft_rejection",0.218,0.178899082568807,FALSE
"allograft_rejection","interferon_gamma_response",0.218,0.821100917431193,FALSE
"unfolded_protein_response","notch_signaling",0.216,0.643518518518518,FALSE
"notch_signaling","unfolded_protein_response",0.216,0.356481481481481,FALSE
"g2_m_checkpoint","apical_surface",0.216,0.569444444444444,FALSE
"apical_surface","g2_m_checkpoint",0.216,0.430555555555556,FALSE
"sex","epithelial_mesenchymal_transition",0.215,1,FALSE
"epithelial_mesenchymal_transition","sex",0.215,0,FALSE
"mitotic_spindle","hedgehog_signaling",0.213,0.28169014084507,FALSE
"hedgehog_signaling","mitotic_spindle",0.213,0.71830985915493,FALSE
"adipogenesis","protein_secretion",0.213,0.511737089201878,FALSE
"protein_secretion","adipogenesis",0.213,0.488262910798122,FALSE
"estrogen_response_late","apical_surface",0.212,0.608490566037736,FALSE
"apical_surface","estrogen_response_late",0.212,0.391509433962264,FALSE
"g2_m_checkpoint","dna_repair",0.212,0.740566037735849,FALSE
"mitotic_spindle","dna_repair",0.212,0.188679245283019,FALSE
"dna_repair","g2_m_checkpoint",0.212,0.259433962264151,FALSE
"dna_repair","mitotic_spindle",0.212,0.811320754716981,FALSE
"dna_repair","pancreas_beta_cells",0.212,0.726415094339623,FALSE
"pancreas_beta_cells","dna_repair",0.212,0.273584905660377,FALSE
"adipogenesis","myogenesis",0.211,0.350710900473934,FALSE
"myogenesis","adipogenesis",0.211,0.649289099526066,FALSE
"sex","myc_targets_v1",0.211,1,FALSE
"sex","apical_junction",0.211,1,FALSE
"myc_targets_v1","sex",0.211,0,FALSE
"adipogenesis","spermatogenesis",0.211,0.587677725118483,FALSE
"spermatogenesis","adipogenesis",0.211,0.412322274881517,FALSE
"apical_junction","sex",0.211,0,FALSE
"reactive_oxygen_species_pathway","cholesterol_homeostasis",0.21,0.533333333333333,FALSE
"cholesterol_homeostasis","reactive_oxygen_species_pathway",0.21,0.466666666666667,FALSE
"age_group","il_2_stat5_signaling",0.21,1,FALSE
"il_2_stat5_signaling","age_group",0.21,0,FALSE
"glycolysis","myogenesis",0.21,0.433333333333333,FALSE
"myogenesis","glycolysis",0.21,0.566666666666667,FALSE
"uv_response_up","apical_surface",0.209,0.464114832535885,FALSE
"cholesterol_homeostasis","angiogenesis",0.209,0.454545454545455,FALSE
"angiogenesis","cholesterol_homeostasis",0.209,0.545454545454545,FALSE
"apical_surface","uv_response_up",0.209,0.535885167464115,FALSE
"e2f_targets","dna_repair",0.208,0.769230769230769,FALSE
"dna_repair","e2f_targets",0.208,0.230769230769231,FALSE
"hypoxia","kras_signaling_up",0.208,0.596153846153846,FALSE
"kras_signaling_up","hypoxia",0.208,0.403846153846154,FALSE
"mitotic_spindle","mtorc1_signaling",0.208,0.3125,FALSE
"mtorc1_signaling","mitotic_spindle",0.208,0.6875,FALSE
"uv_response_dn","reactive_oxygen_species_pathway",0.206,0.368932038834951,FALSE
"reactive_oxygen_species_pathway","uv_response_dn",0.206,0.631067961165048,FALSE
"hypoxia","apoptosis",0.206,0.470873786407767,FALSE
"apoptosis","hypoxia",0.206,0.529126213592233,FALSE
"age_group","hypoxia",0.206,1,FALSE
"hypoxia","age_group",0.206,0,FALSE
"il_6_jak_stat3_signaling","heme_metabolism",0.205,0.180487804878049,FALSE
"heme_metabolism","il_6_jak_stat3_signaling",0.205,0.819512195121951,FALSE
"p53_pathway","pancreas_beta_cells",0.205,0.497560975609756,FALSE
"inflammatory_response","cholesterol_homeostasis",0.205,0.7,FALSE
"glycolysis","epithelial_mesenchymal_transition",0.205,0.292682926829268,FALSE
"cholesterol_homeostasis","inflammatory_response",0.205,0.3,FALSE
"pancreas_beta_cells","p53_pathway",0.205,0.502439024390244,FALSE
"epithelial_mesenchymal_transition","glycolysis",0.205,0.707317073170732,FALSE
"myc_targets_v1","glycolysis",0.204,0.441176470588235,FALSE
"glycolysis","myc_targets_v1",0.204,0.558823529411765,FALSE
"xenobiotic_metabolism","apical_surface",0.203,0.605911330049261,FALSE
"apical_surface","xenobiotic_metabolism",0.203,0.394088669950739,FALSE
"myc_targets_v1","heme_metabolism",0.203,0.721674876847291,FALSE
"heme_metabolism","myc_targets_v1",0.203,0.278325123152709,FALSE
"mitotic_spindle","estrogen_response_late",0.202,0.51980198019802,FALSE
"myc_targets_v1","kras_signaling_up",0.202,0.648514851485149,FALSE
"kras_signaling_up","myc_targets_v1",0.202,0.351485148514851,FALSE
"estrogen_response_late","mitotic_spindle",0.202,0.48019801980198,FALSE
"age_group","notch_signaling",0.201,1,FALSE
"notch_signaling","age_group",0.201,0,FALSE
"bile_acid_metabolism","pancreas_beta_cells",0.2,0.51,FALSE
"pancreas_beta_cells","bile_acid_metabolism",0.2,0.49,FALSE
"spermatogenesis","estrogen_response_early",0.2,0.28,FALSE
"estrogen_response_early","spermatogenesis",0.2,0.72,FALSE
"interferon_alpha_response","protein_secretion",0.199,0.376884422110553,FALSE
"interferon_gamma_response","coagulation",0.199,0.562814070351759,FALSE
"coagulation","interferon_gamma_response",0.199,0.437185929648241,FALSE
"mtorc1_signaling","notch_signaling",0.199,0.628140703517588,FALSE
"notch_signaling","mtorc1_signaling",0.199,0.371859296482412,FALSE
"hedgehog_signaling","estrogen_response_early",0.199,0.547738693467337,FALSE
"estrogen_response_early","hedgehog_signaling",0.199,0.452261306532663,FALSE
"estrogen_response_late","apoptosis",0.199,0.366834170854271,FALSE
"apoptosis","estrogen_response_late",0.199,0.633165829145729,FALSE
"protein_secretion","interferon_alpha_response",0.199,0.623115577889447,FALSE
"sex","allograft_rejection",0.198,1,FALSE
"unfolded_protein_response","allograft_rejection",0.198,0.595959595959596,FALSE
"allograft_rejection","sex",0.198,0,FALSE
"allograft_rejection","unfolded_protein_response",0.198,0.404040404040404,FALSE
"il_6_jak_stat3_signaling","notch_signaling",0.197,0.360406091370558,FALSE
"notch_signaling","il_6_jak_stat3_signaling",0.197,0.639593908629442,FALSE
"reactive_oxygen_species_pathway","bile_acid_metabolism",0.196,0.571428571428571,FALSE
"oxidative_phosphorylation","androgen_response",0.196,0.63265306122449,FALSE
"bile_acid_metabolism","reactive_oxygen_species_pathway",0.196,0.428571428571429,FALSE
"androgen_response","oxidative_phosphorylation",0.196,0.36734693877551,FALSE
"mitotic_spindle","kras_signaling_dn",0.195,0.317948717948718,FALSE
"kras_signaling_dn","mitotic_spindle",0.195,0.682051282051282,FALSE
"spermatogenesis","apical_surface",0.195,0.476923076923077,FALSE
"apical_surface","spermatogenesis",0.195,0.523076923076923,FALSE
"cmv","protein_secretion",0.194,1,FALSE
"inflammatory_response","epithelial_mesenchymal_transition",0.194,0.224226804123711,FALSE
"allograft_rejection","epithelial_mesenchymal_transition",0.194,0.190721649484536,FALSE
"epithelial_mesenchymal_transition","inflammatory_response",0.194,0.775773195876289,FALSE
"epithelial_mesenchymal_transition","allograft_rejection",0.194,0.809278350515464,FALSE
"protein_secretion","cmv",0.194,0,FALSE
"age_group","estrogen_response_late",0.193,1,FALSE
"kras_signaling_up","estrogen_response_late",0.193,0.55699481865285,FALSE
"estrogen_response_late","age_group",0.193,0,FALSE
"estrogen_response_late","kras_signaling_up",0.193,0.44300518134715,FALSE
"sex","xenobiotic_metabolism",0.192,1,FALSE
"uv_response_dn","tgf_beta_signaling",0.192,0.677083333333333,FALSE
"interferon_alpha_response","androgen_response",0.192,0.697916666666667,FALSE
"interferon_gamma_response","il_2_stat5_signaling",0.192,0.479166666666667,FALSE
"il_2_stat5_signaling","interferon_gamma_response",0.192,0.520833333333333,FALSE
"complement","spermatogenesis",0.192,0.515625,FALSE
"tgf_beta_signaling","uv_response_dn",0.192,0.322916666666667,FALSE
"xenobiotic_metabolism","sex",0.192,0,FALSE
"spermatogenesis","complement",0.192,0.484375,FALSE
"spermatogenesis","androgen_response",0.192,0.385416666666667,FALSE
"androgen_response","interferon_alpha_response",0.192,0.302083333333333,FALSE
"androgen_response","spermatogenesis",0.192,0.614583333333333,FALSE
"uv_response_dn","estrogen_response_late",0.191,0.586387434554974,FALSE
"uv_response_up","pancreas_beta_cells",0.191,0.361256544502618,FALSE
"coagulation","tgf_beta_signaling",0.191,0.609947643979058,FALSE
"tgf_beta_signaling","coagulation",0.191,0.390052356020942,FALSE
"cholesterol_homeostasis","xenobiotic_metabolism",0.191,0.486910994764398,FALSE
"xenobiotic_metabolism","cholesterol_homeostasis",0.191,0.513089005235602,FALSE
"pancreas_beta_cells","uv_response_up",0.191,0.638743455497382,FALSE
"estrogen_response_late","uv_response_dn",0.191,0.413612565445026,FALSE
"interferon_gamma_response","apical_surface",0.19,0.710526315789474,FALSE
"il_2_stat5_signaling","estrogen_response_late",0.19,0.431578947368421,FALSE
"estrogen_response_late","il_2_stat5_signaling",0.19,0.568421052631579,FALSE
"apical_surface","interferon_gamma_response",0.19,0.289473684210526,FALSE
"sex","g2_m_checkpoint",0.189,1,FALSE
"g2_m_checkpoint","sex",0.189,0,FALSE
"kras_signaling_dn","adipogenesis",0.189,0.677248677248677,FALSE
"adipogenesis","kras_signaling_dn",0.189,0.322751322751323,FALSE
"sex","myc_targets_v2",0.188,1,FALSE
"e2f_targets","spermatogenesis",0.188,0.553191489361702,FALSE
"myc_targets_v2","sex",0.188,0,FALSE
"spermatogenesis","e2f_targets",0.188,0.446808510638298,FALSE
"age_group","xenobiotic_metabolism",0.187,1,FALSE
"glycolysis","angiogenesis",0.187,0.684491978609626,FALSE
"xenobiotic_metabolism","age_group",0.187,0,FALSE
"pancreas_beta_cells","epithelial_mesenchymal_transition",0.187,0.125668449197861,FALSE
"epithelial_mesenchymal_transition","pancreas_beta_cells",0.187,0.874331550802139,FALSE
"angiogenesis","glycolysis",0.187,0.315508021390374,FALSE
"myc_targets_v2","hedgehog_signaling",0.186,0.618279569892473,FALSE
"reactive_oxygen_species_pathway","spermatogenesis",0.186,0.71505376344086,FALSE
"hedgehog_signaling","myc_targets_v2",0.186,0.381720430107527,FALSE
"spermatogenesis","reactive_oxygen_species_pathway",0.186,0.28494623655914,FALSE
"il_6_jak_stat3_signaling","estrogen_response_early",0.185,0.448648648648649,FALSE
"kras_signaling_dn","notch_signaling",0.185,0.616216216216216,FALSE
"notch_signaling","kras_signaling_dn",0.185,0.383783783783784,FALSE
"estrogen_response_early","il_6_jak_stat3_signaling",0.185,0.551351351351351,FALSE
"il_6_jak_stat3_signaling","coagulation",0.184,0.331521739130435,FALSE
"coagulation","il_6_jak_stat3_signaling",0.184,0.668478260869565,FALSE
"coagulation","estrogen_response_early",0.184,0.505434782608696,FALSE
"estrogen_response_early","coagulation",0.184,0.494565217391304,FALSE
"estrogen_response_late","apical_junction",0.183,0.420765027322404,FALSE
"apical_junction","estrogen_response_late",0.183,0.579234972677596,FALSE
"myc_targets_v1","pancreas_beta_cells",0.182,0.769230769230769,FALSE
"pancreas_beta_cells","myc_targets_v1",0.182,0.230769230769231,FALSE
"e2f_targets","il_2_stat5_signaling",0.182,0.576923076923077,FALSE
"g2_m_checkpoint","pi3k_akt_mtor_signaling",0.182,0.428571428571429,FALSE
"myc_targets_v2","uv_response_up",0.182,0.708791208791209,FALSE
"dna_repair","protein_secretion",0.182,0.428571428571429,FALSE
"uv_response_up","myc_targets_v2",0.182,0.291208791208791,FALSE
"il_2_stat5_signaling","e2f_targets",0.182,0.423076923076923,FALSE
"complement","kras_signaling_dn",0.182,0.5,FALSE
"allograft_rejection","angiogenesis",0.182,0.675824175824176,FALSE
"pi3k_akt_mtor_signaling","g2_m_checkpoint",0.182,0.571428571428571,FALSE
"mtorc1_signaling","bile_acid_metabolism",0.182,0.324175824175824,FALSE
"kras_signaling_dn","complement",0.182,0.5,FALSE
"bile_acid_metabolism","mtorc1_signaling",0.182,0.675824175824176,FALSE
"angiogenesis","allograft_rejection",0.182,0.324175824175824,FALSE
"protein_secretion","dna_repair",0.182,0.571428571428571,FALSE
"age_group","inflammatory_response",0.181,1,FALSE
"mitotic_spindle","unfolded_protein_response",0.181,0.502762430939227,FALSE
"dna_repair","hedgehog_signaling",0.181,0.486187845303867,FALSE
"unfolded_protein_response","mitotic_spindle",0.181,0.497237569060773,FALSE
"inflammatory_response","age_group",0.181,0,FALSE
"coagulation","pancreas_beta_cells",0.181,0.651933701657459,FALSE
"allograft_rejection","fatty_acid_metabolism",0.181,0.635359116022099,FALSE
"hedgehog_signaling","dna_repair",0.181,0.513812154696133,FALSE
"fatty_acid_metabolism","allograft_rejection",0.181,0.364640883977901,FALSE
"pancreas_beta_cells","coagulation",0.181,0.348066298342541,FALSE
"e2f_targets","estrogen_response_late",0.18,0.436111111111111,FALSE
"uv_response_up","il_2_stat5_signaling",0.18,0.311111111111111,FALSE
"il_2_stat5_signaling","uv_response_up",0.18,0.688888888888889,FALSE
"kras_signaling_dn","myogenesis",0.18,0.380555555555556,FALSE
"bile_acid_metabolism","heme_metabolism",0.18,0.261111111111111,FALSE
"heme_metabolism","bile_acid_metabolism",0.18,0.738888888888889,FALSE
"myogenesis","kras_signaling_dn",0.18,0.619444444444444,FALSE
"estrogen_response_late","e2f_targets",0.18,0.563888888888889,FALSE
"unfolded_protein_response","apical_junction",0.179,0.134078212290503,FALSE
"wnt_beta_catenin_signaling","apical_surface",0.179,0.463687150837989,FALSE
"apical_junction","unfolded_protein_response",0.179,0.865921787709497,FALSE
"apical_surface","wnt_beta_catenin_signaling",0.179,0.536312849162011,FALSE
"unfolded_protein_response","pperoxisome",0.178,0.612359550561798,FALSE
"tgf_beta_signaling","protein_secretion",0.178,0.275280898876405,FALSE
"pperoxisome","unfolded_protein_response",0.178,0.387640449438202,FALSE
"protein_secretion","tgf_beta_signaling",0.178,0.724719101123596,FALSE
"tnf_alpha_signaling_via_nf_kb","coagulation",0.177,0.451977401129944,FALSE
"coagulation","tnf_alpha_signaling_via_nf_kb",0.177,0.548022598870057,FALSE
"spermatogenesis","apoptosis",0.177,0.338983050847458,FALSE
"apoptosis","spermatogenesis",0.177,0.661016949152542,FALSE
"mtorc1_signaling","heme_metabolism",0.176,0.232954545454545,FALSE
"heme_metabolism","mtorc1_signaling",0.176,0.767045454545454,FALSE
"g2_m_checkpoint","pancreas_beta_cells",0.176,0.630681818181818,FALSE
"interferon_gamma_response","oxidative_phosphorylation",0.176,0.261363636363636,FALSE
"oxidative_phosphorylation","interferon_gamma_response",0.176,0.738636363636364,FALSE
"pancreas_beta_cells","g2_m_checkpoint",0.176,0.369318181818182,FALSE
"glycolysis","pperoxisome",0.174,0.350574712643678,FALSE
"pperoxisome","glycolysis",0.174,0.649425287356322,FALSE
"e2f_targets","cholesterol_homeostasis",0.173,0.589595375722543,FALSE
"uv_response_up","notch_signaling",0.173,0.479768786127168,FALSE
"notch_signaling","uv_response_up",0.173,0.520231213872832,FALSE
"cholesterol_homeostasis","e2f_targets",0.173,0.410404624277457,FALSE
"heme_metabolism","epithelial_mesenchymal_transition",0.172,0.662790697674419,FALSE
"epithelial_mesenchymal_transition","heme_metabolism",0.172,0.337209302325581,FALSE
"mitotic_spindle","wnt_beta_catenin_signaling",0.172,0.505813953488372,FALSE
"mitotic_spindle","angiogenesis",0.172,0.459302325581395,FALSE
"coagulation","hedgehog_signaling",0.172,0.633720930232558,FALSE
"wnt_beta_catenin_signaling","mitotic_spindle",0.172,0.494186046511628,FALSE
"hedgehog_signaling","coagulation",0.172,0.366279069767442,FALSE
"pperoxisome","pancreas_beta_cells",0.172,0.534883720930233,FALSE
"pancreas_beta_cells","pperoxisome",0.172,0.465116279069767,FALSE
"angiogenesis","mitotic_spindle",0.172,0.540697674418605,FALSE
"glycolysis","fatty_acid_metabolism",0.171,0.812865497076023,FALSE
"fatty_acid_metabolism","glycolysis",0.171,0.187134502923977,FALSE
"myc_targets_v2","wnt_beta_catenin_signaling",0.171,0.491228070175439,FALSE
"dna_repair","mtorc1_signaling",0.171,0.415204678362573,FALSE
"pi3k_akt_mtor_signaling","kras_signaling_up",0.171,0.461988304093567,FALSE
"mtorc1_signaling","dna_repair",0.171,0.584795321637427,FALSE
"kras_signaling_up","pi3k_akt_mtor_signaling",0.171,0.538011695906433,FALSE
"kras_signaling_up","fatty_acid_metabolism",0.171,0.830409356725146,FALSE
"wnt_beta_catenin_signaling","myc_targets_v2",0.171,0.508771929824561,FALSE
"fatty_acid_metabolism","kras_signaling_up",0.171,0.169590643274854,FALSE
"hypoxia","androgen_response",0.17,0.697058823529412,FALSE
"androgen_response","hypoxia",0.17,0.302941176470588,FALSE
"sex","wnt_beta_catenin_signaling",0.169,1,FALSE
"wnt_beta_catenin_signaling","sex",0.169,0,FALSE
"fatty_acid_metabolism","myogenesis",0.169,0.195266272189349,FALSE
"myogenesis","fatty_acid_metabolism",0.169,0.804733727810651,FALSE
"uv_response_dn","heme_metabolism",0.169,0.42603550295858,FALSE
"heme_metabolism","uv_response_dn",0.169,0.57396449704142,FALSE
"g2_m_checkpoint","myc_targets_v2",0.168,0.678571428571429,FALSE
"myc_targets_v2","g2_m_checkpoint",0.168,0.321428571428571,FALSE
"kras_signaling_dn","bile_acid_metabolism",0.168,0.666666666666667,FALSE
"bile_acid_metabolism","kras_signaling_dn",0.168,0.333333333333333,FALSE
"age_group","apical_surface",0.167,1,FALSE
"sex","kras_signaling_dn",0.167,1,FALSE
"p53_pathway","estrogen_response_late",0.167,0.347305389221557,FALSE
"kras_signaling_dn","sex",0.167,0,FALSE
"estrogen_response_late","p53_pathway",0.167,0.652694610778443,FALSE
"apical_surface","age_group",0.167,0,FALSE
"g2_m_checkpoint","tnf_alpha_signaling_via_nf_kb",0.167,0.544910179640719,FALSE
"tnf_alpha_signaling_via_nf_kb","g2_m_checkpoint",0.167,0.455089820359281,FALSE
"unfolded_protein_response","mtorc1_signaling",0.166,0.319277108433735,FALSE
"mtorc1_signaling","unfolded_protein_response",0.166,0.680722891566265,FALSE
"mtorc1_signaling","hedgehog_signaling",0.166,0.439759036144578,FALSE
"hedgehog_signaling","mtorc1_signaling",0.166,0.560240963855422,FALSE
"pi3k_akt_mtor_signaling","notch_signaling",0.165,0.490909090909091,FALSE
"notch_signaling","pi3k_akt_mtor_signaling",0.165,0.509090909090909,FALSE
"hedgehog_signaling","apical_surface",0.165,0.6,FALSE
"spermatogenesis","protein_secretion",0.165,0.484848484848485,FALSE
"apical_surface","hedgehog_signaling",0.165,0.4,FALSE
"protein_secretion","spermatogenesis",0.165,0.515151515151515,FALSE
"hypoxia","interferon_gamma_response",0.165,0.436363636363636,FALSE
"interferon_gamma_response","hypoxia",0.165,0.563636363636364,FALSE
"e2f_targets","reactive_oxygen_species_pathway",0.164,0.573170731707317,FALSE
"reactive_oxygen_species_pathway","e2f_targets",0.164,0.426829268292683,FALSE
"fatty_acid_metabolism","spermatogenesis",0.164,0.408536585365854,FALSE
"spermatogenesis","fatty_acid_metabolism",0.164,0.591463414634146,FALSE
"il_6_jak_stat3_signaling","spermatogenesis",0.164,0.628048780487805,FALSE
"spermatogenesis","il_6_jak_stat3_signaling",0.164,0.371951219512195,FALSE
"uv_response_up","estrogen_response_early",0.163,0.319018404907975,FALSE
"estrogen_response_early","uv_response_up",0.163,0.680981595092024,FALSE
"age_group","apoptosis",0.162,1,FALSE
"cmv","estrogen_response_late",0.162,1,FALSE
"myc_targets_v1","il_6_jak_stat3_signaling",0.162,0.382716049382716,FALSE
"myc_targets_v2","reactive_oxygen_species_pathway",0.162,0.506172839506173,FALSE
"reactive_oxygen_species_pathway","myc_targets_v2",0.162,0.493827160493827,FALSE
"hypoxia","apical_surface",0.162,0.777777777777778,FALSE
"interferon_gamma_response","il_6_jak_stat3_signaling",0.162,0.524691358024691,FALSE
"il_6_jak_stat3_signaling","myc_targets_v1",0.162,0.617283950617284,FALSE
"il_6_jak_stat3_signaling","interferon_gamma_response",0.162,0.475308641975309,FALSE
"complement","pancreas_beta_cells",0.162,0.518518518518518,FALSE
"pancreas_beta_cells","complement",0.162,0.481481481481481,FALSE
"estrogen_response_late","cmv",0.162,0,FALSE
"apical_surface","hypoxia",0.162,0.222222222222222,FALSE
"apoptosis","age_group",0.162,0,FALSE
"cmv","angiogenesis",0.161,1,FALSE
"myc_targets_v2","adipogenesis",0.161,0.627329192546584,FALSE
"uv_response_dn","kras_signaling_up",0.161,0.68944099378882,FALSE
"il_2_stat5_signaling","glycolysis",0.161,0.503105590062112,FALSE
"kras_signaling_up","uv_response_dn",0.161,0.31055900621118,FALSE
"glycolysis","il_2_stat5_signaling",0.161,0.496894409937888,FALSE
"adipogenesis","myc_targets_v2",0.161,0.372670807453416,FALSE
"angiogenesis","cmv",0.161,0,FALSE
"mitotic_spindle","hypoxia",0.161,0.447204968944099,FALSE
"hypoxia","mitotic_spindle",0.161,0.552795031055901,FALSE
"myc_targets_v2","apoptosis",0.16,0.5125,FALSE
"wnt_beta_catenin_signaling","epithelial_mesenchymal_transition",0.16,0.25,FALSE
"fatty_acid_metabolism","heme_metabolism",0.16,0.275,FALSE
"heme_metabolism","fatty_acid_metabolism",0.16,0.725,FALSE
"epithelial_mesenchymal_transition","wnt_beta_catenin_signaling",0.16,0.75,FALSE
"apoptosis","myc_targets_v2",0.16,0.4875,FALSE
"myc_targets_v2","glycolysis",0.159,0.522012578616352,FALSE
"inflammatory_response","tgf_beta_signaling",0.159,0.534591194968553,FALSE
"il_6_jak_stat3_signaling","cholesterol_homeostasis",0.159,0.408805031446541,FALSE
"kras_signaling_up","wnt_beta_catenin_signaling",0.159,0.622641509433962,FALSE
"tgf_beta_signaling","inflammatory_response",0.159,0.465408805031446,FALSE
"wnt_beta_catenin_signaling","kras_signaling_up",0.159,0.377358490566038,FALSE
"wnt_beta_catenin_signaling","myogenesis",0.159,0.150943396226415,FALSE
"glycolysis","myc_targets_v2",0.159,0.477987421383648,FALSE
"cholesterol_homeostasis","il_6_jak_stat3_signaling",0.159,0.591194968553459,FALSE
"myogenesis","wnt_beta_catenin_signaling",0.159,0.849056603773585,FALSE
"myc_targets_v2","pperoxisome",0.158,0.715189873417722,FALSE
"interferon_alpha_response","estrogen_response_early",0.158,0.683544303797468,FALSE
"il_2_stat5_signaling","pi3k_akt_mtor_signaling",0.158,0.411392405063291,FALSE
"il_6_jak_stat3_signaling","mtorc1_signaling",0.158,0.518987341772152,FALSE
"complement","epithelial_mesenchymal_transition",0.158,0.354430379746835,FALSE
"coagulation","pi3k_akt_mtor_signaling",0.158,0.462025316455696,FALSE
"pi3k_akt_mtor_signaling","il_2_stat5_signaling",0.158,0.588607594936709,FALSE
"pi3k_akt_mtor_signaling","coagulation",0.158,0.537974683544304,FALSE
"mtorc1_signaling","il_6_jak_stat3_signaling",0.158,0.481012658227848,FALSE
"pperoxisome","myc_targets_v2",0.158,0.284810126582278,FALSE
"epithelial_mesenchymal_transition","complement",0.158,0.645569620253165,FALSE
"estrogen_response_early","interferon_alpha_response",0.158,0.316455696202532,FALSE
"il_6_jak_stat3_signaling","adipogenesis",0.158,0.550632911392405,FALSE
"adipogenesis","il_6_jak_stat3_signaling",0.158,0.449367088607595,FALSE
"e2f_targets","fatty_acid_metabolism",0.157,0.726114649681529,FALSE
"mitotic_spindle","pancreas_beta_cells",0.157,0.305732484076433,FALSE
"il_6_jak_stat3_signaling","apoptosis",0.157,0.560509554140127,FALSE
"fatty_acid_metabolism","e2f_targets",0.157,0.273885350318471,FALSE
"pancreas_beta_cells","mitotic_spindle",0.157,0.694267515923567,FALSE
"apoptosis","il_6_jak_stat3_signaling",0.157,0.439490445859873,FALSE
"mitotic_spindle","complement",0.156,0.320512820512821,FALSE
"myc_targets_v2","angiogenesis",0.156,0.512820512820513,FALSE
"complement","mitotic_spindle",0.156,0.67948717948718,FALSE
"angiogenesis","myc_targets_v2",0.156,0.487179487179487,FALSE
"age_group","heme_metabolism",0.155,1,FALSE
"g2_m_checkpoint","myc_targets_v1",0.155,0.638709677419355,FALSE
"mitotic_spindle","xenobiotic_metabolism",0.155,0.496774193548387,FALSE
"myc_targets_v1","g2_m_checkpoint",0.155,0.361290322580645,FALSE
"p53_pathway","apical_junction",0.155,0.283870967741935,FALSE
"mtorc1_signaling","angiogenesis",0.155,0.632258064516129,FALSE
"heme_metabolism","age_group",0.155,0,FALSE
"xenobiotic_metabolism","mitotic_spindle",0.155,0.503225806451613,FALSE
"angiogenesis","mtorc1_signaling",0.155,0.367741935483871,FALSE
"apical_junction","p53_pathway",0.155,0.716129032258065,FALSE
"myc_targets_v2","spermatogenesis",0.154,0.480519480519481,FALSE
"hypoxia","spermatogenesis",0.154,0.655844155844156,FALSE
"allograft_rejection","wnt_beta_catenin_signaling",0.154,0.720779220779221,FALSE
"allograft_rejection","oxidative_phosphorylation",0.154,0.428571428571429,FALSE
"wnt_beta_catenin_signaling","allograft_rejection",0.154,0.279220779220779,FALSE
"oxidative_phosphorylation","allograft_rejection",0.154,0.571428571428571,FALSE
"spermatogenesis","myc_targets_v2",0.154,0.51948051948052,FALSE
"spermatogenesis","hypoxia",0.154,0.344155844155844,FALSE
"uv_response_dn","il_2_stat5_signaling",0.153,0.529411764705882,FALSE
"il_2_stat5_signaling","uv_response_dn",0.153,0.470588235294118,FALSE
"kras_signaling_up","hedgehog_signaling",0.153,0.503267973856209,FALSE
"tgf_beta_signaling","pperoxisome",0.153,0.61437908496732,FALSE
"hedgehog_signaling","kras_signaling_up",0.153,0.496732026143791,FALSE
"pperoxisome","tgf_beta_signaling",0.153,0.38562091503268,FALSE
"age_group","fatty_acid_metabolism",0.152,1,FALSE
"reactive_oxygen_species_pathway","estrogen_response_early",0.152,0.631578947368421,FALSE
"fatty_acid_metabolism","age_group",0.152,0,FALSE
"fatty_acid_metabolism","bile_acid_metabolism",0.152,0.434210526315789,FALSE
"bile_acid_metabolism","fatty_acid_metabolism",0.152,0.565789473684211,FALSE
"estrogen_response_early","reactive_oxygen_species_pathway",0.152,0.368421052631579,FALSE
"e2f_targets","inflammatory_response",0.151,0.556291390728477,FALSE
"inflammatory_response","e2f_targets",0.151,0.443708609271523,FALSE
"interferon_alpha_response","il_6_jak_stat3_signaling",0.151,0.562913907284768,FALSE
"il_6_jak_stat3_signaling","interferon_alpha_response",0.151,0.437086092715232,FALSE
"complement","pperoxisome",0.151,0.410596026490066,FALSE
"pperoxisome","complement",0.151,0.589403973509934,FALSE
"mitotic_spindle","oxidative_phosphorylation",0.15,0.453333333333333,FALSE
"myc_targets_v2","estrogen_response_early",0.15,0.46,FALSE
"oxidative_phosphorylation","mitotic_spindle",0.15,0.546666666666667,FALSE
"fatty_acid_metabolism","epithelial_mesenchymal_transition",0.15,0.106666666666667,FALSE
"epithelial_mesenchymal_transition","fatty_acid_metabolism",0.15,0.893333333333333,FALSE
"estrogen_response_early","myc_targets_v2",0.15,0.54,FALSE
"mtorc1_signaling","tgf_beta_signaling",0.15,0.48,FALSE
"tgf_beta_signaling","mtorc1_signaling",0.15,0.52,FALSE
"hedgehog_signaling","epithelial_mesenchymal_transition",0.15,0.166666666666667,FALSE
"fatty_acid_metabolism","angiogenesis",0.15,0.526666666666667,FALSE
"epithelial_mesenchymal_transition","hedgehog_signaling",0.15,0.833333333333333,FALSE
"angiogenesis","fatty_acid_metabolism",0.15,0.473333333333333,FALSE
"age_group","bile_acid_metabolism",0.149,1,FALSE
"dna_repair","apoptosis",0.149,0.483221476510067,FALSE
"p53_pathway","tgf_beta_signaling",0.149,0.375838926174497,FALSE
"unfolded_protein_response","estrogen_response_late",0.149,0.51006711409396,FALSE
"tgf_beta_signaling","p53_pathway",0.149,0.624161073825503,FALSE
"bile_acid_metabolism","age_group",0.149,0,FALSE
"xenobiotic_metabolism","estrogen_response_early",0.149,0.409395973154362,FALSE
"estrogen_response_early","xenobiotic_metabolism",0.149,0.590604026845638,FALSE
"estrogen_response_late","unfolded_protein_response",0.149,0.48993288590604,FALSE
"apoptosis","dna_repair",0.149,0.516778523489933,FALSE
"sex","hedgehog_signaling",0.148,1,FALSE
"g2_m_checkpoint","reactive_oxygen_species_pathway",0.148,0.385135135135135,FALSE
"unfolded_protein_response","myogenesis",0.148,0.155405405405405,FALSE
"reactive_oxygen_species_pathway","g2_m_checkpoint",0.148,0.614864864864865,FALSE
"inflammatory_response","complement",0.148,0.489864864864865,FALSE
"inflammatory_response","kras_signaling_dn",0.148,0.418918918918919,FALSE
"complement","inflammatory_response",0.148,0.510135135135135,FALSE
"allograft_rejection","androgen_response",0.148,0.587837837837838,FALSE
"kras_signaling_dn","inflammatory_response",0.148,0.581081081081081,FALSE
"hedgehog_signaling","sex",0.148,0,FALSE
"myogenesis","unfolded_protein_response",0.148,0.844594594594595,FALSE
"androgen_response","allograft_rejection",0.148,0.412162162162162,FALSE
"interferon_alpha_response","fatty_acid_metabolism",0.147,0.680272108843537,FALSE
"fatty_acid_metabolism","interferon_alpha_response",0.147,0.319727891156463,FALSE
"apical_surface","apoptosis",0.147,0.537414965986394,FALSE
"apoptosis","apical_surface",0.147,0.462585034013605,FALSE
"sex","mtorc1_signaling",0.147,1,FALSE
"uv_response_up","il_6_jak_stat3_signaling",0.147,0.394557823129252,FALSE
"hypoxia","il_6_jak_stat3_signaling",0.147,0.517006802721088,FALSE
"il_6_jak_stat3_signaling","uv_response_up",0.147,0.605442176870748,FALSE
"il_6_jak_stat3_signaling","hypoxia",0.147,0.482993197278912,FALSE
"pi3k_akt_mtor_signaling","epithelial_mesenchymal_transition",0.147,0.146258503401361,FALSE
"mtorc1_signaling","sex",0.147,0,FALSE
"epithelial_mesenchymal_transition","pi3k_akt_mtor_signaling",0.147,0.85374149659864,FALSE
"dna_repair","tnf_alpha_signaling_via_nf_kb",0.146,0.568493150684931,FALSE
"tnf_alpha_signaling_via_nf_kb","dna_repair",0.146,0.431506849315068,FALSE
"tnf_alpha_signaling_via_nf_kb","epithelial_mesenchymal_transition",0.146,0.0890410958904109,FALSE
"epithelial_mesenchymal_transition","tnf_alpha_signaling_via_nf_kb",0.146,0.910958904109589,FALSE
"uv_response_dn","bile_acid_metabolism",0.146,0.63013698630137,FALSE
"unfolded_protein_response","il_2_stat5_signaling",0.146,0.397260273972603,FALSE
"interferon_gamma_response","kras_signaling_dn",0.146,0.356164383561644,FALSE
"il_2_stat5_signaling","unfolded_protein_response",0.146,0.602739726027397,FALSE
"kras_signaling_dn","interferon_gamma_response",0.146,0.643835616438356,FALSE
"bile_acid_metabolism","uv_response_dn",0.146,0.36986301369863,FALSE
"inflammatory_response","interferon_alpha_response",0.145,0.455172413793103,FALSE
"interferon_alpha_response","inflammatory_response",0.145,0.544827586206897,FALSE
"il_6_jak_stat3_signaling","kras_signaling_up",0.145,0.431034482758621,FALSE
"il_6_jak_stat3_signaling","tgf_beta_signaling",0.145,0.444827586206896,FALSE
"kras_signaling_up","il_6_jak_stat3_signaling",0.145,0.568965517241379,FALSE
"tgf_beta_signaling","il_6_jak_stat3_signaling",0.145,0.555172413793103,FALSE
"g2_m_checkpoint","allograft_rejection",0.145,0.731034482758621,FALSE
"allograft_rejection","g2_m_checkpoint",0.145,0.268965517241379,FALSE
"allograft_rejection","heme_metabolism",0.144,0.236111111111111,FALSE
"glycolysis","spermatogenesis",0.144,0.458333333333333,FALSE
"heme_metabolism","allograft_rejection",0.144,0.763888888888889,FALSE
"spermatogenesis","glycolysis",0.144,0.541666666666667,FALSE
"g2_m_checkpoint","heme_metabolism",0.144,0.291666666666667,FALSE
"heme_metabolism","g2_m_checkpoint",0.144,0.708333333333333,FALSE
"apoptosis","protein_secretion",0.144,0.361111111111111,FALSE
"protein_secretion","apoptosis",0.144,0.638888888888889,FALSE
"p53_pathway","coagulation",0.143,0.433566433566434,FALSE
"unfolded_protein_response","fatty_acid_metabolism",0.143,0.433566433566434,FALSE
"unfolded_protein_response","heme_metabolism",0.143,0.321678321678322,FALSE
"complement","estrogen_response_early",0.143,0.433566433566434,FALSE
"coagulation","p53_pathway",0.143,0.566433566433566,FALSE
"fatty_acid_metabolism","unfolded_protein_response",0.143,0.566433566433566,FALSE
"heme_metabolism","unfolded_protein_response",0.143,0.678321678321678,FALSE
"estrogen_response_early","complement",0.143,0.566433566433566,FALSE
"unfolded_protein_response","epithelial_mesenchymal_transition",0.143,0.160839160839161,FALSE
"epithelial_mesenchymal_transition","unfolded_protein_response",0.143,0.839160839160839,FALSE
"dna_repair","il_6_jak_stat3_signaling",0.142,0.450704225352113,FALSE
"uv_response_up","epithelial_mesenchymal_transition",0.142,0.102112676056338,FALSE
"hypoxia","pi3k_akt_mtor_signaling",0.142,0.690140845070423,FALSE
"interferon_gamma_response","wnt_beta_catenin_signaling",0.142,0.401408450704225,FALSE
"il_6_jak_stat3_signaling","dna_repair",0.142,0.549295774647887,FALSE
"pi3k_akt_mtor_signaling","hypoxia",0.142,0.309859154929577,FALSE
"wnt_beta_catenin_signaling","interferon_gamma_response",0.142,0.598591549295775,FALSE
"epithelial_mesenchymal_transition","uv_response_up",0.142,0.897887323943662,FALSE
"sex","kras_signaling_up",0.142,1,FALSE
"g2_m_checkpoint","adipogenesis",0.142,0.71830985915493,FALSE
"p53_pathway","il_2_stat5_signaling",0.142,0.359154929577465,FALSE
"p53_pathway","allograft_rejection",0.142,0.605633802816901,FALSE
"il_2_stat5_signaling","p53_pathway",0.142,0.640845070422535,FALSE
"allograft_rejection","p53_pathway",0.142,0.394366197183099,FALSE
"kras_signaling_up","sex",0.142,0,FALSE
"adipogenesis","g2_m_checkpoint",0.142,0.28169014084507,FALSE
"myc_targets_v1","estrogen_response_late",0.141,0.546099290780142,FALSE
"myc_targets_v1","protein_secretion",0.141,0.290780141843972,FALSE
"myc_targets_v2","bile_acid_metabolism",0.141,0.50354609929078,FALSE
"bile_acid_metabolism","myc_targets_v2",0.141,0.49645390070922,FALSE
"estrogen_response_late","myc_targets_v1",0.141,0.453900709219858,FALSE
"protein_secretion","myc_targets_v1",0.141,0.709219858156028,FALSE
"dna_repair","interferon_gamma_response",0.141,0.624113475177305,FALSE
"reactive_oxygen_species_pathway","pi3k_akt_mtor_signaling",0.141,0.631205673758865,FALSE
"interferon_gamma_response","dna_repair",0.141,0.375886524822695,FALSE
"pi3k_akt_mtor_signaling","reactive_oxygen_species_pathway",0.141,0.368794326241135,FALSE
"oxidative_phosphorylation","apical_surface",0.141,0.730496453900709,FALSE
"apical_surface","oxidative_phosphorylation",0.141,0.269503546099291,FALSE
"cmv","interferon_alpha_response",0.14,1,FALSE
"p53_pathway","reactive_oxygen_species_pathway",0.14,0.278571428571429,FALSE
"reactive_oxygen_species_pathway","p53_pathway",0.14,0.721428571428571,FALSE
"interferon_alpha_response","cmv",0.14,0,FALSE
"il_2_stat5_signaling","allograft_rejection",0.14,0.442857142857143,FALSE
"allograft_rejection","il_2_stat5_signaling",0.14,0.557142857142857,FALSE
"mtorc1_signaling","estrogen_response_late",0.14,0.6,FALSE
"glycolysis","estrogen_response_late",0.14,0.557142857142857,FALSE
"estrogen_response_late","mtorc1_signaling",0.14,0.4,FALSE
"estrogen_response_late","glycolysis",0.14,0.442857142857143,FALSE
"p53_pathway","uv_response_dn",0.14,0.257142857142857,FALSE
"uv_response_dn","p53_pathway",0.14,0.742857142857143,FALSE
"cmv","estrogen_response_early",0.139,1,FALSE
"mitotic_spindle","myogenesis",0.139,0.165467625899281,FALSE
"myc_targets_v1","interferon_alpha_response",0.139,0.611510791366906,FALSE
"dna_repair","androgen_response",0.139,0.553956834532374,FALSE
"p53_pathway","heme_metabolism",0.139,0.345323741007194,FALSE
"inflammatory_response","protein_secretion",0.139,0.60431654676259,FALSE
"interferon_alpha_response","myc_targets_v1",0.139,0.388489208633093,FALSE
"fatty_acid_metabolism","estrogen_response_early",0.139,0.302158273381295,FALSE
"heme_metabolism","p53_pathway",0.139,0.654676258992806,FALSE
"myogenesis","mitotic_spindle",0.139,0.834532374100719,FALSE
"androgen_response","dna_repair",0.139,0.446043165467626,FALSE
"estrogen_response_early","cmv",0.139,0,FALSE
"estrogen_response_early","fatty_acid_metabolism",0.139,0.697841726618705,FALSE
"protein_secretion","inflammatory_response",0.139,0.39568345323741,FALSE
"kras_signaling_dn","angiogenesis",0.139,0.633093525179856,FALSE
"angiogenesis","kras_signaling_dn",0.139,0.366906474820144,FALSE
"age_group","coagulation",0.138,1,FALSE
"interferon_gamma_response","estrogen_response_late",0.138,0.311594202898551,FALSE
"coagulation","age_group",0.138,0,FALSE
"coagulation","apoptosis",0.138,0.572463768115942,FALSE
"estrogen_response_late","interferon_gamma_response",0.138,0.688405797101449,FALSE
"apoptosis","coagulation",0.138,0.427536231884058,FALSE
"sex","coagulation",0.137,1,FALSE
"e2f_targets","coagulation",0.137,0.401459854014598,FALSE
"tnf_alpha_signaling_via_nf_kb","adipogenesis",0.137,0.467153284671533,FALSE
"coagulation","sex",0.137,0,FALSE
"coagulation","e2f_targets",0.137,0.598540145985401,FALSE
"allograft_rejection","mtorc1_signaling",0.137,0.54014598540146,FALSE
"mtorc1_signaling","allograft_rejection",0.137,0.45985401459854,FALSE
"wnt_beta_catenin_signaling","fatty_acid_metabolism",0.137,0.518248175182482,FALSE
"fatty_acid_metabolism","wnt_beta_catenin_signaling",0.137,0.481751824817518,FALSE
"adipogenesis","tnf_alpha_signaling_via_nf_kb",0.137,0.532846715328467,FALSE
"g2_m_checkpoint","apoptosis",0.136,0.5,FALSE
"uv_response_dn","apoptosis",0.136,0.617647058823529,FALSE
"uv_response_up","allograft_rejection",0.136,0.639705882352941,FALSE
"complement","hedgehog_signaling",0.136,0.470588235294118,FALSE
"complement","myogenesis",0.136,0.341911764705882,FALSE
"allograft_rejection","uv_response_up",0.136,0.360294117647059,FALSE
"hedgehog_signaling","complement",0.136,0.529411764705882,FALSE
"myogenesis","complement",0.136,0.658088235294118,FALSE
"apoptosis","g2_m_checkpoint",0.136,0.5,FALSE
"apoptosis","uv_response_dn",0.136,0.382352941176471,FALSE
"reactive_oxygen_species_pathway","wnt_beta_catenin_signaling",0.135,0.62962962962963,FALSE
"reactive_oxygen_species_pathway","androgen_response",0.135,0.703703703703704,FALSE
"interferon_alpha_response","angiogenesis",0.135,0.614814814814815,FALSE
"tnf_alpha_signaling_via_nf_kb","fatty_acid_metabolism",0.135,0.503703703703704,FALSE
"pi3k_akt_mtor_signaling","heme_metabolism",0.135,0.333333333333333,FALSE
"mtorc1_signaling","pancreas_beta_cells",0.135,0.607407407407407,FALSE
"wnt_beta_catenin_signaling","reactive_oxygen_species_pathway",0.135,0.37037037037037,FALSE
"fatty_acid_metabolism","tnf_alpha_signaling_via_nf_kb",0.135,0.496296296296296,FALSE
"fatty_acid_metabolism","apoptosis",0.135,0.333333333333333,FALSE
"heme_metabolism","pi3k_akt_mtor_signaling",0.135,0.666666666666667,FALSE
"pancreas_beta_cells","mtorc1_signaling",0.135,0.392592592592593,FALSE
"angiogenesis","interferon_alpha_response",0.135,0.385185185185185,FALSE
"androgen_response","reactive_oxygen_species_pathway",0.135,0.296296296296296,FALSE
"apoptosis","fatty_acid_metabolism",0.135,0.666666666666667,FALSE
"g2_m_checkpoint","oxidative_phosphorylation",0.134,0.417910447761194,FALSE
"interferon_alpha_response","coagulation",0.134,0.656716417910448,FALSE
"interferon_alpha_response","mtorc1_signaling",0.134,0.470149253731343,FALSE
"coagulation","interferon_alpha_response",0.134,0.343283582089552,FALSE
"allograft_rejection","myogenesis",0.134,0.305970149253731,FALSE
"mtorc1_signaling","interferon_alpha_response",0.134,0.529850746268657,FALSE
"oxidative_phosphorylation","g2_m_checkpoint",0.134,0.582089552238806,FALSE
"myogenesis","allograft_rejection",0.134,0.694029850746269,FALSE
"angiogenesis","apical_surface",0.134,0.373134328358209,FALSE
"apical_surface","angiogenesis",0.134,0.626865671641791,FALSE
"cmv","coagulation",0.133,1,FALSE
"e2f_targets","glycolysis",0.133,0.466165413533835,FALSE
"g2_m_checkpoint","kras_signaling_up",0.133,0.37593984962406,FALSE
"mitotic_spindle","glycolysis",0.133,0.669172932330827,FALSE
"uv_response_up","kras_signaling_up",0.133,0.330827067669173,FALSE
"uv_response_up","estrogen_response_late",0.133,0.421052631578947,FALSE
"reactive_oxygen_species_pathway","angiogenesis",0.133,0.744360902255639,FALSE
"coagulation","cmv",0.133,0,FALSE
"coagulation","protein_secretion",0.133,0.421052631578947,FALSE
"allograft_rejection","protein_secretion",0.133,0.390977443609023,FALSE
"pi3k_akt_mtor_signaling","oxidative_phosphorylation",0.133,0.466165413533835,FALSE
"kras_signaling_up","g2_m_checkpoint",0.133,0.62406015037594,FALSE
"kras_signaling_up","uv_response_up",0.133,0.669172932330827,FALSE
"glycolysis","e2f_targets",0.133,0.533834586466165,FALSE
"glycolysis","mitotic_spindle",0.133,0.330827067669173,FALSE
"oxidative_phosphorylation","pi3k_akt_mtor_signaling",0.133,0.533834586466165,FALSE
"angiogenesis","reactive_oxygen_species_pathway",0.133,0.255639097744361,FALSE
"estrogen_response_late","uv_response_up",0.133,0.578947368421053,FALSE
"protein_secretion","coagulation",0.133,0.578947368421053,FALSE
"protein_secretion","allograft_rejection",0.133,0.609022556390977,FALSE
"cmv","reactive_oxygen_species_pathway",0.132,1,FALSE
"cmv","apoptosis",0.132,1,FALSE
"myc_targets_v2","kras_signaling_dn",0.132,0.537878787878788,FALSE
"reactive_oxygen_species_pathway","cmv",0.132,0,FALSE
"interferon_alpha_response","kras_signaling_dn",0.132,0.560606060606061,FALSE
"tnf_alpha_signaling_via_nf_kb","kras_signaling_dn",0.132,0.356060606060606,FALSE
"kras_signaling_dn","myc_targets_v2",0.132,0.462121212121212,FALSE
"kras_signaling_dn","interferon_alpha_response",0.132,0.439393939393939,FALSE
"kras_signaling_dn","tnf_alpha_signaling_via_nf_kb",0.132,0.643939393939394,FALSE
"wnt_beta_catenin_signaling","glycolysis",0.132,0.401515151515151,FALSE
"glycolysis","wnt_beta_catenin_signaling",0.132,0.598484848484849,FALSE
"spermatogenesis","apical_junction",0.132,0.200757575757576,FALSE
"apical_junction","spermatogenesis",0.132,0.799242424242424,FALSE
"apoptosis","cmv",0.132,0,FALSE
"dna_repair","complement",0.131,0.442748091603053,FALSE
"hypoxia","wnt_beta_catenin_signaling",0.131,0.816793893129771,FALSE
"interferon_alpha_response","glycolysis",0.131,0.557251908396946,FALSE
"interferon_gamma_response","apical_junction",0.131,0.137404580152672,FALSE
"tnf_alpha_signaling_via_nf_kb","androgen_response",0.131,0.534351145038168,FALSE
"il_2_stat5_signaling","estrogen_response_early",0.131,0.435114503816794,FALSE
"il_6_jak_stat3_signaling","bile_acid_metabolism",0.131,0.545801526717557,FALSE
"complement","dna_repair",0.131,0.557251908396946,FALSE
"mtorc1_signaling","xenobiotic_metabolism",0.131,0.488549618320611,FALSE
"kras_signaling_up","xenobiotic_metabolism",0.131,0.603053435114504,FALSE
"wnt_beta_catenin_signaling","hypoxia",0.131,0.183206106870229,FALSE
"hedgehog_signaling","heme_metabolism",0.131,0.312977099236641,FALSE
"glycolysis","interferon_alpha_response",0.131,0.442748091603053,FALSE
"bile_acid_metabolism","il_6_jak_stat3_signaling",0.131,0.454198473282443,FALSE
"heme_metabolism","hedgehog_signaling",0.131,0.687022900763359,FALSE
"xenobiotic_metabolism","mtorc1_signaling",0.131,0.511450381679389,FALSE
"xenobiotic_metabolism","kras_signaling_up",0.131,0.396946564885496,FALSE
"xenobiotic_metabolism","protein_secretion",0.131,0.389312977099237,FALSE
"androgen_response","tnf_alpha_signaling_via_nf_kb",0.131,0.465648854961832,FALSE
"estrogen_response_early","il_2_stat5_signaling",0.131,0.564885496183206,FALSE
"apical_junction","interferon_gamma_response",0.131,0.862595419847328,FALSE
"protein_secretion","xenobiotic_metabolism",0.131,0.610687022900763,FALSE
"p53_pathway","pperoxisome",0.13,0.392307692307692,FALSE
"reactive_oxygen_species_pathway","apical_junction",0.13,0.615384615384615,FALSE
"coagulation","fatty_acid_metabolism",0.13,0.7,FALSE
"wnt_beta_catenin_signaling","xenobiotic_metabolism",0.13,0.361538461538462,FALSE
"notch_signaling","bile_acid_metabolism",0.13,0.45,FALSE
"fatty_acid_metabolism","coagulation",0.13,0.3,FALSE
"bile_acid_metabolism","notch_signaling",0.13,0.55,FALSE
"heme_metabolism","myogenesis",0.13,0.792307692307692,FALSE
"xenobiotic_metabolism","wnt_beta_catenin_signaling",0.13,0.638461538461539,FALSE
"pperoxisome","p53_pathway",0.13,0.607692307692308,FALSE
"adipogenesis","estrogen_response_early",0.13,0.269230769230769,FALSE
"myogenesis","heme_metabolism",0.13,0.207692307692308,FALSE
"estrogen_response_early","adipogenesis",0.13,0.730769230769231,FALSE
"apical_junction","reactive_oxygen_species_pathway",0.13,0.384615384615385,FALSE
"age_group","wnt_beta_catenin_signaling",0.129,1,FALSE
"sex","apoptosis",0.129,1,FALSE
"e2f_targets","kras_signaling_dn",0.129,0.596899224806202,FALSE
"mitotic_spindle","coagulation",0.129,0.395348837209302,FALSE
"myc_targets_v2","interferon_alpha_response",0.129,0.581395348837209,FALSE
"dna_repair","apical_surface",0.129,0.720930232558139,FALSE
"interferon_alpha_response","myc_targets_v2",0.129,0.418604651162791,FALSE
"interferon_gamma_response","hedgehog_signaling",0.129,0.496124031007752,FALSE
"coagulation","mitotic_spindle",0.129,0.604651162790698,FALSE
"coagulation","cholesterol_homeostasis",0.129,0.511627906976744,FALSE
"kras_signaling_dn","e2f_targets",0.129,0.403100775193798,FALSE
"wnt_beta_catenin_signaling","age_group",0.129,0,FALSE
"hedgehog_signaling","interferon_gamma_response",0.129,0.503875968992248,FALSE
"hedgehog_signaling","xenobiotic_metabolism",0.129,0.434108527131783,FALSE
"cholesterol_homeostasis","coagulation",0.129,0.488372093023256,FALSE
"xenobiotic_metabolism","hedgehog_signaling",0.129,0.565891472868217,FALSE
"apical_surface","dna_repair",0.129,0.27906976744186,FALSE
"apoptosis","sex",0.129,0,FALSE
"dna_repair","estrogen_response_late",0.128,0.421875,FALSE
"unfolded_protein_response","glycolysis",0.128,0.5078125,FALSE
"glycolysis","unfolded_protein_response",0.128,0.4921875,FALSE
"pancreas_beta_cells","estrogen_response_late",0.128,0.5546875,FALSE
"estrogen_response_late","dna_repair",0.128,0.578125,FALSE
"estrogen_response_late","pancreas_beta_cells",0.128,0.4453125,FALSE
"cmv","mitotic_spindle",0.127,1,FALSE
"g2_m_checkpoint","hedgehog_signaling",0.127,0.594488188976378,FALSE
"mitotic_spindle","cmv",0.127,0,FALSE
"interferon_alpha_response","apical_surface",0.127,0.708661417322835,FALSE
"pi3k_akt_mtor_signaling","tgf_beta_signaling",0.127,0.488188976377953,FALSE
"tgf_beta_signaling","pi3k_akt_mtor_signaling",0.127,0.511811023622047,FALSE
"tgf_beta_signaling","wnt_beta_catenin_signaling",0.127,0.496062992125984,FALSE
"wnt_beta_catenin_signaling","tgf_beta_signaling",0.127,0.503937007874016,FALSE
"hedgehog_signaling","g2_m_checkpoint",0.127,0.405511811023622,FALSE
"apical_surface","interferon_alpha_response",0.127,0.291338582677165,FALSE
"tnf_alpha_signaling_via_nf_kb","myogenesis",0.126,0.214285714285714,FALSE
"pi3k_akt_mtor_signaling","hedgehog_signaling",0.126,0.547619047619048,FALSE
"hedgehog_signaling","pi3k_akt_mtor_signaling",0.126,0.452380952380952,FALSE
"fatty_acid_metabolism","adipogenesis",0.126,0.396825396825397,FALSE
"heme_metabolism","spermatogenesis",0.126,0.73015873015873,FALSE
"xenobiotic_metabolism","estrogen_response_late",0.126,0.452380952380952,FALSE
"pperoxisome","angiogenesis",0.126,0.555555555555556,FALSE
"adipogenesis","fatty_acid_metabolism",0.126,0.603174603174603,FALSE
"myogenesis","tnf_alpha_signaling_via_nf_kb",0.126,0.785714285714286,FALSE
"spermatogenesis","heme_metabolism",0.126,0.26984126984127,FALSE
"angiogenesis","pperoxisome",0.126,0.444444444444444,FALSE
"estrogen_response_late","xenobiotic_metabolism",0.126,0.547619047619048,FALSE
"age_group","g2_m_checkpoint",0.125,1,FALSE
"g2_m_checkpoint","age_group",0.125,0,FALSE
"myc_targets_v2","estrogen_response_late",0.125,0.448,FALSE
"dna_repair","interferon_alpha_response",0.125,0.552,FALSE
"unfolded_protein_response","complement",0.125,0.536,FALSE
"reactive_oxygen_species_pathway","oxidative_phosphorylation",0.125,0.64,FALSE
"interferon_alpha_response","dna_repair",0.125,0.448,FALSE
"tnf_alpha_signaling_via_nf_kb","mtorc1_signaling",0.125,0.408,FALSE
"il_6_jak_stat3_signaling","androgen_response",0.125,0.48,FALSE
"complement","unfolded_protein_response",0.125,0.464,FALSE
"mtorc1_signaling","tnf_alpha_signaling_via_nf_kb",0.125,0.592,FALSE
"mtorc1_signaling","spermatogenesis",0.125,0.512,FALSE
"wnt_beta_catenin_signaling","apical_junction",0.125,0.336,FALSE
"notch_signaling","apical_surface",0.125,0.656,FALSE
"oxidative_phosphorylation","reactive_oxygen_species_pathway",0.125,0.36,FALSE
"adipogenesis","pancreas_beta_cells",0.125,0.456,FALSE
"spermatogenesis","mtorc1_signaling",0.125,0.488,FALSE
"pancreas_beta_cells","adipogenesis",0.125,0.544,FALSE
"androgen_response","il_6_jak_stat3_signaling",0.125,0.52,FALSE
"estrogen_response_late","myc_targets_v2",0.125,0.552,FALSE
"apical_junction","wnt_beta_catenin_signaling",0.125,0.664,FALSE
"apical_surface","notch_signaling",0.125,0.344,FALSE
"age_group","tnf_alpha_signaling_via_nf_kb",0.124,1,FALSE
"sex","heme_metabolism",0.124,1,FALSE
"e2f_targets","interferon_gamma_response",0.124,0.637096774193548,FALSE
"interferon_gamma_response","e2f_targets",0.124,0.362903225806452,FALSE
"tnf_alpha_signaling_via_nf_kb","age_group",0.124,0,FALSE
"tnf_alpha_signaling_via_nf_kb","tgf_beta_signaling",0.124,0.604838709677419,FALSE
"complement","apical_junction",0.124,0.25,FALSE
"kras_signaling_dn","heme_metabolism",0.124,0.314516129032258,FALSE
"tgf_beta_signaling","tnf_alpha_signaling_via_nf_kb",0.124,0.395161290322581,FALSE
"heme_metabolism","sex",0.124,0,FALSE
"heme_metabolism","kras_signaling_dn",0.124,0.685483870967742,FALSE
"apical_junction","complement",0.124,0.75,FALSE
"e2f_targets","oxidative_phosphorylation",0.123,0.471544715447154,FALSE
"e2f_targets","myogenesis",0.123,0.577235772357723,FALSE
"mitotic_spindle","allograft_rejection",0.123,0.32520325203252,FALSE
"myc_targets_v1","coagulation",0.123,0.235772357723577,FALSE
"hypoxia","coagulation",0.123,0.528455284552846,FALSE
"coagulation","myc_targets_v1",0.123,0.764227642276423,FALSE
"coagulation","hypoxia",0.123,0.471544715447154,FALSE
"allograft_rejection","mitotic_spindle",0.123,0.67479674796748,FALSE
"kras_signaling_dn","wnt_beta_catenin_signaling",0.123,0.682926829268293,FALSE
"wnt_beta_catenin_signaling","kras_signaling_dn",0.123,0.317073170731707,FALSE
"glycolysis","estrogen_response_early",0.123,0.536585365853659,FALSE
"oxidative_phosphorylation","e2f_targets",0.123,0.528455284552846,FALSE
"adipogenesis","epithelial_mesenchymal_transition",0.123,0.186991869918699,FALSE
"myogenesis","e2f_targets",0.123,0.422764227642276,FALSE
"epithelial_mesenchymal_transition","adipogenesis",0.123,0.813008130081301,FALSE
"estrogen_response_early","glycolysis",0.123,0.463414634146341,FALSE
"sex","e2f_targets",0.122,1,FALSE
"e2f_targets","sex",0.122,0,FALSE
"e2f_targets","xenobiotic_metabolism",0.122,0.483606557377049,FALSE
"inflammatory_response","il_2_stat5_signaling",0.122,0.688524590163935,FALSE
"inflammatory_response","estrogen_response_late",0.122,0.639344262295082,FALSE
"il_2_stat5_signaling","inflammatory_response",0.122,0.311475409836066,FALSE
"kras_signaling_up","bile_acid_metabolism",0.122,0.459016393442623,FALSE
"bile_acid_metabolism","kras_signaling_up",0.122,0.540983606557377,FALSE
"xenobiotic_metabolism","e2f_targets",0.122,0.516393442622951,FALSE
"estrogen_response_late","inflammatory_response",0.122,0.360655737704918,FALSE
"age_group","uv_response_dn",0.121,1,FALSE
"e2f_targets","hedgehog_signaling",0.121,0.611570247933884,FALSE
"uv_response_dn","age_group",0.121,0,FALSE
"uv_response_dn","complement",0.121,0.694214876033058,FALSE
"hypoxia","interferon_alpha_response",0.121,0.553719008264463,FALSE
"interferon_alpha_response","hypoxia",0.121,0.446280991735537,FALSE
"interferon_alpha_response","il_2_stat5_signaling",0.121,0.446280991735537,FALSE
"il_2_stat5_signaling","interferon_alpha_response",0.121,0.553719008264463,FALSE
"complement","uv_response_dn",0.121,0.305785123966942,FALSE
"hedgehog_signaling","e2f_targets",0.121,0.388429752066116,FALSE
"heme_metabolism","xenobiotic_metabolism",0.121,0.768595041322314,FALSE
"xenobiotic_metabolism","heme_metabolism",0.121,0.231404958677686,FALSE
"adipogenesis","angiogenesis",0.121,0.611570247933884,FALSE
"angiogenesis","adipogenesis",0.121,0.388429752066116,FALSE
"xenobiotic_metabolism","androgen_response",0.12,0.583333333333333,FALSE
"androgen_response","xenobiotic_metabolism",0.12,0.416666666666667,FALSE
"cmv","fatty_acid_metabolism",0.12,1,FALSE
"myc_targets_v1","apoptosis",0.12,0.358333333333333,FALSE
"myc_targets_v2","uv_response_dn",0.12,0.483333333333333,FALSE
"uv_response_dn","myc_targets_v2",0.12,0.516666666666667,FALSE
"fatty_acid_metabolism","cmv",0.12,0,FALSE
"androgen_response","estrogen_response_early",0.12,0.4,FALSE
"estrogen_response_early","androgen_response",0.12,0.6,FALSE
"apoptosis","myc_targets_v1",0.12,0.641666666666667,FALSE
"pperoxisome","estrogen_response_late",0.119,0.420168067226891,FALSE
"estrogen_response_late","pperoxisome",0.119,0.579831932773109,FALSE
"age_group","myc_targets_v1",0.119,1,FALSE
"myc_targets_v1","age_group",0.119,0,FALSE
"myc_targets_v2","il_2_stat5_signaling",0.119,0.478991596638655,FALSE
"uv_response_dn","fatty_acid_metabolism",0.119,0.605042016806723,FALSE
"uv_response_up","mtorc1_signaling",0.119,0.277310924369748,FALSE
"reactive_oxygen_species_pathway","pperoxisome",0.119,0.663865546218487,FALSE
"il_2_stat5_signaling","myc_targets_v2",0.119,0.521008403361345,FALSE
"allograft_rejection","notch_signaling",0.119,0.38655462184874,FALSE
"mtorc1_signaling","uv_response_up",0.119,0.722689075630252,FALSE
"notch_signaling","allograft_rejection",0.119,0.613445378151261,FALSE
"fatty_acid_metabolism","uv_response_dn",0.119,0.394957983193277,FALSE
"pperoxisome","reactive_oxygen_species_pathway",0.119,0.336134453781513,FALSE
"interferon_gamma_response","tnf_alpha_signaling_via_nf_kb",0.118,0.423728813559322,FALSE
"tnf_alpha_signaling_via_nf_kb","interferon_gamma_response",0.118,0.576271186440678,FALSE
"mitotic_spindle","cholesterol_homeostasis",0.118,0.474576271186441,FALSE
"myc_targets_v1","hypoxia",0.118,0.483050847457627,FALSE
"p53_pathway","hedgehog_signaling",0.118,0.567796610169492,FALSE
"hypoxia","myc_targets_v1",0.118,0.516949152542373,FALSE
"hypoxia","bile_acid_metabolism",0.118,0.610169491525424,FALSE
"pi3k_akt_mtor_signaling","mtorc1_signaling",0.118,0.508474576271186,FALSE
"pi3k_akt_mtor_signaling","apical_surface",0.118,0.474576271186441,FALSE
"mtorc1_signaling","pi3k_akt_mtor_signaling",0.118,0.491525423728814,FALSE
"notch_signaling","estrogen_response_late",0.118,0.457627118644068,FALSE
"hedgehog_signaling","p53_pathway",0.118,0.432203389830508,FALSE
"bile_acid_metabolism","hypoxia",0.118,0.389830508474576,FALSE
"bile_acid_metabolism","estrogen_response_early",0.118,0.516949152542373,FALSE
"cholesterol_homeostasis","mitotic_spindle",0.118,0.525423728813559,FALSE
"xenobiotic_metabolism","spermatogenesis",0.118,0.542372881355932,FALSE
"adipogenesis","androgen_response",0.118,0.601694915254237,FALSE
"spermatogenesis","xenobiotic_metabolism",0.118,0.457627118644068,FALSE
"androgen_response","adipogenesis",0.118,0.398305084745763,FALSE
"estrogen_response_early","bile_acid_metabolism",0.118,0.483050847457627,FALSE
"estrogen_response_late","notch_signaling",0.118,0.542372881355932,FALSE
"apical_surface","pi3k_akt_mtor_signaling",0.118,0.525423728813559,FALSE
"uv_response_dn","coagulation",0.117,0.58974358974359,FALSE
"coagulation","uv_response_dn",0.117,0.41025641025641,FALSE
"g2_m_checkpoint","estrogen_response_early",0.117,0.393162393162393,FALSE
"dna_repair","heme_metabolism",0.117,0.461538461538462,FALSE
"p53_pathway","oxidative_phosphorylation",0.117,0.393162393162393,FALSE
"reactive_oxygen_species_pathway","fatty_acid_metabolism",0.117,0.675213675213675,FALSE
"mtorc1_signaling","pperoxisome",0.117,0.358974358974359,FALSE
"kras_signaling_dn","pancreas_beta_cells",0.117,0.64957264957265,FALSE
"glycolysis","xenobiotic_metabolism",0.117,0.47008547008547,FALSE
"oxidative_phosphorylation","p53_pathway",0.117,0.606837606837607,FALSE
"fatty_acid_metabolism","reactive_oxygen_species_pathway",0.117,0.324786324786325,FALSE
"heme_metabolism","dna_repair",0.117,0.538461538461539,FALSE
"xenobiotic_metabolism","glycolysis",0.117,0.52991452991453,FALSE
"pperoxisome","mtorc1_signaling",0.117,0.641025641025641,FALSE
"pancreas_beta_cells","kras_signaling_dn",0.117,0.35042735042735,FALSE
"estrogen_response_early","g2_m_checkpoint",0.117,0.606837606837607,FALSE
"myc_targets_v2","coagulation",0.116,0.431034482758621,FALSE
"p53_pathway","spermatogenesis",0.116,0.431034482758621,FALSE
"coagulation","myc_targets_v2",0.116,0.568965517241379,FALSE
"kras_signaling_up","pperoxisome",0.116,0.5,FALSE
"pperoxisome","kras_signaling_up",0.116,0.5,FALSE
"myogenesis","angiogenesis",0.116,0.706896551724138,FALSE
"spermatogenesis","p53_pathway",0.116,0.568965517241379,FALSE
"epithelial_mesenchymal_transition","androgen_response",0.116,0.732758620689655,FALSE
"angiogenesis","myogenesis",0.116,0.293103448275862,FALSE
"androgen_response","epithelial_mesenchymal_transition",0.116,0.267241379310345,FALSE
"myc_targets_v2","pancreas_beta_cells",0.116,0.370689655172414,FALSE
"pi3k_akt_mtor_signaling","apical_junction",0.116,0.198275862068966,FALSE
"glycolysis","cholesterol_homeostasis",0.116,0.241379310344828,FALSE
"bile_acid_metabolism","xenobiotic_metabolism",0.116,0.620689655172414,FALSE
"cholesterol_homeostasis","glycolysis",0.116,0.758620689655172,FALSE
"xenobiotic_metabolism","bile_acid_metabolism",0.116,0.379310344827586,FALSE
"pancreas_beta_cells","myc_targets_v2",0.116,0.629310344827586,FALSE
"apical_junction","pi3k_akt_mtor_signaling",0.116,0.801724137931035,FALSE
"cmv","myc_targets_v2",0.115,1,FALSE
"myc_targets_v2","cmv",0.115,0,FALSE
"mitotic_spindle","fatty_acid_metabolism",0.115,0.660869565217391,FALSE
"dna_repair","spermatogenesis",0.115,0.543478260869565,FALSE
"uv_response_dn","hypoxia",0.115,0.517391304347826,FALSE
"hypoxia","uv_response_dn",0.115,0.482608695652174,FALSE
"fatty_acid_metabolism","mitotic_spindle",0.115,0.339130434782609,FALSE
"spermatogenesis","dna_repair",0.115,0.456521739130435,FALSE
"age_group","myc_targets_v2",0.114,1,FALSE
"sex","uv_response_dn",0.114,1,FALSE
"myc_targets_v2","age_group",0.114,0,FALSE
"p53_pathway","androgen_response",0.114,0.412280701754386,FALSE
"uv_response_dn","sex",0.114,0,FALSE
"notch_signaling","pperoxisome",0.114,0.486842105263158,FALSE
"pperoxisome","notch_signaling",0.114,0.513157894736842,FALSE
"androgen_response","p53_pathway",0.114,0.587719298245614,FALSE
"cmv","adipogenesis",0.113,1,FALSE
"g2_m_checkpoint","uv_response_dn",0.113,0.442477876106195,FALSE
"p53_pathway","unfolded_protein_response",0.113,0.442477876106195,FALSE
"uv_response_dn","g2_m_checkpoint",0.113,0.557522123893805,FALSE
"unfolded_protein_response","p53_pathway",0.113,0.557522123893805,FALSE
"unfolded_protein_response","xenobiotic_metabolism",0.113,0.424778761061947,FALSE
"notch_signaling","estrogen_response_early",0.113,0.389380530973451,FALSE
"xenobiotic_metabolism","unfolded_protein_response",0.113,0.575221238938053,FALSE
"adipogenesis","cmv",0.113,0,FALSE
"spermatogenesis","estrogen_response_late",0.113,0.433628318584071,FALSE
"estrogen_response_early","notch_signaling",0.113,0.610619469026549,FALSE
"estrogen_response_late","spermatogenesis",0.113,0.566371681415929,FALSE
"mitotic_spindle","bile_acid_metabolism",0.113,0.221238938053097,FALSE
"oxidative_phosphorylation","bile_acid_metabolism",0.113,0.63716814159292,FALSE
"bile_acid_metabolism","mitotic_spindle",0.113,0.778761061946903,FALSE
"bile_acid_metabolism","oxidative_phosphorylation",0.113,0.36283185840708,FALSE
"g2_m_checkpoint","tgf_beta_signaling",0.112,0.625,FALSE
"tgf_beta_signaling","g2_m_checkpoint",0.112,0.375,FALSE
"age_group","protein_secretion",0.112,1,FALSE
"cmv","myc_targets_v1",0.112,1,FALSE
"cmv","oxidative_phosphorylation",0.112,1,FALSE
"cmv","bile_acid_metabolism",0.112,1,FALSE
"myc_targets_v1","cmv",0.112,0,FALSE
"dna_repair","wnt_beta_catenin_signaling",0.112,0.5625,FALSE
"wnt_beta_catenin_signaling","dna_repair",0.112,0.4375,FALSE
"oxidative_phosphorylation","cmv",0.112,0,FALSE
"bile_acid_metabolism","cmv",0.112,0,FALSE
"pperoxisome","myogenesis",0.112,0.267857142857143,FALSE
"myogenesis","pperoxisome",0.112,0.732142857142857,FALSE
"protein_secretion","age_group",0.112,0,FALSE
"e2f_targets","androgen_response",0.112,0.660714285714286,FALSE
"complement","tgf_beta_signaling",0.112,0.660714285714286,FALSE
"tgf_beta_signaling","complement",0.112,0.339285714285714,FALSE
"myogenesis","androgen_response",0.112,0.669642857142857,FALSE
"androgen_response","e2f_targets",0.112,0.339285714285714,FALSE
"androgen_response","myogenesis",0.112,0.330357142857143,FALSE
"age_group","p53_pathway",0.111,1,FALSE
"cmv","hedgehog_signaling",0.111,1,FALSE
"myc_targets_v2","pi3k_akt_mtor_signaling",0.111,0.414414414414414,FALSE
"p53_pathway","age_group",0.111,0,FALSE
"uv_response_dn","apical_junction",0.111,0.414414414414414,FALSE
"unfolded_protein_response","pi3k_akt_mtor_signaling",0.111,0.315315315315315,FALSE
"inflammatory_response","xenobiotic_metabolism",0.111,0.522522522522523,FALSE
"il_6_jak_stat3_signaling","xenobiotic_metabolism",0.111,0.549549549549549,FALSE
"allograft_rejection","estrogen_response_late",0.111,0.153153153153153,FALSE
"pi3k_akt_mtor_signaling","myc_targets_v2",0.111,0.585585585585586,FALSE
"pi3k_akt_mtor_signaling","unfolded_protein_response",0.111,0.684684684684685,FALSE
"kras_signaling_up","spermatogenesis",0.111,0.684684684684685,FALSE
"hedgehog_signaling","cmv",0.111,0,FALSE
"xenobiotic_metabolism","inflammatory_response",0.111,0.477477477477477,FALSE
"xenobiotic_metabolism","il_6_jak_stat3_signaling",0.111,0.45045045045045,FALSE
"myogenesis","apoptosis",0.111,0.45045045045045,FALSE
"spermatogenesis","kras_signaling_up",0.111,0.315315315315315,FALSE
"angiogenesis","apoptosis",0.111,0.405405405405405,FALSE
"estrogen_response_late","allograft_rejection",0.111,0.846846846846847,FALSE
"apical_junction","uv_response_dn",0.111,0.585585585585586,FALSE
"apoptosis","myogenesis",0.111,0.549549549549549,FALSE
"apoptosis","angiogenesis",0.111,0.594594594594595,FALSE
"uv_response_up","spermatogenesis",0.111,0.468468468468469,FALSE
"spermatogenesis","uv_response_up",0.111,0.531531531531532,FALSE
"kras_signaling_dn","apoptosis",0.11,0.372727272727273,FALSE
"apoptosis","kras_signaling_dn",0.11,0.627272727272727,FALSE
"sex","glycolysis",0.11,1,FALSE
"hypoxia","adipogenesis",0.11,0.709090909090909,FALSE
"inflammatory_response","spermatogenesis",0.11,0.590909090909091,FALSE
"complement","angiogenesis",0.11,0.481818181818182,FALSE
"allograft_rejection","cholesterol_homeostasis",0.11,0.390909090909091,FALSE
"glycolysis","sex",0.11,0,FALSE
"cholesterol_homeostasis","allograft_rejection",0.11,0.609090909090909,FALSE
"adipogenesis","hypoxia",0.11,0.290909090909091,FALSE
"spermatogenesis","inflammatory_response",0.11,0.409090909090909,FALSE
"angiogenesis","complement",0.11,0.518181818181818,FALSE
"myc_targets_v1","pi3k_akt_mtor_signaling",0.11,0.672727272727273,FALSE
"pi3k_akt_mtor_signaling","myc_targets_v1",0.11,0.327272727272727,FALSE
"unfolded_protein_response","pancreas_beta_cells",0.109,0.357798165137615,FALSE
"pancreas_beta_cells","unfolded_protein_response",0.109,0.642201834862385,FALSE
"age_group","estrogen_response_early",0.109,1,FALSE
"sex","dna_repair",0.109,1,FALSE
"cmv","dna_repair",0.109,1,FALSE
"dna_repair","sex",0.109,0,FALSE
"dna_repair","cmv",0.109,0,FALSE
"dna_repair","inflammatory_response",0.109,0.458715596330275,FALSE
"p53_pathway","protein_secretion",0.109,0.302752293577982,FALSE
"uv_response_up","fatty_acid_metabolism",0.109,0.504587155963303,FALSE
"inflammatory_response","dna_repair",0.109,0.541284403669725,FALSE
"interferon_alpha_response","apoptosis",0.109,0.559633027522936,FALSE
"coagulation","mtorc1_signaling",0.109,0.486238532110092,FALSE
"mtorc1_signaling","coagulation",0.109,0.513761467889908,FALSE
"oxidative_phosphorylation","angiogenesis",0.109,0.73394495412844,FALSE
"fatty_acid_metabolism","uv_response_up",0.109,0.495412844036697,FALSE
"angiogenesis","oxidative_phosphorylation",0.109,0.26605504587156,FALSE
"estrogen_response_early","age_group",0.109,0,FALSE
"apoptosis","interferon_alpha_response",0.109,0.440366972477064,FALSE
"protein_secretion","p53_pathway",0.109,0.697247706422018,FALSE
"sex","angiogenesis",0.108,1,FALSE
"e2f_targets","apical_surface",0.108,0.481481481481481,FALSE
"il_2_stat5_signaling","notch_signaling",0.108,0.453703703703704,FALSE
"kras_signaling_up","glycolysis",0.108,0.490740740740741,FALSE
"notch_signaling","il_2_stat5_signaling",0.108,0.546296296296296,FALSE
"glycolysis","kras_signaling_up",0.108,0.509259259259259,FALSE
"glycolysis","apical_junction",0.108,0.25462962962963,FALSE
"angiogenesis","sex",0.108,0,FALSE
"apical_junction","glycolysis",0.108,0.74537037037037,FALSE
"apical_surface","e2f_targets",0.108,0.518518518518518,FALSE
"tnf_alpha_signaling_via_nf_kb","xenobiotic_metabolism",0.107,0.616822429906542,FALSE
"il_2_stat5_signaling","heme_metabolism",0.107,0.214953271028037,FALSE
"heme_metabolism","il_2_stat5_signaling",0.107,0.785046728971963,FALSE
"xenobiotic_metabolism","tnf_alpha_signaling_via_nf_kb",0.107,0.383177570093458,FALSE
"myc_targets_v1","il_2_stat5_signaling",0.107,0.728971962616822,FALSE
"uv_response_up","tgf_beta_signaling",0.107,0.429906542056075,FALSE
"unfolded_protein_response","adipogenesis",0.107,0.439252336448598,FALSE
"hypoxia","il_2_stat5_signaling",0.107,0.700934579439252,FALSE
"il_2_stat5_signaling","myc_targets_v1",0.107,0.271028037383178,FALSE
"il_2_stat5_signaling","hypoxia",0.107,0.299065420560748,FALSE
"tgf_beta_signaling","uv_response_up",0.107,0.570093457943925,FALSE
"glycolysis","heme_metabolism",0.107,0.299065420560748,FALSE
"heme_metabolism","glycolysis",0.107,0.700934579439252,FALSE
"adipogenesis","unfolded_protein_response",0.107,0.560747663551402,FALSE
"pancreas_beta_cells","apical_surface",0.107,0.672897196261682,FALSE
"apical_surface","pancreas_beta_cells",0.107,0.327102803738318,FALSE
"g2_m_checkpoint","myogenesis",0.106,0.39622641509434,FALSE
"myc_targets_v1","estrogen_response_early",0.106,0.60377358490566,FALSE
"p53_pathway","pi3k_akt_mtor_signaling",0.106,0.452830188679245,FALSE
"uv_response_dn","unfolded_protein_response",0.106,0.632075471698113,FALSE
"unfolded_protein_response","uv_response_dn",0.106,0.367924528301887,FALSE
"pi3k_akt_mtor_signaling","p53_pathway",0.106,0.547169811320755,FALSE
"oxidative_phosphorylation","spermatogenesis",0.106,0.547169811320755,FALSE
"myogenesis","g2_m_checkpoint",0.106,0.60377358490566,FALSE
"spermatogenesis","oxidative_phosphorylation",0.106,0.452830188679245,FALSE
"estrogen_response_early","myc_targets_v1",0.106,0.39622641509434,FALSE
"sex","interferon_alpha_response",0.106,1,FALSE
"myc_targets_v1","tnf_alpha_signaling_via_nf_kb",0.106,0.688679245283019,FALSE
"p53_pathway","glycolysis",0.106,0.433962264150943,FALSE
"inflammatory_response","androgen_response",0.106,0.683962264150943,FALSE
"interferon_alpha_response","sex",0.106,0,FALSE
"interferon_alpha_response","epithelial_mesenchymal_transition",0.106,0.405660377358491,FALSE
"tnf_alpha_signaling_via_nf_kb","myc_targets_v1",0.106,0.311320754716981,FALSE
"tnf_alpha_signaling_via_nf_kb","oxidative_phosphorylation",0.106,0.330188679245283,FALSE
"glycolysis","p53_pathway",0.106,0.566037735849057,FALSE
"oxidative_phosphorylation","tnf_alpha_signaling_via_nf_kb",0.106,0.669811320754717,FALSE
"epithelial_mesenchymal_transition","interferon_alpha_response",0.106,0.594339622641509,FALSE
"androgen_response","inflammatory_response",0.106,0.316037735849057,FALSE
"e2f_targets","mitotic_spindle",0.105,0.609523809523809,FALSE
"g2_m_checkpoint","il_2_stat5_signaling",0.105,0.619047619047619,FALSE
"g2_m_checkpoint","wnt_beta_catenin_signaling",0.105,0.552380952380952,FALSE
"mitotic_spindle","e2f_targets",0.105,0.39047619047619,FALSE
"mitotic_spindle","kras_signaling_up",0.105,0.333333333333333,FALSE
"inflammatory_response","estrogen_response_early",0.105,0.533333333333333,FALSE
"interferon_alpha_response","pancreas_beta_cells",0.105,0.466666666666667,FALSE
"il_2_stat5_signaling","g2_m_checkpoint",0.105,0.380952380952381,FALSE
"il_6_jak_stat3_signaling","kras_signaling_dn",0.105,0.533333333333333,FALSE
"kras_signaling_up","mitotic_spindle",0.105,0.666666666666667,FALSE
"kras_signaling_dn","il_6_jak_stat3_signaling",0.105,0.466666666666667,FALSE
"wnt_beta_catenin_signaling","g2_m_checkpoint",0.105,0.447619047619048,FALSE
"pancreas_beta_cells","interferon_alpha_response",0.105,0.533333333333333,FALSE
"estrogen_response_early","inflammatory_response",0.105,0.466666666666667,FALSE
"sex","mitotic_spindle",0.105,1,FALSE
"mitotic_spindle","sex",0.105,0,FALSE
"complement","glycolysis",0.105,0.485714285714286,FALSE
"glycolysis","complement",0.105,0.514285714285714,FALSE
"oxidative_phosphorylation","apoptosis",0.105,0.419047619047619,FALSE
"heme_metabolism","apical_surface",0.105,0.857142857142857,FALSE
"apical_surface","heme_metabolism",0.105,0.142857142857143,FALSE
"apoptosis","oxidative_phosphorylation",0.105,0.580952380952381,FALSE
"g2_m_checkpoint","hypoxia",0.104,0.375,FALSE
"uv_response_dn","interferon_alpha_response",0.104,0.336538461538462,FALSE
"hypoxia","g2_m_checkpoint",0.104,0.625,FALSE
"interferon_alpha_response","uv_response_dn",0.104,0.663461538461538,FALSE
"tnf_alpha_signaling_via_nf_kb","angiogenesis",0.104,0.605769230769231,FALSE
"angiogenesis","tnf_alpha_signaling_via_nf_kb",0.104,0.394230769230769,FALSE
"cmv","spermatogenesis",0.104,1,FALSE
"tnf_alpha_signaling_via_nf_kb","glycolysis",0.104,0.567307692307692,FALSE
"glycolysis","tnf_alpha_signaling_via_nf_kb",0.104,0.432692307692308,FALSE
"adipogenesis","estrogen_response_late",0.104,0.423076923076923,FALSE
"spermatogenesis","cmv",0.104,0,FALSE
"estrogen_response_late","adipogenesis",0.104,0.576923076923077,FALSE
"e2f_targets","complement",0.103,0.485436893203884,FALSE
"mitotic_spindle","tgf_beta_signaling",0.103,0.611650485436893,FALSE
"dna_repair","uv_response_up",0.103,0.640776699029126,FALSE
"uv_response_up","dna_repair",0.103,0.359223300970874,FALSE
"interferon_gamma_response","fatty_acid_metabolism",0.103,0.592233009708738,FALSE
"il_6_jak_stat3_signaling","oxidative_phosphorylation",0.103,0.466019417475728,FALSE
"complement","e2f_targets",0.103,0.514563106796116,FALSE
"allograft_rejection","estrogen_response_early",0.103,0.45631067961165,FALSE
"tgf_beta_signaling","mitotic_spindle",0.103,0.388349514563107,FALSE
"wnt_beta_catenin_signaling","notch_signaling",0.103,0.378640776699029,FALSE
"notch_signaling","wnt_beta_catenin_signaling",0.103,0.621359223300971,FALSE
"oxidative_phosphorylation","il_6_jak_stat3_signaling",0.103,0.533980582524272,FALSE
"fatty_acid_metabolism","interferon_gamma_response",0.103,0.407766990291262,FALSE
"spermatogenesis","pancreas_beta_cells",0.103,0.45631067961165,FALSE
"pancreas_beta_cells","spermatogenesis",0.103,0.543689320388349,FALSE
"estrogen_response_early","allograft_rejection",0.103,0.543689320388349,FALSE
"age_group","androgen_response",0.103,1,FALSE
"cmv","kras_signaling_up",0.103,1,FALSE
"myc_targets_v1","hedgehog_signaling",0.103,0.572815533980582,FALSE
"il_6_jak_stat3_signaling","pi3k_akt_mtor_signaling",0.103,0.572815533980582,FALSE
"pi3k_akt_mtor_signaling","il_6_jak_stat3_signaling",0.103,0.427184466019417,FALSE
"kras_signaling_up","cmv",0.103,0,FALSE
"kras_signaling_up","cholesterol_homeostasis",0.103,0.58252427184466,FALSE
"kras_signaling_up","apoptosis",0.103,0.572815533980582,FALSE
"hedgehog_signaling","myc_targets_v1",0.103,0.427184466019417,FALSE
"cholesterol_homeostasis","kras_signaling_up",0.103,0.41747572815534,FALSE
"androgen_response","age_group",0.103,0,FALSE
"apoptosis","kras_signaling_up",0.103,0.427184466019417,FALSE
"interferon_gamma_response","tgf_beta_signaling",0.102,0.588235294117647,FALSE
"tnf_alpha_signaling_via_nf_kb","bile_acid_metabolism",0.102,0.205882352941176,FALSE
"tgf_beta_signaling","interferon_gamma_response",0.102,0.411764705882353,FALSE
"tgf_beta_signaling","apical_junction",0.102,0.225490196078431,FALSE
"notch_signaling","androgen_response",0.102,0.558823529411765,FALSE
"bile_acid_metabolism","tnf_alpha_signaling_via_nf_kb",0.102,0.794117647058823,FALSE
"androgen_response","notch_signaling",0.102,0.441176470588235,FALSE
"apical_junction","tgf_beta_signaling",0.102,0.774509803921569,FALSE
"age_group","e2f_targets",0.101,1,FALSE
"age_group","adipogenesis",0.101,1,FALSE
"age_group","apical_junction",0.101,1,FALSE
"sex","protein_secretion",0.101,1,FALSE
"cmv","wnt_beta_catenin_signaling",0.101,1,FALSE
"e2f_targets","age_group",0.101,0,FALSE
"e2f_targets","adipogenesis",0.101,0.564356435643564,FALSE
"p53_pathway","apical_surface",0.101,0.495049504950495,FALSE
"hypoxia","tnf_alpha_signaling_via_nf_kb",0.101,0.534653465346535,FALSE
"hypoxia","pancreas_beta_cells",0.101,0.673267326732673,FALSE
"interferon_alpha_response","oxidative_phosphorylation",0.101,0.376237623762376,FALSE
"tnf_alpha_signaling_via_nf_kb","hypoxia",0.101,0.465346534653465,FALSE
"tnf_alpha_signaling_via_nf_kb","apical_surface",0.101,0.633663366336634,FALSE
"tgf_beta_signaling","apical_surface",0.101,0.495049504950495,FALSE
"wnt_beta_catenin_signaling","cmv",0.101,0,FALSE
"glycolysis","bile_acid_metabolism",0.101,0.584158415841584,FALSE
"glycolysis","androgen_response",0.101,0.465346534653465,FALSE
"oxidative_phosphorylation","interferon_alpha_response",0.101,0.623762376237624,FALSE
"fatty_acid_metabolism","pancreas_beta_cells",0.101,0.495049504950495,FALSE
"bile_acid_metabolism","glycolysis",0.101,0.415841584158416,FALSE
"adipogenesis","age_group",0.101,0,FALSE
"adipogenesis","e2f_targets",0.101,0.435643564356436,FALSE
"pancreas_beta_cells","hypoxia",0.101,0.326732673267327,FALSE
"pancreas_beta_cells","fatty_acid_metabolism",0.101,0.504950495049505,FALSE
"pancreas_beta_cells","apoptosis",0.101,0.475247524752475,FALSE
"androgen_response","glycolysis",0.101,0.534653465346535,FALSE
"apical_junction","age_group",0.101,0,FALSE
"apical_surface","p53_pathway",0.101,0.504950495049505,FALSE
"apical_surface","tnf_alpha_signaling_via_nf_kb",0.101,0.366336633663366,FALSE
"apical_surface","tgf_beta_signaling",0.101,0.504950495049505,FALSE
"apoptosis","pancreas_beta_cells",0.101,0.524752475247525,FALSE
"protein_secretion","sex",0.101,0,FALSE
"epithelial_mesenchymal_transition","angiogenesis",0.101,0.856435643564356,FALSE
"angiogenesis","epithelial_mesenchymal_transition",0.101,0.143564356435644,FALSE
"age_group","kras_signaling_dn",0.1,1,FALSE
"sex","adipogenesis",0.1,1,FALSE
"sex","spermatogenesis",0.1,1,FALSE
"cmv","pi3k_akt_mtor_signaling",0.1,1,FALSE
"e2f_targets","notch_signaling",0.1,0.52,FALSE
"g2_m_checkpoint","spermatogenesis",0.1,0.66,FALSE
"myc_targets_v2","tgf_beta_signaling",0.1,0.42,FALSE
"dna_repair","glycolysis",0.1,0.49,FALSE
"uv_response_up","bile_acid_metabolism",0.1,0.37,FALSE
"reactive_oxygen_species_pathway","apoptosis",0.1,0.52,FALSE
"il_2_stat5_signaling","cholesterol_homeostasis",0.1,0.4,FALSE
"pi3k_akt_mtor_signaling","cmv",0.1,0,FALSE
"kras_signaling_up","heme_metabolism",0.1,0.34,FALSE
"kras_signaling_dn","age_group",0.1,0,FALSE
"tgf_beta_signaling","myc_targets_v2",0.1,0.58,FALSE
"tgf_beta_signaling","angiogenesis",0.1,0.51,FALSE
"notch_signaling","e2f_targets",0.1,0.48,FALSE
"glycolysis","dna_repair",0.1,0.51,FALSE
"bile_acid_metabolism","uv_response_up",0.1,0.63,FALSE
"cholesterol_homeostasis","il_2_stat5_signaling",0.1,0.6,FALSE
"heme_metabolism","kras_signaling_up",0.1,0.66,FALSE
"adipogenesis","sex",0.1,0,FALSE
"spermatogenesis","sex",0.1,0,FALSE
"spermatogenesis","g2_m_checkpoint",0.1,0.34,FALSE
"angiogenesis","tgf_beta_signaling",0.1,0.49,FALSE
"apoptosis","reactive_oxygen_species_pathway",0.1,0.48,FALSE
"uv_response_up","apoptosis",0.1,0.28,FALSE
"hypoxia","xenobiotic_metabolism",0.1,0.73,FALSE
"xenobiotic_metabolism","hypoxia",0.1,0.27,FALSE
"apoptosis","uv_response_up",0.1,0.72,FALSE
"sex","cholesterol_homeostasis",0.099,1,FALSE
"sex","pancreas_beta_cells",0.099,1,FALSE
"cmv","g2_m_checkpoint",0.099,1,FALSE
"e2f_targets","apoptosis",0.099,0.505050505050505,FALSE
"g2_m_checkpoint","cmv",0.099,0,FALSE
"mitotic_spindle","reactive_oxygen_species_pathway",0.099,0.393939393939394,FALSE
"mitotic_spindle","heme_metabolism",0.099,0.343434343434343,FALSE
"reactive_oxygen_species_pathway","mitotic_spindle",0.099,0.606060606060606,FALSE
"hypoxia","notch_signaling",0.099,0.777777777777778,FALSE
"interferon_alpha_response","wnt_beta_catenin_signaling",0.099,0.424242424242424,FALSE
"tnf_alpha_signaling_via_nf_kb","heme_metabolism",0.099,0.212121212121212,FALSE
"allograft_rejection","adipogenesis",0.099,0.444444444444444,FALSE
"pi3k_akt_mtor_signaling","pperoxisome",0.099,0.454545454545455,FALSE
"wnt_beta_catenin_signaling","interferon_alpha_response",0.099,0.575757575757576,FALSE
"notch_signaling","hypoxia",0.099,0.222222222222222,FALSE
"cholesterol_homeostasis","sex",0.099,0,FALSE
"cholesterol_homeostasis","spermatogenesis",0.099,0.515151515151515,FALSE
"heme_metabolism","mitotic_spindle",0.099,0.656565656565657,FALSE
"heme_metabolism","tnf_alpha_signaling_via_nf_kb",0.099,0.787878787878788,FALSE
"pperoxisome","pi3k_akt_mtor_signaling",0.099,0.545454545454545,FALSE
"adipogenesis","allograft_rejection",0.099,0.555555555555556,FALSE
"spermatogenesis","cholesterol_homeostasis",0.099,0.484848484848485,FALSE
"pancreas_beta_cells","sex",0.099,0,FALSE
"apoptosis","e2f_targets",0.099,0.494949494949495,FALSE
"sex","estrogen_response_late",0.098,1,FALSE
"e2f_targets","hypoxia",0.098,0.459183673469388,FALSE
"unfolded_protein_response","hypoxia",0.098,0.306122448979592,FALSE
"hypoxia","e2f_targets",0.098,0.540816326530612,FALSE
"hypoxia","unfolded_protein_response",0.098,0.693877551020408,FALSE
"interferon_gamma_response","complement",0.098,0.561224489795918,FALSE
"interferon_gamma_response","pi3k_akt_mtor_signaling",0.098,0.551020408163265,FALSE
"interferon_gamma_response","xenobiotic_metabolism",0.098,0.612244897959184,FALSE
"complement","interferon_gamma_response",0.098,0.438775510204082,FALSE
"pi3k_akt_mtor_signaling","interferon_gamma_response",0.098,0.448979591836735,FALSE
"notch_signaling","apoptosis",0.098,0.551020408163265,FALSE
"xenobiotic_metabolism","interferon_gamma_response",0.098,0.387755102040816,FALSE
"epithelial_mesenchymal_transition","apical_surface",0.098,0.836734693877551,FALSE
"estrogen_response_late","sex",0.098,0,FALSE
"apical_surface","epithelial_mesenchymal_transition",0.098,0.163265306122449,FALSE
"apoptosis","notch_signaling",0.098,0.448979591836735,FALSE
"cmv","kras_signaling_dn",0.097,1,FALSE
"g2_m_checkpoint","interferon_gamma_response",0.097,0.541237113402062,FALSE
"g2_m_checkpoint","complement",0.097,0.587628865979381,FALSE
"dna_repair","pi3k_akt_mtor_signaling",0.097,0.515463917525773,FALSE
"dna_repair","estrogen_response_early",0.097,0.494845360824742,FALSE
"reactive_oxygen_species_pathway","hypoxia",0.097,0.711340206185567,FALSE
"hypoxia","reactive_oxygen_species_pathway",0.097,0.288659793814433,FALSE
"interferon_gamma_response","g2_m_checkpoint",0.097,0.458762886597938,FALSE
"il_6_jak_stat3_signaling","pperoxisome",0.097,0.515463917525773,FALSE
"complement","g2_m_checkpoint",0.097,0.412371134020619,FALSE
"complement","heme_metabolism",0.097,0.195876288659794,FALSE
"pi3k_akt_mtor_signaling","dna_repair",0.097,0.484536082474227,FALSE
"kras_signaling_dn","cmv",0.097,0,FALSE
"wnt_beta_catenin_signaling","pancreas_beta_cells",0.097,0.371134020618557,FALSE
"heme_metabolism","complement",0.097,0.804123711340206,FALSE
"pperoxisome","il_6_jak_stat3_signaling",0.097,0.484536082474227,FALSE
"pancreas_beta_cells","wnt_beta_catenin_signaling",0.097,0.628865979381443,FALSE
"estrogen_response_early","dna_repair",0.097,0.505154639175258,FALSE
"cmv","allograft_rejection",0.096,1,FALSE
"g2_m_checkpoint","fatty_acid_metabolism",0.096,0.75,FALSE
"mitotic_spindle","interferon_gamma_response",0.096,0.53125,FALSE
"myc_targets_v1","interferon_gamma_response",0.096,0.583333333333333,FALSE
"p53_pathway","il_6_jak_stat3_signaling",0.096,0.4375,FALSE
"p53_pathway","kras_signaling_dn",0.096,0.520833333333333,FALSE
"uv_response_up","oxidative_phosphorylation",0.096,0.270833333333333,FALSE
"unfolded_protein_response","il_6_jak_stat3_signaling",0.096,0.385416666666667,FALSE
"reactive_oxygen_species_pathway","xenobiotic_metabolism",0.096,0.729166666666667,FALSE
"inflammatory_response","myogenesis",0.096,0.354166666666667,FALSE
"interferon_alpha_response","pi3k_akt_mtor_signaling",0.096,0.708333333333333,FALSE
"interferon_gamma_response","mitotic_spindle",0.096,0.46875,FALSE
"interferon_gamma_response","myc_targets_v1",0.096,0.416666666666667,FALSE
"il_6_jak_stat3_signaling","p53_pathway",0.096,0.5625,FALSE
"il_6_jak_stat3_signaling","unfolded_protein_response",0.096,0.614583333333333,FALSE
"il_6_jak_stat3_signaling","apical_junction",0.096,0.229166666666667,FALSE
"allograft_rejection","cmv",0.096,0,FALSE
"pi3k_akt_mtor_signaling","interferon_alpha_response",0.096,0.291666666666667,FALSE
"pi3k_akt_mtor_signaling","glycolysis",0.096,0.614583333333333,FALSE
"kras_signaling_dn","p53_pathway",0.096,0.479166666666667,FALSE
"notch_signaling","fatty_acid_metabolism",0.096,0.635416666666667,FALSE
"glycolysis","pi3k_akt_mtor_signaling",0.096,0.385416666666667,FALSE
"oxidative_phosphorylation","uv_response_up",0.096,0.729166666666667,FALSE
"fatty_acid_metabolism","g2_m_checkpoint",0.096,0.25,FALSE
"fatty_acid_metabolism","notch_signaling",0.096,0.364583333333333,FALSE
"xenobiotic_metabolism","reactive_oxygen_species_pathway",0.096,0.270833333333333,FALSE
"myogenesis","inflammatory_response",0.096,0.645833333333333,FALSE
"apical_junction","il_6_jak_stat3_signaling",0.096,0.770833333333333,FALSE
"age_group","glycolysis",0.095,1,FALSE
"sex","pi3k_akt_mtor_signaling",0.095,1,FALSE
"myc_targets_v2","myogenesis",0.095,0.526315789473684,FALSE
"p53_pathway","complement",0.095,0.363157894736842,FALSE
"unfolded_protein_response","androgen_response",0.095,0.526315789473684,FALSE
"complement","p53_pathway",0.095,0.636842105263158,FALSE
"pi3k_akt_mtor_signaling","sex",0.095,0,FALSE
"mtorc1_signaling","estrogen_response_early",0.095,0.610526315789474,FALSE
"kras_signaling_up","apical_junction",0.095,0.421052631578947,FALSE
"glycolysis","age_group",0.095,0,FALSE
"myogenesis","myc_targets_v2",0.095,0.473684210526316,FALSE
"epithelial_mesenchymal_transition","apoptosis",0.095,0.726315789473684,FALSE
"androgen_response","unfolded_protein_response",0.095,0.473684210526316,FALSE
"estrogen_response_early","mtorc1_signaling",0.095,0.389473684210526,FALSE
"apical_junction","kras_signaling_up",0.095,0.578947368421053,FALSE
"apoptosis","epithelial_mesenchymal_transition",0.095,0.273684210526316,FALSE
"myc_targets_v2","heme_metabolism",0.094,0.319148936170213,FALSE
"unfolded_protein_response","protein_secretion",0.094,0.51063829787234,FALSE
"interferon_alpha_response","cholesterol_homeostasis",0.094,0.297872340425532,FALSE
"il_2_stat5_signaling","tgf_beta_signaling",0.094,0.648936170212766,FALSE
"complement","mtorc1_signaling",0.094,0.617021276595745,FALSE
"complement","bile_acid_metabolism",0.094,0.478723404255319,FALSE
"coagulation","notch_signaling",0.094,0.531914893617021,FALSE
"mtorc1_signaling","complement",0.094,0.382978723404255,FALSE
"mtorc1_signaling","apical_surface",0.094,0.425531914893617,FALSE
"kras_signaling_up","tgf_beta_signaling",0.094,0.638297872340425,FALSE
"tgf_beta_signaling","il_2_stat5_signaling",0.094,0.351063829787234,FALSE
"tgf_beta_signaling","kras_signaling_up",0.094,0.361702127659574,FALSE
"tgf_beta_signaling","heme_metabolism",0.094,0.478723404255319,FALSE
"notch_signaling","coagulation",0.094,0.468085106382979,FALSE
"hedgehog_signaling","apical_junction",0.094,0.24468085106383,FALSE
"glycolysis","apical_surface",0.094,0.638297872340425,FALSE
"bile_acid_metabolism","complement",0.094,0.521276595744681,FALSE
"cholesterol_homeostasis","interferon_alpha_response",0.094,0.702127659574468,FALSE
"heme_metabolism","myc_targets_v2",0.094,0.680851063829787,FALSE
"heme_metabolism","tgf_beta_signaling",0.094,0.521276595744681,FALSE
"xenobiotic_metabolism","myogenesis",0.094,0.202127659574468,FALSE
"myogenesis","xenobiotic_metabolism",0.094,0.797872340425532,FALSE
"angiogenesis","apical_junction",0.094,0.25531914893617,FALSE
"apical_junction","hedgehog_signaling",0.094,0.75531914893617,FALSE
"apical_junction","angiogenesis",0.094,0.74468085106383,FALSE
"apical_surface","mtorc1_signaling",0.094,0.574468085106383,FALSE
"apical_surface","glycolysis",0.094,0.361702127659574,FALSE
"protein_secretion","unfolded_protein_response",0.094,0.48936170212766,FALSE
"cmv","xenobiotic_metabolism",0.093,1,FALSE
"mitotic_spindle","pperoxisome",0.093,0.387096774193548,FALSE
"myc_targets_v2","tnf_alpha_signaling_via_nf_kb",0.093,0.559139784946237,FALSE
"reactive_oxygen_species_pathway","allograft_rejection",0.093,0.537634408602151,FALSE
"tnf_alpha_signaling_via_nf_kb","myc_targets_v2",0.093,0.440860215053763,FALSE
"tnf_alpha_signaling_via_nf_kb","cholesterol_homeostasis",0.093,0.462365591397849,FALSE
"il_6_jak_stat3_signaling","wnt_beta_catenin_signaling",0.093,0.602150537634409,FALSE
"allograft_rejection","reactive_oxygen_species_pathway",0.093,0.462365591397849,FALSE
"wnt_beta_catenin_signaling","il_6_jak_stat3_signaling",0.093,0.397849462365591,FALSE
"glycolysis","apoptosis",0.093,0.354838709677419,FALSE
"cholesterol_homeostasis","tnf_alpha_signaling_via_nf_kb",0.093,0.537634408602151,FALSE
"xenobiotic_metabolism","cmv",0.093,0,FALSE
"pperoxisome","mitotic_spindle",0.093,0.612903225806452,FALSE
"apoptosis","glycolysis",0.093,0.645161290322581,FALSE
"mitotic_spindle","androgen_response",0.092,0.532608695652174,FALSE
"uv_response_up","adipogenesis",0.092,0.391304347826087,FALSE
"inflammatory_response","oxidative_phosphorylation",0.092,0.467391304347826,FALSE
"il_2_stat5_signaling","oxidative_phosphorylation",0.092,0.326086956521739,FALSE
"complement","notch_signaling",0.092,0.445652173913044,FALSE
"allograft_rejection","pperoxisome",0.092,0.369565217391304,FALSE
"allograft_rejection","pancreas_beta_cells",0.092,0.369565217391304,FALSE
"mtorc1_signaling","fatty_acid_metabolism",0.092,0.66304347826087,FALSE
"notch_signaling","complement",0.092,0.554347826086957,FALSE
"oxidative_phosphorylation","inflammatory_response",0.092,0.532608695652174,FALSE
"oxidative_phosphorylation","il_2_stat5_signaling",0.092,0.673913043478261,FALSE
"fatty_acid_metabolism","mtorc1_signaling",0.092,0.33695652173913,FALSE
"bile_acid_metabolism","protein_secretion",0.092,0.380434782608696,FALSE
"heme_metabolism","apoptosis",0.092,0.619565217391304,FALSE
"pperoxisome","allograft_rejection",0.092,0.630434782608696,FALSE
"adipogenesis","uv_response_up",0.092,0.608695652173913,FALSE
"pancreas_beta_cells","allograft_rejection",0.092,0.630434782608696,FALSE
"androgen_response","mitotic_spindle",0.092,0.467391304347826,FALSE
"apoptosis","heme_metabolism",0.092,0.380434782608696,FALSE
"protein_secretion","bile_acid_metabolism",0.092,0.619565217391304,FALSE
"il_2_stat5_signaling","bile_acid_metabolism",0.091,0.230769230769231,FALSE
"bile_acid_metabolism","il_2_stat5_signaling",0.091,0.769230769230769,FALSE
"cmv","inflammatory_response",0.091,1,FALSE
"myc_targets_v2","p53_pathway",0.091,0.43956043956044,FALSE
"p53_pathway","myc_targets_v2",0.091,0.56043956043956,FALSE
"uv_response_up","kras_signaling_dn",0.091,0.296703296703297,FALSE
"reactive_oxygen_species_pathway","kras_signaling_up",0.091,0.626373626373626,FALSE
"reactive_oxygen_species_pathway","myogenesis",0.091,0.428571428571429,FALSE
"inflammatory_response","cmv",0.091,0,FALSE
"interferon_alpha_response","adipogenesis",0.091,0.681318681318681,FALSE
"interferon_gamma_response","androgen_response",0.091,0.538461538461539,FALSE
"tnf_alpha_signaling_via_nf_kb","protein_secretion",0.091,0.340659340659341,FALSE
"il_6_jak_stat3_signaling","estrogen_response_late",0.091,0.549450549450549,FALSE
"allograft_rejection","bile_acid_metabolism",0.091,0.417582417582418,FALSE
"kras_signaling_up","reactive_oxygen_species_pathway",0.091,0.373626373626374,FALSE
"kras_signaling_dn","uv_response_up",0.091,0.703296703296703,FALSE
"kras_signaling_dn","cholesterol_homeostasis",0.091,0.736263736263736,FALSE
"notch_signaling","adipogenesis",0.091,0.527472527472527,FALSE
"notch_signaling","epithelial_mesenchymal_transition",0.091,0.307692307692308,FALSE
"hedgehog_signaling","fatty_acid_metabolism",0.091,0.659340659340659,FALSE
"oxidative_phosphorylation","estrogen_response_late",0.091,0.626373626373626,FALSE
"fatty_acid_metabolism","hedgehog_signaling",0.091,0.340659340659341,FALSE
"bile_acid_metabolism","allograft_rejection",0.091,0.582417582417582,FALSE
"cholesterol_homeostasis","kras_signaling_dn",0.091,0.263736263736264,FALSE
"adipogenesis","interferon_alpha_response",0.091,0.318681318681319,FALSE
"adipogenesis","notch_signaling",0.091,0.472527472527473,FALSE
"myogenesis","reactive_oxygen_species_pathway",0.091,0.571428571428571,FALSE
"epithelial_mesenchymal_transition","notch_signaling",0.091,0.692307692307692,FALSE
"androgen_response","interferon_gamma_response",0.091,0.461538461538462,FALSE
"estrogen_response_late","il_6_jak_stat3_signaling",0.091,0.450549450549451,FALSE
"estrogen_response_late","oxidative_phosphorylation",0.091,0.373626373626374,FALSE
"protein_secretion","tnf_alpha_signaling_via_nf_kb",0.091,0.659340659340659,FALSE
"e2f_targets","interferon_alpha_response",0.09,0.627777777777778,FALSE
"g2_m_checkpoint","interferon_alpha_response",0.09,0.466666666666667,FALSE
"myc_targets_v1","uv_response_dn",0.09,0.477777777777778,FALSE
"myc_targets_v1","pperoxisome",0.09,0.566666666666667,FALSE
"uv_response_dn","myc_targets_v1",0.09,0.522222222222222,FALSE
"uv_response_dn","spermatogenesis",0.09,0.655555555555556,FALSE
"uv_response_up","protein_secretion",0.09,0.366666666666667,FALSE
"hypoxia","angiogenesis",0.09,0.666666666666667,FALSE
"interferon_alpha_response","e2f_targets",0.09,0.372222222222222,FALSE
"interferon_alpha_response","g2_m_checkpoint",0.09,0.533333333333333,FALSE
"tnf_alpha_signaling_via_nf_kb","pancreas_beta_cells",0.09,0.422222222222222,FALSE
"il_2_stat5_signaling","mtorc1_signaling",0.09,0.455555555555556,FALSE
"il_6_jak_stat3_signaling","protein_secretion",0.09,0.5,FALSE
"coagulation","apical_surface",0.09,0.6,FALSE
"allograft_rejection","pi3k_akt_mtor_signaling",0.09,0.366666666666667,FALSE
"pi3k_akt_mtor_signaling","allograft_rejection",0.09,0.633333333333333,FALSE
"mtorc1_signaling","il_2_stat5_signaling",0.09,0.544444444444445,FALSE
"kras_signaling_up","angiogenesis",0.09,0.611111111111111,FALSE
"tgf_beta_signaling","spermatogenesis",0.09,0.566666666666667,FALSE
"cholesterol_homeostasis","epithelial_mesenchymal_transition",0.09,0.166666666666667,FALSE
"pperoxisome","myc_targets_v1",0.09,0.433333333333333,FALSE
"spermatogenesis","uv_response_dn",0.09,0.344444444444444,FALSE
"spermatogenesis","tgf_beta_signaling",0.09,0.433333333333333,FALSE
"pancreas_beta_cells","tnf_alpha_signaling_via_nf_kb",0.09,0.577777777777778,FALSE
"epithelial_mesenchymal_transition","cholesterol_homeostasis",0.09,0.833333333333333,FALSE
"angiogenesis","hypoxia",0.09,0.333333333333333,FALSE
"angiogenesis","kras_signaling_up",0.09,0.388888888888889,FALSE
"apical_surface","coagulation",0.09,0.4,FALSE
"protein_secretion","uv_response_up",0.09,0.633333333333333,FALSE
"protein_secretion","il_6_jak_stat3_signaling",0.09,0.5,FALSE
"age_group","uv_response_up",0.089,1,FALSE
"age_group","mtorc1_signaling",0.089,1,FALSE
"cmv","mtorc1_signaling",0.089,1,FALSE
"g2_m_checkpoint","unfolded_protein_response",0.089,0.719101123595506,FALSE
"dna_repair","apical_junction",0.089,0.258426966292135,FALSE
"uv_response_up","age_group",0.089,0,FALSE
"unfolded_protein_response","g2_m_checkpoint",0.089,0.280898876404494,FALSE
"unfolded_protein_response","estrogen_response_early",0.089,0.550561797752809,FALSE
"reactive_oxygen_species_pathway","inflammatory_response",0.089,0.50561797752809,FALSE
"inflammatory_response","reactive_oxygen_species_pathway",0.089,0.49438202247191,FALSE
"interferon_gamma_response","pancreas_beta_cells",0.089,0.359550561797753,FALSE
"interferon_gamma_response","apoptosis",0.089,0.426966292134831,FALSE
"il_2_stat5_signaling","kras_signaling_dn",0.089,0.51685393258427,FALSE
"il_2_stat5_signaling","wnt_beta_catenin_signaling",0.089,0.52808988764045,FALSE
"coagulation","pperoxisome",0.089,0.438202247191011,FALSE
"mtorc1_signaling","age_group",0.089,0,FALSE
"mtorc1_signaling","cmv",0.089,0,FALSE
"kras_signaling_dn","il_2_stat5_signaling",0.089,0.48314606741573,FALSE
"wnt_beta_catenin_signaling","il_2_stat5_signaling",0.089,0.471910112359551,FALSE
"wnt_beta_catenin_signaling","spermatogenesis",0.089,0.449438202247191,FALSE
"oxidative_phosphorylation","fatty_acid_metabolism",0.089,0.640449438202247,FALSE
"fatty_acid_metabolism","oxidative_phosphorylation",0.089,0.359550561797753,FALSE
"pperoxisome","coagulation",0.089,0.561797752808989,FALSE
"pperoxisome","adipogenesis",0.089,0.426966292134831,FALSE
"adipogenesis","pperoxisome",0.089,0.573033707865168,FALSE
"spermatogenesis","wnt_beta_catenin_signaling",0.089,0.550561797752809,FALSE
"pancreas_beta_cells","interferon_gamma_response",0.089,0.640449438202247,FALSE
"estrogen_response_early","unfolded_protein_response",0.089,0.449438202247191,FALSE
"apical_junction","dna_repair",0.089,0.741573033707865,FALSE
"apical_junction","apical_surface",0.089,0.707865168539326,FALSE
"apical_surface","apical_junction",0.089,0.292134831460674,FALSE
"apoptosis","interferon_gamma_response",0.089,0.573033707865168,FALSE
"age_group","hedgehog_signaling",0.088,1,FALSE
"mitotic_spindle","inflammatory_response",0.088,0.443181818181818,FALSE
"dna_repair","cholesterol_homeostasis",0.088,0.5,FALSE
"uv_response_up","tnf_alpha_signaling_via_nf_kb",0.088,0.443181818181818,FALSE
"uv_response_up","androgen_response",0.088,0.375,FALSE
"hypoxia","kras_signaling_dn",0.088,0.625,FALSE
"inflammatory_response","mitotic_spindle",0.088,0.556818181818182,FALSE
"inflammatory_response","pi3k_akt_mtor_signaling",0.088,0.534090909090909,FALSE
"tnf_alpha_signaling_via_nf_kb","uv_response_up",0.088,0.556818181818182,FALSE
"complement","oxidative_phosphorylation",0.088,0.534090909090909,FALSE
"pi3k_akt_mtor_signaling","inflammatory_response",0.088,0.465909090909091,FALSE
"kras_signaling_dn","hypoxia",0.088,0.375,FALSE
"hedgehog_signaling","age_group",0.088,0,FALSE
"oxidative_phosphorylation","complement",0.088,0.465909090909091,FALSE
"oxidative_phosphorylation","protein_secretion",0.088,0.534090909090909,FALSE
"cholesterol_homeostasis","dna_repair",0.088,0.5,FALSE
"cholesterol_homeostasis","androgen_response",0.088,0.477272727272727,FALSE
"androgen_response","uv_response_up",0.088,0.625,FALSE
"androgen_response","cholesterol_homeostasis",0.088,0.522727272727273,FALSE
"protein_secretion","oxidative_phosphorylation",0.088,0.465909090909091,FALSE
"il_2_stat5_signaling","myogenesis",0.087,0.229885057471264,FALSE
"myogenesis","il_2_stat5_signaling",0.087,0.770114942528736,FALSE
"cmv","p53_pathway",0.087,1,FALSE
"cmv","apical_junction",0.087,1,FALSE
"e2f_targets","pancreas_beta_cells",0.087,0.459770114942529,FALSE
"mitotic_spindle","tnf_alpha_signaling_via_nf_kb",0.087,0.494252873563218,FALSE
"p53_pathway","cmv",0.087,0,FALSE
"uv_response_dn","tnf_alpha_signaling_via_nf_kb",0.087,0.517241379310345,FALSE
"uv_response_up","reactive_oxygen_species_pathway",0.087,0.28735632183908,FALSE
"reactive_oxygen_species_pathway","uv_response_up",0.087,0.71264367816092,FALSE
"hypoxia","estrogen_response_late",0.087,0.528735632183908,FALSE
"tnf_alpha_signaling_via_nf_kb","mitotic_spindle",0.087,0.505747126436782,FALSE
"tnf_alpha_signaling_via_nf_kb","uv_response_dn",0.087,0.482758620689655,FALSE
"cholesterol_homeostasis","heme_metabolism",0.087,0.270114942528736,FALSE
"heme_metabolism","cholesterol_homeostasis",0.087,0.729885057471264,FALSE
"myogenesis","apical_surface",0.087,0.71264367816092,FALSE
"pancreas_beta_cells","e2f_targets",0.087,0.540229885057471,FALSE
"epithelial_mesenchymal_transition","protein_secretion",0.087,0.689655172413793,FALSE
"estrogen_response_late","hypoxia",0.087,0.471264367816092,FALSE
"apical_junction","cmv",0.087,0,FALSE
"apical_surface","myogenesis",0.087,0.28735632183908,FALSE
"protein_secretion","epithelial_mesenchymal_transition",0.087,0.310344827586207,FALSE
"age_group","oxidative_phosphorylation",0.086,1,FALSE
"e2f_targets","uv_response_dn",0.086,0.302325581395349,FALSE
"e2f_targets","bile_acid_metabolism",0.086,0.36046511627907,FALSE
"g2_m_checkpoint","cholesterol_homeostasis",0.086,0.465116279069767,FALSE
"p53_pathway","cholesterol_homeostasis",0.086,0.5,FALSE
"uv_response_dn","e2f_targets",0.086,0.697674418604651,FALSE
"unfolded_protein_response","kras_signaling_dn",0.086,0.406976744186047,FALSE
"coagulation","estrogen_response_late",0.086,0.5,FALSE
"kras_signaling_dn","unfolded_protein_response",0.086,0.593023255813954,FALSE
"tgf_beta_signaling","cholesterol_homeostasis",0.086,0.604651162790698,FALSE
"oxidative_phosphorylation","age_group",0.086,0,FALSE
"bile_acid_metabolism","e2f_targets",0.086,0.63953488372093,FALSE
"cholesterol_homeostasis","g2_m_checkpoint",0.086,0.534883720930233,FALSE
"cholesterol_homeostasis","p53_pathway",0.086,0.5,FALSE
"cholesterol_homeostasis","tgf_beta_signaling",0.086,0.395348837209302,FALSE
"cholesterol_homeostasis","adipogenesis",0.086,0.546511627906977,FALSE
"cholesterol_homeostasis","apical_surface",0.086,0.546511627906977,FALSE
"adipogenesis","cholesterol_homeostasis",0.086,0.453488372093023,FALSE
"adipogenesis","apoptosis",0.086,0.558139534883721,FALSE
"estrogen_response_late","coagulation",0.086,0.5,FALSE
"apical_surface","cholesterol_homeostasis",0.086,0.453488372093023,FALSE
"apoptosis","adipogenesis",0.086,0.441860465116279,FALSE
"uv_response_dn","protein_secretion",0.085,0.588235294117647,FALSE
"reactive_oxygen_species_pathway","mtorc1_signaling",0.085,0.682352941176471,FALSE
"il_2_stat5_signaling","pancreas_beta_cells",0.085,0.411764705882353,FALSE
"mtorc1_signaling","reactive_oxygen_species_pathway",0.085,0.317647058823529,FALSE
"pancreas_beta_cells","il_2_stat5_signaling",0.085,0.588235294117647,FALSE
"protein_secretion","uv_response_dn",0.085,0.411764705882353,FALSE
"myc_targets_v1","complement",0.085,0.564705882352941,FALSE
"p53_pathway","interferon_alpha_response",0.085,0.482352941176471,FALSE
"uv_response_dn","mtorc1_signaling",0.085,0.494117647058824,FALSE
"interferon_alpha_response","p53_pathway",0.085,0.517647058823529,FALSE
"interferon_gamma_response","estrogen_response_early",0.085,0.517647058823529,FALSE
"complement","myc_targets_v1",0.085,0.435294117647059,FALSE
"pi3k_akt_mtor_signaling","fatty_acid_metabolism",0.085,0.729411764705882,FALSE
"mtorc1_signaling","uv_response_dn",0.085,0.505882352941176,FALSE
"oxidative_phosphorylation","cholesterol_homeostasis",0.085,0.623529411764706,FALSE
"oxidative_phosphorylation","pancreas_beta_cells",0.085,0.529411764705882,FALSE
"fatty_acid_metabolism","pi3k_akt_mtor_signaling",0.085,0.270588235294118,FALSE
"bile_acid_metabolism","apical_surface",0.085,0.505882352941176,FALSE
"cholesterol_homeostasis","oxidative_phosphorylation",0.085,0.376470588235294,FALSE
"heme_metabolism","estrogen_response_early",0.085,0.717647058823529,FALSE
"pancreas_beta_cells","oxidative_phosphorylation",0.085,0.470588235294118,FALSE
"estrogen_response_early","interferon_gamma_response",0.085,0.482352941176471,FALSE
"estrogen_response_early","heme_metabolism",0.085,0.282352941176471,FALSE
"apical_surface","bile_acid_metabolism",0.085,0.494117647058824,FALSE
"sex","bile_acid_metabolism",0.084,1,FALSE
"cmv","e2f_targets",0.084,1,FALSE
"e2f_targets","cmv",0.084,0,FALSE
"coagulation","glycolysis",0.084,0.69047619047619,FALSE
"pi3k_akt_mtor_signaling","angiogenesis",0.084,0.5,FALSE
"glycolysis","coagulation",0.084,0.309523809523809,FALSE
"bile_acid_metabolism","sex",0.084,0,FALSE
"angiogenesis","pi3k_akt_mtor_signaling",0.084,0.5,FALSE
"mitotic_spindle","apical_surface",0.084,0.392857142857143,FALSE
"reactive_oxygen_species_pathway","coagulation",0.084,0.541666666666667,FALSE
"coagulation","reactive_oxygen_species_pathway",0.084,0.458333333333333,FALSE
"apical_surface","mitotic_spindle",0.084,0.607142857142857,FALSE
"age_group","pancreas_beta_cells",0.083,1,FALSE
"cmv","tnf_alpha_signaling_via_nf_kb",0.083,1,FALSE
"cmv","pancreas_beta_cells",0.083,1,FALSE
"mitotic_spindle","il_2_stat5_signaling",0.083,0.421686746987952,FALSE
"dna_repair","coagulation",0.083,0.421686746987952,FALSE
"unfolded_protein_response","wnt_beta_catenin_signaling",0.083,0.590361445783133,FALSE
"tnf_alpha_signaling_via_nf_kb","cmv",0.083,0,FALSE
"il_2_stat5_signaling","mitotic_spindle",0.083,0.578313253012048,FALSE
"il_2_stat5_signaling","xenobiotic_metabolism",0.083,0.421686746987952,FALSE
"il_6_jak_stat3_signaling","glycolysis",0.083,0.602409638554217,FALSE
"coagulation","dna_repair",0.083,0.578313253012048,FALSE
"kras_signaling_dn","oxidative_phosphorylation",0.083,0.493975903614458,FALSE
"wnt_beta_catenin_signaling","unfolded_protein_response",0.083,0.409638554216867,FALSE
"glycolysis","il_6_jak_stat3_signaling",0.083,0.397590361445783,FALSE
"oxidative_phosphorylation","kras_signaling_dn",0.083,0.506024096385542,FALSE
"fatty_acid_metabolism","apical_junction",0.083,0.216867469879518,FALSE
"xenobiotic_metabolism","il_2_stat5_signaling",0.083,0.578313253012048,FALSE
"pancreas_beta_cells","age_group",0.083,0,FALSE
"pancreas_beta_cells","cmv",0.083,0,FALSE
"apical_junction","fatty_acid_metabolism",0.083,0.783132530120482,FALSE
"age_group","mitotic_spindle",0.082,1,FALSE
"sex","p53_pathway",0.082,1,FALSE
"sex","interferon_gamma_response",0.082,1,FALSE
"sex","myogenesis",0.082,1,FALSE
"cmv","uv_response_dn",0.082,1,FALSE
"mitotic_spindle","age_group",0.082,0,FALSE
"myc_targets_v1","apical_junction",0.082,0.353658536585366,FALSE
"p53_pathway","sex",0.082,0,FALSE
"p53_pathway","inflammatory_response",0.082,0.353658536585366,FALSE
"uv_response_dn","cmv",0.082,0,FALSE
"uv_response_up","angiogenesis",0.082,0.5,FALSE
"reactive_oxygen_species_pathway","notch_signaling",0.082,0.646341463414634,FALSE
"inflammatory_response","p53_pathway",0.082,0.646341463414634,FALSE
"interferon_gamma_response","sex",0.082,0,FALSE
"il_6_jak_stat3_signaling","hedgehog_signaling",0.082,0.646341463414634,FALSE
"pi3k_akt_mtor_signaling","bile_acid_metabolism",0.082,0.5,FALSE
"notch_signaling","reactive_oxygen_species_pathway",0.082,0.353658536585366,FALSE
"notch_signaling","glycolysis",0.082,0.646341463414634,FALSE
"hedgehog_signaling","il_6_jak_stat3_signaling",0.082,0.353658536585366,FALSE
"glycolysis","notch_signaling",0.082,0.353658536585366,FALSE
"bile_acid_metabolism","pi3k_akt_mtor_signaling",0.082,0.5,FALSE
"bile_acid_metabolism","cholesterol_homeostasis",0.082,0.585365853658537,FALSE
"cholesterol_homeostasis","bile_acid_metabolism",0.082,0.414634146341463,FALSE
"myogenesis","sex",0.082,0,FALSE
"epithelial_mesenchymal_transition","estrogen_response_early",0.082,0.49390243902439,FALSE
"angiogenesis","uv_response_up",0.082,0.5,FALSE
"estrogen_response_early","epithelial_mesenchymal_transition",0.082,0.50609756097561,FALSE
"apical_junction","myc_targets_v1",0.082,0.646341463414634,FALSE
"myc_targets_v2","hypoxia",0.082,0.365853658536585,FALSE
"hypoxia","myc_targets_v2",0.082,0.634146341463415,FALSE
"interferon_alpha_response","hedgehog_signaling",0.082,0.439024390243902,FALSE
"interferon_gamma_response","adipogenesis",0.082,0.560975609756098,FALSE
"coagulation","wnt_beta_catenin_signaling",0.082,0.439024390243902,FALSE
"allograft_rejection","spermatogenesis",0.082,0.560975609756098,FALSE
"wnt_beta_catenin_signaling","coagulation",0.082,0.560975609756098,FALSE
"notch_signaling","spermatogenesis",0.082,0.365853658536585,FALSE
"hedgehog_signaling","interferon_alpha_response",0.082,0.560975609756098,FALSE
"adipogenesis","interferon_gamma_response",0.082,0.439024390243902,FALSE
"spermatogenesis","allograft_rejection",0.082,0.439024390243902,FALSE
"spermatogenesis","notch_signaling",0.082,0.634146341463415,FALSE
"e2f_targets","il_6_jak_stat3_signaling",0.081,0.580246913580247,FALSE
"myc_targets_v1","tgf_beta_signaling",0.081,0.592592592592593,FALSE
"myc_targets_v1","angiogenesis",0.081,0.703703703703704,FALSE
"p53_pathway","apoptosis",0.081,0.345679012345679,FALSE
"hypoxia","apical_junction",0.081,0.222222222222222,FALSE
"il_6_jak_stat3_signaling","e2f_targets",0.081,0.419753086419753,FALSE
"tgf_beta_signaling","myc_targets_v1",0.081,0.407407407407407,FALSE
"adipogenesis","apical_junction",0.081,0.333333333333333,FALSE
"angiogenesis","myc_targets_v1",0.081,0.296296296296296,FALSE
"apical_junction","hypoxia",0.081,0.777777777777778,FALSE
"apical_junction","adipogenesis",0.081,0.666666666666667,FALSE
"apoptosis","p53_pathway",0.081,0.654320987654321,FALSE
"wnt_beta_catenin_signaling","cholesterol_homeostasis",0.081,0.62962962962963,FALSE
"cholesterol_homeostasis","wnt_beta_catenin_signaling",0.081,0.37037037037037,FALSE
"sex","androgen_response",0.08,1,FALSE
"mitotic_spindle","protein_secretion",0.08,0.475,FALSE
"myc_targets_v2","allograft_rejection",0.08,0.7375,FALSE
"myc_targets_v2","fatty_acid_metabolism",0.08,0.6,FALSE
"myc_targets_v2","apical_surface",0.08,0.4,FALSE
"p53_pathway","estrogen_response_early",0.08,0.475,FALSE
"unfolded_protein_response","coagulation",0.08,0.4375,FALSE
"coagulation","unfolded_protein_response",0.08,0.5625,FALSE
"allograft_rejection","myc_targets_v2",0.08,0.2625,FALSE
"hedgehog_signaling","spermatogenesis",0.08,0.3875,FALSE
"fatty_acid_metabolism","myc_targets_v2",0.08,0.4,FALSE
"myogenesis","pancreas_beta_cells",0.08,0.7375,FALSE
"spermatogenesis","hedgehog_signaling",0.08,0.6125,FALSE
"pancreas_beta_cells","myogenesis",0.08,0.2625,FALSE
"androgen_response","sex",0.08,0,FALSE
"estrogen_response_early","p53_pathway",0.08,0.525,FALSE
"apical_surface","myc_targets_v2",0.08,0.6,FALSE
"protein_secretion","mitotic_spindle",0.08,0.525,FALSE
"dna_repair","pperoxisome",0.08,0.45,FALSE
"pperoxisome","dna_repair",0.08,0.55,FALSE
"cmv","pperoxisome",0.079,1,FALSE
"myc_targets_v1","uv_response_up",0.079,0.734177215189873,FALSE
"myc_targets_v2","androgen_response",0.079,0.379746835443038,FALSE
"dna_repair","p53_pathway",0.079,0.594936708860759,FALSE
"p53_pathway","dna_repair",0.079,0.40506329113924,FALSE
"uv_response_up","myc_targets_v1",0.079,0.265822784810127,FALSE
"uv_response_up","coagulation",0.079,0.240506329113924,FALSE
"uv_response_up","wnt_beta_catenin_signaling",0.079,0.430379746835443,FALSE
"reactive_oxygen_species_pathway","tgf_beta_signaling",0.079,0.354430379746835,FALSE
"hypoxia","cholesterol_homeostasis",0.079,0.607594936708861,FALSE
"interferon_alpha_response","pperoxisome",0.079,0.556962025316456,FALSE
"coagulation","uv_response_up",0.079,0.759493670886076,FALSE
"pi3k_akt_mtor_signaling","pancreas_beta_cells",0.079,0.481012658227848,FALSE
"mtorc1_signaling","wnt_beta_catenin_signaling",0.079,0.582278481012658,FALSE
"tgf_beta_signaling","reactive_oxygen_species_pathway",0.079,0.645569620253165,FALSE
"wnt_beta_catenin_signaling","uv_response_up",0.079,0.569620253164557,FALSE
"wnt_beta_catenin_signaling","mtorc1_signaling",0.079,0.417721518987342,FALSE
"hedgehog_signaling","androgen_response",0.079,0.594936708860759,FALSE
"cholesterol_homeostasis","hypoxia",0.079,0.392405063291139,FALSE
"pperoxisome","cmv",0.079,0,FALSE
"pperoxisome","interferon_alpha_response",0.079,0.443037974683544,FALSE
"pancreas_beta_cells","pi3k_akt_mtor_signaling",0.079,0.518987341772152,FALSE
"pancreas_beta_cells","androgen_response",0.079,0.569620253164557,FALSE
"androgen_response","myc_targets_v2",0.079,0.620253164556962,FALSE
"androgen_response","hedgehog_signaling",0.079,0.40506329113924,FALSE
"androgen_response","pancreas_beta_cells",0.079,0.430379746835443,FALSE
"androgen_response","apical_junction",0.079,0.240506329113924,FALSE
"apical_junction","androgen_response",0.079,0.759493670886076,FALSE
"apical_surface","protein_secretion",0.079,0.367088607594937,FALSE
"protein_secretion","apical_surface",0.079,0.632911392405063,FALSE
"cmv","uv_response_up",0.078,1,FALSE
"g2_m_checkpoint","xenobiotic_metabolism",0.078,0.641025641025641,FALSE
"mitotic_spindle","epithelial_mesenchymal_transition",0.078,0.205128205128205,FALSE
"myc_targets_v1","myogenesis",0.078,0.397435897435897,FALSE
"dna_repair","tgf_beta_signaling",0.078,0.615384615384615,FALSE
"uv_response_up","cmv",0.078,0,FALSE
"uv_response_up","apical_junction",0.078,0.128205128205128,FALSE
"reactive_oxygen_species_pathway","epithelial_mesenchymal_transition",0.078,0.641025641025641,FALSE
"il_2_stat5_signaling","complement",0.078,0.333333333333333,FALSE
"il_2_stat5_signaling","androgen_response",0.078,0.307692307692308,FALSE
"complement","il_2_stat5_signaling",0.078,0.666666666666667,FALSE
"tgf_beta_signaling","dna_repair",0.078,0.384615384615385,FALSE
"tgf_beta_signaling","estrogen_response_early",0.078,0.461538461538462,FALSE
"bile_acid_metabolism","angiogenesis",0.078,0.576923076923077,FALSE
"cholesterol_homeostasis","estrogen_response_late",0.078,0.538461538461539,FALSE
"xenobiotic_metabolism","g2_m_checkpoint",0.078,0.358974358974359,FALSE
"myogenesis","myc_targets_v1",0.078,0.602564102564103,FALSE
"epithelial_mesenchymal_transition","mitotic_spindle",0.078,0.794871794871795,FALSE
"epithelial_mesenchymal_transition","reactive_oxygen_species_pathway",0.078,0.358974358974359,FALSE
"angiogenesis","bile_acid_metabolism",0.078,0.423076923076923,FALSE
"androgen_response","il_2_stat5_signaling",0.078,0.692307692307692,FALSE
"estrogen_response_early","tgf_beta_signaling",0.078,0.538461538461539,FALSE
"estrogen_response_late","cholesterol_homeostasis",0.078,0.461538461538462,FALSE
"apical_junction","uv_response_up",0.078,0.871794871794872,FALSE
"g2_m_checkpoint","kras_signaling_dn",0.077,0.38961038961039,FALSE
"kras_signaling_dn","g2_m_checkpoint",0.077,0.61038961038961,FALSE
"myogenesis","protein_secretion",0.076,0.447368421052632,FALSE
"protein_secretion","myogenesis",0.076,0.552631578947368,FALSE
"e2f_targets","allograft_rejection",0.076,0.631578947368421,FALSE
"myc_targets_v1","androgen_response",0.076,0.565789473684211,FALSE
"myc_targets_v1","apical_surface",0.076,0.657894736842105,FALSE
"uv_response_dn","estrogen_response_early",0.076,0.473684210526316,FALSE
"unfolded_protein_response","inflammatory_response",0.076,0.368421052631579,FALSE
"inflammatory_response","unfolded_protein_response",0.076,0.631578947368421,FALSE
"allograft_rejection","e2f_targets",0.076,0.368421052631579,FALSE
"kras_signaling_dn","pperoxisome",0.076,0.578947368421053,FALSE
"tgf_beta_signaling","adipogenesis",0.076,0.473684210526316,FALSE
"wnt_beta_catenin_signaling","apoptosis",0.076,0.328947368421053,FALSE
"hedgehog_signaling","angiogenesis",0.076,0.565789473684211,FALSE
"pperoxisome","kras_signaling_dn",0.076,0.421052631578947,FALSE
"adipogenesis","tgf_beta_signaling",0.076,0.526315789473684,FALSE
"pancreas_beta_cells","protein_secretion",0.076,0.526315789473684,FALSE
"angiogenesis","hedgehog_signaling",0.076,0.434210526315789,FALSE
"androgen_response","myc_targets_v1",0.076,0.434210526315789,FALSE
"estrogen_response_early","uv_response_dn",0.076,0.526315789473684,FALSE
"apical_surface","myc_targets_v1",0.076,0.342105263157895,FALSE
"apoptosis","wnt_beta_catenin_signaling",0.076,0.671052631578947,FALSE
"protein_secretion","pancreas_beta_cells",0.076,0.473684210526316,FALSE
"e2f_targets","pperoxisome",0.075,0.453333333333333,FALSE
"reactive_oxygen_species_pathway","interferon_alpha_response",0.075,0.56,FALSE
"interferon_alpha_response","reactive_oxygen_species_pathway",0.075,0.44,FALSE
"il_2_stat5_signaling","apical_junction",0.075,0.226666666666667,FALSE
"notch_signaling","oxidative_phosphorylation",0.075,0.466666666666667,FALSE
"oxidative_phosphorylation","notch_signaling",0.075,0.533333333333333,FALSE
"pperoxisome","e2f_targets",0.075,0.546666666666667,FALSE
"apical_junction","il_2_stat5_signaling",0.075,0.773333333333333,FALSE
"inflammatory_response","hedgehog_signaling",0.075,0.626666666666667,FALSE
"il_2_stat5_signaling","il_6_jak_stat3_signaling",0.075,0.4,FALSE
"il_6_jak_stat3_signaling","il_2_stat5_signaling",0.075,0.6,FALSE
"pi3k_akt_mtor_signaling","cholesterol_homeostasis",0.075,0.6,FALSE
"pi3k_akt_mtor_signaling","xenobiotic_metabolism",0.075,0.493333333333333,FALSE
"hedgehog_signaling","inflammatory_response",0.075,0.373333333333333,FALSE
"cholesterol_homeostasis","pi3k_akt_mtor_signaling",0.075,0.4,FALSE
"xenobiotic_metabolism","pi3k_akt_mtor_signaling",0.075,0.506666666666667,FALSE
"uv_response_dn","glycolysis",0.074,0.554054054054054,FALSE
"inflammatory_response","pperoxisome",0.074,0.567567567567568,FALSE
"interferon_gamma_response","notch_signaling",0.074,0.472972972972973,FALSE
"notch_signaling","interferon_gamma_response",0.074,0.527027027027027,FALSE
"glycolysis","uv_response_dn",0.074,0.445945945945946,FALSE
"pperoxisome","inflammatory_response",0.074,0.432432432432432,FALSE
"sex","uv_response_up",0.074,1,FALSE
"sex","tnf_alpha_signaling_via_nf_kb",0.074,1,FALSE
"cmv","interferon_gamma_response",0.074,1,FALSE
"dna_repair","bile_acid_metabolism",0.074,0.351351351351351,FALSE
"uv_response_up","sex",0.074,0,FALSE
"interferon_gamma_response","cmv",0.074,0,FALSE
"tnf_alpha_signaling_via_nf_kb","sex",0.074,0,FALSE
"bile_acid_metabolism","dna_repair",0.074,0.648648648648649,FALSE
"myc_targets_v1","mtorc1_signaling",0.073,0.575342465753425,FALSE
"uv_response_dn","angiogenesis",0.073,0.671232876712329,FALSE
"hypoxia","heme_metabolism",0.073,0.205479452054794,FALSE
"inflammatory_response","fatty_acid_metabolism",0.073,0.671232876712329,FALSE
"tnf_alpha_signaling_via_nf_kb","pi3k_akt_mtor_signaling",0.073,0.438356164383562,FALSE
"tnf_alpha_signaling_via_nf_kb","notch_signaling",0.073,0.342465753424658,FALSE
"pi3k_akt_mtor_signaling","tnf_alpha_signaling_via_nf_kb",0.073,0.561643835616438,FALSE
"pi3k_akt_mtor_signaling","protein_secretion",0.073,0.315068493150685,FALSE
"mtorc1_signaling","myc_targets_v1",0.073,0.424657534246575,FALSE
"kras_signaling_up","oxidative_phosphorylation",0.073,0.465753424657534,FALSE
"kras_signaling_dn","protein_secretion",0.073,0.328767123287671,FALSE
"notch_signaling","tnf_alpha_signaling_via_nf_kb",0.073,0.657534246575342,FALSE
"hedgehog_signaling","apoptosis",0.073,0.424657534246575,FALSE
"oxidative_phosphorylation","kras_signaling_up",0.073,0.534246575342466,FALSE
"fatty_acid_metabolism","inflammatory_response",0.073,0.328767123287671,FALSE
"heme_metabolism","hypoxia",0.073,0.794520547945205,FALSE
"angiogenesis","uv_response_dn",0.073,0.328767123287671,FALSE
"apoptosis","hedgehog_signaling",0.073,0.575342465753425,FALSE
"protein_secretion","pi3k_akt_mtor_signaling",0.073,0.684931506849315,FALSE
"protein_secretion","kras_signaling_dn",0.073,0.671232876712329,FALSE
"inflammatory_response","wnt_beta_catenin_signaling",0.073,0.63013698630137,FALSE
"inflammatory_response","glycolysis",0.073,0.410958904109589,FALSE
"interferon_alpha_response","myogenesis",0.073,0.383561643835616,FALSE
"coagulation","myogenesis",0.073,0.410958904109589,FALSE
"pi3k_akt_mtor_signaling","apoptosis",0.073,0.589041095890411,FALSE
"wnt_beta_catenin_signaling","inflammatory_response",0.073,0.36986301369863,FALSE
"wnt_beta_catenin_signaling","estrogen_response_early",0.073,0.397260273972603,FALSE
"glycolysis","inflammatory_response",0.073,0.589041095890411,FALSE
"myogenesis","interferon_alpha_response",0.073,0.616438356164384,FALSE
"myogenesis","coagulation",0.073,0.589041095890411,FALSE
"estrogen_response_early","wnt_beta_catenin_signaling",0.073,0.602739726027397,FALSE
"apoptosis","pi3k_akt_mtor_signaling",0.073,0.410958904109589,FALSE
"myc_targets_v1","bile_acid_metabolism",0.072,0.541666666666667,FALSE
"dna_repair","fatty_acid_metabolism",0.072,0.680555555555555,FALSE
"p53_pathway","mtorc1_signaling",0.072,0.444444444444444,FALSE
"interferon_alpha_response","tnf_alpha_signaling_via_nf_kb",0.072,0.444444444444444,FALSE
"tnf_alpha_signaling_via_nf_kb","interferon_alpha_response",0.072,0.555555555555555,FALSE
"allograft_rejection","kras_signaling_dn",0.072,0.430555555555556,FALSE
"mtorc1_signaling","p53_pathway",0.072,0.555555555555555,FALSE
"kras_signaling_up","estrogen_response_early",0.072,0.486111111111111,FALSE
"kras_signaling_dn","allograft_rejection",0.072,0.569444444444444,FALSE
"tgf_beta_signaling","oxidative_phosphorylation",0.072,0.444444444444444,FALSE
"notch_signaling","apical_junction",0.072,0.305555555555556,FALSE
"oxidative_phosphorylation","tgf_beta_signaling",0.072,0.555555555555555,FALSE
"fatty_acid_metabolism","dna_repair",0.072,0.319444444444444,FALSE
"bile_acid_metabolism","myc_targets_v1",0.072,0.458333333333333,FALSE
"estrogen_response_early","kras_signaling_up",0.072,0.513888888888889,FALSE
"apical_junction","notch_signaling",0.072,0.694444444444444,FALSE
"sex","il_2_stat5_signaling",0.072,1,FALSE
"e2f_targets","wnt_beta_catenin_signaling",0.072,0.597222222222222,FALSE
"uv_response_dn","pperoxisome",0.072,0.638888888888889,FALSE
"il_2_stat5_signaling","sex",0.072,0,FALSE
"coagulation","bile_acid_metabolism",0.072,0.625,FALSE
"wnt_beta_catenin_signaling","e2f_targets",0.072,0.402777777777778,FALSE
"bile_acid_metabolism","coagulation",0.072,0.375,FALSE
"pperoxisome","uv_response_dn",0.072,0.361111111111111,FALSE
"e2f_targets","pi3k_akt_mtor_signaling",0.071,0.422535211267606,FALSE
"mitotic_spindle","p53_pathway",0.071,0.591549295774648,FALSE
"mitotic_spindle","notch_signaling",0.071,0.450704225352113,FALSE
"dna_repair","notch_signaling",0.071,0.464788732394366,FALSE
"p53_pathway","mitotic_spindle",0.071,0.408450704225352,FALSE
"uv_response_dn","allograft_rejection",0.071,0.690140845070423,FALSE
"hypoxia","mtorc1_signaling",0.071,0.450704225352113,FALSE
"hypoxia","pperoxisome",0.071,0.591549295774648,FALSE
"tnf_alpha_signaling_via_nf_kb","estrogen_response_late",0.071,0.507042253521127,FALSE
"complement","fatty_acid_metabolism",0.071,0.704225352112676,FALSE
"allograft_rejection","uv_response_dn",0.071,0.309859154929577,FALSE
"pi3k_akt_mtor_signaling","e2f_targets",0.071,0.577464788732394,FALSE
"mtorc1_signaling","hypoxia",0.071,0.549295774647887,FALSE
"mtorc1_signaling","apical_junction",0.071,0.464788732394366,FALSE
"kras_signaling_up","notch_signaling",0.071,0.542253521126761,FALSE
"tgf_beta_signaling","hedgehog_signaling",0.071,0.549295774647887,FALSE
"notch_signaling","mitotic_spindle",0.071,0.549295774647887,FALSE
"notch_signaling","dna_repair",0.071,0.535211267605634,FALSE
"notch_signaling","kras_signaling_up",0.071,0.457746478873239,FALSE
"hedgehog_signaling","tgf_beta_signaling",0.071,0.450704225352113,FALSE
"fatty_acid_metabolism","complement",0.071,0.295774647887324,FALSE
"bile_acid_metabolism","adipogenesis",0.071,0.535211267605634,FALSE
"pperoxisome","hypoxia",0.071,0.408450704225352,FALSE
"adipogenesis","bile_acid_metabolism",0.071,0.464788732394366,FALSE
"angiogenesis","estrogen_response_late",0.071,0.450704225352113,FALSE
"estrogen_response_late","tnf_alpha_signaling_via_nf_kb",0.071,0.492957746478873,FALSE
"estrogen_response_late","angiogenesis",0.071,0.549295774647887,FALSE
"apical_junction","mtorc1_signaling",0.071,0.535211267605634,FALSE
"sex","complement",0.071,1,FALSE
"cmv","hypoxia",0.071,1,FALSE
"hypoxia","cmv",0.071,0,FALSE
"il_2_stat5_signaling","protein_secretion",0.071,0.380281690140845,FALSE
"complement","sex",0.071,0,FALSE
"heme_metabolism","estrogen_response_late",0.071,0.732394366197183,FALSE
"angiogenesis","estrogen_response_early",0.071,0.253521126760563,FALSE
"estrogen_response_early","angiogenesis",0.071,0.746478873239437,FALSE
"estrogen_response_late","heme_metabolism",0.071,0.267605633802817,FALSE
"protein_secretion","il_2_stat5_signaling",0.071,0.619718309859155,FALSE
"p53_pathway","interferon_gamma_response",0.07,0.457142857142857,FALSE
"inflammatory_response","adipogenesis",0.07,0.471428571428571,FALSE
"interferon_gamma_response","p53_pathway",0.07,0.542857142857143,FALSE
"il_6_jak_stat3_signaling","pancreas_beta_cells",0.07,0.357142857142857,FALSE
"kras_signaling_up","kras_signaling_dn",0.07,0.557142857142857,FALSE
"kras_signaling_up","apical_surface",0.07,0.6,FALSE
"kras_signaling_dn","kras_signaling_up",0.07,0.442857142857143,FALSE
"fatty_acid_metabolism","protein_secretion",0.07,0.285714285714286,FALSE
"pperoxisome","estrogen_response_early",0.07,0.471428571428571,FALSE
"pperoxisome","apical_junction",0.07,0.214285714285714,FALSE
"pperoxisome","apoptosis",0.07,0.542857142857143,FALSE
"adipogenesis","inflammatory_response",0.07,0.528571428571428,FALSE
"pancreas_beta_cells","il_6_jak_stat3_signaling",0.07,0.642857142857143,FALSE
"estrogen_response_early","pperoxisome",0.07,0.528571428571428,FALSE
"apical_junction","pperoxisome",0.07,0.785714285714286,FALSE
"apical_surface","kras_signaling_up",0.07,0.4,FALSE
"apoptosis","pperoxisome",0.07,0.457142857142857,FALSE
"protein_secretion","fatty_acid_metabolism",0.07,0.714285714285714,FALSE
"myc_targets_v1","notch_signaling",0.07,0.628571428571429,FALSE
"p53_pathway","adipogenesis",0.07,0.371428571428571,FALSE
"tgf_beta_signaling","epithelial_mesenchymal_transition",0.07,0.128571428571429,FALSE
"notch_signaling","myc_targets_v1",0.07,0.371428571428571,FALSE
"adipogenesis","p53_pathway",0.07,0.628571428571429,FALSE
"epithelial_mesenchymal_transition","tgf_beta_signaling",0.07,0.871428571428572,FALSE
"epithelial_mesenchymal_transition","estrogen_response_late",0.07,0.628571428571429,FALSE
"estrogen_response_late","epithelial_mesenchymal_transition",0.07,0.371428571428571,FALSE
"uv_response_up","inflammatory_response",0.069,0.304347826086957,FALSE
"unfolded_protein_response","hedgehog_signaling",0.069,0.405797101449275,FALSE
"inflammatory_response","uv_response_up",0.069,0.695652173913043,FALSE
"inflammatory_response","mtorc1_signaling",0.069,0.652173913043478,FALSE
"interferon_alpha_response","bile_acid_metabolism",0.069,0.521739130434782,FALSE
"coagulation","allograft_rejection",0.069,0.514492753623188,FALSE
"allograft_rejection","coagulation",0.069,0.485507246376812,FALSE
"mtorc1_signaling","inflammatory_response",0.069,0.347826086956522,FALSE
"kras_signaling_up","pancreas_beta_cells",0.069,0.666666666666667,FALSE
"kras_signaling_dn","hedgehog_signaling",0.069,0.550724637681159,FALSE
"hedgehog_signaling","unfolded_protein_response",0.069,0.594202898550725,FALSE
"hedgehog_signaling","kras_signaling_dn",0.069,0.449275362318841,FALSE
"fatty_acid_metabolism","pperoxisome",0.069,0.347826086956522,FALSE
"bile_acid_metabolism","interferon_alpha_response",0.069,0.478260869565217,FALSE
"xenobiotic_metabolism","pancreas_beta_cells",0.069,0.507246376811594,FALSE
"pperoxisome","fatty_acid_metabolism",0.069,0.652173913043478,FALSE
"pancreas_beta_cells","kras_signaling_up",0.069,0.333333333333333,FALSE
"pancreas_beta_cells","xenobiotic_metabolism",0.069,0.492753623188406,FALSE
"coagulation","angiogenesis",0.069,0.623188405797101,FALSE
"heme_metabolism","adipogenesis",0.069,0.623188405797101,FALSE
"adipogenesis","heme_metabolism",0.069,0.376811594202899,FALSE
"angiogenesis","coagulation",0.069,0.376811594202899,FALSE
"age_group","myogenesis",0.068,1,FALSE
"e2f_targets","uv_response_up",0.068,0.691176470588235,FALSE
"g2_m_checkpoint","angiogenesis",0.068,0.544117647058823,FALSE
"myc_targets_v1","epithelial_mesenchymal_transition",0.068,0.25,FALSE
"dna_repair","kras_signaling_up",0.068,0.426470588235294,FALSE
"uv_response_up","e2f_targets",0.068,0.308823529411765,FALSE
"reactive_oxygen_species_pathway","complement",0.068,0.573529411764706,FALSE
"complement","reactive_oxygen_species_pathway",0.068,0.426470588235294,FALSE
"kras_signaling_up","dna_repair",0.068,0.573529411764706,FALSE
"hedgehog_signaling","pperoxisome",0.068,0.529411764705882,FALSE
"hedgehog_signaling","protein_secretion",0.068,0.426470588235294,FALSE
"pperoxisome","hedgehog_signaling",0.068,0.470588235294118,FALSE
"myogenesis","age_group",0.068,0,FALSE
"epithelial_mesenchymal_transition","myc_targets_v1",0.068,0.75,FALSE
"angiogenesis","g2_m_checkpoint",0.068,0.455882352941176,FALSE
"protein_secretion","hedgehog_signaling",0.068,0.573529411764706,FALSE
"tnf_alpha_signaling_via_nf_kb","apical_junction",0.068,0.132352941176471,FALSE
"apical_junction","tnf_alpha_signaling_via_nf_kb",0.068,0.867647058823529,FALSE
"cmv","apical_surface",0.067,1,FALSE
"reactive_oxygen_species_pathway","kras_signaling_dn",0.067,0.432835820895522,FALSE
"il_2_stat5_signaling","hedgehog_signaling",0.067,0.447761194029851,FALSE
"mtorc1_signaling","epithelial_mesenchymal_transition",0.067,0.238805970149254,FALSE
"mtorc1_signaling","protein_secretion",0.067,0.611940298507463,FALSE
"kras_signaling_dn","reactive_oxygen_species_pathway",0.067,0.567164179104478,FALSE
"tgf_beta_signaling","xenobiotic_metabolism",0.067,0.470149253731343,FALSE
"hedgehog_signaling","il_2_stat5_signaling",0.067,0.552238805970149,FALSE
"fatty_acid_metabolism","androgen_response",0.067,0.298507462686567,FALSE
"heme_metabolism","pperoxisome",0.067,0.805970149253731,FALSE
"xenobiotic_metabolism","tgf_beta_signaling",0.067,0.529850746268657,FALSE
"pperoxisome","heme_metabolism",0.067,0.194029850746269,FALSE
"epithelial_mesenchymal_transition","mtorc1_signaling",0.067,0.761194029850746,FALSE
"androgen_response","fatty_acid_metabolism",0.067,0.701492537313433,FALSE
"apical_surface","cmv",0.067,0,FALSE
"protein_secretion","mtorc1_signaling",0.067,0.388059701492537,FALSE
"sex","oxidative_phosphorylation",0.066,1,FALSE
"g2_m_checkpoint","inflammatory_response",0.066,0.681818181818182,FALSE
"myc_targets_v1","wnt_beta_catenin_signaling",0.066,0.5,FALSE
"uv_response_dn","kras_signaling_dn",0.066,0.545454545454545,FALSE
"inflammatory_response","g2_m_checkpoint",0.066,0.318181818181818,FALSE
"tnf_alpha_signaling_via_nf_kb","estrogen_response_early",0.066,0.393939393939394,FALSE
"kras_signaling_dn","uv_response_dn",0.066,0.454545454545455,FALSE
"wnt_beta_catenin_signaling","myc_targets_v1",0.066,0.5,FALSE
"oxidative_phosphorylation","sex",0.066,0,FALSE
"oxidative_phosphorylation","epithelial_mesenchymal_transition",0.066,0.484848484848485,FALSE
"epithelial_mesenchymal_transition","oxidative_phosphorylation",0.066,0.515151515151515,FALSE
"estrogen_response_early","tnf_alpha_signaling_via_nf_kb",0.066,0.606060606060606,FALSE
"cmv","complement",0.065,1,FALSE
"g2_m_checkpoint","bile_acid_metabolism",0.065,0.430769230769231,FALSE
"myc_targets_v2","complement",0.065,0.369230769230769,FALSE
"hypoxia","oxidative_phosphorylation",0.065,0.569230769230769,FALSE
"hypoxia","estrogen_response_early",0.065,0.569230769230769,FALSE
"inflammatory_response","interferon_gamma_response",0.065,0.630769230769231,FALSE
"interferon_gamma_response","inflammatory_response",0.065,0.369230769230769,FALSE
"complement","cmv",0.065,0,FALSE
"complement","myc_targets_v2",0.065,0.630769230769231,FALSE
"oxidative_phosphorylation","hypoxia",0.065,0.430769230769231,FALSE
"fatty_acid_metabolism","cholesterol_homeostasis",0.065,0.415384615384615,FALSE
"bile_acid_metabolism","g2_m_checkpoint",0.065,0.569230769230769,FALSE
"cholesterol_homeostasis","fatty_acid_metabolism",0.065,0.584615384615385,FALSE
"estrogen_response_early","hypoxia",0.065,0.430769230769231,FALSE
"estrogen_response_early","apoptosis",0.065,0.507692307692308,FALSE
"apoptosis","estrogen_response_early",0.065,0.492307692307692,FALSE
"cmv","il_2_stat5_signaling",0.064,1,FALSE
"g2_m_checkpoint","il_6_jak_stat3_signaling",0.064,0.484375,FALSE
"myc_targets_v1","xenobiotic_metabolism",0.064,0.578125,FALSE
"uv_response_dn","apical_surface",0.064,0.6875,FALSE
"hypoxia","fatty_acid_metabolism",0.064,0.609375,FALSE
"interferon_alpha_response","kras_signaling_up",0.064,0.53125,FALSE
"il_2_stat5_signaling","cmv",0.064,0,FALSE
"il_6_jak_stat3_signaling","g2_m_checkpoint",0.064,0.515625,FALSE
"coagulation","spermatogenesis",0.064,0.5625,FALSE
"kras_signaling_up","interferon_alpha_response",0.064,0.46875,FALSE
"fatty_acid_metabolism","hypoxia",0.064,0.390625,FALSE
"xenobiotic_metabolism","myc_targets_v1",0.064,0.421875,FALSE
"spermatogenesis","coagulation",0.064,0.4375,FALSE
"apical_surface","uv_response_dn",0.064,0.3125,FALSE
"age_group","epithelial_mesenchymal_transition",0.063,1,FALSE
"e2f_targets","tgf_beta_signaling",0.063,0.603174603174603,FALSE
"myc_targets_v1","p53_pathway",0.063,0.571428571428571,FALSE
"p53_pathway","myc_targets_v1",0.063,0.428571428571429,FALSE
"p53_pathway","notch_signaling",0.063,0.396825396825397,FALSE
"tgf_beta_signaling","e2f_targets",0.063,0.396825396825397,FALSE
"notch_signaling","p53_pathway",0.063,0.603174603174603,FALSE
"bile_acid_metabolism","estrogen_response_late",0.063,0.634920634920635,FALSE
"heme_metabolism","angiogenesis",0.063,0.714285714285714,FALSE
"pancreas_beta_cells","angiogenesis",0.063,0.523809523809524,FALSE
"epithelial_mesenchymal_transition","age_group",0.063,0,FALSE
"angiogenesis","heme_metabolism",0.063,0.285714285714286,FALSE
"angiogenesis","pancreas_beta_cells",0.063,0.476190476190476,FALSE
"estrogen_response_late","bile_acid_metabolism",0.063,0.365079365079365,FALSE
"apical_junction","apoptosis",0.063,0.809523809523809,FALSE
"apoptosis","apical_junction",0.063,0.19047619047619,FALSE
"age_group","dna_repair",0.062,1,FALSE
"age_group","kras_signaling_up",0.062,1,FALSE
"age_group","angiogenesis",0.062,1,FALSE
"e2f_targets","angiogenesis",0.062,0.661290322580645,FALSE
"dna_repair","age_group",0.062,0,FALSE
"dna_repair","epithelial_mesenchymal_transition",0.062,0.17741935483871,FALSE
"uv_response_dn","cholesterol_homeostasis",0.062,0.661290322580645,FALSE
"interferon_gamma_response","bile_acid_metabolism",0.062,0.580645161290323,FALSE
"il_2_stat5_signaling","coagulation",0.062,0.306451612903226,FALSE
"coagulation","il_2_stat5_signaling",0.062,0.693548387096774,FALSE
"mtorc1_signaling","kras_signaling_dn",0.062,0.403225806451613,FALSE
"kras_signaling_up","age_group",0.062,0,FALSE
"kras_signaling_dn","mtorc1_signaling",0.062,0.596774193548387,FALSE
"tgf_beta_signaling","estrogen_response_late",0.062,0.516129032258065,FALSE
"wnt_beta_catenin_signaling","estrogen_response_late",0.062,0.290322580645161,FALSE
"bile_acid_metabolism","interferon_gamma_response",0.062,0.419354838709677,FALSE
"cholesterol_homeostasis","uv_response_dn",0.062,0.338709677419355,FALSE
"cholesterol_homeostasis","estrogen_response_early",0.062,0.403225806451613,FALSE
"heme_metabolism","pancreas_beta_cells",0.062,0.741935483870968,FALSE
"pancreas_beta_cells","heme_metabolism",0.062,0.258064516129032,FALSE
"epithelial_mesenchymal_transition","dna_repair",0.062,0.82258064516129,FALSE
"angiogenesis","age_group",0.062,0,FALSE
"angiogenesis","e2f_targets",0.062,0.338709677419355,FALSE
"estrogen_response_early","cholesterol_homeostasis",0.062,0.596774193548387,FALSE
"estrogen_response_late","tgf_beta_signaling",0.062,0.483870967741935,FALSE
"estrogen_response_late","wnt_beta_catenin_signaling",0.062,0.709677419354839,FALSE
"e2f_targets","estrogen_response_early",0.061,0.442622950819672,FALSE
"g2_m_checkpoint","pperoxisome",0.061,0.508196721311475,FALSE
"inflammatory_response","apical_surface",0.061,0.508196721311475,FALSE
"complement","androgen_response",0.061,0.475409836065574,FALSE
"complement","apoptosis",0.061,0.524590163934426,FALSE
"pi3k_akt_mtor_signaling","wnt_beta_catenin_signaling",0.061,0.459016393442623,FALSE
"wnt_beta_catenin_signaling","pi3k_akt_mtor_signaling",0.061,0.540983606557377,FALSE
"wnt_beta_catenin_signaling","protein_secretion",0.061,0.327868852459016,FALSE
"pperoxisome","g2_m_checkpoint",0.061,0.491803278688525,FALSE
"androgen_response","complement",0.061,0.524590163934426,FALSE
"estrogen_response_early","e2f_targets",0.061,0.557377049180328,FALSE
"apical_surface","inflammatory_response",0.061,0.491803278688525,FALSE
"apoptosis","complement",0.061,0.475409836065574,FALSE
"protein_secretion","wnt_beta_catenin_signaling",0.061,0.672131147540984,FALSE
"age_group","complement",0.06,1,FALSE
"age_group","pperoxisome",0.06,1,FALSE
"g2_m_checkpoint","apical_junction",0.06,0.316666666666667,FALSE
"complement","age_group",0.06,0,FALSE
"allograft_rejection","apical_surface",0.06,0.516666666666667,FALSE
"mtorc1_signaling","myogenesis",0.06,0.433333333333333,FALSE
"pperoxisome","age_group",0.06,0,FALSE
"myogenesis","mtorc1_signaling",0.06,0.566666666666667,FALSE
"apical_junction","g2_m_checkpoint",0.06,0.683333333333333,FALSE
"apical_surface","allograft_rejection",0.06,0.483333333333333,FALSE
"cmv","tgf_beta_signaling",0.059,1,FALSE
"g2_m_checkpoint","androgen_response",0.059,0.491525423728814,FALSE
"mitotic_spindle","il_6_jak_stat3_signaling",0.059,0.338983050847458,FALSE
"il_6_jak_stat3_signaling","mitotic_spindle",0.059,0.661016949152542,FALSE
"tgf_beta_signaling","cmv",0.059,0,FALSE
"androgen_response","g2_m_checkpoint",0.059,0.508474576271186,FALSE
"cmv","il_6_jak_stat3_signaling",0.058,1,FALSE
"cmv","epithelial_mesenchymal_transition",0.058,1,FALSE
"e2f_targets","apical_junction",0.058,0.275862068965517,FALSE
"il_2_stat5_signaling","angiogenesis",0.058,0.568965517241379,FALSE
"il_6_jak_stat3_signaling","cmv",0.058,0,FALSE
"epithelial_mesenchymal_transition","cmv",0.058,0,FALSE
"angiogenesis","il_2_stat5_signaling",0.058,0.431034482758621,FALSE
"apical_junction","e2f_targets",0.058,0.724137931034483,FALSE
"dna_repair","angiogenesis",0.058,0.620689655172414,FALSE
"hedgehog_signaling","bile_acid_metabolism",0.058,0.448275862068966,FALSE
"bile_acid_metabolism","hedgehog_signaling",0.058,0.551724137931035,FALSE
"angiogenesis","dna_repair",0.058,0.379310344827586,FALSE
"cmv","androgen_response",0.057,1,FALSE
"notch_signaling","myogenesis",0.057,0.56140350877193,FALSE
"myogenesis","notch_signaling",0.057,0.43859649122807,FALSE
"androgen_response","cmv",0.057,0,FALSE
"e2f_targets","epithelial_mesenchymal_transition",0.057,0.368421052631579,FALSE
"il_6_jak_stat3_signaling","myogenesis",0.057,0.350877192982456,FALSE
"kras_signaling_dn","xenobiotic_metabolism",0.057,0.473684210526316,FALSE
"tgf_beta_signaling","myogenesis",0.057,0.333333333333333,FALSE
"notch_signaling","angiogenesis",0.057,0.543859649122807,FALSE
"glycolysis","protein_secretion",0.057,0.456140350877193,FALSE
"xenobiotic_metabolism","kras_signaling_dn",0.057,0.526315789473684,FALSE
"myogenesis","il_6_jak_stat3_signaling",0.057,0.649122807017544,FALSE
"myogenesis","tgf_beta_signaling",0.057,0.666666666666667,FALSE
"epithelial_mesenchymal_transition","e2f_targets",0.057,0.631578947368421,FALSE
"angiogenesis","notch_signaling",0.057,0.456140350877193,FALSE
"protein_secretion","glycolysis",0.057,0.543859649122807,FALSE
"tnf_alpha_signaling_via_nf_kb","hedgehog_signaling",0.056,0.5,FALSE
"hedgehog_signaling","tnf_alpha_signaling_via_nf_kb",0.056,0.5,FALSE
"bile_acid_metabolism","androgen_response",0.056,0.571428571428571,FALSE
"androgen_response","bile_acid_metabolism",0.056,0.428571428571429,FALSE
"reactive_oxygen_species_pathway","il_6_jak_stat3_signaling",0.056,0.535714285714286,FALSE
"inflammatory_response","notch_signaling",0.056,0.678571428571429,FALSE
"il_6_jak_stat3_signaling","reactive_oxygen_species_pathway",0.056,0.464285714285714,FALSE
"notch_signaling","inflammatory_response",0.056,0.321428571428571,FALSE
"age_group","il_6_jak_stat3_signaling",0.055,1,FALSE
"sex","apical_surface",0.055,1,FALSE
"il_6_jak_stat3_signaling","age_group",0.055,0,FALSE
"heme_metabolism","protein_secretion",0.055,0.581818181818182,FALSE
"apical_surface","sex",0.055,0,FALSE
"protein_secretion","heme_metabolism",0.055,0.418181818181818,FALSE
"inflammatory_response","apical_junction",0.054,0.361111111111111,FALSE
"heme_metabolism","androgen_response",0.054,0.611111111111111,FALSE
"androgen_response","heme_metabolism",0.054,0.388888888888889,FALSE
"apical_junction","inflammatory_response",0.054,0.638888888888889,FALSE
"sex","pperoxisome",0.054,1,FALSE
"uv_response_dn","interferon_gamma_response",0.054,0.685185185185185,FALSE
"interferon_alpha_response","notch_signaling",0.054,0.574074074074074,FALSE
"interferon_gamma_response","uv_response_dn",0.054,0.314814814814815,FALSE
"complement","wnt_beta_catenin_signaling",0.054,0.518518518518518,FALSE
"wnt_beta_catenin_signaling","complement",0.054,0.481481481481481,FALSE
"notch_signaling","interferon_alpha_response",0.054,0.425925925925926,FALSE
"pperoxisome","sex",0.054,0,FALSE
"dna_repair","myogenesis",0.054,0.333333333333333,FALSE
"myogenesis","dna_repair",0.054,0.666666666666667,FALSE
"interferon_alpha_response","tgf_beta_signaling",0.053,0.622641509433962,FALSE
"tgf_beta_signaling","interferon_alpha_response",0.053,0.377358490566038,FALSE
"age_group","tgf_beta_signaling",0.053,1,FALSE
"cmv","cholesterol_homeostasis",0.053,1,FALSE
"uv_response_up","myogenesis",0.053,0.169811320754717,FALSE
"interferon_gamma_response","epithelial_mesenchymal_transition",0.053,0.320754716981132,FALSE
"tgf_beta_signaling","age_group",0.053,0,FALSE
"cholesterol_homeostasis","cmv",0.053,0,FALSE
"myogenesis","uv_response_up",0.053,0.830188679245283,FALSE
"epithelial_mesenchymal_transition","interferon_gamma_response",0.053,0.679245283018868,FALSE
"g2_m_checkpoint","epithelial_mesenchymal_transition",0.052,0.403846153846154,FALSE
"uv_response_dn","hedgehog_signaling",0.052,0.615384615384615,FALSE
"complement","adipogenesis",0.052,0.346153846153846,FALSE
"hedgehog_signaling","uv_response_dn",0.052,0.384615384615385,FALSE
"adipogenesis","complement",0.052,0.653846153846154,FALSE
"epithelial_mesenchymal_transition","g2_m_checkpoint",0.052,0.596153846153846,FALSE
"mitotic_spindle","apical_junction",0.051,0.313725490196078,FALSE
"apical_junction","mitotic_spindle",0.051,0.686274509803922,FALSE
"oxidative_phosphorylation","apical_junction",0.051,0.294117647058824,FALSE
"cholesterol_homeostasis","apical_junction",0.051,0.254901960784314,FALSE
"apical_junction","oxidative_phosphorylation",0.051,0.705882352941177,FALSE
"apical_junction","cholesterol_homeostasis",0.051,0.745098039215686,FALSE
"myc_targets_v1","kras_signaling_dn",0.05,0.54,FALSE
"myc_targets_v2","apical_junction",0.05,0.4,FALSE
"kras_signaling_dn","myc_targets_v1",0.05,0.46,FALSE
"apical_junction","myc_targets_v2",0.05,0.6,FALSE
"allograft_rejection","apical_junction",0.05,0.14,FALSE
"apical_junction","allograft_rejection",0.05,0.86,FALSE
"pperoxisome","apical_surface",0.049,0.612244897959184,FALSE
"apical_surface","pperoxisome",0.049,0.387755102040816,FALSE
"sex","notch_signaling",0.048,1,FALSE
"interferon_gamma_response","pperoxisome",0.048,0.479166666666667,FALSE
"tnf_alpha_signaling_via_nf_kb","pperoxisome",0.048,0.479166666666667,FALSE
"notch_signaling","sex",0.048,0,FALSE
"pperoxisome","interferon_gamma_response",0.048,0.520833333333333,FALSE
"pperoxisome","tnf_alpha_signaling_via_nf_kb",0.048,0.520833333333333,FALSE
"age_group","unfolded_protein_response",0.047,1,FALSE
"sex","unfolded_protein_response",0.047,1,FALSE
"unfolded_protein_response","age_group",0.047,0,FALSE
"unfolded_protein_response","sex",0.047,0,FALSE
"il_2_stat5_signaling","epithelial_mesenchymal_transition",0.047,0.212765957446809,FALSE
"oxidative_phosphorylation","pperoxisome",0.047,0.74468085106383,FALSE
"pperoxisome","oxidative_phosphorylation",0.047,0.25531914893617,FALSE
"epithelial_mesenchymal_transition","il_2_stat5_signaling",0.047,0.787234042553191,FALSE
"sex","inflammatory_response",0.045,1,FALSE
"inflammatory_response","sex",0.045,0,FALSE
"il_6_jak_stat3_signaling","epithelial_mesenchymal_transition",0.045,0.4,FALSE
"epithelial_mesenchymal_transition","il_6_jak_stat3_signaling",0.045,0.6,FALSE
"age_group","spermatogenesis",0.044,1,FALSE
"cholesterol_homeostasis","myogenesis",0.044,0.363636363636364,FALSE
"heme_metabolism","apical_junction",0.044,0.727272727272727,FALSE
"xenobiotic_metabolism","apoptosis",0.044,0.477272727272727,FALSE
"myogenesis","cholesterol_homeostasis",0.044,0.636363636363636,FALSE
"spermatogenesis","age_group",0.044,0,FALSE
"apical_junction","heme_metabolism",0.044,0.272727272727273,FALSE
"apoptosis","xenobiotic_metabolism",0.044,0.522727272727273,FALSE
"cmv","unfolded_protein_response",0.043,1,FALSE
"unfolded_protein_response","cmv",0.043,0,FALSE
"interferon_gamma_response","kras_signaling_up",0.043,0.441860465116279,FALSE
"kras_signaling_up","interferon_gamma_response",0.043,0.558139534883721,FALSE
"notch_signaling","protein_secretion",0.042,0.333333333333333,FALSE
"protein_secretion","notch_signaling",0.042,0.666666666666667,FALSE
"sex","il_6_jak_stat3_signaling",0.041,1,FALSE
"il_6_jak_stat3_signaling","sex",0.041,0,FALSE
"myc_targets_v2","epithelial_mesenchymal_transition",0.041,0.268292682926829,FALSE
"epithelial_mesenchymal_transition","myc_targets_v2",0.041,0.731707317073171,FALSE
"age_group","interferon_gamma_response",0.04,1,FALSE
"age_group","cholesterol_homeostasis",0.04,1,FALSE
"g2_m_checkpoint","uv_response_up",0.04,0.6,FALSE
"p53_pathway","epithelial_mesenchymal_transition",0.04,0.175,FALSE
"uv_response_up","g2_m_checkpoint",0.04,0.4,FALSE
"interferon_gamma_response","age_group",0.04,0,FALSE
"cholesterol_homeostasis","age_group",0.04,0,FALSE
"epithelial_mesenchymal_transition","p53_pathway",0.04,0.825,FALSE
"sex","tgf_beta_signaling",0.039,1,FALSE
"interferon_gamma_response","myogenesis",0.039,0.153846153846154,FALSE
"tgf_beta_signaling","sex",0.039,0,FALSE
"myogenesis","interferon_gamma_response",0.039,0.846153846153846,FALSE
"cmv","heme_metabolism",0.038,1,FALSE
"heme_metabolism","cmv",0.038,0,FALSE
"cmv","notch_signaling",0.033,1,FALSE
"notch_signaling","cmv",0.033,0,FALSE
"age_group","pi3k_akt_mtor_signaling",0.032,1,FALSE
"pi3k_akt_mtor_signaling","age_group",0.032,0,FALSE
"cmv","myogenesis",0.031,1,FALSE
"myogenesis","cmv",0.031,0,FALSE
"age_group","sex",0,0,FALSE
"age_group","cmv",0,0,FALSE
"sex","age_group",0,0,FALSE
"sex","cmv",0,0,FALSE
"cmv","age_group",0,0,FALSE
"cmv","sex",0,0,FALSE
