"from","to","strength","direction","in_final_dag"
"cmv","l3_klrf1_gzmb_cd27_memory_cd4_t_cell_alr",1,1,TRUE
"l2_progenitor_cell","l1_progenitor_cell_alr",1,0.51,TRUE
"l3_cd56bright_nk_cell","l2_cd56bright_nk_cell_alr",1,0.573,TRUE
"l3_cd8aa","l2_cd8aa_alr",1,0.506,TRUE
"l3_dn_t_cell","l2_dn_t_cell_alr",1,0.577,TRUE
"l3_proliferating_t_cell","l2_proliferating_t_cell_alr",1,0.535,TRUE
"l2_memory_b_cell_alr","l2_effector_b_cell_alr",1,0.528,TRUE
"l2_plasma_cell_alr","l3_plasma_cell",1,0.537,TRUE
"l2_transitional_b_cell_alr","l3_transitional_b_cell",1,0.79,TRUE
"l2_asdc_alr","l3_asdc",1,0.502,TRUE
"l2_cdc1_alr","l3_cdc1",1,0.537,TRUE
"l2_pdc_alr","l3_pdc",1,0.506,TRUE
"l2_intermediate_monocyte_alr","l3_intermediate_monocyte",1,0.502,TRUE
"l3_isg_cd14_monocyte_alr","l3_isg_cd16_monocyte_alr",1,0.5645,TRUE
"l3_naive_vd1_gdt_alr","l3_sox4_vd1_gdt_alr",1,0.5105,TRUE
"l1_b_cell_alr","l3_transitional_b_cell",1,0.695,TRUE
"l1_erythrocyte_alr","l2_erythrocyte",1,0.802,TRUE
"l1_erythrocyte_alr","l3_erythrocyte",1,0.509,TRUE
"l1_ilc_alr","l2_ilc",1,0.823,TRUE
"l1_ilc_alr","l3_ilc",1,0.501,TRUE
"l1_platelet_alr","l2_platelet",1,0.825,TRUE
"l1_platelet_alr","l3_platelet",1,0.512,TRUE
"l1_monocyte_alr","l1_dc_alr",0.999,0.50950950950951,TRUE
"l3_sox4_naive_cd4_t_cell_alr","l3_sox4_naive_cd8_t_cell_alr",0.996,0.92921686746988,TRUE
"l2_treg_alr","l2_memory_cd4_t_cell_alr",0.995,0.552763819095477,TRUE
"l3_isg_cd14_monocyte_alr","l3_isg_cdc2_alr",0.995,0.876884422110553,TRUE
"l1_nk_cell_alr","l2_cd56bright_nk_cell_alr",0.986,0.655172413793103,TRUE
"l1_dc_alr","l3_pdc",0.985,0.777664974619289,TRUE
"l3_type_2_polarized_memory_b_cell_alr","l3_cd95_memory_b_cell_alr",0.983,0.587487283825025,TRUE
"l3_proliferating_nk_cell","l2_proliferating_nk_cell_alr",0.977,0.546571136131013,TRUE
"l2_memory_b_cell_alr","l3_transitional_b_cell",0.977,0.856704196519959,TRUE
"l2_memory_cd8_t_cell_alr","l3_isg_memory_cd8_t_cell_alr",0.97,0.868041237113402,TRUE
"l3_isg_cd14_monocyte_alr","l3_isg_naive_cd4_t_cell_alr",0.968,0.884297520661157,TRUE
"l3_cm_cd8_t_cell_alr","l3_gzmk_cd27_em_cd8_t_cell_alt_alr",0.963,0.697819314641745,TRUE
"l3_gzmk_cd56dim_nk_cell_alr","l3_adaptive_nk_cell_alr",0.96,0.535416666666667,TRUE
"l1_monocyte_alr","l3_intermediate_monocyte",0.955,0.845026178010471,TRUE
"l3_isg_cd14_monocyte_alr","l3_isg_naive_b_cell_alr",0.948,0.953586497890295,TRUE
"l2_cd16_monocyte_alr","l2_intermediate_monocyte_alr",0.945,0.815873015873016,TRUE
"l3_klrf1_effector_vd1_gdt_alt_alr","l3_klrf1_effector_vd1_gdt_alr",0.944,0.533898305084746,TRUE
"l1_nk_cell_alr","l3_proliferating_nk_cell",0.934,0.738758029978587,TRUE
"l3_sox4_naive_cd4_t_cell_alr","l2_naive_cd8_t_cell_alr",0.93,0.860215053763441,TRUE
"l2_memory_b_cell_alr","l2_plasma_cell_alr",0.929,0.866523143164693,TRUE
"l2_erythrocyte","l1_erythrocyte_alr",1,0.198,FALSE
"l2_ilc","l1_ilc_alr",1,0.177,FALSE
"l2_platelet","l1_platelet_alr",1,0.175,FALSE
"l3_asdc","l2_asdc_alr",1,0.498,FALSE
"l3_cdc1","l2_cdc1_alr",1,0.463,FALSE
"l3_erythrocyte","l1_erythrocyte_alr",1,0.491,FALSE
"l3_ilc","l1_ilc_alr",1,0.499,FALSE
"l3_intermediate_monocyte","l2_intermediate_monocyte_alr",1,0.498,FALSE
"l3_pdc","l2_pdc_alr",1,0.494,FALSE
"l3_plasma_cell","l2_plasma_cell_alr",1,0.463,FALSE
"l3_platelet","l1_platelet_alr",1,0.488,FALSE
"l3_transitional_b_cell","l2_transitional_b_cell_alr",1,0.21,FALSE
"l3_transitional_b_cell","l1_b_cell_alr",1,0.305,FALSE
"l2_effector_b_cell_alr","l2_memory_b_cell_alr",1,0.472,FALSE
"l2_cd56bright_nk_cell_alr","l3_cd56bright_nk_cell",1,0.427,FALSE
"l2_cd8aa_alr","l3_cd8aa",1,0.494,FALSE
"l2_dn_t_cell_alr","l3_dn_t_cell",1,0.423,FALSE
"l2_proliferating_t_cell_alr","l3_proliferating_t_cell",1,0.465,FALSE
"l3_isg_cd16_monocyte_alr","l3_isg_cd14_monocyte_alr",1,0.4355,FALSE
"l3_sox4_vd1_gdt_alr","l3_naive_vd1_gdt_alr",1,0.4895,FALSE
"l3_klrf1_gzmb_cd27_memory_cd4_t_cell_alr","cmv",1,0,FALSE
"l1_progenitor_cell_alr","l2_progenitor_cell",1,0.49,FALSE
"l1_dc_alr","l1_monocyte_alr",0.999,0.49049049049049,FALSE
"l3_sox4_naive_cd8_t_cell_alr","l3_sox4_naive_cd4_t_cell_alr",0.996,0.0707831325301205,FALSE
"l2_memory_cd4_t_cell_alr","l2_treg_alr",0.995,0.447236180904523,FALSE
"l3_isg_cdc2_alr","l3_isg_cd14_monocyte_alr",0.995,0.123115577889447,FALSE
"l2_cd56bright_nk_cell_alr","l1_nk_cell_alr",0.986,0.344827586206897,FALSE
"l3_pdc","l1_dc_alr",0.985,0.222335025380711,FALSE
"l3_cd95_memory_b_cell_alr","l3_type_2_polarized_memory_b_cell_alr",0.983,0.412512716174975,FALSE
"l2_proliferating_nk_cell_alr","l3_proliferating_nk_cell",0.977,0.453428863868987,FALSE
"l3_transitional_b_cell","l2_memory_b_cell_alr",0.977,0.143295803480041,FALSE
"l3_isg_memory_cd8_t_cell_alr","l2_memory_cd8_t_cell_alr",0.97,0.131958762886598,FALSE
"l3_isg_naive_cd4_t_cell_alr","l3_isg_cd14_monocyte_alr",0.968,0.115702479338843,FALSE
"l3_gzmk_cd27_em_cd8_t_cell_alt_alr","l3_cm_cd8_t_cell_alr",0.963,0.302180685358255,FALSE
"l3_adaptive_nk_cell_alr","l3_gzmk_cd56dim_nk_cell_alr",0.96,0.464583333333333,FALSE
"l3_intermediate_monocyte","l1_monocyte_alr",0.955,0.154973821989529,FALSE
"l3_isg_naive_b_cell_alr","l3_isg_cd14_monocyte_alr",0.948,0.0464135021097046,FALSE
"l2_intermediate_monocyte_alr","l2_cd16_monocyte_alr",0.945,0.184126984126984,FALSE
"l3_klrf1_effector_vd1_gdt_alr","l3_klrf1_effector_vd1_gdt_alt_alr",0.944,0.466101694915254,FALSE
"l3_proliferating_nk_cell","l1_nk_cell_alr",0.934,0.261241970021413,FALSE
"l2_naive_cd8_t_cell_alr","l3_sox4_naive_cd4_t_cell_alr",0.93,0.139784946236559,FALSE
"l2_plasma_cell_alr","l2_memory_b_cell_alr",0.929,0.133476856835307,FALSE
"l3_isg_naive_cd4_t_cell_alr","l3_isg_naive_cd8_t_cell_alr",0.908,0.924008810572687,FALSE
"l3_isg_naive_cd8_t_cell_alr","l3_isg_naive_cd4_t_cell_alr",0.908,0.0759911894273128,FALSE
"l3_cdc1","l1_dc_alr",0.899,0.129032258064516,FALSE
"l1_dc_alr","l3_cdc1",0.899,0.870967741935484,FALSE
"l2_mait_alr","l3_isg_mait_alr",0.898,0.793429844097996,FALSE
"l3_isg_mait_alr","l2_mait_alr",0.898,0.206570155902004,FALSE
"l3_isg_cd14_monocyte_alr","l3_isg_memory_cd4_t_cell_alr",0.896,0.864955357142857,FALSE
"l3_isg_memory_cd4_t_cell_alr","l3_isg_cd14_monocyte_alr",0.896,0.135044642857143,FALSE
"l2_memory_cd8_t_cell_alr","l2_proliferating_t_cell_alr",0.889,0.705286839145107,FALSE
"l2_proliferating_t_cell_alr","l2_memory_cd8_t_cell_alr",0.889,0.294713160854893,FALSE
"l2_naive_cd8_t_cell_alr","l3_sox4_naive_cd8_t_cell_alr",0.883,0.618346545866365,FALSE
"l3_sox4_naive_cd8_t_cell_alr","l2_naive_cd8_t_cell_alr",0.883,0.381653454133635,FALSE
"l2_erythrocyte","l1_b_cell_alr",0.882,0.0980725623582766,FALSE
"l1_b_cell_alr","l2_erythrocyte",0.882,0.901927437641723,FALSE
"l2_proliferating_nk_cell_alr","l1_nk_cell_alr",0.873,0.300114547537228,FALSE
"l3_isg_memory_cd4_t_cell_alr","l3_isg_memory_cd8_t_cell_alr",0.873,0.966781214203895,FALSE
"l3_isg_memory_cd8_t_cell_alr","l3_isg_memory_cd4_t_cell_alr",0.873,0.0332187857961054,FALSE
"l1_nk_cell_alr","l2_proliferating_nk_cell_alr",0.873,0.699885452462772,FALSE
"l2_mait_alr","l3_cd4_mait_alr",0.866,0.3729792147806,FALSE
"l3_cd4_mait_alr","l2_mait_alr",0.866,0.6270207852194,FALSE
"l2_asdc_alr","l1_dc_alr",0.849,0.0959952885747939,FALSE
"l1_dc_alr","l2_asdc_alr",0.849,0.904004711425206,FALSE
"l3_klrf1_gzmb_cd27_em_cd8_t_cell_alr","l3_klrf1_gzmb_cd27_em_cd8_t_cell_alt_alr",0.845,0.137278106508876,FALSE
"l3_klrf1_gzmb_cd27_em_cd8_t_cell_alt_alr","l3_klrf1_gzmb_cd27_em_cd8_t_cell_alr",0.845,0.862721893491124,FALSE
"l2_effector_b_cell_alr","l3_isg_naive_b_cell_alr",0.836,0.912679425837321,FALSE
"l3_isg_naive_b_cell_alr","l2_effector_b_cell_alr",0.836,0.0873205741626794,FALSE
"l3_activated_memory_b_cell_alr","l3_cd95_memory_b_cell_alr",0.835,0.278443113772455,FALSE
"l3_cd95_memory_b_cell_alr","l3_activated_memory_b_cell_alr",0.835,0.721556886227545,FALSE
"l3_cd14_cdc2_alr","l3_isg_cdc2_alr",0.834,0.955635491606715,FALSE
"l3_isg_cdc2_alr","l3_cd14_cdc2_alr",0.834,0.0443645083932854,FALSE
"l3_sox4_vd1_gdt_alr","l3_sox4_naive_cd8_t_cell_alr",0.828,0.109903381642512,FALSE
"l3_sox4_naive_cd8_t_cell_alr","l3_sox4_vd1_gdt_alr",0.828,0.890096618357488,FALSE
"l2_naive_cd8_t_cell_alr","l3_isg_naive_cd8_t_cell_alr",0.826,0.967312348668281,FALSE
"l3_isg_naive_cd8_t_cell_alr","l2_naive_cd8_t_cell_alr",0.826,0.0326876513317191,FALSE
"age_group","l3_sox4_naive_cd4_t_cell_alr",0.816,1,FALSE
"l3_sox4_naive_cd4_t_cell_alr","age_group",0.816,0,FALSE
"l2_mait_alr","l3_gzmb_cd27_em_cd4_t_cell_alr",0.814,0.507371007371007,FALSE
"l3_gzmb_cd27_em_cd4_t_cell_alr","l2_mait_alr",0.814,0.492628992628993,FALSE
"l3_memory_cd8_treg_alr","l3_naive_cd4_treg_alr",0.811,0.501849568434032,FALSE
"l3_naive_cd4_treg_alr","l3_memory_cd8_treg_alr",0.811,0.498150431565968,FALSE
"l2_cd56bright_nk_cell_alr","l2_proliferating_nk_cell_alr",0.81,0.687654320987654,FALSE
"l2_proliferating_nk_cell_alr","l2_cd56bright_nk_cell_alr",0.81,0.312345679012346,FALSE
"l2_cdc1_alr","l2_pdc_alr",0.808,0.351485148514851,FALSE
"l2_pdc_alr","l2_cdc1_alr",0.808,0.648514851485149,FALSE
"l3_gzmb_cd27_em_cd4_t_cell_alt_alr","l3_gzmk_cd27_em_cd8_t_cell_alt_alr",0.801,0.463171036204744,FALSE
"l3_gzmk_cd27_em_cd8_t_cell_alt_alr","l3_gzmb_cd27_em_cd4_t_cell_alt_alr",0.801,0.536828963795256,FALSE
"cmv","l3_adaptive_nk_cell_alr",0.8,1,FALSE
"l3_adaptive_nk_cell_alr","cmv",0.8,0,FALSE
"l3_gzmk_cd56dim_nk_cell_alr","l1_nk_cell_alr",0.787,0.319567979669632,FALSE
"l1_nk_cell_alr","l3_gzmk_cd56dim_nk_cell_alr",0.787,0.680432020330369,FALSE
"l3_gzmb_cd27_em_cd4_t_cell_alr","l3_gzmb_cd27_em_cd4_t_cell_alt_alr",0.782,0.542838874680307,FALSE
"l3_gzmb_cd27_em_cd4_t_cell_alt_alr","l3_gzmb_cd27_em_cd4_t_cell_alr",0.782,0.457161125319693,FALSE
"l3_cd27_effector_b_cell_alt_alr","l3_klrf1_effector_vd1_gdt_alr",0.78,0.335897435897436,FALSE
"l3_klrf1_effector_vd1_gdt_alr","l3_cd27_effector_b_cell_alt_alr",0.78,0.664102564102564,FALSE
"l3_isg_memory_cd4_t_cell_alr","l3_isg_naive_cd4_t_cell_alr",0.778,0.543701799485861,FALSE
"l3_isg_naive_cd4_t_cell_alr","l3_isg_memory_cd4_t_cell_alr",0.778,0.456298200514139,FALSE
"l2_asdc_alr","l2_pdc_alr",0.775,0.32,FALSE
"l2_pdc_alr","l2_asdc_alr",0.775,0.68,FALSE
"l3_il1b_cd14_monocyte_alr","l3_activated_memory_b_cell_alr",0.761,0.683311432325887,FALSE
"l3_activated_memory_b_cell_alr","l3_il1b_cd14_monocyte_alr",0.761,0.316688567674113,FALSE
"l2_memory_cd4_t_cell_alr","l3_isg_memory_cd8_t_cell_alr",0.76,0.930263157894737,FALSE
"l3_isg_memory_cd8_t_cell_alr","l2_memory_cd4_t_cell_alr",0.76,0.0697368421052632,FALSE
"l2_memory_b_cell_alr","l1_b_cell_alr",0.755,0.664238410596027,FALSE
"l1_b_cell_alr","l2_memory_b_cell_alr",0.755,0.335761589403974,FALSE
"l2_erythrocyte","l1_dc_alr",0.753,0.0305444887118194,FALSE
"l1_dc_alr","l2_erythrocyte",0.753,0.969455511288181,FALSE
"l3_klrf1_gzmb_cd27_memory_cd4_t_cell_alr","l3_klrf1_gzmb_cd27_em_cd8_t_cell_alt_alr",0.751,0.960053262316911,FALSE
"l3_klrf1_gzmb_cd27_em_cd8_t_cell_alt_alr","l3_klrf1_gzmb_cd27_memory_cd4_t_cell_alr",0.751,0.0399467376830892,FALSE
"l1_dc_alr","l1_progenitor_cell_alr",0.739,0.784167794316644,FALSE
"l1_progenitor_cell_alr","l1_dc_alr",0.739,0.215832205683356,FALSE
"l2_cd16_monocyte_alr","l3_c1q_cd16_monocyte_alr",0.722,0.655124653739612,FALSE
"l3_c1q_cd16_monocyte_alr","l2_cd16_monocyte_alr",0.722,0.344875346260388,FALSE
"l2_cdc1_alr","l1_dc_alr",0.721,0.196948682385576,FALSE
"l1_dc_alr","l2_cdc1_alr",0.721,0.803051317614424,FALSE
"l3_cd14_cdc2_alr","l3_gzmb_cd27_em_cd4_t_cell_alt_alr",0.72,0.463888888888889,FALSE
"l3_gzmb_cd27_em_cd4_t_cell_alt_alr","l3_cd14_cdc2_alr",0.72,0.536111111111111,FALSE
"l3_cd8aa","l2_memory_cd4_t_cell_alr",0.719,0.251738525730181,FALSE
"l2_memory_cd4_t_cell_alr","l3_cd8aa",0.719,0.748261474269819,FALSE
"l3_intermediate_monocyte","l2_cd16_monocyte_alr",0.714,0.106442577030812,FALSE
"l2_cd16_monocyte_alr","l3_intermediate_monocyte",0.714,0.893557422969188,FALSE
"l2_memory_cd8_t_cell_alr","l2_treg_alr",0.712,0.269662921348315,FALSE
"l2_treg_alr","l2_memory_cd8_t_cell_alr",0.712,0.730337078651685,FALSE
"l2_memory_cd8_t_cell_alr","l3_klrf1_gzmb_cd27_em_cd8_t_cell_alt_alr",0.71,0.11830985915493,FALSE
"l3_klrf1_gzmb_cd27_em_cd8_t_cell_alt_alr","l2_memory_cd8_t_cell_alr",0.71,0.88169014084507,FALSE
"sex","l3_early_memory_b_cell_alr",0.702,1,FALSE
"l3_early_memory_b_cell_alr","sex",0.702,0,FALSE
"l3_baeomap_cell","l2_memory_b_cell_alr",0.699,0.183118741058655,FALSE
"l2_memory_b_cell_alr","l3_baeomap_cell",0.699,0.816881258941345,FALSE
"l2_asdc_alr","l2_cdc1_alr",0.698,0.537249283667622,FALSE
"l2_cdc1_alr","l2_asdc_alr",0.698,0.462750716332378,FALSE
"l3_isg_cd56dim_nk_cell_alr","l3_isg_cdc2_alr",0.692,0.328034682080925,FALSE
"l3_isg_cdc2_alr","l3_isg_cd56dim_nk_cell_alr",0.692,0.671965317919075,FALSE
"l3_cd56bright_nk_cell","l1_nk_cell_alr",0.688,0.505813953488372,FALSE
"l1_nk_cell_alr","l3_cd56bright_nk_cell",0.688,0.494186046511628,FALSE
"l2_dn_t_cell_alr","l2_proliferating_t_cell_alr",0.687,0.248908296943231,FALSE
"l2_proliferating_t_cell_alr","l2_dn_t_cell_alr",0.687,0.751091703056769,FALSE
"l3_plasma_cell","l1_b_cell_alr",0.683,0.0907759882869692,FALSE
"l1_b_cell_alr","l3_plasma_cell",0.683,0.909224011713031,FALSE
"l2_ilc","l1_dc_alr",0.682,0.0102639296187683,FALSE
"l1_dc_alr","l2_ilc",0.682,0.989736070381232,FALSE
"l2_gdt_alr","l2_memory_cd8_t_cell_alr",0.682,0.108504398826979,FALSE
"l2_memory_cd8_t_cell_alr","l2_gdt_alr",0.682,0.891495601173021,FALSE
"l2_gdt_alr","l3_sox4_vd1_gdt_alr",0.681,0.688693098384728,FALSE
"l3_sox4_vd1_gdt_alr","l2_gdt_alr",0.681,0.311306901615272,FALSE
"l2_cd8aa_alr","l2_memory_cd8_t_cell_alr",0.67,0.0955223880597015,FALSE
"l2_memory_cd8_t_cell_alr","l2_cd8aa_alr",0.67,0.904477611940299,FALSE
"l3_gzmb_cd27_em_cd4_t_cell_alt_alr","l3_naive_cd4_treg_alr",0.667,0.502248875562219,FALSE
"l3_naive_cd4_treg_alr","l3_gzmb_cd27_em_cd4_t_cell_alt_alr",0.667,0.497751124437781,FALSE
"age_group","l2_cd16_monocyte_alr",0.661,1,FALSE
"l3_asdc","l2_pdc_alr",0.661,0.210287443267776,FALSE
"l2_pdc_alr","l3_asdc",0.661,0.789712556732224,FALSE
"l2_cd16_monocyte_alr","age_group",0.661,0,FALSE
"l3_proliferating_t_cell","l2_memory_cd8_t_cell_alr",0.655,0.294656488549618,FALSE
"l2_memory_cd8_t_cell_alr","l3_proliferating_t_cell",0.655,0.705343511450382,FALSE
"l3_gzmk_memory_cd4_treg_alr","l3_klrb1_memory_cd4_treg_alr",0.655,0.612977099236641,FALSE
"l3_klrb1_memory_cd4_treg_alr","l3_gzmk_memory_cd4_treg_alr",0.655,0.387022900763359,FALSE
"l2_platelet","l1_dc_alr",0.649,0.0107858243451464,FALSE
"l1_dc_alr","l2_platelet",0.649,0.989214175654854,FALSE
"l2_mait_alr","l3_gzmk_cd27_em_cd8_t_cell_alt_alr",0.648,0.634259259259259,FALSE
"l3_isg_cd14_monocyte_alr","l3_isg_cd56dim_nk_cell_alr",0.648,0.898148148148148,FALSE
"l3_isg_cd56dim_nk_cell_alr","l3_isg_cd14_monocyte_alr",0.648,0.101851851851852,FALSE
"l3_gzmk_cd27_em_cd8_t_cell_alt_alr","l2_mait_alr",0.648,0.365740740740741,FALSE
"l2_progenitor_cell","l3_clp_cell_alr",0.639,0.730829420970266,FALSE
"l3_cdc1","l2_pdc_alr",0.639,0.131455399061033,FALSE
"l2_pdc_alr","l3_cdc1",0.639,0.868544600938967,FALSE
"l3_clp_cell_alr","l2_progenitor_cell",0.639,0.269170579029734,FALSE
"l3_asdc","l1_dc_alr",0.634,0.149842271293375,FALSE
"l1_dc_alr","l3_asdc",0.634,0.850157728706625,FALSE
"l2_proliferating_t_cell_alr","l3_cm_cd8_t_cell_alr",0.627,0.848484848484849,FALSE
"l3_cm_cd8_t_cell_alr","l2_proliferating_t_cell_alr",0.627,0.151515151515152,FALSE
"l2_cd8aa_alr","l2_memory_cd4_t_cell_alr",0.625,0.1296,FALSE
"l2_memory_cd4_t_cell_alr","l2_cd8aa_alr",0.625,0.8704,FALSE
"l3_plasma_cell","l2_memory_b_cell_alr",0.624,0.0865384615384615,FALSE
"l2_memory_b_cell_alr","l3_plasma_cell",0.624,0.913461538461538,FALSE
"l2_transitional_b_cell_alr","l1_b_cell_alr",0.624,0.5625,FALSE
"l1_b_cell_alr","l2_transitional_b_cell_alr",0.624,0.4375,FALSE
"l2_cd16_monocyte_alr","l1_monocyte_alr",0.609,0.582922824302135,FALSE
"l1_monocyte_alr","l2_cd16_monocyte_alr",0.609,0.417077175697865,FALSE
"l2_memory_b_cell_alr","l3_cd95_memory_b_cell_alr",0.606,0.471947194719472,FALSE
"l3_cd95_memory_b_cell_alr","l2_memory_b_cell_alr",0.606,0.528052805280528,FALSE
"l3_klrf1_effector_vd1_gdt_alr","l3_sox4_vd1_gdt_alr",0.604,0.822847682119205,FALSE
"l3_sox4_vd1_gdt_alr","l3_klrf1_effector_vd1_gdt_alr",0.604,0.177152317880795,FALSE
"l3_proliferating_t_cell","l3_gzmb_cd27_em_cd4_t_cell_alr",0.596,0.62751677852349,FALSE
"l3_gzmb_cd27_em_cd4_t_cell_alr","l3_proliferating_t_cell",0.596,0.37248322147651,FALSE
"l3_isg_memory_cd8_t_cell_alr","l3_cm_cd8_t_cell_alr",0.59,0.283050847457627,FALSE
"l3_cm_cd8_t_cell_alr","l3_isg_memory_cd8_t_cell_alr",0.59,0.716949152542373,FALSE
"l3_cd8aa","l3_sox4_naive_cd4_t_cell_alr",0.589,0.738539898132428,FALSE
"l3_sox4_naive_cd4_t_cell_alr","l3_cd8aa",0.589,0.261460101867572,FALSE
"l2_plasma_cell_alr","l1_b_cell_alr",0.581,0.10671256454389,FALSE
"l2_memory_cd4_t_cell_alr","l3_naive_cd4_treg_alr",0.581,0.72289156626506,FALSE
"l3_gzmb_cd27_em_cd4_t_cell_alt_alr","l3_klrf1_gzmb_cd27_em_cd8_t_cell_alr",0.581,0.796901893287436,FALSE
"l3_klrf1_gzmb_cd27_em_cd8_t_cell_alr","l3_gzmb_cd27_em_cd4_t_cell_alt_alr",0.581,0.203098106712565,FALSE
"l3_naive_cd4_treg_alr","l2_memory_cd4_t_cell_alr",0.581,0.27710843373494,FALSE
"l1_b_cell_alr","l2_plasma_cell_alr",0.581,0.89328743545611,FALSE
"l2_dn_t_cell_alr","l2_memory_cd8_t_cell_alr",0.575,0.0591304347826087,FALSE
"l2_memory_cd8_t_cell_alr","l2_dn_t_cell_alr",0.575,0.940869565217391,FALSE
"l3_type_2_polarized_memory_b_cell_alr","l3_naive_cd4_treg_alr",0.573,0.527050610820244,FALSE
"l3_naive_cd4_treg_alr","l3_type_2_polarized_memory_b_cell_alr",0.573,0.472949389179756,FALSE
"l2_gdt_alr","l3_gzmb_vd2_gdt_alr",0.569,0.300527240773286,FALSE
"l3_gzmb_vd2_gdt_alr","l2_gdt_alr",0.569,0.699472759226713,FALSE
"l2_dn_t_cell_alr","l1_b_cell_alr",0.568,0.327464788732394,FALSE
"l1_b_cell_alr","l2_dn_t_cell_alr",0.568,0.672535211267606,FALSE
"l1_dc_alr","l1_erythrocyte_alr",0.565,0.916814159292035,FALSE
"l1_erythrocyte_alr","l1_dc_alr",0.565,0.0831858407079646,FALSE
"l2_pdc_alr","l1_dc_alr",0.555,0.0594594594594595,FALSE
"l1_dc_alr","l2_pdc_alr",0.555,0.94054054054054,FALSE
"l1_b_cell_alr","l1_progenitor_cell_alr",0.555,0.65045045045045,FALSE
"l1_progenitor_cell_alr","l1_b_cell_alr",0.555,0.34954954954955,FALSE
"cmv","l3_klrf1_effector_vd1_gdt_alt_alr",0.55,1,FALSE
"l2_proliferating_t_cell_alr","l2_treg_alr",0.55,0.467272727272727,FALSE
"l2_treg_alr","l2_proliferating_t_cell_alr",0.55,0.532727272727273,FALSE
"l3_klrf1_effector_vd1_gdt_alt_alr","cmv",0.55,0,FALSE
"l3_cd8aa","l3_naive_cd4_treg_alr",0.549,0.908925318761384,FALSE
"l3_naive_cd4_treg_alr","l3_cd8aa",0.549,0.0910746812386157,FALSE
"l3_adaptive_nk_cell_alr","l3_klrf1_effector_vd1_gdt_alt_alr",0.549,0.644808743169399,FALSE
"l3_klrf1_effector_vd1_gdt_alt_alr","l3_adaptive_nk_cell_alr",0.549,0.355191256830601,FALSE
"l2_intermediate_monocyte_alr","l1_monocyte_alr",0.542,0.03690036900369,FALSE
"l2_cd8aa_alr","l3_sox4_naive_cd4_t_cell_alr",0.542,0.702952029520295,FALSE
"l3_gzmb_vd2_gdt_alr","l3_early_memory_b_cell_alr",0.542,0.317343173431734,FALSE
"l3_early_memory_b_cell_alr","l3_gzmb_vd2_gdt_alr",0.542,0.682656826568266,FALSE
"l3_sox4_naive_cd4_t_cell_alr","l2_cd8aa_alr",0.542,0.297047970479705,FALSE
"l1_monocyte_alr","l2_intermediate_monocyte_alr",0.542,0.96309963099631,FALSE
"l2_dn_t_cell_alr","l2_memory_cd4_t_cell_alr",0.54,0.0333333333333333,FALSE
"l2_memory_cd4_t_cell_alr","l2_dn_t_cell_alr",0.54,0.966666666666667,FALSE
"l3_klrf1_effector_vd1_gdt_alr","l3_klrf1_gzmb_cd27_memory_cd4_t_cell_alr",0.539,0.0779220779220779,FALSE
"l3_klrf1_gzmb_cd27_memory_cd4_t_cell_alr","l3_klrf1_effector_vd1_gdt_alr",0.539,0.922077922077922,FALSE
"l3_proliferating_t_cell","l2_memory_cd4_t_cell_alr",0.536,0.117537313432836,FALSE
"l2_memory_cd4_t_cell_alr","l3_proliferating_t_cell",0.536,0.882462686567164,FALSE
"l2_memory_cd8_t_cell_alr","l3_klrf1_effector_vd1_gdt_alr",0.531,0.615819209039548,FALSE
"l3_klrf1_effector_vd1_gdt_alr","l2_memory_cd8_t_cell_alr",0.531,0.384180790960452,FALSE
"l3_isg_cdc2_alr","l3_isg_mait_alr",0.527,0.722960151802656,FALSE
"l3_isg_mait_alr","l3_isg_cdc2_alr",0.527,0.277039848197343,FALSE
"l2_memory_cd4_t_cell_alr","l2_proliferating_t_cell_alr",0.523,0.84321223709369,FALSE
"l2_proliferating_t_cell_alr","l2_memory_cd4_t_cell_alr",0.523,0.15678776290631,FALSE
"l3_erythrocyte","l1_b_cell_alr",0.522,0.362068965517241,FALSE
"l3_klrf1_gzmb_cd27_memory_cd4_t_cell_alr","l3_cm_cd8_t_cell_alr",0.522,0.900383141762452,FALSE
"l3_cm_cd8_t_cell_alr","l3_klrf1_gzmb_cd27_memory_cd4_t_cell_alr",0.522,0.0996168582375479,FALSE
"l1_b_cell_alr","l3_erythrocyte",0.522,0.637931034482759,FALSE
"l1_b_cell_alr","l1_erythrocyte_alr",0.52,0.778846153846154,FALSE
"l1_erythrocyte_alr","l1_b_cell_alr",0.52,0.221153846153846,FALSE
"l2_platelet","l1_erythrocyte_alr",0.517,0.117988394584139,FALSE
"l1_erythrocyte_alr","l2_platelet",0.517,0.882011605415861,FALSE
"l3_intermediate_monocyte","l3_il1b_cd14_monocyte_alr",0.516,0.670542635658915,FALSE
"l3_il1b_cd14_monocyte_alr","l3_intermediate_monocyte",0.516,0.329457364341085,FALSE
"l3_klrf1_gzmb_cd27_memory_cd4_t_cell_alr","l3_gzmb_cd27_em_cd4_t_cell_alr",0.511,0.931506849315068,FALSE
"l3_gzmb_cd27_em_cd4_t_cell_alr","l3_klrf1_gzmb_cd27_memory_cd4_t_cell_alr",0.511,0.0684931506849315,FALSE
"l3_sox4_vd1_gdt_alr","l3_type_2_polarized_memory_b_cell_alr",0.51,0.308823529411765,FALSE
"l3_type_2_polarized_memory_b_cell_alr","l3_sox4_vd1_gdt_alr",0.51,0.691176470588235,FALSE
"l1_dc_alr","l1_nk_cell_alr",0.509,0.697445972495088,FALSE
"l1_nk_cell_alr","l1_dc_alr",0.509,0.302554027504912,FALSE
"age_group","l2_gdt_alr",0.508,1,FALSE
"l2_ilc","l1_platelet_alr",0.508,0.0570866141732283,FALSE
"l2_gdt_alr","age_group",0.508,0,FALSE
"l1_platelet_alr","l2_ilc",0.508,0.942913385826772,FALSE
"l2_memory_cd4_t_cell_alr","l3_klrf1_gzmb_cd27_memory_cd4_t_cell_alr",0.507,0.57396449704142,FALSE
"l3_klrf1_gzmb_cd27_memory_cd4_t_cell_alr","l2_memory_cd4_t_cell_alr",0.507,0.42603550295858,FALSE
"l3_cd8aa","l2_memory_cd8_t_cell_alr",0.505,0.162376237623762,FALSE
"l3_cdc1","l2_asdc_alr",0.505,0.0930693069306931,FALSE
"l2_asdc_alr","l3_cdc1",0.505,0.906930693069307,FALSE
"l2_memory_cd8_t_cell_alr","l3_cd8aa",0.505,0.837623762376238,FALSE
"l3_proliferating_nk_cell","l3_sox4_naive_cd4_t_cell_alr",0.501,0.0798403193612774,FALSE
"l3_sox4_naive_cd4_t_cell_alr","l3_proliferating_nk_cell",0.501,0.920159680638723,FALSE
"l2_memory_cd4_t_cell_alr","l2_memory_cd8_t_cell_alr",0.499,0.619238476953908,FALSE
"l2_memory_cd8_t_cell_alr","l2_memory_cd4_t_cell_alr",0.499,0.380761523046092,FALSE
"l2_cd8aa_alr","l2_mait_alr",0.497,0.633802816901408,FALSE
"l2_mait_alr","l2_cd8aa_alr",0.497,0.366197183098592,FALSE
"l3_gzmk_cd56dim_nk_cell_alr","l3_cd27_effector_b_cell_alt_alr",0.497,0.710261569416499,FALSE
"l3_cd27_effector_b_cell_alt_alr","l3_gzmk_cd56dim_nk_cell_alr",0.497,0.289738430583501,FALSE
"l2_erythrocyte","l1_platelet_alr",0.496,0.108870967741935,FALSE
"l3_naive_vd1_gdt_alr","l3_isg_memory_cd8_t_cell_alr",0.496,0.395161290322581,FALSE
"l3_isg_memory_cd8_t_cell_alr","l3_naive_vd1_gdt_alr",0.496,0.604838709677419,FALSE
"l1_platelet_alr","l2_erythrocyte",0.496,0.891129032258065,FALSE
"l2_cd8aa_alr","l2_gdt_alr",0.495,0.450505050505051,FALSE
"l2_gdt_alr","l2_cd8aa_alr",0.495,0.54949494949495,FALSE
"l1_monocyte_alr","l1_b_cell_alr",0.493,0.632860040567951,FALSE
"l1_b_cell_alr","l1_monocyte_alr",0.493,0.367139959432049,FALSE
"l2_memory_cd8_t_cell_alr","l3_klrf1_gzmb_cd27_memory_cd4_t_cell_alr",0.49,0.0877551020408163,FALSE
"l3_klrf1_gzmb_cd27_memory_cd4_t_cell_alr","l2_memory_cd8_t_cell_alr",0.49,0.912244897959184,FALSE
"l1_dc_alr","l1_platelet_alr",0.49,0.961224489795918,FALSE
"l1_platelet_alr","l1_dc_alr",0.49,0.0387755102040816,FALSE
"l3_proliferating_nk_cell","l2_cd56bright_nk_cell_alr",0.489,0.155419222903885,FALSE
"l2_cd56bright_nk_cell_alr","l3_proliferating_nk_cell",0.489,0.844580777096114,FALSE
"l2_cd16_monocyte_alr","l3_cd95_memory_b_cell_alr",0.488,0.565573770491803,FALSE
"l3_cd95_memory_b_cell_alr","l2_cd16_monocyte_alr",0.488,0.434426229508197,FALSE
"l3_pdc","l1_erythrocyte_alr",0.483,0.455486542443064,FALSE
"l1_erythrocyte_alr","l3_pdc",0.483,0.544513457556936,FALSE
"l3_adaptive_nk_cell_alr","l3_klrf1_gzmb_cd27_em_cd8_t_cell_alt_alr",0.482,0.45850622406639,FALSE
"l3_klrf1_gzmb_cd27_em_cd8_t_cell_alt_alr","l3_adaptive_nk_cell_alr",0.482,0.54149377593361,FALSE
"l3_dn_t_cell","l2_memory_cd4_t_cell_alr",0.481,0.116424116424116,FALSE
"l3_baeomap_cell","l3_gzmk_cd56dim_nk_cell_alr",0.481,0.594594594594595,FALSE
"l2_memory_cd4_t_cell_alr","l3_dn_t_cell",0.481,0.883575883575884,FALSE
"l3_gzmk_cd56dim_nk_cell_alr","l3_baeomap_cell",0.481,0.405405405405405,FALSE
"l3_plasma_cell","l3_gzmb_cd27_em_cd4_t_cell_alr",0.48,0.671875,FALSE
"l3_gzmb_cd27_em_cd4_t_cell_alr","l3_plasma_cell",0.48,0.328125,FALSE
"l3_naive_vd1_gdt_alr","l3_sox4_naive_cd4_t_cell_alr",0.479,0.104384133611691,FALSE
"l3_cd95_memory_b_cell_alr","l3_klrb1_memory_cd4_treg_alr",0.479,0.631524008350731,FALSE
"l3_sox4_naive_cd4_t_cell_alr","l3_naive_vd1_gdt_alr",0.479,0.895615866388309,FALSE
"l3_klrb1_memory_cd4_treg_alr","l3_cd95_memory_b_cell_alr",0.479,0.368475991649269,FALSE
"l3_c1q_cd16_monocyte_alr","l3_klrf1_gzmb_cd27_memory_cd4_t_cell_alr",0.476,0.0504201680672269,FALSE
"l3_klrf1_gzmb_cd27_memory_cd4_t_cell_alr","l3_c1q_cd16_monocyte_alr",0.476,0.949579831932773,FALSE
"l3_platelet","l3_gzmb_cd27_em_cd4_t_cell_alr",0.476,0.668067226890756,FALSE
"l3_gzmb_cd27_em_cd4_t_cell_alr","l3_platelet",0.476,0.331932773109244,FALSE
"l2_ilc","l3_platelet",0.472,0.0466101694915254,FALSE
"l3_platelet","l2_ilc",0.472,0.953389830508475,FALSE
"l3_klrf1_gzmb_cd27_memory_cd4_t_cell_alr","l3_gzmk_cd27_em_cd8_t_cell_alt_alr",0.472,0.903601694915254,FALSE
"l3_gzmk_cd27_em_cd8_t_cell_alt_alr","l3_klrf1_gzmb_cd27_memory_cd4_t_cell_alr",0.472,0.0963983050847458,FALSE
"l2_plasma_cell_alr","l3_cd95_memory_b_cell_alr",0.47,0.334042553191489,FALSE
"l3_cd95_memory_b_cell_alr","l2_plasma_cell_alr",0.47,0.665957446808511,FALSE
"l3_dn_t_cell","l2_memory_cd8_t_cell_alr",0.469,0.0810234541577825,FALSE
"l2_memory_cd8_t_cell_alr","l3_dn_t_cell",0.469,0.918976545842218,FALSE
"l2_gdt_alr","l3_naive_vd1_gdt_alr",0.465,0.675268817204301,FALSE
"l3_naive_vd1_gdt_alr","l2_gdt_alr",0.465,0.324731182795699,FALSE
"l3_klrf1_gzmb_cd27_em_cd8_t_cell_alr","l3_gzmk_memory_cd4_treg_alr",0.464,0.165948275862069,FALSE
"l3_gzmk_memory_cd4_treg_alr","l3_klrf1_gzmb_cd27_em_cd8_t_cell_alr",0.464,0.834051724137931,FALSE
"l2_platelet","l1_b_cell_alr",0.462,0.0411255411255411,FALSE
"l1_b_cell_alr","l2_platelet",0.462,0.958874458874459,FALSE
"l2_platelet","l3_erythrocyte",0.461,0.190889370932755,FALSE
"l3_erythrocyte","l2_platelet",0.461,0.809110629067245,FALSE
"l3_cd14_cdc2_alr","l3_klrb1_memory_cd8_treg_alr",0.459,0.5,FALSE
"l3_klrb1_memory_cd8_treg_alr","l3_cd14_cdc2_alr",0.459,0.5,FALSE
"l3_gzmb_vd2_gdt_alr","l3_klrf1_effector_vd1_gdt_alt_alr",0.458,0.754366812227074,FALSE
"l3_klrf1_effector_vd1_gdt_alt_alr","l3_gzmb_vd2_gdt_alr",0.458,0.245633187772926,FALSE
"l3_plasma_cell","l3_cd95_memory_b_cell_alr",0.456,0.576754385964912,FALSE
"l3_cd95_memory_b_cell_alr","l3_plasma_cell",0.456,0.423245614035088,FALSE
"l2_platelet","l1_ilc_alr",0.455,0.208791208791209,FALSE
"l1_ilc_alr","l2_platelet",0.455,0.791208791208791,FALSE
"age_group","l3_cm_cd8_t_cell_alr",0.449,1,FALSE
"l3_erythrocyte","l3_pdc",0.449,0.478841870824053,FALSE
"l3_pdc","l3_erythrocyte",0.449,0.521158129175947,FALSE
"l3_cm_cd8_t_cell_alr","age_group",0.449,0,FALSE
"l2_ilc","l1_b_cell_alr",0.446,0.0179372197309417,FALSE
"l1_b_cell_alr","l2_ilc",0.446,0.982062780269058,FALSE
"l3_gzmb_vd2_gdt_alr","l3_memory_cd8_treg_alr",0.445,0.512359550561798,FALSE
"l3_memory_cd8_treg_alr","l3_gzmb_vd2_gdt_alr",0.445,0.487640449438202,FALSE
"l1_dc_alr","l1_ilc_alr",0.445,0.930337078651685,FALSE
"l1_ilc_alr","l1_dc_alr",0.445,0.0696629213483146,FALSE
"l2_pdc_alr","l3_isg_naive_cd4_t_cell_alr",0.443,0.467268623024831,FALSE
"l3_isg_naive_cd4_t_cell_alr","l2_pdc_alr",0.443,0.532731376975169,FALSE
"age_group","l2_cd8aa_alr",0.439,1,FALSE
"l2_cd8aa_alr","age_group",0.439,0,FALSE
"l3_c1q_cd16_monocyte_alr","l3_isg_cd16_monocyte_alr",0.438,0.242009132420091,FALSE
"l3_isg_cd16_monocyte_alr","l3_c1q_cd16_monocyte_alr",0.438,0.757990867579909,FALSE
"l3_erythrocyte","l1_dc_alr",0.437,0.130434782608696,FALSE
"l3_isg_memory_cd4_t_cell_alr","l3_isg_naive_cd8_t_cell_alr",0.437,0.764302059496568,FALSE
"l3_isg_naive_cd8_t_cell_alr","l3_isg_memory_cd4_t_cell_alr",0.437,0.235697940503432,FALSE
"l1_dc_alr","l3_erythrocyte",0.437,0.869565217391304,FALSE
"cmv","l3_cm_cd8_t_cell_alr",0.435,1,FALSE
"l3_cm_cd8_t_cell_alr","cmv",0.435,0,FALSE
"l3_pdc","l1_platelet_alr",0.434,0.580645161290323,FALSE
"l1_platelet_alr","l3_pdc",0.434,0.419354838709677,FALSE
"l3_plasma_cell","l3_isg_naive_b_cell_alr",0.433,0.371824480369515,FALSE
"l3_isg_naive_b_cell_alr","l3_plasma_cell",0.433,0.628175519630485,FALSE
"l2_memory_cd8_t_cell_alr","l3_cm_cd8_t_cell_alr",0.433,0.501154734411085,FALSE
"l3_isg_cd56dim_nk_cell_alr","l3_type_2_polarized_memory_b_cell_alr",0.433,0.106235565819861,FALSE
"l3_type_2_polarized_memory_b_cell_alr","l3_isg_cd56dim_nk_cell_alr",0.433,0.893764434180139,FALSE
"l3_cm_cd8_t_cell_alr","l2_memory_cd8_t_cell_alr",0.433,0.498845265588915,FALSE
"l2_platelet","l3_ilc",0.43,0.267441860465116,FALSE
"l3_ilc","l2_platelet",0.43,0.732558139534884,FALSE
"l3_isg_cd16_monocyte_alr","l3_isg_cd56dim_nk_cell_alr",0.429,0.798368298368298,FALSE
"l3_isg_cd56dim_nk_cell_alr","l3_isg_cd16_monocyte_alr",0.429,0.201631701631702,FALSE
"l2_erythrocyte","l1_nk_cell_alr",0.428,0.0771028037383178,FALSE
"l2_proliferating_nk_cell_alr","l3_adaptive_nk_cell_alr",0.428,0.785046728971963,FALSE
"l3_adaptive_nk_cell_alr","l2_proliferating_nk_cell_alr",0.428,0.214953271028037,FALSE
"l1_nk_cell_alr","l2_erythrocyte",0.428,0.922897196261682,FALSE
"l3_baeomap_cell","l3_klrf1_gzmb_cd27_em_cd8_t_cell_alt_alr",0.425,0.350588235294118,FALSE
"l3_klrf1_gzmb_cd27_em_cd8_t_cell_alt_alr","l3_baeomap_cell",0.425,0.649411764705882,FALSE
"l3_sox4_vd1_gdt_alr","l3_gzmk_memory_cd4_treg_alr",0.424,0.123820754716981,FALSE
"l3_gzmk_memory_cd4_treg_alr","l3_sox4_vd1_gdt_alr",0.424,0.876179245283019,FALSE
"l3_dn_t_cell","l1_b_cell_alr",0.422,0.390995260663507,FALSE
"l1_b_cell_alr","l3_dn_t_cell",0.422,0.609004739336493,FALSE
"l2_gdt_alr","l2_naive_cd8_t_cell_alr",0.422,0.308056872037915,FALSE
"l2_naive_cd8_t_cell_alr","l2_gdt_alr",0.422,0.691943127962085,FALSE
"l3_baeomap_cell","l2_gdt_alr",0.421,0.646080760095012,FALSE
"l2_gdt_alr","l3_baeomap_cell",0.421,0.353919239904988,FALSE
"cmv","l3_gzmk_cd27_em_cd8_t_cell_alt_alr",0.421,1,FALSE
"l3_gzmk_cd27_em_cd8_t_cell_alt_alr","cmv",0.421,0,FALSE
"l2_memory_b_cell_alr","l3_early_memory_b_cell_alr",0.418,0.340909090909091,FALSE
"l3_early_memory_b_cell_alr","l2_memory_b_cell_alr",0.418,0.659090909090909,FALSE
"l2_intermediate_monocyte_alr","l3_gzmb_cd27_em_cd4_t_cell_alt_alr",0.416,0.413461538461538,FALSE
"l3_gzmb_cd27_em_cd4_t_cell_alt_alr","l2_intermediate_monocyte_alr",0.416,0.586538461538462,FALSE
"l2_mait_alr","l3_cd95_memory_b_cell_alr",0.415,0.395180722891566,FALSE
"l3_cd95_memory_b_cell_alr","l2_mait_alr",0.415,0.604819277108434,FALSE
"l2_transitional_b_cell_alr","l3_cd4_mait_alr",0.414,0.497584541062802,FALSE
"l3_cd4_mait_alr","l2_transitional_b_cell_alr",0.414,0.502415458937198,FALSE
"l2_mait_alr","l2_memory_cd8_t_cell_alr",0.412,0.597087378640777,FALSE
"l2_memory_cd8_t_cell_alr","l2_mait_alr",0.412,0.402912621359223,FALSE
"l2_mait_alr","l2_memory_cd4_t_cell_alr",0.412,0.279126213592233,FALSE
"l2_memory_cd4_t_cell_alr","l2_mait_alr",0.412,0.720873786407767,FALSE
"l3_baeomap_cell","l2_cd16_monocyte_alr",0.41,0.558536585365854,FALSE
"l2_cd16_monocyte_alr","l3_baeomap_cell",0.41,0.441463414634146,FALSE
"l3_asdc","l2_cdc1_alr",0.407,0.15970515970516,FALSE
"l2_cdc1_alr","l3_asdc",0.407,0.84029484029484,FALSE
"l3_cdc1","l1_erythrocyte_alr",0.406,0.17487684729064,FALSE
"l2_cd56bright_nk_cell_alr","l3_gzmk_cd56dim_nk_cell_alr",0.406,0.640394088669951,FALSE
"l3_gzmk_cd56dim_nk_cell_alr","l2_cd56bright_nk_cell_alr",0.406,0.359605911330049,FALSE
"l1_erythrocyte_alr","l3_cdc1",0.406,0.82512315270936,FALSE
"l3_platelet","l3_activated_memory_b_cell_alr",0.404,0.57549504950495,FALSE
"l2_mait_alr","l3_naive_vd1_gdt_alr",0.404,0.650990099009901,FALSE
"l3_naive_vd1_gdt_alr","l2_mait_alr",0.404,0.349009900990099,FALSE
"l3_activated_memory_b_cell_alr","l3_platelet",0.404,0.424504950495049,FALSE
"l2_ilc","l1_erythrocyte_alr",0.403,0.0297766749379653,FALSE
"l3_dn_t_cell","l3_isg_naive_cd8_t_cell_alr",0.403,0.682382133995037,FALSE
"l3_isg_naive_cd8_t_cell_alr","l3_dn_t_cell",0.403,0.317617866004963,FALSE
"l1_erythrocyte_alr","l2_ilc",0.403,0.970223325062035,FALSE
"age_group","l3_cd8aa",0.401,1,FALSE
"l2_platelet","l1_nk_cell_alr",0.401,0.029925187032419,FALSE
"l3_cd8aa","age_group",0.401,0,FALSE
"l1_nk_cell_alr","l2_platelet",0.401,0.970074812967581,FALSE
"l3_proliferating_t_cell","l3_gzmb_cd27_em_cd4_t_cell_alt_alr",0.401,0.711970074812968,FALSE
"l3_gzmb_cd27_em_cd4_t_cell_alt_alr","l3_proliferating_t_cell",0.401,0.288029925187032,FALSE
"l3_isg_mait_alr","l3_naive_cd4_treg_alr",0.399,0.553884711779449,FALSE
"l3_naive_cd4_treg_alr","l3_isg_mait_alr",0.399,0.446115288220551,FALSE
"l3_klrf1_gzmb_cd27_em_cd8_t_cell_alt_alr","l3_gzmk_memory_cd4_treg_alr",0.397,0.448362720403023,FALSE
"l3_gzmk_memory_cd4_treg_alr","l3_klrf1_gzmb_cd27_em_cd8_t_cell_alt_alr",0.397,0.551637279596977,FALSE
"l3_klrf1_effector_vd1_gdt_alt_alr","l3_klrf1_gzmb_cd27_em_cd8_t_cell_alt_alr",0.396,0.431818181818182,FALSE
"l3_klrf1_gzmb_cd27_em_cd8_t_cell_alt_alr","l3_klrf1_effector_vd1_gdt_alt_alr",0.396,0.568181818181818,FALSE
"l2_erythrocyte","l3_platelet",0.394,0.149746192893401,FALSE
"l3_platelet","l2_erythrocyte",0.394,0.850253807106599,FALSE
"l3_activated_memory_b_cell_alr","l3_gzmb_cd27_em_cd4_t_cell_alt_alr",0.393,0.478371501272265,FALSE
"l3_gzmb_cd27_em_cd4_t_cell_alt_alr","l3_activated_memory_b_cell_alr",0.393,0.521628498727735,FALSE
"age_group","l2_naive_cd8_t_cell_alr",0.392,1,FALSE
"l2_pdc_alr","l3_early_memory_b_cell_alr",0.392,0.535714285714286,FALSE
"l2_naive_cd8_t_cell_alr","age_group",0.392,0,FALSE
"l3_early_memory_b_cell_alr","l2_pdc_alr",0.392,0.464285714285714,FALSE
"l1_erythrocyte_alr","l1_platelet_alr",0.392,0.461734693877551,FALSE
"l1_platelet_alr","l1_erythrocyte_alr",0.392,0.538265306122449,FALSE
"l3_cm_cd8_t_cell_alr","l3_klrb1_memory_cd4_treg_alr",0.391,0.388746803069054,FALSE
"l3_klrb1_memory_cd4_treg_alr","l3_cm_cd8_t_cell_alr",0.391,0.611253196930946,FALSE
"l2_progenitor_cell","l1_dc_alr",0.39,0.283333333333333,FALSE
"l1_dc_alr","l2_progenitor_cell",0.39,0.716666666666667,FALSE
"l3_cdc1","l3_erythrocyte",0.388,0.175257731958763,FALSE
"l3_erythrocyte","l3_cdc1",0.388,0.824742268041237,FALSE
"l3_cd56bright_nk_cell","l3_klrf1_gzmb_cd27_memory_cd4_t_cell_alr",0.387,0.062015503875969,FALSE
"l3_cd8aa","l1_monocyte_alr",0.387,0.361757105943152,FALSE
"l2_dn_t_cell_alr","l2_treg_alr",0.387,0.222222222222222,FALSE
"l2_gdt_alr","l2_proliferating_t_cell_alr",0.387,0.697674418604651,FALSE
"l2_proliferating_t_cell_alr","l2_gdt_alr",0.387,0.302325581395349,FALSE
"l2_treg_alr","l2_dn_t_cell_alr",0.387,0.777777777777778,FALSE
"l3_klrf1_effector_vd1_gdt_alr","l3_early_memory_b_cell_alr",0.387,0.315245478036176,FALSE
"l3_early_memory_b_cell_alr","l3_klrf1_effector_vd1_gdt_alr",0.387,0.684754521963824,FALSE
"l3_klrf1_gzmb_cd27_memory_cd4_t_cell_alr","l3_cd56bright_nk_cell",0.387,0.937984496124031,FALSE
"l1_monocyte_alr","l3_cd8aa",0.387,0.638242894056848,FALSE
"l2_cdc1_alr","l1_platelet_alr",0.386,0.323834196891192,FALSE
"l2_pdc_alr","l1_erythrocyte_alr",0.386,0.512953367875648,FALSE
"l1_erythrocyte_alr","l2_pdc_alr",0.386,0.487046632124352,FALSE
"l1_platelet_alr","l2_cdc1_alr",0.386,0.676165803108808,FALSE
"l3_dn_t_cell","l3_klrf1_effector_vd1_gdt_alt_alr",0.383,0.501305483028721,FALSE
"l3_erythrocyte","l3_transitional_b_cell",0.383,0.934725848563969,FALSE
"l3_transitional_b_cell","l3_erythrocyte",0.383,0.0652741514360313,FALSE
"l3_baeomap_cell","l3_gzmk_memory_cd4_treg_alr",0.383,0.373368146214099,FALSE
"l2_dn_t_cell_alr","l2_naive_cd8_t_cell_alr",0.383,0.148825065274151,FALSE
"l2_gdt_alr","l3_memory_cd8_treg_alr",0.383,0.391644908616188,FALSE
"l2_naive_cd8_t_cell_alr","l2_dn_t_cell_alr",0.383,0.851174934725849,FALSE
"l3_klrf1_effector_vd1_gdt_alt_alr","l3_dn_t_cell",0.383,0.498694516971279,FALSE
"l3_gzmk_memory_cd4_treg_alr","l3_baeomap_cell",0.383,0.626631853785901,FALSE
"l3_memory_cd8_treg_alr","l2_gdt_alr",0.383,0.608355091383812,FALSE
"l3_pdc","l3_platelet",0.382,0.607329842931937,FALSE
"l3_platelet","l3_pdc",0.382,0.392670157068063,FALSE
"l3_transitional_b_cell","l1_erythrocyte_alr",0.382,0.0602094240837696,FALSE
"l1_erythrocyte_alr","l3_transitional_b_cell",0.382,0.93979057591623,FALSE
"l3_isg_memory_cd4_t_cell_alr","l3_isg_naive_b_cell_alr",0.381,0.721784776902887,FALSE
"l3_klrf1_gzmb_cd27_em_cd8_t_cell_alr","l1_nk_cell_alr",0.381,0.228346456692913,FALSE
"l3_isg_naive_b_cell_alr","l3_isg_memory_cd4_t_cell_alr",0.381,0.278215223097113,FALSE
"l1_nk_cell_alr","l3_klrf1_gzmb_cd27_em_cd8_t_cell_alr",0.381,0.771653543307087,FALSE
"l3_klrf1_effector_vd1_gdt_alr","l3_klrf1_gzmb_cd27_em_cd8_t_cell_alr",0.38,0.539473684210526,FALSE
"l3_klrf1_gzmb_cd27_em_cd8_t_cell_alr","l3_klrf1_effector_vd1_gdt_alr",0.38,0.460526315789474,FALSE
"l3_isg_naive_b_cell_alr","l3_isg_naive_cd4_t_cell_alr",0.38,0.447368421052632,FALSE
"l3_isg_naive_cd4_t_cell_alr","l3_isg_naive_b_cell_alr",0.38,0.552631578947368,FALSE
"l3_cd8aa","l3_klrb1_memory_cd8_treg_alr",0.379,0.828496042216359,FALSE
"l3_c1q_cd16_monocyte_alr","l3_clp_cell_alr",0.379,0.560686015831135,FALSE
"l3_clp_cell_alr","l3_c1q_cd16_monocyte_alr",0.379,0.439313984168865,FALSE
"l3_klrb1_memory_cd8_treg_alr","l3_cd8aa",0.379,0.171503957783641,FALSE
"l3_pdc","l2_asdc_alr",0.378,0.0343915343915344,FALSE
"l2_asdc_alr","l3_pdc",0.378,0.965608465608466,FALSE
"l2_mait_alr","l2_naive_cd8_t_cell_alr",0.378,0.529100529100529,FALSE
"l2_naive_cd8_t_cell_alr","l2_mait_alr",0.378,0.470899470899471,FALSE
"l2_ilc","l3_klrf1_gzmb_cd27_memory_cd4_t_cell_alr",0.377,0.0159151193633952,FALSE
"l2_memory_b_cell_alr","l3_type_2_polarized_memory_b_cell_alr",0.377,0.563660477453581,FALSE
"l3_type_2_polarized_memory_b_cell_alr","l2_memory_b_cell_alr",0.377,0.436339522546419,FALSE
"l3_klrf1_gzmb_cd27_memory_cd4_t_cell_alr","l2_ilc",0.377,0.984084880636605,FALSE
"l3_proliferating_t_cell","l3_isg_memory_cd4_t_cell_alr",0.376,0.473404255319149,FALSE
"l3_isg_memory_cd4_t_cell_alr","l3_proliferating_t_cell",0.376,0.526595744680851,FALSE
"l2_ilc","l3_erythrocyte",0.375,0.0453333333333333,FALSE
"l3_erythrocyte","l2_ilc",0.375,0.954666666666667,FALSE
"l3_erythrocyte","l2_pdc_alr",0.375,0.477333333333333,FALSE
"l2_pdc_alr","l3_erythrocyte",0.375,0.522666666666667,FALSE
"l3_cd95_memory_b_cell_alr","l3_cm_cd8_t_cell_alr",0.375,0.432,FALSE
"l3_cm_cd8_t_cell_alr","l3_cd95_memory_b_cell_alr",0.375,0.568,FALSE
"l2_dn_t_cell_alr","l3_klrb1_memory_cd4_treg_alr",0.374,0.717914438502674,FALSE
"l3_klrb1_memory_cd4_treg_alr","l2_dn_t_cell_alr",0.374,0.282085561497326,FALSE
"l1_nk_cell_alr","l1_erythrocyte_alr",0.374,0.625668449197861,FALSE
"l1_erythrocyte_alr","l1_nk_cell_alr",0.374,0.374331550802139,FALSE
"l2_cd8aa_alr","l2_proliferating_t_cell_alr",0.372,0.508064516129032,FALSE
"l2_proliferating_t_cell_alr","l2_cd8aa_alr",0.372,0.491935483870968,FALSE
"l3_klrf1_gzmb_cd27_em_cd8_t_cell_alr","l1_progenitor_cell_alr",0.372,0.435483870967742,FALSE
"l1_progenitor_cell_alr","l3_klrf1_gzmb_cd27_em_cd8_t_cell_alr",0.372,0.564516129032258,FALSE
"l3_pdc","l2_cdc1_alr",0.371,0.0808625336927224,FALSE
"l2_cdc1_alr","l3_pdc",0.371,0.919137466307278,FALSE
"l2_dn_t_cell_alr","l2_gdt_alr",0.371,0.16711590296496,FALSE
"l2_gdt_alr","l2_dn_t_cell_alr",0.371,0.83288409703504,FALSE
"l3_erythrocyte","l3_isg_naive_cd4_t_cell_alr",0.37,0.362162162162162,FALSE
"l2_memory_cd4_t_cell_alr","l3_isg_naive_cd4_t_cell_alr",0.37,0.874324324324324,FALSE
"l3_isg_naive_cd4_t_cell_alr","l3_erythrocyte",0.37,0.637837837837838,FALSE
"l3_isg_naive_cd4_t_cell_alr","l2_memory_cd4_t_cell_alr",0.37,0.125675675675676,FALSE
"l3_isg_memory_cd4_t_cell_alr","l1_monocyte_alr",0.369,0.260162601626016,FALSE
"l1_monocyte_alr","l3_isg_memory_cd4_t_cell_alr",0.369,0.739837398373984,FALSE
"l2_memory_b_cell_alr","l3_c1q_cd16_monocyte_alr",0.368,0.516304347826087,FALSE
"l3_c1q_cd16_monocyte_alr","l2_memory_b_cell_alr",0.368,0.483695652173913,FALSE
"l3_gzmb_cd27_em_cd4_t_cell_alr","l3_klrf1_gzmb_cd27_em_cd8_t_cell_alt_alr",0.368,0.418478260869565,FALSE
"l3_klrf1_gzmb_cd27_em_cd8_t_cell_alt_alr","l3_gzmb_cd27_em_cd4_t_cell_alr",0.368,0.581521739130435,FALSE
"l2_pdc_alr","l1_platelet_alr",0.367,0.588555858310627,FALSE
"l3_clp_cell_alr","l1_b_cell_alr",0.367,0.407356948228883,FALSE
"l1_b_cell_alr","l3_clp_cell_alr",0.367,0.592643051771117,FALSE
"l1_platelet_alr","l2_pdc_alr",0.367,0.411444141689373,FALSE
"l3_plasma_cell","l3_isg_naive_cd8_t_cell_alr",0.366,0.852459016393443,FALSE
"l3_platelet","l2_cdc1_alr",0.366,0.620218579234973,FALSE
"l2_cdc1_alr","l3_platelet",0.366,0.379781420765027,FALSE
"l2_cd8aa_alr","l2_dn_t_cell_alr",0.366,0.713114754098361,FALSE
"l2_dn_t_cell_alr","l2_cd8aa_alr",0.366,0.286885245901639,FALSE
"l3_isg_naive_cd8_t_cell_alr","l3_plasma_cell",0.366,0.147540983606557,FALSE
"l3_cd4_mait_alr","l3_gzmb_cd27_em_cd4_t_cell_alr",0.365,0.583561643835616,FALSE
"l3_gzmb_cd27_em_cd4_t_cell_alr","l3_cd4_mait_alr",0.365,0.416438356164384,FALSE
"l2_cd8aa_alr","l3_gzmb_cd27_em_cd4_t_cell_alr",0.364,0.623626373626374,FALSE
"l3_cd27_effector_b_cell_alt_alr","l3_klrb1_memory_cd4_treg_alr",0.364,0.483516483516484,FALSE
"l3_gzmb_cd27_em_cd4_t_cell_alr","l2_cd8aa_alr",0.364,0.376373626373626,FALSE
"l3_klrb1_memory_cd4_treg_alr","l3_cd27_effector_b_cell_alt_alr",0.364,0.516483516483517,FALSE
"l2_effector_b_cell_alr","l3_klrf1_gzmb_cd27_memory_cd4_t_cell_alr",0.363,0.0606060606060606,FALSE
"l3_klrf1_gzmb_cd27_memory_cd4_t_cell_alr","l2_effector_b_cell_alr",0.363,0.939393939393939,FALSE
"l3_adaptive_nk_cell_alr","l3_klrf1_effector_vd1_gdt_alr",0.363,0.65564738292011,FALSE
"l3_klrf1_effector_vd1_gdt_alr","l3_adaptive_nk_cell_alr",0.363,0.34435261707989,FALSE
"l3_sox4_vd1_gdt_alr","l3_isg_mait_alr",0.363,0.245179063360882,FALSE
"l3_isg_mait_alr","l3_sox4_vd1_gdt_alr",0.363,0.754820936639119,FALSE
"age_group","l2_intermediate_monocyte_alr",0.362,1,FALSE
"l2_plasma_cell_alr","l2_proliferating_t_cell_alr",0.362,0.160220994475138,FALSE
"l2_intermediate_monocyte_alr","age_group",0.362,0,FALSE
"l2_proliferating_t_cell_alr","l2_plasma_cell_alr",0.362,0.839779005524862,FALSE
"l3_isg_cd56dim_nk_cell_alr","l3_klrf1_effector_vd1_gdt_alt_alr",0.362,0.284530386740331,FALSE
"l3_klrf1_effector_vd1_gdt_alt_alr","l3_isg_cd56dim_nk_cell_alr",0.362,0.715469613259669,FALSE
"l3_cm_cd8_t_cell_alr","l1_monocyte_alr",0.361,0.229916897506925,FALSE
"l1_monocyte_alr","l3_cm_cd8_t_cell_alr",0.361,0.770083102493075,FALSE
"l3_proliferating_nk_cell","l3_c1q_cd16_monocyte_alr",0.361,0.789473684210526,FALSE
"l3_c1q_cd16_monocyte_alr","l3_proliferating_nk_cell",0.361,0.210526315789474,FALSE
"l3_klrf1_gzmb_cd27_em_cd8_t_cell_alt_alr","l3_naive_cd4_treg_alr",0.361,0.700831024930748,FALSE
"l3_naive_cd4_treg_alr","l3_klrf1_gzmb_cd27_em_cd8_t_cell_alt_alr",0.361,0.299168975069252,FALSE
"l2_cd8aa_alr","l1_dc_alr",0.36,0.111111111111111,FALSE
"l1_dc_alr","l2_cd8aa_alr",0.36,0.888888888888889,FALSE
"l2_memory_b_cell_alr","l2_transitional_b_cell_alr",0.359,0.598885793871866,FALSE
"l2_transitional_b_cell_alr","l2_memory_b_cell_alr",0.359,0.401114206128134,FALSE
"l3_cd27_effector_b_cell_alt_alr","l3_klrf1_gzmb_cd27_em_cd8_t_cell_alt_alr",0.358,0.508379888268156,FALSE
"l3_klrf1_gzmb_cd27_em_cd8_t_cell_alt_alr","l3_cd27_effector_b_cell_alt_alr",0.358,0.491620111731844,FALSE
"l3_klrf1_gzmb_cd27_em_cd8_t_cell_alt_alr","l3_sox4_naive_cd8_t_cell_alr",0.356,0.792134831460674,FALSE
"l3_sox4_naive_cd8_t_cell_alr","l3_klrf1_gzmb_cd27_em_cd8_t_cell_alt_alr",0.356,0.207865168539326,FALSE
"l2_mait_alr","l2_proliferating_t_cell_alr",0.354,0.793785310734463,FALSE
"l2_proliferating_t_cell_alr","l2_mait_alr",0.354,0.206214689265537,FALSE
"l3_isg_cd16_monocyte_alr","l3_isg_mait_alr",0.354,0.786723163841808,FALSE
"l3_isg_mait_alr","l3_isg_cd16_monocyte_alr",0.354,0.213276836158192,FALSE
"l1_b_cell_alr","l1_platelet_alr",0.354,0.720338983050848,FALSE
"l1_platelet_alr","l1_b_cell_alr",0.354,0.279661016949153,FALSE
"l2_gdt_alr","l2_mait_alr",0.352,0.588068181818182,FALSE
"l2_mait_alr","l2_gdt_alr",0.352,0.411931818181818,FALSE
"l3_naive_vd1_gdt_alr","l3_gzmb_cd27_em_cd4_t_cell_alr",0.352,0.377840909090909,FALSE
"l3_gzmb_cd27_em_cd4_t_cell_alr","l3_naive_vd1_gdt_alr",0.352,0.622159090909091,FALSE
"l2_dn_t_cell_alr","l2_mait_alr",0.35,0.12,FALSE
"l2_mait_alr","l2_dn_t_cell_alr",0.35,0.88,FALSE
"l3_platelet","l1_dc_alr",0.349,0.0429799426934097,FALSE
"l1_dc_alr","l3_platelet",0.349,0.95702005730659,FALSE
"age_group","l3_intermediate_monocyte",0.349,1,FALSE
"l3_intermediate_monocyte","age_group",0.349,0,FALSE
"l3_klrf1_effector_vd1_gdt_alt_alr","l3_sox4_vd1_gdt_alr",0.349,0.616045845272206,FALSE
"l3_sox4_vd1_gdt_alr","l3_klrf1_effector_vd1_gdt_alt_alr",0.349,0.383954154727794,FALSE
"l3_proliferating_nk_cell","l3_klrf1_gzmb_cd27_memory_cd4_t_cell_alr",0.347,0.0115273775216138,FALSE
"l3_klrf1_gzmb_cd27_memory_cd4_t_cell_alr","l3_proliferating_nk_cell",0.347,0.988472622478386,FALSE
"l1_nk_cell_alr","l1_ilc_alr",0.347,0.651296829971182,FALSE
"l1_ilc_alr","l1_nk_cell_alr",0.347,0.348703170028818,FALSE
"l3_pdc","l3_activated_memory_b_cell_alr",0.346,0.797687861271676,FALSE
"l3_activated_memory_b_cell_alr","l3_pdc",0.346,0.202312138728324,FALSE
"l3_gzmk_cd27_em_cd8_t_cell_alt_alr","l1_monocyte_alr",0.346,0.179190751445087,FALSE
"l1_monocyte_alr","l3_gzmk_cd27_em_cd8_t_cell_alt_alr",0.346,0.820809248554913,FALSE
"l2_proliferating_t_cell_alr","l1_dc_alr",0.345,0.191304347826087,FALSE
"l1_dc_alr","l2_proliferating_t_cell_alr",0.345,0.808695652173913,FALSE
"l3_cdc1","l3_adaptive_nk_cell_alr",0.345,0.620289855072464,FALSE
"l3_adaptive_nk_cell_alr","l3_cdc1",0.345,0.379710144927536,FALSE
"l3_intermediate_monocyte","l3_isg_cd16_monocyte_alr",0.344,0.421511627906977,FALSE
"l2_cd8aa_alr","l2_naive_cd8_t_cell_alr",0.344,0.395348837209302,FALSE
"l2_naive_cd8_t_cell_alr","l2_cd8aa_alr",0.344,0.604651162790698,FALSE
"l2_naive_cd8_t_cell_alr","l3_klrb1_memory_cd4_treg_alr",0.344,0.26453488372093,FALSE
"l3_isg_cd16_monocyte_alr","l3_intermediate_monocyte",0.344,0.578488372093023,FALSE
"l3_klrb1_memory_cd4_treg_alr","l2_naive_cd8_t_cell_alr",0.344,0.73546511627907,FALSE
"l2_platelet","l3_klrf1_gzmb_cd27_memory_cd4_t_cell_alr",0.34,0.0147058823529412,FALSE
"l3_klrf1_gzmb_cd27_memory_cd4_t_cell_alr","l2_platelet",0.34,0.985294117647059,FALSE
"l2_intermediate_monocyte_alr","l3_il1b_cd14_monocyte_alr",0.34,0.629411764705882,FALSE
"l3_il1b_cd14_monocyte_alr","l2_intermediate_monocyte_alr",0.34,0.370588235294118,FALSE
"l3_intermediate_monocyte","l2_naive_cd8_t_cell_alr",0.339,0.315634218289085,FALSE
"l2_naive_cd8_t_cell_alr","l3_intermediate_monocyte",0.339,0.684365781710914,FALSE
"l3_cd8aa","l2_proliferating_t_cell_alr",0.339,0.162241887905605,FALSE
"l3_plasma_cell","l2_effector_b_cell_alr",0.339,0.165191740412979,FALSE
"l2_effector_b_cell_alr","l3_plasma_cell",0.339,0.834808259587021,FALSE
"l2_proliferating_t_cell_alr","l3_cd8aa",0.339,0.837758112094395,FALSE
"l3_proliferating_t_cell","l2_cd8aa_alr",0.338,0.0532544378698225,FALSE
"l2_cd8aa_alr","l3_proliferating_t_cell",0.338,0.946745562130177,FALSE
"l3_gzmb_cd27_em_cd4_t_cell_alt_alr","l3_memory_cd8_treg_alr",0.338,0.57396449704142,FALSE
"l3_memory_cd8_treg_alr","l3_gzmb_cd27_em_cd4_t_cell_alt_alr",0.338,0.42603550295858,FALSE
"l2_asdc_alr","l1_erythrocyte_alr",0.337,0.341246290801187,FALSE
"l3_isg_cd56dim_nk_cell_alr","l1_nk_cell_alr",0.337,0.0801186943620178,FALSE
"l1_nk_cell_alr","l3_isg_cd56dim_nk_cell_alr",0.337,0.919881305637982,FALSE
"l1_erythrocyte_alr","l2_asdc_alr",0.337,0.658753709198813,FALSE
"l3_baeomap_cell","l1_b_cell_alr",0.337,0.522255192878338,FALSE
"l1_b_cell_alr","l3_baeomap_cell",0.337,0.477744807121662,FALSE
"l2_mait_alr","l3_klrf1_effector_vd1_gdt_alr",0.336,0.511904761904762,FALSE
"l3_klrf1_effector_vd1_gdt_alr","l2_mait_alr",0.336,0.488095238095238,FALSE
"l3_naive_vd1_gdt_alr","l1_dc_alr",0.335,0.113432835820896,FALSE
"l1_dc_alr","l3_naive_vd1_gdt_alr",0.335,0.886567164179105,FALSE
"l1_ilc_alr","l1_platelet_alr",0.334,0.317365269461078,FALSE
"l1_platelet_alr","l1_ilc_alr",0.334,0.682634730538922,FALSE
"l3_platelet","l2_pdc_alr",0.333,0.42042042042042,FALSE
"l2_pdc_alr","l3_platelet",0.333,0.57957957957958,FALSE
"l3_isg_cd56dim_nk_cell_alr","l3_cd4_mait_alr",0.333,0.0570570570570571,FALSE
"l3_cd4_mait_alr","l3_isg_cd56dim_nk_cell_alr",0.333,0.942942942942943,FALSE
"l3_cd8aa","l1_dc_alr",0.333,0.141141141141141,FALSE
"l1_dc_alr","l3_cd8aa",0.333,0.858858858858859,FALSE
"sex","l3_isg_cdc2_alr",0.332,1,FALSE
"l3_isg_cdc2_alr","sex",0.332,0,FALSE
"l3_gzmk_cd56dim_nk_cell_alr","l3_klrf1_gzmb_cd27_memory_cd4_t_cell_alr",0.331,0.123867069486405,FALSE
"l3_klrf1_gzmb_cd27_memory_cd4_t_cell_alr","l3_gzmk_cd56dim_nk_cell_alr",0.331,0.876132930513595,FALSE
"l3_gzmb_cd27_em_cd4_t_cell_alt_alr","l3_sox4_naive_cd8_t_cell_alr",0.331,0.854984894259819,FALSE
"l3_sox4_naive_cd8_t_cell_alr","l3_gzmb_cd27_em_cd4_t_cell_alt_alr",0.331,0.145015105740181,FALSE
"l2_asdc_alr","l3_sox4_naive_cd8_t_cell_alr",0.33,0.7,FALSE
"l2_pdc_alr","l3_isg_naive_b_cell_alr",0.33,0.803030303030303,FALSE
"l3_isg_naive_b_cell_alr","l2_pdc_alr",0.33,0.196969696969697,FALSE
"l3_sox4_naive_cd8_t_cell_alr","l2_asdc_alr",0.33,0.3,FALSE
"l3_proliferating_nk_cell","l3_baeomap_cell",0.328,0.664634146341463,FALSE
"l3_baeomap_cell","l3_proliferating_nk_cell",0.328,0.335365853658537,FALSE
"l2_transitional_b_cell_alr","l3_isg_naive_b_cell_alr",0.328,0.667682926829268,FALSE
"l3_isg_naive_b_cell_alr","l2_transitional_b_cell_alr",0.328,0.332317073170732,FALSE
"l3_asdc","l1_platelet_alr",0.327,0.385321100917431,FALSE
"l3_dn_t_cell","l3_il1b_cd14_monocyte_alr",0.327,0.510703363914373,FALSE
"l3_il1b_cd14_monocyte_alr","l3_dn_t_cell",0.327,0.489296636085627,FALSE
"l1_platelet_alr","l3_asdc",0.327,0.614678899082569,FALSE
"l3_cd27_effector_b_cell_alt_alr","l3_naive_cd4_treg_alr",0.327,0.623853211009174,FALSE
"l3_naive_cd4_treg_alr","l3_cd27_effector_b_cell_alt_alr",0.327,0.376146788990826,FALSE
"l3_erythrocyte","l3_klrf1_gzmb_cd27_em_cd8_t_cell_alr",0.326,0.622699386503068,FALSE
"l2_memory_b_cell_alr","l1_monocyte_alr",0.326,0.665644171779141,FALSE
"l3_gzmb_cd27_em_cd4_t_cell_alt_alr","l3_gzmk_memory_cd4_treg_alr",0.326,0.29601226993865,FALSE
"l3_klrf1_gzmb_cd27_em_cd8_t_cell_alr","l3_erythrocyte",0.326,0.377300613496933,FALSE
"l3_gzmk_memory_cd4_treg_alr","l3_gzmb_cd27_em_cd4_t_cell_alt_alr",0.326,0.70398773006135,FALSE
"l1_monocyte_alr","l2_memory_b_cell_alr",0.326,0.334355828220859,FALSE
"l2_dn_t_cell_alr","l1_dc_alr",0.326,0.098159509202454,FALSE
"l1_dc_alr","l2_dn_t_cell_alr",0.326,0.901840490797546,FALSE
"l2_proliferating_nk_cell_alr","l1_monocyte_alr",0.325,0.221538461538462,FALSE
"l1_monocyte_alr","l2_proliferating_nk_cell_alr",0.325,0.778461538461538,FALSE
"l3_sox4_naive_cd4_t_cell_alr","l3_klrb1_memory_cd4_treg_alr",0.325,0.363076923076923,FALSE
"l3_klrb1_memory_cd4_treg_alr","l3_sox4_naive_cd4_t_cell_alr",0.325,0.636923076923077,FALSE
"l3_cd8aa","l2_mait_alr",0.324,0.509259259259259,FALSE
"l3_platelet","l2_intermediate_monocyte_alr",0.324,0.79320987654321,FALSE
"l2_intermediate_monocyte_alr","l3_platelet",0.324,0.20679012345679,FALSE
"l2_mait_alr","l3_cd8aa",0.324,0.490740740740741,FALSE
"age_group","l3_c1q_cd16_monocyte_alr",0.323,1,FALSE
"l2_gdt_alr","l3_gzmk_memory_cd4_treg_alr",0.323,0.318885448916409,FALSE
"l3_c1q_cd16_monocyte_alr","age_group",0.323,0,FALSE
"l3_gzmk_memory_cd4_treg_alr","l2_gdt_alr",0.323,0.681114551083591,FALSE
"sex","l3_cd4_mait_alr",0.32,1,FALSE
"l3_isg_cd56dim_nk_cell_alr","l3_isg_naive_b_cell_alr",0.32,0.5875,FALSE
"l3_gzmb_vd2_gdt_alr","l3_naive_cd4_treg_alr",0.32,0.3296875,FALSE
"l3_cd4_mait_alr","sex",0.32,0,FALSE
"l3_cm_cd8_t_cell_alr","l3_isg_naive_cd8_t_cell_alr",0.32,0.7,FALSE
"l3_isg_naive_b_cell_alr","l3_isg_cd56dim_nk_cell_alr",0.32,0.4125,FALSE
"l3_isg_naive_cd8_t_cell_alr","l3_cm_cd8_t_cell_alr",0.32,0.3,FALSE
"l3_naive_cd4_treg_alr","l3_gzmb_vd2_gdt_alr",0.32,0.6703125,FALSE
"l3_transitional_b_cell","l3_cd95_memory_b_cell_alr",0.319,0.0344827586206897,FALSE
"l2_intermediate_monocyte_alr","l3_isg_cd16_monocyte_alr",0.319,0.570532915360502,FALSE
"l3_isg_cd16_monocyte_alr","l2_intermediate_monocyte_alr",0.319,0.429467084639498,FALSE
"l3_cd95_memory_b_cell_alr","l3_transitional_b_cell",0.319,0.96551724137931,FALSE
"l3_klrf1_gzmb_cd27_memory_cd4_t_cell_alr","l1_progenitor_cell_alr",0.319,0.96551724137931,FALSE
"l1_progenitor_cell_alr","l3_klrf1_gzmb_cd27_memory_cd4_t_cell_alr",0.319,0.0344827586206897,FALSE
"l3_proliferating_t_cell","l2_mait_alr",0.318,0.232704402515723,FALSE
"l2_mait_alr","l3_proliferating_t_cell",0.318,0.767295597484277,FALSE
"l2_proliferating_t_cell_alr","l1_monocyte_alr",0.318,0.279874213836478,FALSE
"l3_isg_cd56dim_nk_cell_alr","l3_isg_memory_cd4_t_cell_alr",0.318,0.339622641509434,FALSE
"l3_isg_memory_cd4_t_cell_alr","l3_isg_cd56dim_nk_cell_alr",0.318,0.660377358490566,FALSE
"l1_monocyte_alr","l2_proliferating_t_cell_alr",0.318,0.720125786163522,FALSE
"l3_c1q_cd16_monocyte_alr","l3_gzmb_cd27_em_cd4_t_cell_alt_alr",0.318,0.443396226415094,FALSE
"l3_gzmb_cd27_em_cd4_t_cell_alt_alr","l3_c1q_cd16_monocyte_alr",0.318,0.556603773584906,FALSE
"l3_ilc","l1_dc_alr",0.317,0.0504731861198738,FALSE
"l2_asdc_alr","l3_naive_vd1_gdt_alr",0.317,0.763406940063091,FALSE
"l3_naive_vd1_gdt_alr","l2_asdc_alr",0.317,0.236593059936909,FALSE
"l1_dc_alr","l3_ilc",0.317,0.949526813880126,FALSE
"l3_proliferating_t_cell","l2_naive_cd8_t_cell_alr",0.316,0.0981012658227848,FALSE
"l2_naive_cd8_t_cell_alr","l3_proliferating_t_cell",0.316,0.901898734177215,FALSE
"l3_isg_cd14_monocyte_alr","l3_gzmk_memory_cd4_treg_alr",0.315,0.458730158730159,FALSE
"l3_gzmk_memory_cd4_treg_alr","l3_isg_cd14_monocyte_alr",0.315,0.541269841269841,FALSE
"age_group","l3_cd95_memory_b_cell_alr",0.314,1,FALSE
"l3_cd8aa","l2_gdt_alr",0.314,0.270700636942675,FALSE
"l2_intermediate_monocyte_alr","l1_platelet_alr",0.314,0.203821656050955,FALSE
"l2_gdt_alr","l3_cd8aa",0.314,0.729299363057325,FALSE
"l2_memory_cd4_t_cell_alr","l3_cd4_mait_alr",0.314,0.598726114649682,FALSE
"l3_cd4_mait_alr","l2_memory_cd4_t_cell_alr",0.314,0.401273885350318,FALSE
"l3_cd95_memory_b_cell_alr","age_group",0.314,0,FALSE
"l3_klrb1_memory_cd4_treg_alr","l3_naive_cd4_treg_alr",0.314,0.315286624203822,FALSE
"l3_naive_cd4_treg_alr","l3_klrb1_memory_cd4_treg_alr",0.314,0.684713375796178,FALSE
"l1_platelet_alr","l2_intermediate_monocyte_alr",0.314,0.796178343949045,FALSE
"l2_proliferating_nk_cell_alr","l3_naive_cd4_treg_alr",0.313,0.562300319488818,FALSE
"l3_naive_cd4_treg_alr","l2_proliferating_nk_cell_alr",0.313,0.437699680511182,FALSE
"l2_erythrocyte","l1_ilc_alr",0.312,0.198717948717949,FALSE
"l3_proliferating_t_cell","l1_b_cell_alr",0.312,0.269230769230769,FALSE
"l2_naive_cd8_t_cell_alr","l1_monocyte_alr",0.312,0.509615384615385,FALSE
"l3_cd14_cdc2_alr","l3_clp_cell_alr",0.312,0.612179487179487,FALSE
"l3_clp_cell_alr","l3_cd14_cdc2_alr",0.312,0.387820512820513,FALSE
"l1_monocyte_alr","l2_naive_cd8_t_cell_alr",0.312,0.490384615384615,FALSE
"l1_b_cell_alr","l3_proliferating_t_cell",0.312,0.730769230769231,FALSE
"l1_ilc_alr","l2_erythrocyte",0.312,0.801282051282051,FALSE
"l2_progenitor_cell","l3_baeomap_cell",0.311,0.652733118971061,FALSE
"l3_baeomap_cell","l2_progenitor_cell",0.311,0.347266881028939,FALSE
"l3_cdc1","l3_early_memory_b_cell_alr",0.31,0.619354838709677,FALSE
"l2_transitional_b_cell_alr","l3_isg_memory_cd8_t_cell_alr",0.31,0.858064516129032,FALSE
"l3_early_memory_b_cell_alr","l3_cdc1",0.31,0.380645161290323,FALSE
"l3_isg_memory_cd8_t_cell_alr","l2_transitional_b_cell_alr",0.31,0.141935483870968,FALSE
"l3_klrf1_gzmb_cd27_em_cd8_t_cell_alr","l1_erythrocyte_alr",0.31,0.261290322580645,FALSE
"l1_erythrocyte_alr","l3_klrf1_gzmb_cd27_em_cd8_t_cell_alr",0.31,0.738709677419355,FALSE
"l3_transitional_b_cell","l2_effector_b_cell_alr",0.309,0.110032362459547,FALSE
"l2_effector_b_cell_alr","l3_transitional_b_cell",0.309,0.889967637540453,FALSE
"l3_erythrocyte","l3_plasma_cell",0.309,0.87378640776699,FALSE
"l3_plasma_cell","l3_erythrocyte",0.309,0.12621359223301,FALSE
"l3_pdc","l3_adaptive_nk_cell_alr",0.308,0.386363636363636,FALSE
"l2_gdt_alr","l3_isg_memory_cd8_t_cell_alr",0.308,0.853896103896104,FALSE
"l3_adaptive_nk_cell_alr","l3_pdc",0.308,0.613636363636364,FALSE
"l3_isg_memory_cd8_t_cell_alr","l2_gdt_alr",0.308,0.146103896103896,FALSE
"l3_plasma_cell","l1_erythrocyte_alr",0.307,0.0879478827361563,FALSE
"l1_erythrocyte_alr","l3_plasma_cell",0.307,0.912052117263844,FALSE
"l2_progenitor_cell","l1_platelet_alr",0.307,0.0781758957654723,FALSE
"l2_cdc1_alr","l3_cd95_memory_b_cell_alr",0.307,0.592833876221498,FALSE
"l3_cd95_memory_b_cell_alr","l2_cdc1_alr",0.307,0.407166123778502,FALSE
"l1_platelet_alr","l2_progenitor_cell",0.307,0.921824104234528,FALSE
"l3_dn_t_cell","l3_gzmb_cd27_em_cd4_t_cell_alt_alr",0.306,0.454248366013072,FALSE
"l3_gzmb_cd27_em_cd4_t_cell_alt_alr","l3_dn_t_cell",0.306,0.545751633986928,FALSE
"l2_progenitor_cell","l1_b_cell_alr",0.306,0.326797385620915,FALSE
"l2_naive_cd8_t_cell_alr","l3_c1q_cd16_monocyte_alr",0.306,0.696078431372549,FALSE
"l3_c1q_cd16_monocyte_alr","l2_naive_cd8_t_cell_alr",0.306,0.303921568627451,FALSE
"l1_b_cell_alr","l2_progenitor_cell",0.306,0.673202614379085,FALSE
"l3_isg_cd56dim_nk_cell_alr","l3_gzmk_memory_cd4_treg_alr",0.305,0.104918032786885,FALSE
"l3_gzmk_memory_cd4_treg_alr","l3_isg_cd56dim_nk_cell_alr",0.305,0.895081967213115,FALSE
"l3_proliferating_t_cell","l2_treg_alr",0.305,0.498360655737705,FALSE
"l2_treg_alr","l3_proliferating_t_cell",0.305,0.501639344262295,FALSE
"l3_isg_cd16_monocyte_alr","l3_memory_cd8_treg_alr",0.305,0.327868852459016,FALSE
"l3_memory_cd8_treg_alr","l3_isg_cd16_monocyte_alr",0.305,0.672131147540984,FALSE
"sex","l2_naive_cd8_t_cell_alr",0.304,1,FALSE
"l2_naive_cd8_t_cell_alr","sex",0.304,0,FALSE
"l3_pdc","l3_sox4_naive_cd4_t_cell_alr",0.303,0.557755775577558,FALSE
"l3_sox4_naive_cd4_t_cell_alr","l3_pdc",0.303,0.442244224422442,FALSE
"l3_pdc","l3_isg_naive_cd4_t_cell_alr",0.302,0.460264900662252,FALSE
"l3_isg_naive_cd4_t_cell_alr","l3_pdc",0.302,0.539735099337748,FALSE
"l2_intermediate_monocyte_alr","l3_isg_naive_cd4_t_cell_alr",0.302,0.165562913907285,FALSE
"l3_isg_naive_cd4_t_cell_alr","l2_intermediate_monocyte_alr",0.302,0.834437086092715,FALSE
"l1_erythrocyte_alr","l1_progenitor_cell_alr",0.301,0.890365448504983,FALSE
"l1_progenitor_cell_alr","l1_erythrocyte_alr",0.301,0.109634551495017,FALSE
"l2_cdc1_alr","l1_erythrocyte_alr",0.301,0.416943521594684,FALSE
"l1_erythrocyte_alr","l2_cdc1_alr",0.301,0.583056478405316,FALSE
"l3_intermediate_monocyte","l3_klrf1_gzmb_cd27_em_cd8_t_cell_alr",0.3,0.71,FALSE
"l3_cd95_memory_b_cell_alr","l3_early_memory_b_cell_alr",0.3,0.316666666666667,FALSE
"l3_early_memory_b_cell_alr","l3_cd95_memory_b_cell_alr",0.3,0.683333333333333,FALSE
"l3_klrf1_gzmb_cd27_em_cd8_t_cell_alr","l3_intermediate_monocyte",0.3,0.29,FALSE
"l1_nk_cell_alr","l1_platelet_alr",0.299,0.712374581939799,FALSE
"l1_platelet_alr","l1_nk_cell_alr",0.299,0.287625418060201,FALSE
"l2_progenitor_cell","l1_monocyte_alr",0.298,0.13758389261745,FALSE
"l1_monocyte_alr","l2_progenitor_cell",0.298,0.86241610738255,FALSE
"l2_progenitor_cell","l1_nk_cell_alr",0.297,0.0976430976430976,FALSE
"l1_nk_cell_alr","l2_progenitor_cell",0.297,0.902356902356902,FALSE
"l3_ilc","l3_baeomap_cell",0.297,0.481481481481481,FALSE
"l3_baeomap_cell","l3_ilc",0.297,0.518518518518518,FALSE
"l3_baeomap_cell","l3_c1q_cd16_monocyte_alr",0.297,0.730639730639731,FALSE
"l3_c1q_cd16_monocyte_alr","l3_baeomap_cell",0.297,0.269360269360269,FALSE
"l3_cd8aa","l3_isg_memory_cd4_t_cell_alr",0.296,0.0709459459459459,FALSE
"l3_intermediate_monocyte","l3_isg_naive_cd4_t_cell_alr",0.296,0.0675675675675676,FALSE
"l3_isg_memory_cd4_t_cell_alr","l3_cd8aa",0.296,0.929054054054054,FALSE
"l3_isg_naive_cd4_t_cell_alr","l3_intermediate_monocyte",0.296,0.932432432432432,FALSE
"l2_memory_b_cell_alr","l3_cd14_cdc2_alr",0.296,0.403716216216216,FALSE
"l3_cd14_cdc2_alr","l2_memory_b_cell_alr",0.296,0.596283783783784,FALSE
"l3_plasma_cell","l3_proliferating_t_cell",0.295,0.349152542372881,FALSE
"l3_proliferating_t_cell","l3_plasma_cell",0.295,0.650847457627119,FALSE
"l3_isg_mait_alr","l1_monocyte_alr",0.295,0.2,FALSE
"l1_monocyte_alr","l3_isg_mait_alr",0.295,0.8,FALSE
"l3_proliferating_nk_cell","l1_b_cell_alr",0.294,0.122448979591837,FALSE
"l1_b_cell_alr","l3_proliferating_nk_cell",0.294,0.877551020408163,FALSE
"l3_il1b_cd14_monocyte_alr","l3_isg_cd16_monocyte_alr",0.293,0.327645051194539,FALSE
"l3_isg_cd16_monocyte_alr","l3_il1b_cd14_monocyte_alr",0.293,0.672354948805461,FALSE
"l3_proliferating_nk_cell","l3_adaptive_nk_cell_alr",0.293,0.122866894197952,FALSE
"l3_adaptive_nk_cell_alr","l3_proliferating_nk_cell",0.293,0.877133105802048,FALSE
"l1_nk_cell_alr","l1_progenitor_cell_alr",0.293,0.84641638225256,FALSE
"l1_progenitor_cell_alr","l1_nk_cell_alr",0.293,0.15358361774744,FALSE
"l3_erythrocyte","l2_asdc_alr",0.292,0.691780821917808,FALSE
"l2_asdc_alr","l3_erythrocyte",0.292,0.308219178082192,FALSE
"l3_sox4_vd1_gdt_alr","l3_sox4_naive_cd4_t_cell_alr",0.292,0.164383561643836,FALSE
"l3_sox4_naive_cd4_t_cell_alr","l3_sox4_vd1_gdt_alr",0.292,0.835616438356164,FALSE
"l3_isg_cdc2_alr","l3_gzmb_cd27_em_cd4_t_cell_alr",0.29,0.317241379310345,FALSE
"l3_gzmb_cd27_em_cd4_t_cell_alr","l3_isg_cdc2_alr",0.29,0.682758620689655,FALSE
"l2_gdt_alr","l3_klrf1_effector_vd1_gdt_alt_alr",0.29,0.620689655172414,FALSE
"l3_klrf1_effector_vd1_gdt_alt_alr","l2_gdt_alr",0.29,0.379310344827586,FALSE
"l2_cd56bright_nk_cell_alr","l1_dc_alr",0.289,0.221453287197232,FALSE
"l1_dc_alr","l2_cd56bright_nk_cell_alr",0.289,0.778546712802768,FALSE
"l1_erythrocyte_alr","l1_ilc_alr",0.289,0.660899653979239,FALSE
"l1_ilc_alr","l1_erythrocyte_alr",0.289,0.339100346020761,FALSE
"l1_monocyte_alr","l1_progenitor_cell_alr",0.289,0.826989619377163,FALSE
"l1_progenitor_cell_alr","l1_monocyte_alr",0.289,0.173010380622837,FALSE
"l3_pdc","l3_klrf1_gzmb_cd27_memory_cd4_t_cell_alr",0.288,0.112847222222222,FALSE
"l2_naive_cd8_t_cell_alr","l3_klrf1_gzmb_cd27_em_cd8_t_cell_alt_alr",0.288,0.236111111111111,FALSE
"l3_klrf1_gzmb_cd27_memory_cd4_t_cell_alr","l3_pdc",0.288,0.887152777777778,FALSE
"l3_klrf1_gzmb_cd27_em_cd8_t_cell_alt_alr","l2_naive_cd8_t_cell_alr",0.288,0.763888888888889,FALSE
"l3_intermediate_monocyte","l3_proliferating_t_cell",0.287,0.407665505226481,FALSE
"l3_proliferating_t_cell","l3_intermediate_monocyte",0.287,0.592334494773519,FALSE
"l2_platelet","l3_klrf1_gzmb_cd27_em_cd8_t_cell_alr",0.286,0.230769230769231,FALSE
"l3_intermediate_monocyte","l1_platelet_alr",0.286,0.314685314685315,FALSE
"l3_klrf1_effector_vd1_gdt_alt_alr","l3_activated_memory_b_cell_alr",0.286,0.590909090909091,FALSE
"l3_activated_memory_b_cell_alr","l3_klrf1_effector_vd1_gdt_alt_alr",0.286,0.409090909090909,FALSE
"l3_klrf1_gzmb_cd27_em_cd8_t_cell_alr","l2_platelet",0.286,0.769230769230769,FALSE
"l3_sox4_naive_cd8_t_cell_alr","l3_klrb1_memory_cd4_treg_alr",0.286,0.706293706293706,FALSE
"l3_klrb1_memory_cd4_treg_alr","l3_sox4_naive_cd8_t_cell_alr",0.286,0.293706293706294,FALSE
"l1_platelet_alr","l3_intermediate_monocyte",0.286,0.685314685314685,FALSE
"l3_gzmb_vd2_gdt_alr","l3_klrf1_gzmb_cd27_em_cd8_t_cell_alt_alr",0.286,0.723776223776224,FALSE
"l3_klrf1_gzmb_cd27_em_cd8_t_cell_alt_alr","l3_gzmb_vd2_gdt_alr",0.286,0.276223776223776,FALSE
"l3_dn_t_cell","l3_cd95_memory_b_cell_alr",0.285,0.519298245614035,FALSE
"l3_cd95_memory_b_cell_alr","l3_dn_t_cell",0.285,0.480701754385965,FALSE
"l2_memory_cd8_t_cell_alr","l3_gzmb_cd27_em_cd4_t_cell_alr",0.284,0.52112676056338,FALSE
"l3_gzmb_cd27_em_cd4_t_cell_alr","l2_memory_cd8_t_cell_alr",0.284,0.47887323943662,FALSE
"cmv","l3_klrf1_gzmb_cd27_em_cd8_t_cell_alt_alr",0.284,1,FALSE
"l2_progenitor_cell","l3_platelet",0.284,0.144366197183099,FALSE
"l3_platelet","l2_progenitor_cell",0.284,0.855633802816901,FALSE
"l3_klrf1_gzmb_cd27_em_cd8_t_cell_alt_alr","cmv",0.284,0,FALSE
"l2_platelet","l2_dn_t_cell_alr",0.283,0.0989399293286219,FALSE
"l2_dn_t_cell_alr","l2_platelet",0.283,0.901060070671378,FALSE
"l2_memory_cd8_t_cell_alr","l1_b_cell_alr",0.283,0.303886925795053,FALSE
"l1_b_cell_alr","l2_memory_cd8_t_cell_alr",0.283,0.696113074204947,FALSE
"sex","l1_nk_cell_alr",0.283,1,FALSE
"l1_nk_cell_alr","sex",0.283,0,FALSE
"l2_memory_b_cell_alr","l1_dc_alr",0.282,0.726950354609929,FALSE
"l3_cm_cd8_t_cell_alr","l3_gzmk_memory_cd4_treg_alr",0.282,0.265957446808511,FALSE
"l3_gzmk_memory_cd4_treg_alr","l3_cm_cd8_t_cell_alr",0.282,0.734042553191489,FALSE
"l1_dc_alr","l2_memory_b_cell_alr",0.282,0.273049645390071,FALSE
"l2_erythrocyte","l3_proliferating_nk_cell",0.281,0.103202846975089,FALSE
"l3_proliferating_nk_cell","l2_erythrocyte",0.281,0.896797153024911,FALSE
"l3_il1b_cd14_monocyte_alr","l3_klrb1_memory_cd4_treg_alr",0.281,0.590747330960854,FALSE
"l3_klrf1_effector_vd1_gdt_alr","l3_isg_memory_cd8_t_cell_alr",0.281,0.814946619217082,FALSE
"l3_isg_memory_cd8_t_cell_alr","l3_klrf1_effector_vd1_gdt_alr",0.281,0.185053380782918,FALSE
"l3_klrb1_memory_cd4_treg_alr","l3_il1b_cd14_monocyte_alr",0.281,0.409252669039146,FALSE
"l3_baeomap_cell","l2_cdc1_alr",0.28,0.421428571428571,FALSE
"l2_cdc1_alr","l3_baeomap_cell",0.28,0.578571428571429,FALSE
"l2_dn_t_cell_alr","l3_cd95_memory_b_cell_alr",0.28,0.517857142857143,FALSE
"l3_cd95_memory_b_cell_alr","l2_dn_t_cell_alr",0.28,0.482142857142857,FALSE
"l2_ilc","l3_klrf1_gzmb_cd27_em_cd8_t_cell_alr",0.278,0.0827338129496403,FALSE
"l2_asdc_alr","l1_platelet_alr",0.278,0.392086330935252,FALSE
"l3_klrf1_gzmb_cd27_em_cd8_t_cell_alr","l2_ilc",0.278,0.91726618705036,FALSE
"l1_platelet_alr","l2_asdc_alr",0.278,0.607913669064748,FALSE
"l3_erythrocyte","l2_cdc1_alr",0.278,0.618705035971223,FALSE
"l2_cdc1_alr","l3_erythrocyte",0.278,0.381294964028777,FALSE
"cmv","l3_klrf1_effector_vd1_gdt_alr",0.277,1,FALSE
"l3_klrf1_effector_vd1_gdt_alr","cmv",0.277,0,FALSE
"l3_erythrocyte","l1_progenitor_cell_alr",0.276,0.891304347826087,FALSE
"l2_naive_cd8_t_cell_alr","l3_gzmb_cd27_em_cd4_t_cell_alt_alr",0.276,0.307971014492754,FALSE
"l3_gzmb_cd27_em_cd4_t_cell_alt_alr","l2_naive_cd8_t_cell_alr",0.276,0.692028985507246,FALSE
"l3_klrb1_memory_cd8_treg_alr","l1_monocyte_alr",0.276,0.606884057971015,FALSE
"l1_monocyte_alr","l3_klrb1_memory_cd8_treg_alr",0.276,0.393115942028985,FALSE
"l1_progenitor_cell_alr","l3_erythrocyte",0.276,0.108695652173913,FALSE
"l3_adaptive_nk_cell_alr","l3_gzmb_vd2_gdt_alr",0.276,0.141304347826087,FALSE
"l3_gzmb_vd2_gdt_alr","l3_adaptive_nk_cell_alr",0.276,0.858695652173913,FALSE
"l3_baeomap_cell","l2_naive_cd8_t_cell_alr",0.275,0.469090909090909,FALSE
"l2_naive_cd8_t_cell_alr","l3_baeomap_cell",0.275,0.530909090909091,FALSE
"l3_cd95_memory_b_cell_alr","l3_klrf1_gzmb_cd27_em_cd8_t_cell_alt_alr",0.275,0.378181818181818,FALSE
"l3_klrf1_gzmb_cd27_em_cd8_t_cell_alt_alr","l3_cd95_memory_b_cell_alr",0.275,0.621818181818182,FALSE
"l3_dn_t_cell","l3_isg_memory_cd4_t_cell_alr",0.275,0.372727272727273,FALSE
"l3_isg_memory_cd4_t_cell_alr","l3_dn_t_cell",0.275,0.627272727272727,FALSE
"l3_dn_t_cell","l3_proliferating_t_cell",0.274,0.302919708029197,FALSE
"l3_intermediate_monocyte","l3_gzmb_cd27_em_cd4_t_cell_alt_alr",0.274,0.288321167883212,FALSE
"l3_proliferating_t_cell","l3_dn_t_cell",0.274,0.697080291970803,FALSE
"l3_gzmb_cd27_em_cd4_t_cell_alt_alr","l3_intermediate_monocyte",0.274,0.711678832116788,FALSE
"l3_isg_naive_cd4_t_cell_alr","l1_erythrocyte_alr",0.274,0.806569343065693,FALSE
"l1_erythrocyte_alr","l3_isg_naive_cd4_t_cell_alr",0.274,0.193430656934307,FALSE
"l3_baeomap_cell","l3_klrb1_memory_cd4_treg_alr",0.273,0.641025641025641,FALSE
"l2_cd8aa_alr","l1_monocyte_alr",0.273,0.183150183150183,FALSE
"l3_klrf1_effector_vd1_gdt_alr","l3_cd4_mait_alr",0.273,0.435897435897436,FALSE
"l3_cd4_mait_alr","l3_klrf1_effector_vd1_gdt_alr",0.273,0.564102564102564,FALSE
"l3_cd95_memory_b_cell_alr","l1_dc_alr",0.273,0.437728937728938,FALSE
"l3_klrb1_memory_cd4_treg_alr","l3_baeomap_cell",0.273,0.358974358974359,FALSE
"l1_dc_alr","l3_cd95_memory_b_cell_alr",0.273,0.562271062271062,FALSE
"l1_monocyte_alr","l2_cd8aa_alr",0.273,0.816849816849817,FALSE
"l3_dn_t_cell","l2_gdt_alr",0.273,0.135531135531136,FALSE
"l2_gdt_alr","l3_dn_t_cell",0.273,0.864468864468865,FALSE
"l2_progenitor_cell","l3_klrb1_memory_cd4_treg_alr",0.272,0.75,FALSE
"l3_plasma_cell","l2_transitional_b_cell_alr",0.272,0.0735294117647059,FALSE
"l2_transitional_b_cell_alr","l3_plasma_cell",0.272,0.926470588235294,FALSE
"l2_naive_cd8_t_cell_alr","l3_early_memory_b_cell_alr",0.272,0.327205882352941,FALSE
"l3_early_memory_b_cell_alr","l2_naive_cd8_t_cell_alr",0.272,0.672794117647059,FALSE
"l3_early_memory_b_cell_alr","l1_b_cell_alr",0.272,0.658088235294118,FALSE
"l3_cm_cd8_t_cell_alr","l3_sox4_naive_cd8_t_cell_alr",0.272,0.794117647058823,FALSE
"l3_sox4_naive_cd8_t_cell_alr","l3_cm_cd8_t_cell_alr",0.272,0.205882352941176,FALSE
"l3_klrb1_memory_cd4_treg_alr","l2_progenitor_cell",0.272,0.25,FALSE
"l1_b_cell_alr","l3_early_memory_b_cell_alr",0.272,0.341911764705882,FALSE
"l2_gdt_alr","l3_naive_cd4_treg_alr",0.271,0.59409594095941,FALSE
"l2_memory_cd4_t_cell_alr","l3_memory_cd8_treg_alr",0.271,0.678966789667897,FALSE
"l3_klrf1_effector_vd1_gdt_alt_alr","l3_klrf1_gzmb_cd27_memory_cd4_t_cell_alr",0.271,0.0701107011070111,FALSE
"l3_isg_mait_alr","l3_klrb1_memory_cd8_treg_alr",0.271,0.228782287822878,FALSE
"l3_klrf1_gzmb_cd27_memory_cd4_t_cell_alr","l3_klrf1_effector_vd1_gdt_alt_alr",0.271,0.929889298892989,FALSE
"l3_klrb1_memory_cd8_treg_alr","l3_isg_mait_alr",0.271,0.771217712177122,FALSE
"l3_memory_cd8_treg_alr","l2_memory_cd4_t_cell_alr",0.271,0.321033210332103,FALSE
"l3_naive_cd4_treg_alr","l2_gdt_alr",0.271,0.40590405904059,FALSE
"l3_asdc","l3_platelet",0.27,0.337037037037037,FALSE
"l3_platelet","l3_asdc",0.27,0.662962962962963,FALSE
"l3_platelet","l2_asdc_alr",0.27,0.585185185185185,FALSE
"l2_asdc_alr","l3_platelet",0.27,0.414814814814815,FALSE
"l3_isg_memory_cd4_t_cell_alr","l1_nk_cell_alr",0.27,0.433333333333333,FALSE
"l1_nk_cell_alr","l3_isg_memory_cd4_t_cell_alr",0.27,0.566666666666667,FALSE
"l3_dn_t_cell","l2_mait_alr",0.269,0.193308550185874,FALSE
"l2_mait_alr","l3_dn_t_cell",0.269,0.806691449814126,FALSE
"l2_memory_cd4_t_cell_alr","l3_isg_mait_alr",0.269,0.899628252788104,FALSE
"l3_isg_mait_alr","l2_memory_cd4_t_cell_alr",0.269,0.100371747211896,FALSE
"l2_treg_alr","l3_gzmb_cd27_em_cd4_t_cell_alt_alr",0.268,0.619402985074627,FALSE
"l3_isg_cd16_monocyte_alr","l3_isg_naive_cd4_t_cell_alr",0.268,0.67910447761194,FALSE
"l3_gzmb_cd27_em_cd4_t_cell_alt_alr","l2_treg_alr",0.268,0.380597014925373,FALSE
"l3_isg_naive_cd4_t_cell_alr","l3_isg_cd16_monocyte_alr",0.268,0.32089552238806,FALSE
"sex","l3_adaptive_nk_cell_alr",0.267,1,FALSE
"l2_transitional_b_cell_alr","l3_isg_cd16_monocyte_alr",0.267,0.681647940074906,FALSE
"l3_isg_cd16_monocyte_alr","l2_transitional_b_cell_alr",0.267,0.318352059925094,FALSE
"l3_adaptive_nk_cell_alr","sex",0.267,0,FALSE
"l3_activated_memory_b_cell_alr","l3_klrf1_gzmb_cd27_em_cd8_t_cell_alr",0.267,0.51310861423221,FALSE
"l3_klrf1_gzmb_cd27_em_cd8_t_cell_alr","l3_activated_memory_b_cell_alr",0.267,0.48689138576779,FALSE
"l1_platelet_alr","l1_progenitor_cell_alr",0.267,0.786516853932584,FALSE
"l1_progenitor_cell_alr","l1_platelet_alr",0.267,0.213483146067416,FALSE
"l3_il1b_cd14_monocyte_alr","l3_isg_cd56dim_nk_cell_alr",0.266,0.308270676691729,FALSE
"l3_isg_cd56dim_nk_cell_alr","l3_il1b_cd14_monocyte_alr",0.266,0.691729323308271,FALSE
"l3_klrf1_effector_vd1_gdt_alt_alr","l3_cd4_mait_alr",0.266,0.131578947368421,FALSE
"l3_cd4_mait_alr","l3_klrf1_effector_vd1_gdt_alt_alr",0.266,0.868421052631579,FALSE
"l3_sox4_naive_cd8_t_cell_alr","l3_clp_cell_alr",0.266,0.0977443609022556,FALSE
"l3_clp_cell_alr","l3_sox4_naive_cd8_t_cell_alr",0.266,0.902255639097744,FALSE
"l3_clp_cell_alr","l1_progenitor_cell_alr",0.266,0.343984962406015,FALSE
"l1_progenitor_cell_alr","l3_clp_cell_alr",0.266,0.656015037593985,FALSE
"l3_asdc","l3_sox4_naive_cd8_t_cell_alr",0.265,0.343396226415094,FALSE
"l3_sox4_naive_cd8_t_cell_alr","l3_asdc",0.265,0.656603773584906,FALSE
"l2_asdc_alr","l3_isg_naive_cd8_t_cell_alr",0.264,0.787878787878788,FALSE
"l2_treg_alr","l3_gzmb_cd27_em_cd4_t_cell_alr",0.264,0.606060606060606,FALSE
"l3_gzmb_cd27_em_cd4_t_cell_alr","l2_treg_alr",0.264,0.393939393939394,FALSE
"l3_isg_naive_cd8_t_cell_alr","l2_asdc_alr",0.264,0.212121212121212,FALSE
"l3_proliferating_t_cell","l1_monocyte_alr",0.263,0.140684410646388,FALSE
"l2_cdc1_alr","l3_adaptive_nk_cell_alr",0.263,0.711026615969582,FALSE
"l3_adaptive_nk_cell_alr","l2_cdc1_alr",0.263,0.288973384030418,FALSE
"l3_gzmb_vd2_gdt_alr","l3_sox4_vd1_gdt_alr",0.263,0.806083650190114,FALSE
"l3_sox4_vd1_gdt_alr","l3_gzmb_vd2_gdt_alr",0.263,0.193916349809886,FALSE
"l1_monocyte_alr","l3_proliferating_t_cell",0.263,0.859315589353612,FALSE
"l3_cd56bright_nk_cell","l3_il1b_cd14_monocyte_alr",0.262,0.687022900763359,FALSE
"l3_dn_t_cell","l3_memory_cd8_treg_alr",0.262,0.646946564885496,FALSE
"l3_il1b_cd14_monocyte_alr","l3_cd56bright_nk_cell",0.262,0.312977099236641,FALSE
"l3_memory_cd8_treg_alr","l3_dn_t_cell",0.262,0.353053435114504,FALSE
"l3_ilc","l3_pdc",0.261,0.0689655172413793,FALSE
"l3_pdc","l3_ilc",0.261,0.931034482758621,FALSE
"l3_baeomap_cell","l3_clp_cell_alr",0.261,0.655172413793103,FALSE
"l3_clp_cell_alr","l3_baeomap_cell",0.261,0.344827586206897,FALSE
"l3_asdc","l3_sox4_naive_cd4_t_cell_alr",0.259,0.393822393822394,FALSE
"l3_cd56bright_nk_cell","l2_transitional_b_cell_alr",0.259,0.403474903474903,FALSE
"l3_cd56bright_nk_cell","l2_treg_alr",0.259,0.621621621621622,FALSE
"l2_transitional_b_cell_alr","l3_cd56bright_nk_cell",0.259,0.596525096525097,FALSE
"l2_treg_alr","l3_cd56bright_nk_cell",0.259,0.378378378378378,FALSE
"l3_sox4_naive_cd4_t_cell_alr","l3_asdc",0.259,0.606177606177606,FALSE
"l3_sox4_naive_cd4_t_cell_alr","l1_platelet_alr",0.259,0.71042471042471,FALSE
"l1_platelet_alr","l3_sox4_naive_cd4_t_cell_alr",0.259,0.28957528957529,FALSE
"l3_intermediate_monocyte","l3_pdc",0.258,0.341085271317829,FALSE
"l3_pdc","l3_intermediate_monocyte",0.258,0.658914728682171,FALSE
"l2_cdc1_alr","l2_naive_cd8_t_cell_alr",0.258,0.414728682170543,FALSE
"l2_cd8aa_alr","l3_memory_cd8_treg_alr",0.258,0.577519379844961,FALSE
"l2_naive_cd8_t_cell_alr","l2_cdc1_alr",0.258,0.585271317829457,FALSE
"l3_memory_cd8_treg_alr","l2_cd8aa_alr",0.258,0.422480620155039,FALSE
"l3_proliferating_t_cell","l2_plasma_cell_alr",0.257,0.719844357976654,FALSE
"l2_plasma_cell_alr","l3_proliferating_t_cell",0.257,0.280155642023346,FALSE
"l3_adaptive_nk_cell_alr","l3_isg_memory_cd4_t_cell_alr",0.257,0.739299610894942,FALSE
"l3_isg_memory_cd4_t_cell_alr","l3_adaptive_nk_cell_alr",0.257,0.260700389105058,FALSE
"l3_sox4_naive_cd4_t_cell_alr","l3_naive_cd4_treg_alr",0.256,0.76953125,FALSE
"l3_naive_cd4_treg_alr","l3_sox4_naive_cd4_t_cell_alr",0.256,0.23046875,FALSE
"l3_asdc","l1_erythrocyte_alr",0.255,0.372549019607843,FALSE
"l3_pdc","l3_isg_naive_b_cell_alr",0.255,0.866666666666667,FALSE
"l3_klrf1_gzmb_cd27_memory_cd4_t_cell_alr","l1_ilc_alr",0.255,0.956862745098039,FALSE
"l3_isg_naive_b_cell_alr","l3_pdc",0.255,0.133333333333333,FALSE
"l3_isg_naive_b_cell_alr","l3_sox4_naive_cd8_t_cell_alr",0.255,0.258823529411765,FALSE
"l3_sox4_naive_cd8_t_cell_alr","l3_isg_naive_b_cell_alr",0.255,0.741176470588235,FALSE
"l1_erythrocyte_alr","l3_asdc",0.255,0.627450980392157,FALSE
"l1_ilc_alr","l3_klrf1_gzmb_cd27_memory_cd4_t_cell_alr",0.255,0.0431372549019608,FALSE
"l3_asdc","l3_erythrocyte",0.254,0.437007874015748,FALSE
"l3_erythrocyte","l3_asdc",0.254,0.562992125984252,FALSE
"l3_cd14_cdc2_alr","l1_progenitor_cell_alr",0.254,0.413385826771654,FALSE
"l3_isg_naive_cd8_t_cell_alr","l1_monocyte_alr",0.254,0.543307086614173,FALSE
"l1_monocyte_alr","l3_isg_naive_cd8_t_cell_alr",0.254,0.456692913385827,FALSE
"l1_progenitor_cell_alr","l3_cd14_cdc2_alr",0.254,0.586614173228346,FALSE
"l3_cd56bright_nk_cell","l2_proliferating_nk_cell_alr",0.253,0.450592885375494,FALSE
"l3_transitional_b_cell","l3_klrb1_memory_cd8_treg_alr",0.253,0.782608695652174,FALSE
"l2_cd16_monocyte_alr","l3_isg_mait_alr",0.253,0.786561264822134,FALSE
"l2_proliferating_nk_cell_alr","l3_cd56bright_nk_cell",0.253,0.549407114624506,FALSE
"l3_isg_cd14_monocyte_alr","l3_cd14_cdc2_alr",0.253,0.150197628458498,FALSE
"l3_cd14_cdc2_alr","l3_isg_cd14_monocyte_alr",0.253,0.849802371541502,FALSE
"l3_isg_mait_alr","l2_cd16_monocyte_alr",0.253,0.213438735177866,FALSE
"l3_klrb1_memory_cd8_treg_alr","l3_transitional_b_cell",0.253,0.217391304347826,FALSE
"l2_effector_b_cell_alr","l2_plasma_cell_alr",0.252,0.888888888888889,FALSE
"l2_plasma_cell_alr","l2_effector_b_cell_alr",0.252,0.111111111111111,FALSE
"l2_proliferating_t_cell_alr","l3_isg_naive_cd8_t_cell_alr",0.252,0.734126984126984,FALSE
"l3_isg_naive_cd8_t_cell_alr","l2_proliferating_t_cell_alr",0.252,0.265873015873016,FALSE
"l3_erythrocyte","l1_platelet_alr",0.251,0.390438247011952,FALSE
"l3_proliferating_nk_cell","l1_monocyte_alr",0.251,0.203187250996016,FALSE
"l1_monocyte_alr","l3_proliferating_nk_cell",0.251,0.796812749003984,FALSE
"l1_platelet_alr","l3_erythrocyte",0.251,0.609561752988048,FALSE
"l2_progenitor_cell","l3_cd14_cdc2_alr",0.25,0.486,FALSE
"l3_cd8aa","l3_naive_vd1_gdt_alr",0.25,0.9,FALSE
"l2_plasma_cell_alr","l1_erythrocyte_alr",0.25,0.14,FALSE
"l3_cd14_cdc2_alr","l2_progenitor_cell",0.25,0.514,FALSE
"l3_naive_vd1_gdt_alr","l3_cd8aa",0.25,0.1,FALSE
"l1_erythrocyte_alr","l2_plasma_cell_alr",0.25,0.86,FALSE
"sex","l2_cd56bright_nk_cell_alr",0.249,1,FALSE
"sex","l3_klrf1_effector_vd1_gdt_alr",0.249,1,FALSE
"l3_dn_t_cell","l1_dc_alr",0.249,0.1285140562249,FALSE
"l3_platelet","l1_progenitor_cell_alr",0.249,0.783132530120482,FALSE
"l2_cd56bright_nk_cell_alr","sex",0.249,0,FALSE
"l3_isg_cdc2_alr","l3_klrf1_effector_vd1_gdt_alt_alr",0.249,0.156626506024096,FALSE
"l3_cd27_effector_b_cell_alt_alr","l3_cd4_mait_alr",0.249,0.381526104417671,FALSE
"l3_klrf1_effector_vd1_gdt_alr","sex",0.249,0,FALSE
"l3_klrf1_effector_vd1_gdt_alt_alr","l3_isg_cdc2_alr",0.249,0.843373493975904,FALSE
"l3_cd4_mait_alr","l3_cd27_effector_b_cell_alt_alr",0.249,0.618473895582329,FALSE
"l3_isg_mait_alr","l3_isg_naive_cd8_t_cell_alr",0.249,0.248995983935743,FALSE
"l3_isg_naive_cd8_t_cell_alr","l3_isg_mait_alr",0.249,0.751004016064257,FALSE
"l1_dc_alr","l3_dn_t_cell",0.249,0.8714859437751,FALSE
"l1_progenitor_cell_alr","l3_platelet",0.249,0.216867469879518,FALSE
"l3_ilc","l2_pdc_alr",0.248,0.112903225806452,FALSE
"l3_pdc","l3_baeomap_cell",0.248,0.818548387096774,FALSE
"l3_transitional_b_cell","l3_isg_naive_b_cell_alr",0.248,0.169354838709677,FALSE
"l3_baeomap_cell","l3_pdc",0.248,0.181451612903226,FALSE
"l2_pdc_alr","l3_ilc",0.248,0.887096774193548,FALSE
"l3_c1q_cd16_monocyte_alr","l3_isg_memory_cd4_t_cell_alr",0.248,0.532258064516129,FALSE
"l3_isg_memory_cd4_t_cell_alr","l3_c1q_cd16_monocyte_alr",0.248,0.467741935483871,FALSE
"l3_isg_naive_b_cell_alr","l3_transitional_b_cell",0.248,0.830645161290323,FALSE
"l2_platelet","l1_monocyte_alr",0.247,0.0607287449392713,FALSE
"l2_memory_b_cell_alr","l3_activated_memory_b_cell_alr",0.247,0.674089068825911,FALSE
"l2_cd16_monocyte_alr","l2_treg_alr",0.247,0.445344129554656,FALSE
"l2_proliferating_nk_cell_alr","l3_klrf1_gzmb_cd27_memory_cd4_t_cell_alr",0.247,0.210526315789474,FALSE
"l2_cd8aa_alr","l3_klrf1_gzmb_cd27_memory_cd4_t_cell_alr",0.247,0.578947368421053,FALSE
"l2_dn_t_cell_alr","l1_monocyte_alr",0.247,0.0931174089068826,FALSE
"l2_treg_alr","l2_cd16_monocyte_alr",0.247,0.554655870445344,FALSE
"l3_adaptive_nk_cell_alr","l3_klrf1_gzmb_cd27_memory_cd4_t_cell_alr",0.247,0.0809716599190283,FALSE
"l3_sox4_vd1_gdt_alr","l3_clp_cell_alr",0.247,0.497975708502024,FALSE
"l3_activated_memory_b_cell_alr","l2_memory_b_cell_alr",0.247,0.325910931174089,FALSE
"l3_klrf1_gzmb_cd27_memory_cd4_t_cell_alr","l2_proliferating_nk_cell_alr",0.247,0.789473684210526,FALSE
"l3_klrf1_gzmb_cd27_memory_cd4_t_cell_alr","l2_cd8aa_alr",0.247,0.421052631578947,FALSE
"l3_klrf1_gzmb_cd27_memory_cd4_t_cell_alr","l3_adaptive_nk_cell_alr",0.247,0.919028340080972,FALSE
"l3_clp_cell_alr","l3_sox4_vd1_gdt_alr",0.247,0.502024291497976,FALSE
"l1_monocyte_alr","l2_platelet",0.247,0.939271255060729,FALSE
"l1_monocyte_alr","l2_dn_t_cell_alr",0.247,0.906882591093117,FALSE
"l2_memory_cd4_t_cell_alr","l3_klrf1_gzmb_cd27_em_cd8_t_cell_alt_alr",0.246,0.471544715447154,FALSE
"l3_klrf1_gzmb_cd27_em_cd8_t_cell_alt_alr","l2_memory_cd4_t_cell_alr",0.246,0.528455284552846,FALSE
"l2_ilc","l3_gzmb_cd27_em_cd4_t_cell_alt_alr",0.245,0.0326530612244898,FALSE
"l3_ilc","l3_isg_naive_cd4_t_cell_alr",0.245,0.159183673469388,FALSE
"l3_platelet","l3_sox4_naive_cd4_t_cell_alr",0.245,0.351020408163265,FALSE
"l2_effector_b_cell_alr","l1_dc_alr",0.245,0.542857142857143,FALSE
"l2_asdc_alr","l2_naive_cd8_t_cell_alr",0.245,0.297959183673469,FALSE
"l2_intermediate_monocyte_alr","l3_klrf1_gzmb_cd27_em_cd8_t_cell_alr",0.245,0.595918367346939,FALSE
"l2_cd56bright_nk_cell_alr","l1_platelet_alr",0.245,0.2,FALSE
"l2_naive_cd8_t_cell_alr","l2_asdc_alr",0.245,0.702040816326531,FALSE
"l2_treg_alr","l3_naive_cd4_treg_alr",0.245,0.795918367346939,FALSE
"l3_gzmb_cd27_em_cd4_t_cell_alt_alr","l2_ilc",0.245,0.96734693877551,FALSE
"l3_klrf1_gzmb_cd27_em_cd8_t_cell_alr","l2_intermediate_monocyte_alr",0.245,0.404081632653061,FALSE
"l3_isg_naive_cd4_t_cell_alr","l3_ilc",0.245,0.840816326530612,FALSE
"l3_sox4_naive_cd4_t_cell_alr","l3_platelet",0.245,0.648979591836735,FALSE
"l3_naive_cd4_treg_alr","l2_treg_alr",0.245,0.204081632653061,FALSE
"l1_dc_alr","l2_effector_b_cell_alr",0.245,0.457142857142857,FALSE
"l1_platelet_alr","l2_cd56bright_nk_cell_alr",0.245,0.8,FALSE
"sex","l3_platelet",0.244,1,FALSE
"l3_cd8aa","l1_b_cell_alr",0.244,0.254098360655738,FALSE
"l3_platelet","sex",0.244,0,FALSE
"l2_gdt_alr","l3_cd95_memory_b_cell_alr",0.244,0.438524590163934,FALSE
"l2_naive_cd8_t_cell_alr","l2_proliferating_t_cell_alr",0.244,0.840163934426229,FALSE
"l2_proliferating_t_cell_alr","l2_naive_cd8_t_cell_alr",0.244,0.159836065573771,FALSE
"l3_cd95_memory_b_cell_alr","l2_gdt_alr",0.244,0.561475409836066,FALSE
"l1_b_cell_alr","l3_cd8aa",0.244,0.745901639344262,FALSE
"l2_progenitor_cell","l2_dn_t_cell_alr",0.243,0.259259259259259,FALSE
"l3_dn_t_cell","l2_cd8aa_alr",0.243,0.11522633744856,FALSE
"l3_intermediate_monocyte","l3_platelet",0.243,0.325102880658436,FALSE
"l3_platelet","l3_intermediate_monocyte",0.243,0.674897119341564,FALSE
"l2_cd8aa_alr","l3_dn_t_cell",0.243,0.88477366255144,FALSE
"l2_dn_t_cell_alr","l2_progenitor_cell",0.243,0.740740740740741,FALSE
"l2_dn_t_cell_alr","l3_isg_naive_cd4_t_cell_alr",0.243,0.275720164609054,FALSE
"l3_isg_naive_cd4_t_cell_alr","l2_dn_t_cell_alr",0.243,0.724279835390946,FALSE
"l2_progenitor_cell","l3_klrf1_gzmb_cd27_memory_cd4_t_cell_alr",0.242,0.0785123966942149,FALSE
"l2_memory_b_cell_alr","l3_sox4_naive_cd8_t_cell_alr",0.242,0.384297520661157,FALSE
"l2_plasma_cell_alr","l3_isg_naive_b_cell_alr",0.242,0.144628099173554,FALSE
"l3_cd27_effector_b_cell_alt_alr","l3_klrf1_gzmb_cd27_em_cd8_t_cell_alr",0.242,0.648760330578512,FALSE
"l3_klrf1_gzmb_cd27_memory_cd4_t_cell_alr","l2_progenitor_cell",0.242,0.921487603305785,FALSE
"l3_klrf1_gzmb_cd27_em_cd8_t_cell_alr","l3_cd27_effector_b_cell_alt_alr",0.242,0.351239669421488,FALSE
"l3_isg_naive_b_cell_alr","l2_plasma_cell_alr",0.242,0.855371900826446,FALSE
"l3_sox4_naive_cd8_t_cell_alr","l2_memory_b_cell_alr",0.242,0.615702479338843,FALSE
"l3_proliferating_t_cell","l2_intermediate_monocyte_alr",0.241,0.580912863070539,FALSE
"l2_intermediate_monocyte_alr","l3_proliferating_t_cell",0.241,0.419087136929461,FALSE
"l2_erythrocyte","l3_ilc",0.241,0.215767634854772,FALSE
"l3_erythrocyte","l1_nk_cell_alr",0.241,0.526970954356846,FALSE
"l3_ilc","l2_erythrocyte",0.241,0.784232365145228,FALSE
"l3_pdc","l2_naive_cd8_t_cell_alr",0.241,0.12448132780083,FALSE
"l2_naive_cd8_t_cell_alr","l3_pdc",0.241,0.87551867219917,FALSE
"l1_nk_cell_alr","l3_erythrocyte",0.241,0.473029045643154,FALSE
"l3_pdc","l1_monocyte_alr",0.24,0.391666666666667,FALSE
"l2_plasma_cell_alr","l1_dc_alr",0.24,0.379166666666667,FALSE
"l2_intermediate_monocyte_alr","l3_isg_memory_cd4_t_cell_alr",0.24,0.625,FALSE
"l2_memory_cd8_t_cell_alr","l2_naive_cd8_t_cell_alr",0.24,0.808333333333333,FALSE
"l2_naive_cd8_t_cell_alr","l2_memory_cd8_t_cell_alr",0.24,0.191666666666667,FALSE
"l3_isg_cdc2_alr","l3_isg_memory_cd4_t_cell_alr",0.24,0.5,FALSE
"l3_isg_memory_cd4_t_cell_alr","l2_intermediate_monocyte_alr",0.24,0.375,FALSE
"l3_isg_memory_cd4_t_cell_alr","l3_isg_cdc2_alr",0.24,0.5,FALSE
"l1_dc_alr","l2_plasma_cell_alr",0.24,0.620833333333333,FALSE
"l1_monocyte_alr","l3_pdc",0.24,0.608333333333333,FALSE
"l3_asdc","l2_gdt_alr",0.239,0.284518828451883,FALSE
"l2_gdt_alr","l3_asdc",0.239,0.715481171548117,FALSE
"l3_baeomap_cell","l3_isg_cd14_monocyte_alr",0.239,0.364016736401674,FALSE
"l3_il1b_cd14_monocyte_alr","l3_gzmb_cd27_em_cd4_t_cell_alt_alr",0.239,0.50836820083682,FALSE
"l3_isg_cd14_monocyte_alr","l3_baeomap_cell",0.239,0.635983263598326,FALSE
"l3_klrf1_effector_vd1_gdt_alt_alr","l3_naive_vd1_gdt_alr",0.239,0.736401673640167,FALSE
"l3_naive_vd1_gdt_alr","l3_klrf1_effector_vd1_gdt_alt_alr",0.239,0.263598326359833,FALSE
"l3_cd95_memory_b_cell_alr","l3_sox4_naive_cd4_t_cell_alr",0.239,0.736401673640167,FALSE
"l3_gzmb_cd27_em_cd4_t_cell_alt_alr","l3_il1b_cd14_monocyte_alr",0.239,0.49163179916318,FALSE
"l3_sox4_naive_cd4_t_cell_alr","l3_cd95_memory_b_cell_alr",0.239,0.263598326359833,FALSE
"age_group","l3_adaptive_nk_cell_alr",0.238,1,FALSE
"l2_ilc","l3_klrf1_effector_vd1_gdt_alt_alr",0.238,0.0798319327731093,FALSE
"l2_plasma_cell_alr","l3_cd14_cdc2_alr",0.238,0.680672268907563,FALSE
"l3_adaptive_nk_cell_alr","age_group",0.238,0,FALSE
"l3_cd14_cdc2_alr","l2_plasma_cell_alr",0.238,0.319327731092437,FALSE
"l3_klrf1_effector_vd1_gdt_alt_alr","l2_ilc",0.238,0.920168067226891,FALSE
"l1_monocyte_alr","l1_erythrocyte_alr",0.237,0.721518987341772,FALSE
"l1_erythrocyte_alr","l1_monocyte_alr",0.237,0.278481012658228,FALSE
"l3_cd56bright_nk_cell","l3_ilc",0.237,0.540084388185654,FALSE
"l3_ilc","l3_cd56bright_nk_cell",0.237,0.459915611814346,FALSE
"l2_cd16_monocyte_alr","l3_isg_naive_cd4_t_cell_alr",0.237,0.50210970464135,FALSE
"l2_proliferating_nk_cell_alr","l1_dc_alr",0.237,0.122362869198312,FALSE
"l3_isg_cdc2_alr","l3_gzmb_cd27_em_cd4_t_cell_alt_alr",0.237,0.489451476793249,FALSE
"l3_gzmb_cd27_em_cd4_t_cell_alt_alr","l3_isg_cdc2_alr",0.237,0.510548523206751,FALSE
"l3_isg_naive_cd4_t_cell_alr","l2_cd16_monocyte_alr",0.237,0.49789029535865,FALSE
"l1_dc_alr","l2_proliferating_nk_cell_alr",0.237,0.877637130801688,FALSE
"l2_treg_alr","l3_klrf1_gzmb_cd27_em_cd8_t_cell_alt_alr",0.236,0.292372881355932,FALSE
"l3_klrf1_gzmb_cd27_em_cd8_t_cell_alt_alr","l2_treg_alr",0.236,0.707627118644068,FALSE
"l3_erythrocyte","l2_naive_cd8_t_cell_alr",0.236,0.343220338983051,FALSE
"l2_transitional_b_cell_alr","l2_gdt_alr",0.236,0.531779661016949,FALSE
"l2_gdt_alr","l2_transitional_b_cell_alr",0.236,0.468220338983051,FALSE
"l2_naive_cd8_t_cell_alr","l3_erythrocyte",0.236,0.656779661016949,FALSE
"l3_gzmk_cd56dim_nk_cell_alr","l3_gzmk_memory_cd4_treg_alr",0.236,0.510593220338983,FALSE
"l3_cm_cd8_t_cell_alr","l3_klrf1_gzmb_cd27_em_cd8_t_cell_alt_alr",0.236,0.343220338983051,FALSE
"l3_klrf1_gzmb_cd27_em_cd8_t_cell_alt_alr","l3_cm_cd8_t_cell_alr",0.236,0.656779661016949,FALSE
"l3_gzmk_memory_cd4_treg_alr","l3_gzmk_cd56dim_nk_cell_alr",0.236,0.489406779661017,FALSE
"l2_ilc","l3_dn_t_cell",0.235,0.0319148936170213,FALSE
"l3_dn_t_cell","l2_ilc",0.235,0.968085106382979,FALSE
"l3_cd95_memory_b_cell_alr","l3_gzmk_cd27_em_cd8_t_cell_alt_alr",0.235,0.723404255319149,FALSE
"l3_gzmk_cd27_em_cd8_t_cell_alt_alr","l3_cd95_memory_b_cell_alr",0.235,0.276595744680851,FALSE
"l2_mait_alr","l1_nk_cell_alr",0.235,0.353191489361702,FALSE
"l3_activated_memory_b_cell_alr","l3_sox4_naive_cd8_t_cell_alr",0.235,0.540425531914894,FALSE
"l3_cd95_memory_b_cell_alr","l1_b_cell_alr",0.235,0.625531914893617,FALSE
"l3_isg_naive_cd4_t_cell_alr","l1_platelet_alr",0.235,0.906382978723404,FALSE
"l3_sox4_naive_cd8_t_cell_alr","l3_activated_memory_b_cell_alr",0.235,0.459574468085106,FALSE
"l1_nk_cell_alr","l2_mait_alr",0.235,0.646808510638298,FALSE
"l1_b_cell_alr","l3_cd95_memory_b_cell_alr",0.235,0.374468085106383,FALSE
"l1_platelet_alr","l3_isg_naive_cd4_t_cell_alr",0.235,0.0936170212765957,FALSE
"l3_il1b_cd14_monocyte_alr","l3_isg_mait_alr",0.234,0.585470085470085,FALSE
"l3_isg_mait_alr","l3_il1b_cd14_monocyte_alr",0.234,0.414529914529915,FALSE
"l3_dn_t_cell","l3_baeomap_cell",0.234,0.675213675213675,FALSE
"l3_transitional_b_cell","l2_proliferating_t_cell_alr",0.234,0.0769230769230769,FALSE
"l3_baeomap_cell","l3_dn_t_cell",0.234,0.324786324786325,FALSE
"l2_proliferating_t_cell_alr","l3_transitional_b_cell",0.234,0.923076923076923,FALSE
"l3_memory_cd8_treg_alr","l1_dc_alr",0.234,0.688034188034188,FALSE
"l1_dc_alr","l3_memory_cd8_treg_alr",0.234,0.311965811965812,FALSE
"l2_ilc","l1_nk_cell_alr",0.233,0.171673819742489,FALSE
"l3_cd56bright_nk_cell","l2_cd16_monocyte_alr",0.233,0.412017167381974,FALSE
"l2_cd16_monocyte_alr","l3_cd56bright_nk_cell",0.233,0.587982832618026,FALSE
"l1_nk_cell_alr","l2_ilc",0.233,0.828326180257511,FALSE
"l3_dn_t_cell","l2_naive_cd8_t_cell_alr",0.233,0.124463519313305,FALSE
"l3_dn_t_cell","l3_isg_memory_cd8_t_cell_alr",0.233,0.377682403433476,FALSE
"l3_pdc","l1_ilc_alr",0.233,0.896995708154506,FALSE
"l2_naive_cd8_t_cell_alr","l3_dn_t_cell",0.233,0.875536480686695,FALSE
"l2_treg_alr","l3_gzmk_memory_cd4_treg_alr",0.233,0.214592274678112,FALSE
"l3_naive_vd1_gdt_alr","l3_gzmk_memory_cd4_treg_alr",0.233,0.0987124463519313,FALSE
"l3_isg_memory_cd8_t_cell_alr","l3_dn_t_cell",0.233,0.622317596566524,FALSE
"l3_gzmk_memory_cd4_treg_alr","l2_treg_alr",0.233,0.785407725321888,FALSE
"l3_gzmk_memory_cd4_treg_alr","l3_naive_vd1_gdt_alr",0.233,0.901287553648069,FALSE
"l1_ilc_alr","l3_pdc",0.233,0.103004291845494,FALSE
"l3_transitional_b_cell","l3_cd14_cdc2_alr",0.232,0.827586206896552,FALSE
"l3_cd14_cdc2_alr","l3_transitional_b_cell",0.232,0.172413793103448,FALSE
"l3_gzmb_vd2_gdt_alr","l1_monocyte_alr",0.232,0.573275862068966,FALSE
"l1_monocyte_alr","l3_gzmb_vd2_gdt_alr",0.232,0.426724137931034,FALSE
"l3_baeomap_cell","l3_memory_cd8_treg_alr",0.232,0.491379310344828,FALSE
"l2_proliferating_nk_cell_alr","l1_platelet_alr",0.232,0.198275862068966,FALSE
"l3_isg_memory_cd4_t_cell_alr","l3_gzmb_cd27_em_cd4_t_cell_alr",0.232,0.344827586206897,FALSE
"l3_gzmb_cd27_em_cd4_t_cell_alr","l3_isg_memory_cd4_t_cell_alr",0.232,0.655172413793103,FALSE
"l3_klrf1_gzmb_cd27_em_cd8_t_cell_alr","l1_ilc_alr",0.232,0.517241379310345,FALSE
"l3_memory_cd8_treg_alr","l3_baeomap_cell",0.232,0.508620689655172,FALSE
"l1_ilc_alr","l3_klrf1_gzmb_cd27_em_cd8_t_cell_alr",0.232,0.482758620689655,FALSE
"l1_platelet_alr","l2_proliferating_nk_cell_alr",0.232,0.801724137931035,FALSE
"l3_transitional_b_cell","l1_dc_alr",0.231,0.173160173160173,FALSE
"l2_cdc1_alr","l1_nk_cell_alr",0.231,0.393939393939394,FALSE
"l3_early_memory_b_cell_alr","l3_isg_naive_cd8_t_cell_alr",0.231,0.714285714285714,FALSE
"l3_isg_naive_cd8_t_cell_alr","l3_early_memory_b_cell_alr",0.231,0.285714285714286,FALSE
"l1_dc_alr","l3_transitional_b_cell",0.231,0.826839826839827,FALSE
"l1_nk_cell_alr","l2_cdc1_alr",0.231,0.606060606060606,FALSE
"l2_progenitor_cell","l3_dn_t_cell",0.231,0.337662337662338,FALSE
"l3_dn_t_cell","l2_progenitor_cell",0.231,0.662337662337662,FALSE
"l2_cd16_monocyte_alr","l2_memory_cd4_t_cell_alr",0.231,0.467532467532468,FALSE
"l2_memory_cd4_t_cell_alr","l2_cd16_monocyte_alr",0.231,0.532467532467533,FALSE
"l2_platelet","l3_dn_t_cell",0.23,0.117391304347826,FALSE
"l3_cd56bright_nk_cell","l2_pdc_alr",0.23,0.291304347826087,FALSE
"l3_dn_t_cell","l2_platelet",0.23,0.882608695652174,FALSE
"l2_pdc_alr","l3_cd56bright_nk_cell",0.23,0.708695652173913,FALSE
"l2_mait_alr","l3_early_memory_b_cell_alr",0.23,0.278260869565217,FALSE
"l3_gzmk_cd56dim_nk_cell_alr","l3_activated_memory_b_cell_alr",0.23,0.3,FALSE
"l3_activated_memory_b_cell_alr","l3_gzmk_cd56dim_nk_cell_alr",0.23,0.7,FALSE
"l3_early_memory_b_cell_alr","l2_mait_alr",0.23,0.721739130434783,FALSE
"l3_cd8aa","l3_gzmb_vd2_gdt_alr",0.23,0.621739130434783,FALSE
"l3_ilc","l1_platelet_alr",0.23,0.31304347826087,FALSE
"l3_transitional_b_cell","l2_gdt_alr",0.23,0.0826086956521739,FALSE
"l2_gdt_alr","l3_transitional_b_cell",0.23,0.917391304347826,FALSE
"l2_treg_alr","l1_monocyte_alr",0.23,0.482608695652174,FALSE
"l3_gzmb_vd2_gdt_alr","l3_cd8aa",0.23,0.378260869565217,FALSE
"l3_sox4_vd1_gdt_alr","l1_dc_alr",0.23,0.108695652173913,FALSE
"l3_cd4_mait_alr","l3_isg_naive_b_cell_alr",0.23,0.921739130434783,FALSE
"l3_isg_naive_b_cell_alr","l3_cd4_mait_alr",0.23,0.0782608695652174,FALSE
"l1_dc_alr","l3_sox4_vd1_gdt_alr",0.23,0.891304347826087,FALSE
"l1_monocyte_alr","l2_treg_alr",0.23,0.517391304347826,FALSE
"l1_platelet_alr","l3_ilc",0.23,0.68695652173913,FALSE
"l3_cdc1","l2_cd8aa_alr",0.229,0.0524017467248908,FALSE
"l2_cd8aa_alr","l3_cdc1",0.229,0.947598253275109,FALSE
"l3_proliferating_t_cell","l1_nk_cell_alr",0.229,0.240174672489083,FALSE
"l2_cd56bright_nk_cell_alr","l2_treg_alr",0.229,0.46943231441048,FALSE
"l2_treg_alr","l2_cd56bright_nk_cell_alr",0.229,0.53056768558952,FALSE
"l1_nk_cell_alr","l3_proliferating_t_cell",0.229,0.759825327510917,FALSE
"l3_proliferating_t_cell","l2_gdt_alr",0.228,0.135964912280702,FALSE
"l2_asdc_alr","l3_gzmb_vd2_gdt_alr",0.228,0.56140350877193,FALSE
"l2_gdt_alr","l3_proliferating_t_cell",0.228,0.864035087719298,FALSE
"l2_memory_cd4_t_cell_alr","l3_gzmb_cd27_em_cd4_t_cell_alr",0.228,0.399122807017544,FALSE
"l3_gzmb_vd2_gdt_alr","l2_asdc_alr",0.228,0.43859649122807,FALSE
"l3_sox4_vd1_gdt_alr","l1_b_cell_alr",0.228,0.489035087719298,FALSE
"l3_gzmb_cd27_em_cd4_t_cell_alr","l2_memory_cd4_t_cell_alr",0.228,0.600877192982456,FALSE
"l1_b_cell_alr","l3_sox4_vd1_gdt_alr",0.228,0.510964912280702,FALSE
"l3_isg_cdc2_alr","l3_type_2_polarized_memory_b_cell_alr",0.228,0.201754385964912,FALSE
"l3_type_2_polarized_memory_b_cell_alr","l3_isg_cdc2_alr",0.228,0.798245614035088,FALSE
"age_group","l2_treg_alr",0.227,1,FALSE
"l2_progenitor_cell","l3_klrf1_gzmb_cd27_em_cd8_t_cell_alr",0.227,0.414096916299559,FALSE
"l3_platelet","l3_isg_naive_cd4_t_cell_alr",0.227,0.185022026431718,FALSE
"l3_proliferating_nk_cell","l1_platelet_alr",0.227,0.26431718061674,FALSE
"l2_asdc_alr","l1_monocyte_alr",0.227,0.257709251101322,FALSE
"l2_cd8aa_alr","l1_nk_cell_alr",0.227,0.277533039647577,FALSE
"l2_treg_alr","age_group",0.227,0,FALSE
"l3_klrf1_gzmb_cd27_em_cd8_t_cell_alr","l2_progenitor_cell",0.227,0.585903083700441,FALSE
"l3_isg_naive_cd4_t_cell_alr","l3_platelet",0.227,0.814977973568282,FALSE
"l1_monocyte_alr","l2_asdc_alr",0.227,0.742290748898678,FALSE
"l1_nk_cell_alr","l2_cd8aa_alr",0.227,0.722466960352423,FALSE
"l1_platelet_alr","l3_proliferating_nk_cell",0.227,0.73568281938326,FALSE
"l3_sox4_naive_cd4_t_cell_alr","l3_klrb1_memory_cd8_treg_alr",0.226,0.18141592920354,FALSE
"l3_klrb1_memory_cd8_treg_alr","l3_sox4_naive_cd4_t_cell_alr",0.226,0.81858407079646,FALSE
"l2_cd8aa_alr","l1_b_cell_alr",0.226,0.199115044247788,FALSE
"l3_klrf1_effector_vd1_gdt_alt_alr","l3_isg_memory_cd8_t_cell_alr",0.226,0.65929203539823,FALSE
"l3_isg_memory_cd8_t_cell_alr","l3_klrf1_effector_vd1_gdt_alt_alr",0.226,0.34070796460177,FALSE
"l1_b_cell_alr","l2_cd8aa_alr",0.226,0.800884955752212,FALSE
"l2_pdc_alr","l1_ilc_alr",0.225,0.893333333333333,FALSE
"l1_ilc_alr","l2_pdc_alr",0.225,0.106666666666667,FALSE
"l2_transitional_b_cell_alr","l3_clp_cell_alr",0.225,0.682222222222222,FALSE
"l3_klrf1_effector_vd1_gdt_alr","l1_nk_cell_alr",0.225,0.231111111111111,FALSE
"l3_clp_cell_alr","l2_transitional_b_cell_alr",0.225,0.317777777777778,FALSE
"l1_nk_cell_alr","l3_klrf1_effector_vd1_gdt_alr",0.225,0.768888888888889,FALSE
"l3_il1b_cd14_monocyte_alr","l3_cd95_memory_b_cell_alr",0.224,0.397321428571429,FALSE
"l3_cd95_memory_b_cell_alr","l3_il1b_cd14_monocyte_alr",0.224,0.602678571428572,FALSE
"l1_monocyte_alr","l1_ilc_alr",0.224,0.839285714285714,FALSE
"l1_ilc_alr","l1_monocyte_alr",0.224,0.160714285714286,FALSE
"l3_erythrocyte","l3_gzmb_vd2_gdt_alr",0.224,0.647321428571429,FALSE
"l3_gzmb_vd2_gdt_alr","l3_erythrocyte",0.224,0.352678571428571,FALSE
"l3_gzmb_vd2_gdt_alr","l3_activated_memory_b_cell_alr",0.224,0.642857142857143,FALSE
"l3_activated_memory_b_cell_alr","l3_gzmb_vd2_gdt_alr",0.224,0.357142857142857,FALSE
"l3_erythrocyte","l2_plasma_cell_alr",0.223,0.878923766816143,FALSE
"l3_ilc","l2_effector_b_cell_alr",0.223,0.298206278026906,FALSE
"l2_effector_b_cell_alr","l3_ilc",0.223,0.701793721973094,FALSE
"l2_plasma_cell_alr","l3_erythrocyte",0.223,0.121076233183857,FALSE
"l3_isg_cd14_monocyte_alr","l3_isg_mait_alr",0.223,0.901345291479821,FALSE
"l3_isg_mait_alr","l3_isg_cd14_monocyte_alr",0.223,0.0986547085201794,FALSE
"l3_naive_vd1_gdt_alr","l3_sox4_naive_cd8_t_cell_alr",0.223,0.20627802690583,FALSE
"l3_isg_memory_cd8_t_cell_alr","l3_gzmk_cd27_em_cd8_t_cell_alt_alr",0.223,0.224215246636771,FALSE
"l3_gzmk_cd27_em_cd8_t_cell_alt_alr","l3_isg_memory_cd8_t_cell_alr",0.223,0.775784753363229,FALSE
"l3_sox4_naive_cd8_t_cell_alr","l3_naive_vd1_gdt_alr",0.223,0.79372197309417,FALSE
"l3_cd27_effector_b_cell_alt_alr","l3_gzmk_cd27_em_cd8_t_cell_alt_alr",0.222,0.572072072072072,FALSE
"l3_gzmk_cd27_em_cd8_t_cell_alt_alr","l3_cd27_effector_b_cell_alt_alr",0.222,0.427927927927928,FALSE
"l1_b_cell_alr","l1_ilc_alr",0.222,0.878378378378378,FALSE
"l1_ilc_alr","l1_b_cell_alr",0.222,0.121621621621622,FALSE
"l2_intermediate_monocyte_alr","l3_sox4_naive_cd4_t_cell_alr",0.222,0.0675675675675676,FALSE
"l2_cd8aa_alr","l3_isg_memory_cd4_t_cell_alr",0.222,0.0765765765765766,FALSE
"l3_isg_memory_cd4_t_cell_alr","l2_cd8aa_alr",0.222,0.923423423423423,FALSE
"l3_sox4_naive_cd4_t_cell_alr","l2_intermediate_monocyte_alr",0.222,0.932432432432432,FALSE
"l2_proliferating_nk_cell_alr","l3_klrf1_effector_vd1_gdt_alr",0.221,0.53393665158371,FALSE
"l3_klrf1_effector_vd1_gdt_alr","l2_proliferating_nk_cell_alr",0.221,0.46606334841629,FALSE
"l3_naive_vd1_gdt_alr","l3_clp_cell_alr",0.221,0.319004524886878,FALSE
"l3_isg_naive_cd4_t_cell_alr","l3_naive_cd4_treg_alr",0.221,0.339366515837104,FALSE
"l3_clp_cell_alr","l3_naive_vd1_gdt_alr",0.221,0.680995475113122,FALSE
"l3_naive_cd4_treg_alr","l3_isg_naive_cd4_t_cell_alr",0.221,0.660633484162896,FALSE
"age_group","l3_cd14_cdc2_alr",0.22,1,FALSE
"sex","l2_treg_alr",0.22,1,FALSE
"l2_plasma_cell_alr","l2_gdt_alr",0.22,0.240909090909091,FALSE
"l2_gdt_alr","l2_plasma_cell_alr",0.22,0.759090909090909,FALSE
"l2_gdt_alr","l3_cd4_mait_alr",0.22,0.304545454545455,FALSE
"l2_treg_alr","sex",0.22,0,FALSE
"l3_cd14_cdc2_alr","age_group",0.22,0,FALSE
"l3_cd4_mait_alr","l2_gdt_alr",0.22,0.695454545454545,FALSE
"l3_isg_memory_cd8_t_cell_alr","l3_klrf1_gzmb_cd27_em_cd8_t_cell_alt_alr",0.22,0.0545454545454545,FALSE
"l3_klrf1_gzmb_cd27_em_cd8_t_cell_alt_alr","l3_isg_memory_cd8_t_cell_alr",0.22,0.945454545454545,FALSE
"l2_proliferating_t_cell_alr","l1_b_cell_alr",0.22,0.204545454545455,FALSE
"l1_b_cell_alr","l2_proliferating_t_cell_alr",0.22,0.795454545454546,FALSE
"l3_pdc","l3_type_2_polarized_memory_b_cell_alr",0.219,0.45662100456621,FALSE
"l3_baeomap_cell","l2_memory_cd4_t_cell_alr",0.219,0.442922374429224,FALSE
"l2_memory_cd4_t_cell_alr","l3_baeomap_cell",0.219,0.557077625570776,FALSE
"l2_proliferating_t_cell_alr","l3_isg_mait_alr",0.219,0.694063926940639,FALSE
"l3_isg_mait_alr","l2_proliferating_t_cell_alr",0.219,0.305936073059361,FALSE
"l3_type_2_polarized_memory_b_cell_alr","l3_pdc",0.219,0.54337899543379,FALSE
"l2_plasma_cell_alr","l2_transitional_b_cell_alr",0.218,0.146788990825688,FALSE
"l2_transitional_b_cell_alr","l2_plasma_cell_alr",0.218,0.853211009174312,FALSE
"l2_cdc1_alr","l3_klrf1_gzmb_cd27_em_cd8_t_cell_alt_alr",0.218,0.58256880733945,FALSE
"l2_pdc_alr","l3_klrf1_gzmb_cd27_memory_cd4_t_cell_alr",0.218,0.0871559633027523,FALSE
"l3_cd27_effector_b_cell_alt_alr","l3_klrf1_gzmb_cd27_memory_cd4_t_cell_alr",0.218,0.110091743119266,FALSE
"l3_klrf1_gzmb_cd27_memory_cd4_t_cell_alr","l2_pdc_alr",0.218,0.912844036697248,FALSE
"l3_klrf1_gzmb_cd27_memory_cd4_t_cell_alr","l3_cd27_effector_b_cell_alt_alr",0.218,0.889908256880734,FALSE
"l3_klrf1_gzmb_cd27_em_cd8_t_cell_alt_alr","l2_cdc1_alr",0.218,0.41743119266055,FALSE
"age_group","l3_gzmb_cd27_em_cd4_t_cell_alt_alr",0.217,1,FALSE
"l2_effector_b_cell_alr","l3_cd27_effector_b_cell_alt_alr",0.217,0.311059907834101,FALSE
"l3_cd27_effector_b_cell_alt_alr","l2_effector_b_cell_alr",0.217,0.688940092165899,FALSE
"l3_gzmb_cd27_em_cd4_t_cell_alt_alr","age_group",0.217,0,FALSE
"l3_gzmk_cd27_em_cd8_t_cell_alt_alr","l3_gzmk_memory_cd4_treg_alr",0.217,0.267281105990783,FALSE
"l3_gzmk_memory_cd4_treg_alr","l3_gzmk_cd27_em_cd8_t_cell_alt_alr",0.217,0.732718894009217,FALSE
"l3_plasma_cell","l2_pdc_alr",0.216,0.458333333333333,FALSE
"l2_pdc_alr","l3_plasma_cell",0.216,0.541666666666667,FALSE
"l2_treg_alr","l3_sox4_naive_cd8_t_cell_alr",0.216,0.925925925925926,FALSE
"l3_sox4_naive_cd8_t_cell_alr","l2_treg_alr",0.216,0.0740740740740741,FALSE
"l2_mait_alr","l3_cm_cd8_t_cell_alr",0.216,0.587962962962963,FALSE
"l3_cm_cd8_t_cell_alr","l2_mait_alr",0.216,0.412037037037037,FALSE
"l2_treg_alr","l3_cd4_mait_alr",0.215,0.469767441860465,FALSE
"l3_cd4_mait_alr","l2_treg_alr",0.215,0.530232558139535,FALSE
"sex","l3_cm_cd8_t_cell_alr",0.215,1,FALSE
"l3_proliferating_nk_cell","l2_cd16_monocyte_alr",0.215,0.316279069767442,FALSE
"l2_cd16_monocyte_alr","l3_proliferating_nk_cell",0.215,0.683720930232558,FALSE
"l2_mait_alr","l3_klrf1_gzmb_cd27_memory_cd4_t_cell_alr",0.215,0.0976744186046512,FALSE
"l3_klrf1_effector_vd1_gdt_alr","l3_gzmk_cd27_em_cd8_t_cell_alt_alr",0.215,0.497674418604651,FALSE
"l3_naive_vd1_gdt_alr","l3_early_memory_b_cell_alr",0.215,0.4,FALSE
"l3_early_memory_b_cell_alr","l3_naive_vd1_gdt_alr",0.215,0.6,FALSE
"l3_klrf1_gzmb_cd27_memory_cd4_t_cell_alr","l2_mait_alr",0.215,0.902325581395349,FALSE
"l3_cm_cd8_t_cell_alr","sex",0.215,0,FALSE
"l3_gzmk_cd27_em_cd8_t_cell_alt_alr","l3_klrf1_effector_vd1_gdt_alr",0.215,0.502325581395349,FALSE
"l3_asdc","l2_transitional_b_cell_alr",0.214,0.345794392523364,FALSE
"l3_platelet","l2_proliferating_nk_cell_alr",0.214,0.780373831775701,FALSE
"l2_transitional_b_cell_alr","l3_asdc",0.214,0.654205607476635,FALSE
"l2_proliferating_nk_cell_alr","l3_platelet",0.214,0.219626168224299,FALSE
"l3_il1b_cd14_monocyte_alr","l3_gzmb_cd27_em_cd4_t_cell_alr",0.214,0.635514018691589,FALSE
"l3_gzmb_cd27_em_cd4_t_cell_alr","l3_il1b_cd14_monocyte_alr",0.214,0.364485981308411,FALSE
"l2_cd16_monocyte_alr","l3_isg_naive_b_cell_alr",0.214,0.803738317757009,FALSE
"l3_cd4_mait_alr","l3_naive_cd4_treg_alr",0.214,0.710280373831776,FALSE
"l3_isg_naive_b_cell_alr","l2_cd16_monocyte_alr",0.214,0.196261682242991,FALSE
"l3_isg_naive_cd4_t_cell_alr","l1_ilc_alr",0.214,0.906542056074766,FALSE
"l3_naive_cd4_treg_alr","l3_cd4_mait_alr",0.214,0.289719626168224,FALSE
"l1_ilc_alr","l3_isg_naive_cd4_t_cell_alr",0.214,0.0934579439252337,FALSE
"l3_proliferating_t_cell","l3_klrf1_effector_vd1_gdt_alr",0.213,0.615023474178404,FALSE
"l3_klrf1_effector_vd1_gdt_alr","l3_proliferating_t_cell",0.213,0.384976525821596,FALSE
"l3_cd8aa","l3_memory_cd8_treg_alr",0.213,0.553990610328638,FALSE
"l3_cdc1","l3_sox4_naive_cd4_t_cell_alr",0.213,0.164319248826291,FALSE
"l3_sox4_naive_cd4_t_cell_alr","l3_cdc1",0.213,0.835680751173709,FALSE
"l3_memory_cd8_treg_alr","l3_cd8aa",0.213,0.446009389671362,FALSE
"l3_proliferating_t_cell","l2_dn_t_cell_alr",0.212,0.533018867924528,FALSE
"l2_pdc_alr","l1_nk_cell_alr",0.212,0.44811320754717,FALSE
"l2_dn_t_cell_alr","l3_proliferating_t_cell",0.212,0.466981132075472,FALSE
"l2_mait_alr","l3_memory_cd8_treg_alr",0.212,0.466981132075472,FALSE
"l3_memory_cd8_treg_alr","l2_mait_alr",0.212,0.533018867924528,FALSE
"l1_nk_cell_alr","l2_pdc_alr",0.212,0.55188679245283,FALSE
"cmv","l3_isg_memory_cd8_t_cell_alr",0.212,1,FALSE
"l2_pdc_alr","l2_cd8aa_alr",0.212,0.264150943396226,FALSE
"l2_pdc_alr","l3_adaptive_nk_cell_alr",0.212,0.330188679245283,FALSE
"l2_proliferating_nk_cell_alr","l3_sox4_naive_cd4_t_cell_alr",0.212,0.153301886792453,FALSE
"l2_cd8aa_alr","l2_pdc_alr",0.212,0.735849056603774,FALSE
"l2_cd8aa_alr","l3_isg_naive_cd4_t_cell_alr",0.212,0.160377358490566,FALSE
"l3_adaptive_nk_cell_alr","l2_pdc_alr",0.212,0.669811320754717,FALSE
"l3_klrf1_effector_vd1_gdt_alr","l3_sox4_naive_cd4_t_cell_alr",0.212,0.320754716981132,FALSE
"l3_isg_memory_cd8_t_cell_alr","cmv",0.212,0,FALSE
"l3_isg_naive_cd4_t_cell_alr","l2_cd8aa_alr",0.212,0.839622641509434,FALSE
"l3_sox4_naive_cd4_t_cell_alr","l2_proliferating_nk_cell_alr",0.212,0.846698113207547,FALSE
"l3_sox4_naive_cd4_t_cell_alr","l3_klrf1_effector_vd1_gdt_alr",0.212,0.679245283018868,FALSE
"l3_isg_naive_cd8_t_cell_alr","l3_memory_cd8_treg_alr",0.212,0.566037735849057,FALSE
"l3_memory_cd8_treg_alr","l3_isg_naive_cd8_t_cell_alr",0.212,0.433962264150943,FALSE
"l3_intermediate_monocyte","l1_erythrocyte_alr",0.211,0.360189573459716,FALSE
"l1_erythrocyte_alr","l3_intermediate_monocyte",0.211,0.639810426540284,FALSE
"l3_ilc","l3_klrf1_gzmb_cd27_memory_cd4_t_cell_alr",0.211,0.118483412322275,FALSE
"l3_klrf1_gzmb_cd27_memory_cd4_t_cell_alr","l3_ilc",0.211,0.881516587677725,FALSE
"l3_transitional_b_cell","l1_monocyte_alr",0.21,0.219047619047619,FALSE
"l2_effector_b_cell_alr","l3_gzmk_memory_cd4_treg_alr",0.21,0.357142857142857,FALSE
"l3_gzmb_cd27_em_cd4_t_cell_alr","l1_platelet_alr",0.21,0.471428571428571,FALSE
"l3_gzmk_memory_cd4_treg_alr","l2_effector_b_cell_alr",0.21,0.642857142857143,FALSE
"l1_monocyte_alr","l3_transitional_b_cell",0.21,0.780952380952381,FALSE
"l1_platelet_alr","l3_gzmb_cd27_em_cd4_t_cell_alr",0.21,0.528571428571429,FALSE
"l3_platelet","l3_adaptive_nk_cell_alr",0.21,0.314285714285714,FALSE
"l3_adaptive_nk_cell_alr","l3_platelet",0.21,0.685714285714286,FALSE
"l2_erythrocyte","l3_klrf1_gzmb_cd27_memory_cd4_t_cell_alr",0.209,0.0382775119617225,FALSE
"l3_naive_vd1_gdt_alr","l3_klrf1_gzmb_cd27_em_cd8_t_cell_alr",0.209,0.373205741626794,FALSE
"l3_klrf1_gzmb_cd27_memory_cd4_t_cell_alr","l2_erythrocyte",0.209,0.961722488038278,FALSE
"l3_klrf1_gzmb_cd27_em_cd8_t_cell_alr","l3_naive_vd1_gdt_alr",0.209,0.626794258373206,FALSE
"l3_isg_naive_cd4_t_cell_alr","l3_sox4_naive_cd4_t_cell_alr",0.209,0.602870813397129,FALSE
"l3_sox4_naive_cd4_t_cell_alr","l3_isg_naive_cd4_t_cell_alr",0.209,0.397129186602871,FALSE
"l3_plasma_cell","l2_proliferating_t_cell_alr",0.209,0.435406698564593,FALSE
"l3_plasma_cell","l3_gzmk_cd56dim_nk_cell_alr",0.209,0.684210526315789,FALSE
"l2_cd56bright_nk_cell_alr","l3_klrf1_gzmb_cd27_memory_cd4_t_cell_alr",0.209,0.287081339712919,FALSE
"l2_proliferating_t_cell_alr","l3_plasma_cell",0.209,0.564593301435407,FALSE
"l3_gzmk_cd56dim_nk_cell_alr","l3_plasma_cell",0.209,0.315789473684211,FALSE
"l3_klrf1_gzmb_cd27_memory_cd4_t_cell_alr","l2_cd56bright_nk_cell_alr",0.209,0.712918660287081,FALSE
"l2_pdc_alr","l2_naive_cd8_t_cell_alr",0.208,0.177884615384615,FALSE
"l2_naive_cd8_t_cell_alr","l2_pdc_alr",0.208,0.822115384615385,FALSE
"l3_ilc","l3_klrf1_gzmb_cd27_em_cd8_t_cell_alr",0.208,0.418269230769231,FALSE
"l2_cd56bright_nk_cell_alr","l1_monocyte_alr",0.208,0.0913461538461539,FALSE
"l2_cd8aa_alr","l3_sox4_vd1_gdt_alr",0.208,0.75,FALSE
"l3_sox4_vd1_gdt_alr","l2_cd8aa_alr",0.208,0.25,FALSE
"l3_klrf1_gzmb_cd27_em_cd8_t_cell_alr","l3_ilc",0.208,0.581730769230769,FALSE
"l1_monocyte_alr","l2_cd56bright_nk_cell_alr",0.208,0.908653846153846,FALSE
"l3_cd56bright_nk_cell","l3_activated_memory_b_cell_alr",0.207,0.782608695652174,FALSE
"l3_cd8aa","l3_isg_naive_cd4_t_cell_alr",0.207,0.188405797101449,FALSE
"l3_proliferating_t_cell","l1_dc_alr",0.207,0.0821256038647343,FALSE
"l2_effector_b_cell_alr","l1_b_cell_alr",0.207,0.63768115942029,FALSE
"l2_gdt_alr","l1_b_cell_alr",0.207,0.541062801932367,FALSE
"l3_activated_memory_b_cell_alr","l3_cd56bright_nk_cell",0.207,0.217391304347826,FALSE
"l3_isg_naive_cd4_t_cell_alr","l3_cd8aa",0.207,0.811594202898551,FALSE
"l1_dc_alr","l3_proliferating_t_cell",0.207,0.917874396135266,FALSE
"l1_b_cell_alr","l2_effector_b_cell_alr",0.207,0.36231884057971,FALSE
"l1_b_cell_alr","l2_gdt_alr",0.207,0.458937198067633,FALSE
"l3_asdc","l3_baeomap_cell",0.206,0.567961165048544,FALSE
"l3_cd8aa","l2_naive_cd8_t_cell_alr",0.206,0.218446601941748,FALSE
"l3_baeomap_cell","l3_asdc",0.206,0.432038834951456,FALSE
"l2_memory_b_cell_alr","l3_isg_naive_b_cell_alr",0.206,0.941747572815534,FALSE
"l2_dn_t_cell_alr","l3_isg_naive_cd8_t_cell_alr",0.206,0.45631067961165,FALSE
"l2_naive_cd8_t_cell_alr","l3_cd8aa",0.206,0.781553398058252,FALSE
"l2_proliferating_t_cell_alr","l3_isg_memory_cd4_t_cell_alr",0.206,0.359223300970874,FALSE
"l3_cd14_cdc2_alr","l3_klrf1_effector_vd1_gdt_alt_alr",0.206,0.524271844660194,FALSE
"l3_klrf1_effector_vd1_gdt_alt_alr","l3_cd14_cdc2_alr",0.206,0.475728155339806,FALSE
"l3_isg_memory_cd4_t_cell_alr","l2_proliferating_t_cell_alr",0.206,0.640776699029126,FALSE
"l3_gzmb_cd27_em_cd4_t_cell_alt_alr","l3_klrb1_memory_cd4_treg_alr",0.206,0.507281553398058,FALSE
"l3_isg_naive_b_cell_alr","l2_memory_b_cell_alr",0.206,0.058252427184466,FALSE
"l3_isg_naive_b_cell_alr","l1_b_cell_alr",0.206,0.344660194174757,FALSE
"l3_isg_naive_cd8_t_cell_alr","l2_dn_t_cell_alr",0.206,0.543689320388349,FALSE
"l3_klrb1_memory_cd4_treg_alr","l3_gzmb_cd27_em_cd4_t_cell_alt_alr",0.206,0.492718446601942,FALSE
"l1_b_cell_alr","l3_isg_naive_b_cell_alr",0.206,0.655339805825243,FALSE
"l2_progenitor_cell","l3_isg_naive_b_cell_alr",0.206,0.70873786407767,FALSE
"l3_cd8aa","l3_adaptive_nk_cell_alr",0.206,0.907766990291262,FALSE
"l3_erythrocyte","l3_sox4_naive_cd4_t_cell_alr",0.206,0.135922330097087,FALSE
"l3_adaptive_nk_cell_alr","l3_cd8aa",0.206,0.0922330097087379,FALSE
"l3_isg_naive_b_cell_alr","l2_progenitor_cell",0.206,0.29126213592233,FALSE
"l3_sox4_naive_cd4_t_cell_alr","l3_erythrocyte",0.206,0.864077669902913,FALSE
"l3_pdc","l1_nk_cell_alr",0.205,0.55609756097561,FALSE
"l3_transitional_b_cell","l3_isg_memory_cd4_t_cell_alr",0.205,0.048780487804878,FALSE
"l3_baeomap_cell","l2_effector_b_cell_alr",0.205,0.34390243902439,FALSE
"l2_effector_b_cell_alr","l3_baeomap_cell",0.205,0.65609756097561,FALSE
"l2_effector_b_cell_alr","l3_cd14_cdc2_alr",0.205,0.331707317073171,FALSE
"l2_effector_b_cell_alr","l3_naive_cd4_treg_alr",0.205,0.75609756097561,FALSE
"l3_cd14_cdc2_alr","l2_effector_b_cell_alr",0.205,0.668292682926829,FALSE
"l3_isg_memory_cd4_t_cell_alr","l3_transitional_b_cell",0.205,0.951219512195122,FALSE
"l3_naive_cd4_treg_alr","l2_effector_b_cell_alr",0.205,0.24390243902439,FALSE
"l1_nk_cell_alr","l3_pdc",0.205,0.44390243902439,FALSE
"l3_platelet","l2_cd56bright_nk_cell_alr",0.205,0.88780487804878,FALSE
"l3_proliferating_t_cell","l3_adaptive_nk_cell_alr",0.205,0.721951219512195,FALSE
"l2_cd56bright_nk_cell_alr","l3_platelet",0.205,0.11219512195122,FALSE
"l3_adaptive_nk_cell_alr","l3_proliferating_t_cell",0.205,0.278048780487805,FALSE
"l3_isg_memory_cd8_t_cell_alr","l3_memory_cd8_treg_alr",0.205,0.268292682926829,FALSE
"l3_memory_cd8_treg_alr","l3_isg_memory_cd8_t_cell_alr",0.205,0.731707317073171,FALSE
"l2_cd56bright_nk_cell_alr","l3_isg_naive_cd4_t_cell_alr",0.204,0.0686274509803921,FALSE
"l3_isg_cd56dim_nk_cell_alr","l3_klrf1_gzmb_cd27_em_cd8_t_cell_alr",0.204,0.485294117647059,FALSE
"l3_klrf1_gzmb_cd27_em_cd8_t_cell_alr","l3_isg_cd56dim_nk_cell_alr",0.204,0.514705882352941,FALSE
"l3_isg_naive_cd4_t_cell_alr","l2_cd56bright_nk_cell_alr",0.204,0.931372549019608,FALSE
"l3_isg_naive_cd4_t_cell_alr","l3_klrb1_memory_cd4_treg_alr",0.204,0.357843137254902,FALSE
"l3_klrb1_memory_cd4_treg_alr","l3_isg_naive_cd4_t_cell_alr",0.204,0.642156862745098,FALSE
"l1_monocyte_alr","l1_nk_cell_alr",0.204,0.661764705882353,FALSE
"l1_nk_cell_alr","l1_monocyte_alr",0.204,0.338235294117647,FALSE
"cmv","l3_gzmk_memory_cd4_treg_alr",0.204,1,FALSE
"l2_erythrocyte","l3_klrf1_effector_vd1_gdt_alt_alr",0.204,0.147058823529412,FALSE
"l3_dn_t_cell","l3_transitional_b_cell",0.204,0.713235294117647,FALSE
"l3_transitional_b_cell","l3_dn_t_cell",0.204,0.286764705882353,FALSE
"l3_klrf1_effector_vd1_gdt_alt_alr","l2_erythrocyte",0.204,0.852941176470588,FALSE
"l3_gzmk_memory_cd4_treg_alr","cmv",0.204,0,FALSE
"l3_plasma_cell","l3_early_memory_b_cell_alr",0.203,0.431034482758621,FALSE
"l3_early_memory_b_cell_alr","l3_plasma_cell",0.203,0.568965517241379,FALSE
"age_group","l3_cdc1",0.202,1,FALSE
"l3_cdc1","age_group",0.202,0,FALSE
"l3_dn_t_cell","l3_klrb1_memory_cd4_treg_alr",0.202,0.633663366336634,FALSE
"l2_transitional_b_cell_alr","l1_erythrocyte_alr",0.202,0.569306930693069,FALSE
"l2_cdc1_alr","l1_b_cell_alr",0.202,0.485148514851485,FALSE
"l2_memory_cd8_t_cell_alr","l3_c1q_cd16_monocyte_alr",0.202,0.504950495049505,FALSE
"l3_c1q_cd16_monocyte_alr","l2_memory_cd8_t_cell_alr",0.202,0.495049504950495,FALSE
"l3_cd4_mait_alr","l1_progenitor_cell_alr",0.202,0.757425742574257,FALSE
"l3_isg_mait_alr","l3_type_2_polarized_memory_b_cell_alr",0.202,0.245049504950495,FALSE
"l3_cd95_memory_b_cell_alr","l3_memory_cd8_treg_alr",0.202,0.611386138613861,FALSE
"l3_type_2_polarized_memory_b_cell_alr","l3_isg_mait_alr",0.202,0.754950495049505,FALSE
"l3_klrb1_memory_cd4_treg_alr","l3_dn_t_cell",0.202,0.366336633663366,FALSE
"l3_memory_cd8_treg_alr","l3_cd95_memory_b_cell_alr",0.202,0.388613861386139,FALSE
"l1_b_cell_alr","l2_cdc1_alr",0.202,0.514851485148515,FALSE
"l1_erythrocyte_alr","l2_transitional_b_cell_alr",0.202,0.430693069306931,FALSE
"l1_progenitor_cell_alr","l3_cd4_mait_alr",0.202,0.242574257425743,FALSE
"l3_cd14_cdc2_alr","l3_gzmk_cd27_em_cd8_t_cell_alt_alr",0.202,0.702970297029703,FALSE
"l3_gzmk_cd27_em_cd8_t_cell_alt_alr","l3_cd14_cdc2_alr",0.202,0.297029702970297,FALSE
"age_group","l2_transitional_b_cell_alr",0.201,1,FALSE
"sex","l3_proliferating_nk_cell",0.201,1,FALSE
"l3_dn_t_cell","l1_monocyte_alr",0.201,0.0845771144278607,FALSE
"l3_dn_t_cell","l1_progenitor_cell_alr",0.201,0.616915422885572,FALSE
"l3_intermediate_monocyte","l2_proliferating_nk_cell_alr",0.201,0.676616915422886,FALSE
"l3_proliferating_nk_cell","sex",0.201,0,FALSE
"l2_transitional_b_cell_alr","age_group",0.201,0,FALSE
"l2_proliferating_nk_cell_alr","l3_intermediate_monocyte",0.201,0.323383084577114,FALSE
"l3_adaptive_nk_cell_alr","l3_early_memory_b_cell_alr",0.201,0.402985074626866,FALSE
"l3_early_memory_b_cell_alr","l3_adaptive_nk_cell_alr",0.201,0.597014925373134,FALSE
"l3_type_2_polarized_memory_b_cell_alr","l3_memory_cd8_treg_alr",0.201,0.646766169154229,FALSE
"l3_klrb1_memory_cd4_treg_alr","l1_progenitor_cell_alr",0.201,0.348258706467662,FALSE
"l3_memory_cd8_treg_alr","l3_type_2_polarized_memory_b_cell_alr",0.201,0.353233830845771,FALSE
"l1_monocyte_alr","l3_dn_t_cell",0.201,0.915422885572139,FALSE
"l1_progenitor_cell_alr","l3_dn_t_cell",0.201,0.383084577114428,FALSE
"l1_progenitor_cell_alr","l3_klrb1_memory_cd4_treg_alr",0.201,0.651741293532338,FALSE
"l3_intermediate_monocyte","l3_sox4_naive_cd4_t_cell_alr",0.201,0.0995024875621891,FALSE
"l3_sox4_naive_cd4_t_cell_alr","l3_intermediate_monocyte",0.201,0.900497512437811,FALSE
"sex","l3_isg_cd14_monocyte_alr",0.2,1,FALSE
"sex","l3_sox4_naive_cd4_t_cell_alr",0.2,1,FALSE
"l2_mait_alr","l2_treg_alr",0.2,0.305,FALSE
"l2_treg_alr","l2_mait_alr",0.2,0.695,FALSE
"l3_il1b_cd14_monocyte_alr","l3_clp_cell_alr",0.2,0.6,FALSE
"l3_isg_cd14_monocyte_alr","sex",0.2,0,FALSE
"l3_activated_memory_b_cell_alr","l1_dc_alr",0.2,0.39,FALSE
"l3_early_memory_b_cell_alr","l3_type_2_polarized_memory_b_cell_alr",0.2,0.545,FALSE
"l3_type_2_polarized_memory_b_cell_alr","l3_early_memory_b_cell_alr",0.2,0.455,FALSE
"l3_sox4_naive_cd4_t_cell_alr","sex",0.2,0,FALSE
"l3_clp_cell_alr","l3_il1b_cd14_monocyte_alr",0.2,0.4,FALSE
"l1_dc_alr","l3_activated_memory_b_cell_alr",0.2,0.61,FALSE
"l1_monocyte_alr","l1_platelet_alr",0.2,0.95,FALSE
"l1_platelet_alr","l1_monocyte_alr",0.2,0.05,FALSE
"l3_klrf1_gzmb_cd27_em_cd8_t_cell_alt_alr","l3_clp_cell_alr",0.2,0.28,FALSE
"l3_clp_cell_alr","l3_klrf1_gzmb_cd27_em_cd8_t_cell_alt_alr",0.2,0.72,FALSE
"sex","l2_memory_cd8_t_cell_alr",0.199,1,FALSE
"l2_transitional_b_cell_alr","l2_naive_cd8_t_cell_alr",0.199,0.492462311557789,FALSE
"l2_proliferating_nk_cell_alr","l3_gzmk_cd56dim_nk_cell_alr",0.199,0.542713567839196,FALSE
"l2_memory_cd8_t_cell_alr","sex",0.199,0,FALSE
"l2_naive_cd8_t_cell_alr","l2_transitional_b_cell_alr",0.199,0.507537688442211,FALSE
"l3_gzmk_cd56dim_nk_cell_alr","l2_proliferating_nk_cell_alr",0.199,0.457286432160804,FALSE
"l3_gzmk_cd56dim_nk_cell_alr","l3_klrb1_memory_cd8_treg_alr",0.199,0.542713567839196,FALSE
"l3_cd27_effector_b_cell_alt_alr","l3_sox4_naive_cd4_t_cell_alr",0.199,0.331658291457286,FALSE
"l3_sox4_naive_cd4_t_cell_alr","l3_cd27_effector_b_cell_alt_alr",0.199,0.668341708542714,FALSE
"l3_klrb1_memory_cd8_treg_alr","l3_gzmk_cd56dim_nk_cell_alr",0.199,0.457286432160804,FALSE
"l2_dn_t_cell_alr","l3_isg_memory_cd4_t_cell_alr",0.199,0.130653266331658,FALSE
"l3_isg_memory_cd4_t_cell_alr","l2_dn_t_cell_alr",0.199,0.869346733668342,FALSE
"l3_platelet","l1_nk_cell_alr",0.198,0.414141414141414,FALSE
"l2_proliferating_t_cell_alr","l3_cd95_memory_b_cell_alr",0.198,0.525252525252525,FALSE
"l3_cd95_memory_b_cell_alr","l2_proliferating_t_cell_alr",0.198,0.474747474747475,FALSE
"l3_early_memory_b_cell_alr","l3_isg_memory_cd8_t_cell_alr",0.198,0.429292929292929,FALSE
"l3_isg_memory_cd8_t_cell_alr","l3_early_memory_b_cell_alr",0.198,0.570707070707071,FALSE
"l1_nk_cell_alr","l3_platelet",0.198,0.585858585858586,FALSE
"l2_progenitor_cell","l1_erythrocyte_alr",0.197,0.152284263959391,FALSE
"l3_asdc","l3_isg_memory_cd4_t_cell_alr",0.197,0.149746192893401,FALSE
"l3_pdc","l2_cd8aa_alr",0.197,0.406091370558376,FALSE
"l2_effector_b_cell_alr","l3_clp_cell_alr",0.197,0.487309644670051,FALSE
"l2_transitional_b_cell_alr","l3_klrb1_memory_cd8_treg_alr",0.197,0.522842639593909,FALSE
"l2_cd8aa_alr","l3_pdc",0.197,0.593908629441624,FALSE
"l2_dn_t_cell_alr","l3_klrf1_effector_vd1_gdt_alt_alr",0.197,0.294416243654822,FALSE
"l2_memory_cd4_t_cell_alr","l3_c1q_cd16_monocyte_alr",0.197,0.543147208121827,FALSE
"l2_memory_cd8_t_cell_alr","l3_gzmb_cd27_em_cd4_t_cell_alt_alr",0.197,0.477157360406091,FALSE
"l3_c1q_cd16_monocyte_alr","l2_memory_cd4_t_cell_alr",0.197,0.456852791878173,FALSE
"l3_gzmk_cd56dim_nk_cell_alr","l3_early_memory_b_cell_alr",0.197,0.314720812182741,FALSE
"l3_klrf1_effector_vd1_gdt_alt_alr","l2_dn_t_cell_alr",0.197,0.705583756345178,FALSE
"l3_early_memory_b_cell_alr","l3_gzmk_cd56dim_nk_cell_alr",0.197,0.685279187817259,FALSE
"l3_isg_memory_cd4_t_cell_alr","l3_asdc",0.197,0.850253807106599,FALSE
"l3_gzmb_cd27_em_cd4_t_cell_alt_alr","l2_memory_cd8_t_cell_alr",0.197,0.522842639593909,FALSE
"l3_clp_cell_alr","l2_effector_b_cell_alr",0.197,0.512690355329949,FALSE
"l3_klrb1_memory_cd8_treg_alr","l2_transitional_b_cell_alr",0.197,0.477157360406091,FALSE
"l1_erythrocyte_alr","l2_progenitor_cell",0.197,0.847715736040609,FALSE
"l2_intermediate_monocyte_alr","l3_klrf1_effector_vd1_gdt_alr",0.197,0.720812182741117,FALSE
"l3_klrf1_effector_vd1_gdt_alr","l2_intermediate_monocyte_alr",0.197,0.279187817258883,FALSE
"l3_proliferating_nk_cell","l3_isg_naive_cd8_t_cell_alr",0.196,0.602040816326531,FALSE
"l2_memory_cd4_t_cell_alr","l1_b_cell_alr",0.196,0.642857142857143,FALSE
"l2_treg_alr","l3_isg_memory_cd8_t_cell_alr",0.196,0.673469387755102,FALSE
"l3_isg_memory_cd8_t_cell_alr","l2_treg_alr",0.196,0.326530612244898,FALSE
"l3_isg_naive_cd8_t_cell_alr","l3_proliferating_nk_cell",0.196,0.397959183673469,FALSE
"l1_b_cell_alr","l2_memory_cd4_t_cell_alr",0.196,0.357142857142857,FALSE
"l3_isg_naive_b_cell_alr","l1_monocyte_alr",0.196,0.112244897959184,FALSE
"l1_monocyte_alr","l3_isg_naive_b_cell_alr",0.196,0.887755102040816,FALSE
"cmv","l3_pdc",0.195,1,FALSE
"cmv","l3_gzmb_vd2_gdt_alr",0.195,1,FALSE
"l3_cd56bright_nk_cell","l3_clp_cell_alr",0.195,0.438461538461538,FALSE
"l3_pdc","cmv",0.195,0,FALSE
"l2_memory_b_cell_alr","l3_isg_mait_alr",0.195,0.61025641025641,FALSE
"l2_cd8aa_alr","l3_gzmb_vd2_gdt_alr",0.195,0.594871794871795,FALSE
"l2_gdt_alr","l3_clp_cell_alr",0.195,0.476923076923077,FALSE
"l2_memory_cd4_t_cell_alr","l3_cm_cd8_t_cell_alr",0.195,0.497435897435897,FALSE
"l3_gzmb_vd2_gdt_alr","cmv",0.195,0,FALSE
"l3_gzmb_vd2_gdt_alr","l2_cd8aa_alr",0.195,0.405128205128205,FALSE
"l3_isg_mait_alr","l2_memory_b_cell_alr",0.195,0.38974358974359,FALSE
"l3_cm_cd8_t_cell_alr","l2_memory_cd4_t_cell_alr",0.195,0.502564102564103,FALSE
"l3_clp_cell_alr","l3_cd56bright_nk_cell",0.195,0.561538461538462,FALSE
"l3_clp_cell_alr","l2_gdt_alr",0.195,0.523076923076923,FALSE
"l3_cd56bright_nk_cell","l1_dc_alr",0.194,0.195876288659794,FALSE
"l3_platelet","l1_erythrocyte_alr",0.194,0.541237113402062,FALSE
"l2_transitional_b_cell_alr","l3_cd14_cdc2_alr",0.194,0.543814432989691,FALSE
"l2_pdc_alr","l3_sox4_naive_cd4_t_cell_alr",0.194,0.412371134020619,FALSE
"l2_proliferating_t_cell_alr","l3_naive_cd4_treg_alr",0.194,0.711340206185567,FALSE
"l3_cd14_cdc2_alr","l2_transitional_b_cell_alr",0.194,0.456185567010309,FALSE
"l3_sox4_naive_cd4_t_cell_alr","l2_pdc_alr",0.194,0.587628865979381,FALSE
"l3_naive_cd4_treg_alr","l2_proliferating_t_cell_alr",0.194,0.288659793814433,FALSE
"l1_dc_alr","l3_cd56bright_nk_cell",0.194,0.804123711340206,FALSE
"l1_erythrocyte_alr","l3_platelet",0.194,0.458762886597938,FALSE
"sex","l1_platelet_alr",0.193,1,FALSE
"l2_ilc","l3_gzmb_cd27_em_cd4_t_cell_alr",0.193,0.0880829015544042,FALSE
"l3_asdc","l3_ilc",0.193,0.761658031088083,FALSE
"l3_ilc","l3_asdc",0.193,0.238341968911917,FALSE
"l3_pdc","l1_b_cell_alr",0.193,0.248704663212435,FALSE
"l3_baeomap_cell","l3_sox4_naive_cd4_t_cell_alr",0.193,0.658031088082902,FALSE
"l2_effector_b_cell_alr","l3_isg_cd56dim_nk_cell_alr",0.193,0.813471502590674,FALSE
"l3_isg_cd56dim_nk_cell_alr","l2_effector_b_cell_alr",0.193,0.186528497409326,FALSE
"l3_gzmb_cd27_em_cd4_t_cell_alr","l2_ilc",0.193,0.911917098445596,FALSE
"l3_sox4_naive_cd4_t_cell_alr","l3_baeomap_cell",0.193,0.341968911917098,FALSE
"l1_b_cell_alr","l3_pdc",0.193,0.751295336787565,FALSE
"l1_platelet_alr","sex",0.193,0,FALSE
"l3_cd8aa","l1_nk_cell_alr",0.192,0.21875,FALSE
"l3_proliferating_nk_cell","l1_dc_alr",0.192,0.192708333333333,FALSE
"l2_naive_cd8_t_cell_alr","l3_il1b_cd14_monocyte_alr",0.192,0.505208333333333,FALSE
"l3_il1b_cd14_monocyte_alr","l2_naive_cd8_t_cell_alr",0.192,0.494791666666667,FALSE
"l3_cd14_cdc2_alr","l1_dc_alr",0.192,0.59375,FALSE
"l3_cd95_memory_b_cell_alr","l3_gzmb_cd27_em_cd4_t_cell_alr",0.192,0.479166666666667,FALSE
"l3_gzmb_cd27_em_cd4_t_cell_alr","l3_cd95_memory_b_cell_alr",0.192,0.520833333333333,FALSE
"l1_dc_alr","l3_proliferating_nk_cell",0.192,0.807291666666667,FALSE
"l1_dc_alr","l3_cd14_cdc2_alr",0.192,0.40625,FALSE
"l1_nk_cell_alr","l3_cd8aa",0.192,0.78125,FALSE
"l2_cdc1_alr","l2_gdt_alr",0.191,0.643979057591623,FALSE
"l2_gdt_alr","l2_cdc1_alr",0.191,0.356020942408377,FALSE
"l2_treg_alr","l3_c1q_cd16_monocyte_alr",0.191,0.350785340314136,FALSE
"l3_c1q_cd16_monocyte_alr","l2_treg_alr",0.191,0.649214659685864,FALSE
"l1_dc_alr","l1_b_cell_alr",0.191,0.785340314136126,FALSE
"l1_b_cell_alr","l1_dc_alr",0.191,0.214659685863874,FALSE
"l3_cdc1","l3_isg_memory_cd4_t_cell_alr",0.19,0.147368421052632,FALSE
"l3_platelet","l3_proliferating_nk_cell",0.19,0.731578947368421,FALSE
"l3_proliferating_nk_cell","l3_platelet",0.19,0.268421052631579,FALSE
"l2_dn_t_cell_alr","l3_sox4_vd1_gdt_alr",0.19,0.468421052631579,FALSE
"l2_naive_cd8_t_cell_alr","l1_erythrocyte_alr",0.19,0.763157894736842,FALSE
"l2_proliferating_t_cell_alr","l1_erythrocyte_alr",0.19,0.447368421052632,FALSE
"l3_il1b_cd14_monocyte_alr","l3_isg_memory_cd8_t_cell_alr",0.19,0.552631578947368,FALSE
"l3_isg_cd16_monocyte_alr","l1_b_cell_alr",0.19,0.405263157894737,FALSE
"l3_sox4_vd1_gdt_alr","l2_dn_t_cell_alr",0.19,0.531578947368421,FALSE
"l3_sox4_vd1_gdt_alr","l1_nk_cell_alr",0.19,0.284210526315789,FALSE
"l3_isg_memory_cd4_t_cell_alr","l3_cdc1",0.19,0.852631578947368,FALSE
"l3_isg_memory_cd8_t_cell_alr","l3_il1b_cd14_monocyte_alr",0.19,0.447368421052632,FALSE
"l3_sox4_naive_cd4_t_cell_alr","l1_erythrocyte_alr",0.19,0.857894736842105,FALSE
"l1_nk_cell_alr","l3_sox4_vd1_gdt_alr",0.19,0.715789473684211,FALSE
"l1_b_cell_alr","l3_isg_cd16_monocyte_alr",0.19,0.594736842105263,FALSE
"l1_erythrocyte_alr","l2_naive_cd8_t_cell_alr",0.19,0.236842105263158,FALSE
"l1_erythrocyte_alr","l2_proliferating_t_cell_alr",0.19,0.552631578947368,FALSE
"l1_erythrocyte_alr","l3_sox4_naive_cd4_t_cell_alr",0.19,0.142105263157895,FALSE
"l2_platelet","l3_gzmb_cd27_em_cd4_t_cell_alt_alr",0.189,0.0582010582010582,FALSE
"l3_asdc","l3_plasma_cell",0.189,0.293650793650794,FALSE
"l3_asdc","l2_mait_alr",0.189,0.253968253968254,FALSE
"l3_pdc","l2_intermediate_monocyte_alr",0.189,0.724867724867725,FALSE
"l3_plasma_cell","l3_asdc",0.189,0.706349206349206,FALSE
"l2_cd16_monocyte_alr","l3_isg_cdc2_alr",0.189,0.87037037037037,FALSE
"l2_intermediate_monocyte_alr","l3_pdc",0.189,0.275132275132275,FALSE
"l2_mait_alr","l3_asdc",0.189,0.746031746031746,FALSE
"l2_memory_cd4_t_cell_alr","l3_sox4_naive_cd8_t_cell_alr",0.189,0.888888888888889,FALSE
"l3_isg_cd16_monocyte_alr","l3_cd14_cdc2_alr",0.189,0.253968253968254,FALSE
"l3_isg_cd56dim_nk_cell_alr","l1_b_cell_alr",0.189,0.566137566137566,FALSE
"l3_cd14_cdc2_alr","l3_isg_cd16_monocyte_alr",0.189,0.746031746031746,FALSE
"l3_cd14_cdc2_alr","l3_memory_cd8_treg_alr",0.189,0.465608465608466,FALSE
"l3_isg_cdc2_alr","l2_cd16_monocyte_alr",0.189,0.12962962962963,FALSE
"l3_activated_memory_b_cell_alr","l1_platelet_alr",0.189,0.433862433862434,FALSE
"l3_gzmb_cd27_em_cd4_t_cell_alt_alr","l2_platelet",0.189,0.941798941798942,FALSE
"l3_isg_naive_cd8_t_cell_alr","l1_dc_alr",0.189,0.338624338624339,FALSE
"l3_sox4_naive_cd8_t_cell_alr","l2_memory_cd4_t_cell_alr",0.189,0.111111111111111,FALSE
"l3_clp_cell_alr","l3_gzmk_memory_cd4_treg_alr",0.189,0.552910052910053,FALSE
"l3_gzmk_memory_cd4_treg_alr","l3_clp_cell_alr",0.189,0.447089947089947,FALSE
"l3_memory_cd8_treg_alr","l3_cd14_cdc2_alr",0.189,0.534391534391534,FALSE
"l1_dc_alr","l3_isg_naive_cd8_t_cell_alr",0.189,0.661375661375661,FALSE
"l1_b_cell_alr","l3_isg_cd56dim_nk_cell_alr",0.189,0.433862433862434,FALSE
"l1_platelet_alr","l3_activated_memory_b_cell_alr",0.189,0.566137566137566,FALSE
"l3_erythrocyte","l2_transitional_b_cell_alr",0.188,0.430851063829787,FALSE
"l3_plasma_cell","l1_dc_alr",0.188,0.212765957446809,FALSE
"l3_platelet","l3_klrf1_gzmb_cd27_memory_cd4_t_cell_alr",0.188,0.0372340425531915,FALSE
"l3_proliferating_nk_cell","l3_klrf1_effector_vd1_gdt_alt_alr",0.188,0.430851063829787,FALSE
"l2_effector_b_cell_alr","l3_early_memory_b_cell_alr",0.188,0.212765957446809,FALSE
"l2_transitional_b_cell_alr","l3_erythrocyte",0.188,0.569148936170213,FALSE
"l2_cd8aa_alr","l2_treg_alr",0.188,0.26063829787234,FALSE
"l2_dn_t_cell_alr","l3_type_2_polarized_memory_b_cell_alr",0.188,0.734042553191489,FALSE
"l2_treg_alr","l2_cd8aa_alr",0.188,0.73936170212766,FALSE
"l3_adaptive_nk_cell_alr","l1_monocyte_alr",0.188,0.457446808510638,FALSE
"l3_klrf1_effector_vd1_gdt_alt_alr","l3_proliferating_nk_cell",0.188,0.569148936170213,FALSE
"l3_early_memory_b_cell_alr","l2_effector_b_cell_alr",0.188,0.787234042553191,FALSE
"l3_type_2_polarized_memory_b_cell_alr","l2_dn_t_cell_alr",0.188,0.265957446808511,FALSE
"l3_klrf1_gzmb_cd27_memory_cd4_t_cell_alr","l3_platelet",0.188,0.962765957446808,FALSE
"l3_klrf1_gzmb_cd27_memory_cd4_t_cell_alr","l1_platelet_alr",0.188,0.962765957446808,FALSE
"l1_dc_alr","l3_plasma_cell",0.188,0.787234042553191,FALSE
"l1_monocyte_alr","l3_adaptive_nk_cell_alr",0.188,0.542553191489362,FALSE
"l1_platelet_alr","l3_klrf1_gzmb_cd27_memory_cd4_t_cell_alr",0.188,0.0372340425531915,FALSE
"l3_asdc","l3_gzmb_vd2_gdt_alr",0.187,0.454545454545455,FALSE
"l3_cdc1","l3_platelet",0.187,0.481283422459893,FALSE
"l3_plasma_cell","l2_gdt_alr",0.187,0.112299465240642,FALSE
"l3_platelet","l3_cdc1",0.187,0.518716577540107,FALSE
"l3_platelet","l1_monocyte_alr",0.187,0.13903743315508,FALSE
"l3_proliferating_t_cell","l3_isg_naive_cd8_t_cell_alr",0.187,0.807486631016043,FALSE
"l2_plasma_cell_alr","l3_isg_cdc2_alr",0.187,0.909090909090909,FALSE
"l2_transitional_b_cell_alr","l3_cd27_effector_b_cell_alt_alr",0.187,0.754010695187166,FALSE
"l2_gdt_alr","l3_plasma_cell",0.187,0.887700534759358,FALSE
"l3_isg_cdc2_alr","l2_plasma_cell_alr",0.187,0.0909090909090909,FALSE
"l3_cd27_effector_b_cell_alt_alr","l2_transitional_b_cell_alr",0.187,0.245989304812834,FALSE
"l3_gzmb_vd2_gdt_alr","l3_asdc",0.187,0.545454545454545,FALSE
"l3_sox4_naive_cd4_t_cell_alr","l1_ilc_alr",0.187,0.877005347593583,FALSE
"l3_isg_naive_cd8_t_cell_alr","l3_proliferating_t_cell",0.187,0.192513368983957,FALSE
"l1_monocyte_alr","l3_platelet",0.187,0.86096256684492,FALSE
"l1_ilc_alr","l3_sox4_naive_cd4_t_cell_alr",0.187,0.122994652406417,FALSE
"cmv","l3_isg_cd16_monocyte_alr",0.186,1,FALSE
"l3_pdc","l3_early_memory_b_cell_alr",0.186,0.258064516129032,FALSE
"l3_platelet","l3_gzmb_vd2_gdt_alr",0.186,0.446236559139785,FALSE
"l2_cd16_monocyte_alr","l3_isg_cd14_monocyte_alr",0.186,0.56989247311828,FALSE
"l3_isg_cd14_monocyte_alr","l2_cd16_monocyte_alr",0.186,0.43010752688172,FALSE
"l3_isg_cd16_monocyte_alr","cmv",0.186,0,FALSE
"l3_gzmb_vd2_gdt_alr","l3_platelet",0.186,0.553763440860215,FALSE
"l3_early_memory_b_cell_alr","l3_pdc",0.186,0.741935483870968,FALSE
"l2_progenitor_cell","l3_erythrocyte",0.185,0.183783783783784,FALSE
"l3_erythrocyte","l2_progenitor_cell",0.185,0.816216216216216,FALSE
"l3_erythrocyte","l1_monocyte_alr",0.185,0.367567567567568,FALSE
"l3_pdc","l2_gdt_alr",0.185,0.524324324324324,FALSE
"l2_memory_b_cell_alr","l2_cd16_monocyte_alr",0.185,0.702702702702703,FALSE
"l2_transitional_b_cell_alr","l1_nk_cell_alr",0.185,0.654054054054054,FALSE
"l2_cd16_monocyte_alr","l2_memory_b_cell_alr",0.185,0.297297297297297,FALSE
"l2_proliferating_nk_cell_alr","l3_isg_naive_cd4_t_cell_alr",0.185,0.0972972972972973,FALSE
"l2_gdt_alr","l3_pdc",0.185,0.475675675675676,FALSE
"l3_isg_cd56dim_nk_cell_alr","l3_isg_naive_cd8_t_cell_alr",0.185,0.47027027027027,FALSE
"l3_isg_naive_cd4_t_cell_alr","l2_proliferating_nk_cell_alr",0.185,0.902702702702703,FALSE
"l3_isg_naive_cd8_t_cell_alr","l3_isg_cd56dim_nk_cell_alr",0.185,0.52972972972973,FALSE
"l1_monocyte_alr","l3_erythrocyte",0.185,0.632432432432433,FALSE
"l1_nk_cell_alr","l2_transitional_b_cell_alr",0.185,0.345945945945946,FALSE
"cmv","l3_proliferating_nk_cell",0.184,1,FALSE
"l3_platelet","l1_b_cell_alr",0.184,0.320652173913043,FALSE
"l3_proliferating_nk_cell","cmv",0.184,0,FALSE
"l2_plasma_cell_alr","l2_pdc_alr",0.184,0.339673913043478,FALSE
"l2_pdc_alr","l2_plasma_cell_alr",0.184,0.660326086956522,FALSE
"l3_c1q_cd16_monocyte_alr","l3_gzmk_cd27_em_cd8_t_cell_alt_alr",0.184,0.331521739130435,FALSE
"l3_klrf1_gzmb_cd27_memory_cd4_t_cell_alr","l3_gzmk_memory_cd4_treg_alr",0.184,0.252717391304348,FALSE
"l3_gzmk_cd27_em_cd8_t_cell_alt_alr","l3_c1q_cd16_monocyte_alr",0.184,0.668478260869565,FALSE
"l3_gzmk_memory_cd4_treg_alr","l3_klrf1_gzmb_cd27_memory_cd4_t_cell_alr",0.184,0.747282608695652,FALSE
"l1_b_cell_alr","l3_platelet",0.184,0.679347826086957,FALSE
"l3_asdc","l2_naive_cd8_t_cell_alr",0.183,0.316939890710383,FALSE
"l3_baeomap_cell","l3_cd4_mait_alr",0.183,0.420765027322404,FALSE
"l2_cd16_monocyte_alr","l3_gzmk_memory_cd4_treg_alr",0.183,0.153005464480874,FALSE
"l2_cd8aa_alr","l1_erythrocyte_alr",0.183,0.633879781420765,FALSE
"l2_dn_t_cell_alr","l1_nk_cell_alr",0.183,0.229508196721312,FALSE
"l2_mait_alr","l3_klrf1_effector_vd1_gdt_alt_alr",0.183,0.251366120218579,FALSE
"l2_naive_cd8_t_cell_alr","l3_asdc",0.183,0.683060109289617,FALSE
"l3_isg_cd14_monocyte_alr","l3_gzmk_cd56dim_nk_cell_alr",0.183,0.459016393442623,FALSE
"l3_gzmk_cd56dim_nk_cell_alr","l3_isg_cd14_monocyte_alr",0.183,0.540983606557377,FALSE
"l3_klrf1_effector_vd1_gdt_alt_alr","l2_mait_alr",0.183,0.748633879781421,FALSE
"l3_cd4_mait_alr","l3_baeomap_cell",0.183,0.579234972677596,FALSE
"l3_isg_naive_b_cell_alr","l3_klrb1_memory_cd8_treg_alr",0.183,0.103825136612022,FALSE
"l3_gzmk_memory_cd4_treg_alr","l2_cd16_monocyte_alr",0.183,0.846994535519126,FALSE
"l3_klrb1_memory_cd8_treg_alr","l3_isg_naive_b_cell_alr",0.183,0.896174863387978,FALSE
"l1_nk_cell_alr","l2_dn_t_cell_alr",0.183,0.770491803278688,FALSE
"l1_erythrocyte_alr","l2_cd8aa_alr",0.183,0.366120218579235,FALSE
"l2_progenitor_cell","l2_cd16_monocyte_alr",0.182,0.549450549450549,FALSE
"l3_dn_t_cell","l1_nk_cell_alr",0.182,0.252747252747253,FALSE
"l2_transitional_b_cell_alr","l3_adaptive_nk_cell_alr",0.182,0.697802197802198,FALSE
"l2_asdc_alr","l1_b_cell_alr",0.182,0.285714285714286,FALSE
"l2_pdc_alr","l1_monocyte_alr",0.182,0.32967032967033,FALSE
"l2_cd16_monocyte_alr","l2_progenitor_cell",0.182,0.450549450549451,FALSE
"l3_adaptive_nk_cell_alr","l2_transitional_b_cell_alr",0.182,0.302197802197802,FALSE
"l3_cd14_cdc2_alr","l3_klrf1_gzmb_cd27_em_cd8_t_cell_alt_alr",0.182,0.373626373626374,FALSE
"l3_cd27_effector_b_cell_alt_alr","l3_isg_naive_cd8_t_cell_alr",0.182,0.758241758241758,FALSE
"l3_klrf1_gzmb_cd27_em_cd8_t_cell_alt_alr","l3_cd14_cdc2_alr",0.182,0.626373626373626,FALSE
"l3_isg_naive_cd8_t_cell_alr","l3_cd27_effector_b_cell_alt_alr",0.182,0.241758241758242,FALSE
"l1_monocyte_alr","l2_pdc_alr",0.182,0.67032967032967,FALSE
"l1_nk_cell_alr","l3_dn_t_cell",0.182,0.747252747252747,FALSE
"l1_b_cell_alr","l2_asdc_alr",0.182,0.714285714285714,FALSE
"age_group","l3_gzmk_cd27_em_cd8_t_cell_alt_alr",0.181,1,FALSE
"sex","l3_cd95_memory_b_cell_alr",0.181,1,FALSE
"l3_proliferating_nk_cell","l3_naive_vd1_gdt_alr",0.181,0.651933701657459,FALSE
"l3_proliferating_t_cell","l3_cd4_mait_alr",0.181,0.513812154696133,FALSE
"l2_pdc_alr","l3_gzmk_memory_cd4_treg_alr",0.181,0.331491712707182,FALSE
"l2_cd16_monocyte_alr","l3_naive_vd1_gdt_alr",0.181,0.828729281767956,FALSE
"l3_c1q_cd16_monocyte_alr","l3_gzmk_memory_cd4_treg_alr",0.181,0.303867403314917,FALSE
"l3_naive_vd1_gdt_alr","l3_proliferating_nk_cell",0.181,0.348066298342541,FALSE
"l3_naive_vd1_gdt_alr","l2_cd16_monocyte_alr",0.181,0.171270718232044,FALSE
"l3_cd4_mait_alr","l3_proliferating_t_cell",0.181,0.486187845303867,FALSE
"l3_cd95_memory_b_cell_alr","sex",0.181,0,FALSE
"l3_cd95_memory_b_cell_alr","l3_naive_cd4_treg_alr",0.181,0.265193370165746,FALSE
"l3_gzmk_cd27_em_cd8_t_cell_alt_alr","age_group",0.181,0,FALSE
"l3_gzmk_memory_cd4_treg_alr","l2_pdc_alr",0.181,0.668508287292818,FALSE
"l3_gzmk_memory_cd4_treg_alr","l3_c1q_cd16_monocyte_alr",0.181,0.696132596685083,FALSE
"l3_naive_cd4_treg_alr","l3_cd95_memory_b_cell_alr",0.181,0.734806629834254,FALSE
"l2_ilc","l3_activated_memory_b_cell_alr",0.18,0.652777777777778,FALSE
"l3_intermediate_monocyte","l1_nk_cell_alr",0.18,0.311111111111111,FALSE
"l3_c1q_cd16_monocyte_alr","l3_klrb1_memory_cd8_treg_alr",0.18,0.438888888888889,FALSE
"l3_activated_memory_b_cell_alr","l2_ilc",0.18,0.347222222222222,FALSE
"l3_early_memory_b_cell_alr","l3_gzmk_memory_cd4_treg_alr",0.18,0.511111111111111,FALSE
"l3_gzmk_memory_cd4_treg_alr","l3_early_memory_b_cell_alr",0.18,0.488888888888889,FALSE
"l3_klrb1_memory_cd8_treg_alr","l3_c1q_cd16_monocyte_alr",0.18,0.561111111111111,FALSE
"l1_nk_cell_alr","l3_intermediate_monocyte",0.18,0.688888888888889,FALSE
"l3_plasma_cell","l3_sox4_naive_cd8_t_cell_alr",0.179,0.770949720670391,FALSE
"l3_sox4_naive_cd8_t_cell_alr","l3_plasma_cell",0.179,0.229050279329609,FALSE
"l2_platelet","l3_plasma_cell",0.179,0.240223463687151,FALSE
"l3_plasma_cell","l2_platelet",0.179,0.759776536312849,FALSE
"l3_proliferating_nk_cell","l1_erythrocyte_alr",0.179,0.391061452513967,FALSE
"l2_cdc1_alr","l3_clp_cell_alr",0.179,0.597765363128492,FALSE
"l2_pdc_alr","l2_proliferating_nk_cell_alr",0.179,0.787709497206704,FALSE
"l2_intermediate_monocyte_alr","l1_erythrocyte_alr",0.179,0.312849162011173,FALSE
"l2_proliferating_nk_cell_alr","l2_pdc_alr",0.179,0.212290502793296,FALSE
"l2_gdt_alr","l3_klrf1_effector_vd1_gdt_alr",0.179,0.698324022346369,FALSE
"l2_treg_alr","l3_klrf1_gzmb_cd27_memory_cd4_t_cell_alr",0.179,0.41340782122905,FALSE
"l3_adaptive_nk_cell_alr","l3_cd27_effector_b_cell_alt_alr",0.179,0.284916201117318,FALSE
"l3_cd27_effector_b_cell_alt_alr","l3_adaptive_nk_cell_alr",0.179,0.715083798882682,FALSE
"l3_klrf1_effector_vd1_gdt_alr","l2_gdt_alr",0.179,0.301675977653631,FALSE
"l3_klrf1_gzmb_cd27_memory_cd4_t_cell_alr","l2_treg_alr",0.179,0.58659217877095,FALSE
"l3_clp_cell_alr","l2_cdc1_alr",0.179,0.402234636871508,FALSE
"l1_erythrocyte_alr","l3_proliferating_nk_cell",0.179,0.608938547486033,FALSE
"l1_erythrocyte_alr","l2_intermediate_monocyte_alr",0.179,0.687150837988827,FALSE
"l2_pdc_alr","l2_cd56bright_nk_cell_alr",0.178,0.786516853932584,FALSE
"l2_cd56bright_nk_cell_alr","l2_pdc_alr",0.178,0.213483146067416,FALSE
"l2_platelet","l3_gzmb_cd27_em_cd4_t_cell_alr",0.178,0.50561797752809,FALSE
"l3_cdc1","l1_platelet_alr",0.178,0.443820224719101,FALSE
"l3_baeomap_cell","l2_proliferating_nk_cell_alr",0.178,0.469101123595506,FALSE
"l2_transitional_b_cell_alr","l3_isg_naive_cd4_t_cell_alr",0.178,0.651685393258427,FALSE
"l2_proliferating_nk_cell_alr","l3_baeomap_cell",0.178,0.530898876404494,FALSE
"l3_activated_memory_b_cell_alr","l3_klrb1_memory_cd4_treg_alr",0.178,0.584269662921348,FALSE
"l3_gzmb_cd27_em_cd4_t_cell_alr","l2_platelet",0.178,0.49438202247191,FALSE
"l3_isg_naive_cd4_t_cell_alr","l2_transitional_b_cell_alr",0.178,0.348314606741573,FALSE
"l3_klrb1_memory_cd4_treg_alr","l3_activated_memory_b_cell_alr",0.178,0.415730337078652,FALSE
"l1_platelet_alr","l3_cdc1",0.178,0.556179775280899,FALSE
"l3_il1b_cd14_monocyte_alr","l3_isg_naive_cd8_t_cell_alr",0.177,0.220338983050847,FALSE
"l3_isg_naive_cd8_t_cell_alr","l3_il1b_cd14_monocyte_alr",0.177,0.779661016949153,FALSE
"cmv","l3_isg_cd14_monocyte_alr",0.177,1,FALSE
"l2_progenitor_cell","l2_cdc1_alr",0.177,0.468926553672316,FALSE
"l3_platelet","l3_memory_cd8_treg_alr",0.177,0.423728813559322,FALSE
"l2_transitional_b_cell_alr","l3_c1q_cd16_monocyte_alr",0.177,0.80225988700565,FALSE
"l2_cdc1_alr","l2_progenitor_cell",0.177,0.531073446327684,FALSE
"l2_proliferating_nk_cell_alr","l2_naive_cd8_t_cell_alr",0.177,0.254237288135593,FALSE
"l2_naive_cd8_t_cell_alr","l2_proliferating_nk_cell_alr",0.177,0.745762711864407,FALSE
"l3_isg_cd14_monocyte_alr","cmv",0.177,0,FALSE
"l3_c1q_cd16_monocyte_alr","l2_transitional_b_cell_alr",0.177,0.19774011299435,FALSE
"l3_memory_cd8_treg_alr","l3_platelet",0.177,0.576271186440678,FALSE
"l2_progenitor_cell","l3_plasma_cell",0.176,0.295454545454545,FALSE
"l3_cd56bright_nk_cell","l3_plasma_cell",0.176,0.647727272727273,FALSE
"l3_plasma_cell","l2_progenitor_cell",0.176,0.704545454545455,FALSE
"l3_plasma_cell","l3_cd56bright_nk_cell",0.176,0.352272727272727,FALSE
"l2_asdc_alr","l3_sox4_naive_cd4_t_cell_alr",0.176,0.329545454545455,FALSE
"l2_gdt_alr","l1_erythrocyte_alr",0.176,0.704545454545455,FALSE
"l3_gzmk_cd56dim_nk_cell_alr","l3_isg_naive_b_cell_alr",0.176,0.863636363636364,FALSE
"l3_cd27_effector_b_cell_alt_alr","l3_gzmb_vd2_gdt_alr",0.176,0.565340909090909,FALSE
"l3_gzmb_vd2_gdt_alr","l3_cd27_effector_b_cell_alt_alr",0.176,0.434659090909091,FALSE
"l3_isg_naive_b_cell_alr","l3_gzmk_cd56dim_nk_cell_alr",0.176,0.136363636363636,FALSE
"l3_sox4_naive_cd4_t_cell_alr","l2_asdc_alr",0.176,0.670454545454545,FALSE
"l1_erythrocyte_alr","l2_gdt_alr",0.176,0.295454545454545,FALSE
"l2_mait_alr","l3_sox4_naive_cd8_t_cell_alr",0.175,0.76,FALSE
"l2_proliferating_t_cell_alr","l3_isg_naive_cd4_t_cell_alr",0.175,0.234285714285714,FALSE
"l3_il1b_cd14_monocyte_alr","l3_klrb1_memory_cd8_treg_alr",0.175,0.331428571428571,FALSE
"l3_klrf1_effector_vd1_gdt_alr","l3_naive_vd1_gdt_alr",0.175,0.782857142857143,FALSE
"l3_naive_vd1_gdt_alr","l3_klrf1_effector_vd1_gdt_alr",0.175,0.217142857142857,FALSE
"l3_isg_naive_cd4_t_cell_alr","l2_proliferating_t_cell_alr",0.175,0.765714285714286,FALSE
"l3_sox4_naive_cd8_t_cell_alr","l2_mait_alr",0.175,0.24,FALSE
"l3_klrb1_memory_cd8_treg_alr","l3_il1b_cd14_monocyte_alr",0.175,0.668571428571429,FALSE
"l2_cdc1_alr","l3_gzmb_vd2_gdt_alr",0.175,0.517142857142857,FALSE
"l2_proliferating_nk_cell_alr","l3_sox4_naive_cd8_t_cell_alr",0.175,0.342857142857143,FALSE
"l2_naive_cd8_t_cell_alr","l2_treg_alr",0.175,0.314285714285714,FALSE
"l2_treg_alr","l2_naive_cd8_t_cell_alr",0.175,0.685714285714286,FALSE
"l3_isg_cd14_monocyte_alr","l3_isg_memory_cd8_t_cell_alr",0.175,0.982857142857143,FALSE
"l3_gzmk_cd56dim_nk_cell_alr","l3_gzmb_cd27_em_cd4_t_cell_alr",0.175,0.342857142857143,FALSE
"l3_gzmb_vd2_gdt_alr","l2_cdc1_alr",0.175,0.482857142857143,FALSE
"l3_gzmb_vd2_gdt_alr","l3_sox4_naive_cd4_t_cell_alr",0.175,0.6,FALSE
"l3_klrf1_effector_vd1_gdt_alt_alr","l3_early_memory_b_cell_alr",0.175,0.56,FALSE
"l3_early_memory_b_cell_alr","l3_klrf1_effector_vd1_gdt_alt_alr",0.175,0.44,FALSE
"l3_gzmb_cd27_em_cd4_t_cell_alr","l3_gzmk_cd56dim_nk_cell_alr",0.175,0.657142857142857,FALSE
"l3_isg_memory_cd8_t_cell_alr","l3_isg_cd14_monocyte_alr",0.175,0.0171428571428571,FALSE
"l3_sox4_naive_cd4_t_cell_alr","l3_gzmb_vd2_gdt_alr",0.175,0.4,FALSE
"l3_sox4_naive_cd8_t_cell_alr","l2_proliferating_nk_cell_alr",0.175,0.657142857142857,FALSE
"l2_ilc","l1_monocyte_alr",0.174,0.0459770114942529,FALSE
"l3_asdc","l1_ilc_alr",0.174,0.770114942528736,FALSE
"l1_monocyte_alr","l2_ilc",0.174,0.954022988505747,FALSE
"l1_ilc_alr","l3_asdc",0.174,0.229885057471264,FALSE
"l3_cd8aa","l3_klrf1_effector_vd1_gdt_alt_alr",0.174,0.810344827586207,FALSE
"l3_cd8aa","l3_gzmk_cd27_em_cd8_t_cell_alt_alr",0.174,0.637931034482759,FALSE
"l3_ilc","l3_sox4_naive_cd4_t_cell_alr",0.174,0.293103448275862,FALSE
"l3_pdc","l2_cd56bright_nk_cell_alr",0.174,0.82183908045977,FALSE
"l2_effector_b_cell_alr","l3_cm_cd8_t_cell_alr",0.174,0.454022988505747,FALSE
"l2_cd56bright_nk_cell_alr","l3_pdc",0.174,0.17816091954023,FALSE
"l3_klrf1_effector_vd1_gdt_alt_alr","l3_cd8aa",0.174,0.189655172413793,FALSE
"l3_cm_cd8_t_cell_alr","l2_effector_b_cell_alr",0.174,0.545977011494253,FALSE
"l3_gzmk_cd27_em_cd8_t_cell_alt_alr","l3_cd8aa",0.174,0.362068965517241,FALSE
"l3_klrf1_gzmb_cd27_em_cd8_t_cell_alt_alr","l1_dc_alr",0.174,0.505747126436782,FALSE
"l3_sox4_naive_cd4_t_cell_alr","l3_ilc",0.174,0.706896551724138,FALSE
"l1_dc_alr","l3_klrf1_gzmb_cd27_em_cd8_t_cell_alt_alr",0.174,0.494252873563218,FALSE
"l2_pdc_alr","l1_b_cell_alr",0.173,0.208092485549133,FALSE
"l3_isg_memory_cd4_t_cell_alr","l1_platelet_alr",0.173,0.763005780346821,FALSE
"l1_b_cell_alr","l2_pdc_alr",0.173,0.791907514450867,FALSE
"l1_platelet_alr","l3_isg_memory_cd4_t_cell_alr",0.173,0.236994219653179,FALSE
"l3_isg_cdc2_alr","l3_gzmk_memory_cd4_treg_alr",0.173,0.104046242774566,FALSE
"l3_gzmk_memory_cd4_treg_alr","l3_isg_cdc2_alr",0.173,0.895953757225434,FALSE
"l2_erythrocyte","l3_gzmb_cd27_em_cd4_t_cell_alr",0.172,0.174418604651163,FALSE
"l2_progenitor_cell","l3_klrf1_effector_vd1_gdt_alt_alr",0.172,0.406976744186047,FALSE
"l2_intermediate_monocyte_alr","l2_naive_cd8_t_cell_alr",0.172,0.284883720930233,FALSE
"l2_naive_cd8_t_cell_alr","l2_intermediate_monocyte_alr",0.172,0.715116279069767,FALSE
"l3_isg_cd14_monocyte_alr","l3_cd4_mait_alr",0.172,0.116279069767442,FALSE
"l3_adaptive_nk_cell_alr","l3_gzmb_cd27_em_cd4_t_cell_alt_alr",0.172,0.703488372093023,FALSE
"l3_isg_cdc2_alr","l3_activated_memory_b_cell_alr",0.172,0.156976744186047,FALSE
"l3_isg_cdc2_alr","l3_naive_cd4_treg_alr",0.172,0.63953488372093,FALSE
"l3_klrf1_effector_vd1_gdt_alt_alr","l2_progenitor_cell",0.172,0.593023255813954,FALSE
"l3_cd4_mait_alr","l3_isg_cd14_monocyte_alr",0.172,0.883720930232558,FALSE
"l3_cd4_mait_alr","l3_klrb1_memory_cd8_treg_alr",0.172,0.534883720930233,FALSE
"l3_activated_memory_b_cell_alr","l3_isg_cdc2_alr",0.172,0.843023255813954,FALSE
"l3_gzmb_cd27_em_cd4_t_cell_alr","l2_erythrocyte",0.172,0.825581395348837,FALSE
"l3_gzmb_cd27_em_cd4_t_cell_alt_alr","l3_adaptive_nk_cell_alr",0.172,0.296511627906977,FALSE
"l3_klrb1_memory_cd8_treg_alr","l3_cd4_mait_alr",0.172,0.465116279069767,FALSE
"l3_naive_cd4_treg_alr","l3_isg_cdc2_alr",0.172,0.36046511627907,FALSE
"cmv","l3_c1q_cd16_monocyte_alr",0.171,1,FALSE
"cmv","l3_sox4_naive_cd8_t_cell_alr",0.171,1,FALSE
"l3_cd56bright_nk_cell","l3_isg_naive_cd4_t_cell_alr",0.171,0.181286549707602,FALSE
"l3_proliferating_t_cell","l3_cd95_memory_b_cell_alr",0.171,0.660818713450292,FALSE
"l3_c1q_cd16_monocyte_alr","cmv",0.171,0,FALSE
"l3_cd95_memory_b_cell_alr","l3_proliferating_t_cell",0.171,0.339181286549708,FALSE
"l3_isg_naive_cd4_t_cell_alr","l3_cd56bright_nk_cell",0.171,0.818713450292398,FALSE
"l3_sox4_naive_cd8_t_cell_alr","cmv",0.171,0,FALSE
"l2_platelet","l3_memory_cd8_treg_alr",0.171,0.64327485380117,FALSE
"l3_cdc1","l2_naive_cd8_t_cell_alr",0.171,0.263157894736842,FALSE
"l3_baeomap_cell","l3_isg_memory_cd8_t_cell_alr",0.171,0.619883040935673,FALSE
"l2_transitional_b_cell_alr","l3_klrf1_effector_vd1_gdt_alr",0.171,0.60233918128655,FALSE
"l2_cdc1_alr","l3_isg_naive_cd4_t_cell_alr",0.171,0.415204678362573,FALSE
"l2_naive_cd8_t_cell_alr","l3_cdc1",0.171,0.736842105263158,FALSE
"l2_proliferating_t_cell_alr","l1_nk_cell_alr",0.171,0.111111111111111,FALSE
"l3_cd14_cdc2_alr","l3_isg_memory_cd8_t_cell_alr",0.171,0.637426900584795,FALSE
"l3_klrf1_effector_vd1_gdt_alr","l2_transitional_b_cell_alr",0.171,0.39766081871345,FALSE
"l3_klrf1_effector_vd1_gdt_alr","l3_klrb1_memory_cd8_treg_alr",0.171,0.257309941520468,FALSE
"l3_isg_memory_cd8_t_cell_alr","l3_baeomap_cell",0.171,0.380116959064328,FALSE
"l3_isg_memory_cd8_t_cell_alr","l3_cd14_cdc2_alr",0.171,0.362573099415205,FALSE
"l3_isg_naive_cd4_t_cell_alr","l2_cdc1_alr",0.171,0.584795321637427,FALSE
"l3_klrb1_memory_cd8_treg_alr","l3_klrf1_effector_vd1_gdt_alr",0.171,0.742690058479532,FALSE
"l3_memory_cd8_treg_alr","l2_platelet",0.171,0.35672514619883,FALSE
"l1_nk_cell_alr","l2_proliferating_t_cell_alr",0.171,0.888888888888889,FALSE
"l3_ilc","l2_asdc_alr",0.17,0.217647058823529,FALSE
"l2_asdc_alr","l3_ilc",0.17,0.782352941176471,FALSE
"l2_erythrocyte","l3_proliferating_t_cell",0.17,0.1,FALSE
"l3_platelet","l1_ilc_alr",0.17,0.558823529411765,FALSE
"l3_proliferating_t_cell","l2_erythrocyte",0.17,0.9,FALSE
"l2_transitional_b_cell_alr","l3_gzmb_vd2_gdt_alr",0.17,0.570588235294118,FALSE
"l2_memory_cd8_t_cell_alr","l1_progenitor_cell_alr",0.17,0.358823529411765,FALSE
"l3_isg_cdc2_alr","l1_b_cell_alr",0.17,0.276470588235294,FALSE
"l3_gzmb_vd2_gdt_alr","l2_transitional_b_cell_alr",0.17,0.429411764705882,FALSE
"l1_b_cell_alr","l3_isg_cdc2_alr",0.17,0.723529411764706,FALSE
"l1_ilc_alr","l3_platelet",0.17,0.441176470588235,FALSE
"l1_progenitor_cell_alr","l2_memory_cd8_t_cell_alr",0.17,0.641176470588235,FALSE
"sex","l3_sox4_naive_cd8_t_cell_alr",0.169,1,FALSE
"l2_erythrocyte","l2_naive_cd8_t_cell_alr",0.169,0.21301775147929,FALSE
"l2_naive_cd8_t_cell_alr","l2_erythrocyte",0.169,0.78698224852071,FALSE
"l3_cd14_cdc2_alr","l3_sox4_naive_cd8_t_cell_alr",0.169,0.810650887573965,FALSE
"l3_sox4_naive_cd8_t_cell_alr","sex",0.169,0,FALSE
"l3_sox4_naive_cd8_t_cell_alr","l3_cd14_cdc2_alr",0.169,0.189349112426035,FALSE
"l2_erythrocyte","l1_monocyte_alr",0.169,0.136094674556213,FALSE
"l3_intermediate_monocyte","l2_dn_t_cell_alr",0.169,0.378698224852071,FALSE
"l2_effector_b_cell_alr","l3_klrf1_effector_vd1_gdt_alr",0.169,0.349112426035503,FALSE
"l2_dn_t_cell_alr","l3_intermediate_monocyte",0.169,0.621301775147929,FALSE
"l3_il1b_cd14_monocyte_alr","l3_gzmk_cd56dim_nk_cell_alr",0.169,0.49112426035503,FALSE
"l3_c1q_cd16_monocyte_alr","l3_early_memory_b_cell_alr",0.169,0.36094674556213,FALSE
"l3_gzmk_cd56dim_nk_cell_alr","l3_il1b_cd14_monocyte_alr",0.169,0.50887573964497,FALSE
"l3_gzmk_cd56dim_nk_cell_alr","l3_klrf1_gzmb_cd27_em_cd8_t_cell_alt_alr",0.169,0.284023668639053,FALSE
"l3_klrf1_effector_vd1_gdt_alr","l2_effector_b_cell_alr",0.169,0.650887573964497,FALSE
"l3_early_memory_b_cell_alr","l3_c1q_cd16_monocyte_alr",0.169,0.63905325443787,FALSE
"l3_klrf1_gzmb_cd27_memory_cd4_t_cell_alr","l3_gzmb_cd27_em_cd4_t_cell_alt_alr",0.169,0.745562130177515,FALSE
"l3_gzmb_cd27_em_cd4_t_cell_alt_alr","l3_klrf1_gzmb_cd27_memory_cd4_t_cell_alr",0.169,0.254437869822485,FALSE
"l3_klrf1_gzmb_cd27_em_cd8_t_cell_alt_alr","l3_gzmk_cd56dim_nk_cell_alr",0.169,0.715976331360947,FALSE
"l1_monocyte_alr","l2_erythrocyte",0.169,0.863905325443787,FALSE
"sex","l3_gzmb_vd2_gdt_alr",0.168,1,FALSE
"cmv","l1_nk_cell_alr",0.168,1,FALSE
"l2_progenitor_cell","l3_intermediate_monocyte",0.168,0.244047619047619,FALSE
"l3_intermediate_monocyte","l2_progenitor_cell",0.168,0.755952380952381,FALSE
"l3_gzmb_vd2_gdt_alr","sex",0.168,0,FALSE
"l3_klrf1_gzmb_cd27_memory_cd4_t_cell_alr","l1_erythrocyte_alr",0.168,0.946428571428571,FALSE
"l1_nk_cell_alr","cmv",0.168,0,FALSE
"l1_erythrocyte_alr","l3_klrf1_gzmb_cd27_memory_cd4_t_cell_alr",0.168,0.0535714285714286,FALSE
"l3_cd56bright_nk_cell","l3_pdc",0.168,0.255952380952381,FALSE
"l3_pdc","l3_cd56bright_nk_cell",0.168,0.744047619047619,FALSE
"l2_mait_alr","l1_dc_alr",0.168,0.282738095238095,FALSE
"l3_gzmb_vd2_gdt_alr","l3_klrf1_gzmb_cd27_em_cd8_t_cell_alr",0.168,0.43452380952381,FALSE
"l3_early_memory_b_cell_alr","l3_sox4_naive_cd4_t_cell_alr",0.168,0.857142857142857,FALSE
"l3_klrf1_gzmb_cd27_memory_cd4_t_cell_alr","l1_monocyte_alr",0.168,0.880952380952381,FALSE
"l3_gzmb_cd27_em_cd4_t_cell_alt_alr","l1_ilc_alr",0.168,0.863095238095238,FALSE
"l3_klrf1_gzmb_cd27_em_cd8_t_cell_alr","l3_gzmb_vd2_gdt_alr",0.168,0.565476190476191,FALSE
"l3_sox4_naive_cd4_t_cell_alr","l3_early_memory_b_cell_alr",0.168,0.142857142857143,FALSE
"l3_memory_cd8_treg_alr","l1_platelet_alr",0.168,0.458333333333333,FALSE
"l1_dc_alr","l2_mait_alr",0.168,0.717261904761905,FALSE
"l1_monocyte_alr","l3_klrf1_gzmb_cd27_memory_cd4_t_cell_alr",0.168,0.119047619047619,FALSE
"l1_ilc_alr","l3_gzmb_cd27_em_cd4_t_cell_alt_alr",0.168,0.136904761904762,FALSE
"l1_platelet_alr","l3_memory_cd8_treg_alr",0.168,0.541666666666667,FALSE
"l2_pdc_alr","l3_gzmb_vd2_gdt_alr",0.167,0.580838323353293,FALSE
"l2_cd16_monocyte_alr","l1_nk_cell_alr",0.167,0.676646706586826,FALSE
"l2_intermediate_monocyte_alr","l1_dc_alr",0.167,0.179640718562874,FALSE
"l3_gzmb_vd2_gdt_alr","l2_pdc_alr",0.167,0.419161676646707,FALSE
"l1_dc_alr","l2_intermediate_monocyte_alr",0.167,0.820359281437126,FALSE
"l1_nk_cell_alr","l2_cd16_monocyte_alr",0.167,0.323353293413174,FALSE
"l2_transitional_b_cell_alr","l3_il1b_cd14_monocyte_alr",0.167,0.736526946107784,FALSE
"l2_memory_cd8_t_cell_alr","l3_isg_naive_cd4_t_cell_alr",0.167,0.74251497005988,FALSE
"l3_il1b_cd14_monocyte_alr","l2_transitional_b_cell_alr",0.167,0.263473053892216,FALSE
"l3_adaptive_nk_cell_alr","l1_nk_cell_alr",0.167,0.359281437125749,FALSE
"l3_early_memory_b_cell_alr","l3_clp_cell_alr",0.167,0.562874251497006,FALSE
"l3_isg_naive_cd4_t_cell_alr","l2_memory_cd8_t_cell_alr",0.167,0.25748502994012,FALSE
"l3_clp_cell_alr","l3_early_memory_b_cell_alr",0.167,0.437125748502994,FALSE
"l1_nk_cell_alr","l3_adaptive_nk_cell_alr",0.167,0.640718562874252,FALSE
"l3_activated_memory_b_cell_alr","l3_klrf1_gzmb_cd27_em_cd8_t_cell_alt_alr",0.166,0.301204819277108,FALSE
"l3_klrf1_gzmb_cd27_em_cd8_t_cell_alt_alr","l3_activated_memory_b_cell_alr",0.166,0.698795180722892,FALSE
"l3_pdc","l2_proliferating_nk_cell_alr",0.166,0.897590361445783,FALSE
"l2_cd56bright_nk_cell_alr","l3_adaptive_nk_cell_alr",0.166,0.566265060240964,FALSE
"l2_proliferating_nk_cell_alr","l3_pdc",0.166,0.102409638554217,FALSE
"l2_proliferating_nk_cell_alr","l3_isg_cd56dim_nk_cell_alr",0.166,0.536144578313253,FALSE
"l2_mait_alr","l3_klrf1_gzmb_cd27_em_cd8_t_cell_alt_alr",0.166,0.150602409638554,FALSE
"l2_memory_cd8_t_cell_alr","l3_activated_memory_b_cell_alr",0.166,0.271084337349398,FALSE
"l3_isg_cd56dim_nk_cell_alr","l2_proliferating_nk_cell_alr",0.166,0.463855421686747,FALSE
"l3_adaptive_nk_cell_alr","l2_cd56bright_nk_cell_alr",0.166,0.433734939759036,FALSE
"l3_activated_memory_b_cell_alr","l2_memory_cd8_t_cell_alr",0.166,0.728915662650602,FALSE
"l3_klrf1_gzmb_cd27_em_cd8_t_cell_alt_alr","l2_mait_alr",0.166,0.849397590361446,FALSE
"l3_cd8aa","l2_pdc_alr",0.165,0.393939393939394,FALSE
"l3_platelet","l2_treg_alr",0.165,0.309090909090909,FALSE
"l2_asdc_alr","l3_isg_memory_cd4_t_cell_alr",0.165,0.224242424242424,FALSE
"l2_pdc_alr","l3_cd8aa",0.165,0.606060606060606,FALSE
"l2_pdc_alr","l3_isg_memory_cd4_t_cell_alr",0.165,0.16969696969697,FALSE
"l2_cd56bright_nk_cell_alr","l3_klrf1_effector_vd1_gdt_alt_alr",0.165,0.690909090909091,FALSE
"l2_mait_alr","l3_type_2_polarized_memory_b_cell_alr",0.165,0.393939393939394,FALSE
"l2_treg_alr","l3_platelet",0.165,0.690909090909091,FALSE
"l2_treg_alr","l3_klrf1_effector_vd1_gdt_alt_alr",0.165,0.751515151515151,FALSE
"l3_klrf1_effector_vd1_gdt_alr","l3_cm_cd8_t_cell_alr",0.165,0.351515151515152,FALSE
"l3_klrf1_effector_vd1_gdt_alt_alr","l2_cd56bright_nk_cell_alr",0.165,0.309090909090909,FALSE
"l3_klrf1_effector_vd1_gdt_alt_alr","l2_treg_alr",0.165,0.248484848484848,FALSE
"l3_type_2_polarized_memory_b_cell_alr","l2_mait_alr",0.165,0.606060606060606,FALSE
"l3_isg_memory_cd4_t_cell_alr","l2_asdc_alr",0.165,0.775757575757576,FALSE
"l3_isg_memory_cd4_t_cell_alr","l2_pdc_alr",0.165,0.83030303030303,FALSE
"l3_klrf1_gzmb_cd27_memory_cd4_t_cell_alr","l1_nk_cell_alr",0.165,0.703030303030303,FALSE
"l3_cm_cd8_t_cell_alr","l3_klrf1_effector_vd1_gdt_alr",0.165,0.648484848484848,FALSE
"l1_nk_cell_alr","l3_klrf1_gzmb_cd27_memory_cd4_t_cell_alr",0.165,0.296969696969697,FALSE
"l3_klrb1_memory_cd8_treg_alr","l3_memory_cd8_treg_alr",0.165,0.560606060606061,FALSE
"l3_memory_cd8_treg_alr","l3_klrb1_memory_cd8_treg_alr",0.165,0.439393939393939,FALSE
"cmv","l3_isg_memory_cd4_t_cell_alr",0.164,1,FALSE
"l2_platelet","l3_activated_memory_b_cell_alr",0.164,0.75,FALSE
"l3_cdc1","l3_type_2_polarized_memory_b_cell_alr",0.164,0.176829268292683,FALSE
"l3_pdc","l3_isg_memory_cd4_t_cell_alr",0.164,0.158536585365854,FALSE
"l3_platelet","l2_naive_cd8_t_cell_alr",0.164,0.201219512195122,FALSE
"l2_gdt_alr","l3_isg_cd56dim_nk_cell_alr",0.164,0.75,FALSE
"l2_naive_cd8_t_cell_alr","l3_platelet",0.164,0.798780487804878,FALSE
"l3_isg_cd56dim_nk_cell_alr","l2_gdt_alr",0.164,0.25,FALSE
"l3_activated_memory_b_cell_alr","l2_platelet",0.164,0.25,FALSE
"l3_type_2_polarized_memory_b_cell_alr","l3_cdc1",0.164,0.823170731707317,FALSE
"l3_isg_memory_cd4_t_cell_alr","cmv",0.164,0,FALSE
"l3_isg_memory_cd4_t_cell_alr","l3_pdc",0.164,0.841463414634146,FALSE
"l3_klrb1_memory_cd4_treg_alr","l3_memory_cd8_treg_alr",0.164,0.481707317073171,FALSE
"l3_memory_cd8_treg_alr","l3_klrb1_memory_cd4_treg_alr",0.164,0.518292682926829,FALSE
"l3_proliferating_t_cell","l3_isg_naive_cd4_t_cell_alr",0.164,0.280487804878049,FALSE
"l2_plasma_cell_alr","l2_cd56bright_nk_cell_alr",0.164,0.274390243902439,FALSE
"l2_cd56bright_nk_cell_alr","l2_plasma_cell_alr",0.164,0.725609756097561,FALSE
"l3_gzmb_vd2_gdt_alr","l1_erythrocyte_alr",0.164,0.472560975609756,FALSE
"l3_isg_naive_cd4_t_cell_alr","l3_proliferating_t_cell",0.164,0.719512195121951,FALSE
"l1_erythrocyte_alr","l3_gzmb_vd2_gdt_alr",0.164,0.527439024390244,FALSE
"l3_plasma_cell","l3_isg_memory_cd4_t_cell_alr",0.163,0.0674846625766871,FALSE
"l2_memory_b_cell_alr","l3_sox4_naive_cd4_t_cell_alr",0.163,0.49079754601227,FALSE
"l2_pdc_alr","l3_type_2_polarized_memory_b_cell_alr",0.163,0.377300613496933,FALSE
"l2_proliferating_nk_cell_alr","l3_gzmb_cd27_em_cd4_t_cell_alt_alr",0.163,0.515337423312883,FALSE
"l3_c1q_cd16_monocyte_alr","l3_isg_mait_alr",0.163,0.423312883435583,FALSE
"l3_isg_mait_alr","l3_c1q_cd16_monocyte_alr",0.163,0.576687116564417,FALSE
"l3_type_2_polarized_memory_b_cell_alr","l2_pdc_alr",0.163,0.622699386503068,FALSE
"l3_type_2_polarized_memory_b_cell_alr","l1_dc_alr",0.163,0.309815950920245,FALSE
"l3_isg_memory_cd4_t_cell_alr","l3_plasma_cell",0.163,0.932515337423313,FALSE
"l3_isg_memory_cd4_t_cell_alr","l3_clp_cell_alr",0.163,0.398773006134969,FALSE
"l3_gzmb_cd27_em_cd4_t_cell_alt_alr","l2_proliferating_nk_cell_alr",0.163,0.484662576687117,FALSE
"l3_isg_naive_cd4_t_cell_alr","l1_b_cell_alr",0.163,0.423312883435583,FALSE
"l3_sox4_naive_cd4_t_cell_alr","l2_memory_b_cell_alr",0.163,0.50920245398773,FALSE
"l3_clp_cell_alr","l3_isg_memory_cd4_t_cell_alr",0.163,0.601226993865031,FALSE
"l1_dc_alr","l3_type_2_polarized_memory_b_cell_alr",0.163,0.690184049079755,FALSE
"l1_b_cell_alr","l3_isg_naive_cd4_t_cell_alr",0.163,0.576687116564417,FALSE
"l2_erythrocyte","l2_mait_alr",0.163,0.098159509202454,FALSE
"l2_mait_alr","l2_erythrocyte",0.163,0.901840490797546,FALSE
"l3_sox4_vd1_gdt_alr","l3_early_memory_b_cell_alr",0.163,0.276073619631902,FALSE
"l3_early_memory_b_cell_alr","l3_sox4_vd1_gdt_alr",0.163,0.723926380368098,FALSE
"l3_clp_cell_alr","l3_memory_cd8_treg_alr",0.163,0.723926380368098,FALSE
"l3_memory_cd8_treg_alr","l3_clp_cell_alr",0.163,0.276073619631902,FALSE
"l2_memory_b_cell_alr","l3_cd4_mait_alr",0.162,0.376543209876543,FALSE
"l2_dn_t_cell_alr","l3_gzmk_memory_cd4_treg_alr",0.162,0.401234567901235,FALSE
"l2_naive_cd8_t_cell_alr","l3_klrf1_effector_vd1_gdt_alt_alr",0.162,0.672839506172839,FALSE
"l3_c1q_cd16_monocyte_alr","l3_cd95_memory_b_cell_alr",0.162,0.419753086419753,FALSE
"l3_cd14_cdc2_alr","l3_type_2_polarized_memory_b_cell_alr",0.162,0.5,FALSE
"l3_cd14_cdc2_alr","l3_klrf1_gzmb_cd27_memory_cd4_t_cell_alr",0.162,0.228395061728395,FALSE
"l3_klrf1_effector_vd1_gdt_alt_alr","l2_naive_cd8_t_cell_alr",0.162,0.32716049382716,FALSE
"l3_cd4_mait_alr","l2_memory_b_cell_alr",0.162,0.623456790123457,FALSE
"l3_cd95_memory_b_cell_alr","l3_c1q_cd16_monocyte_alr",0.162,0.580246913580247,FALSE
"l3_type_2_polarized_memory_b_cell_alr","l3_cd14_cdc2_alr",0.162,0.5,FALSE
"l3_klrf1_gzmb_cd27_memory_cd4_t_cell_alr","l3_cd14_cdc2_alr",0.162,0.771604938271605,FALSE
"l3_gzmb_cd27_em_cd4_t_cell_alr","l1_b_cell_alr",0.162,0.391975308641975,FALSE
"l3_gzmk_memory_cd4_treg_alr","l2_dn_t_cell_alr",0.162,0.598765432098765,FALSE
"l1_b_cell_alr","l3_gzmb_cd27_em_cd4_t_cell_alr",0.162,0.608024691358025,FALSE
"l2_platelet","l3_proliferating_nk_cell",0.162,0.117283950617284,FALSE
"l3_proliferating_nk_cell","l2_platelet",0.162,0.882716049382716,FALSE
"sex","l3_c1q_cd16_monocyte_alr",0.161,1,FALSE
"l3_erythrocyte","l2_gdt_alr",0.161,0.316770186335404,FALSE
"l3_proliferating_t_cell","l3_baeomap_cell",0.161,0.614906832298137,FALSE
"l3_baeomap_cell","l3_proliferating_t_cell",0.161,0.385093167701863,FALSE
"l2_gdt_alr","l3_erythrocyte",0.161,0.683229813664596,FALSE
"l3_c1q_cd16_monocyte_alr","sex",0.161,0,FALSE
"l3_c1q_cd16_monocyte_alr","l3_cd14_cdc2_alr",0.161,0.546583850931677,FALSE
"l3_cd14_cdc2_alr","l3_c1q_cd16_monocyte_alr",0.161,0.453416149068323,FALSE
"l3_early_memory_b_cell_alr","l3_cm_cd8_t_cell_alr",0.161,0.540372670807453,FALSE
"l3_cm_cd8_t_cell_alr","l3_early_memory_b_cell_alr",0.161,0.459627329192547,FALSE
"l2_progenitor_cell","l3_isg_memory_cd4_t_cell_alr",0.16,0.40625,FALSE
"l3_dn_t_cell","l3_early_memory_b_cell_alr",0.16,0.575,FALSE
"l3_erythrocyte","l3_intermediate_monocyte",0.16,0.73125,FALSE
"l3_erythrocyte","l3_klrf1_gzmb_cd27_memory_cd4_t_cell_alr",0.16,0.125,FALSE
"l3_intermediate_monocyte","l3_erythrocyte",0.16,0.26875,FALSE
"l3_pdc","l3_isg_mait_alr",0.16,0.74375,FALSE
"l3_plasma_cell","l1_monocyte_alr",0.16,0.19375,FALSE
"l2_gdt_alr","l3_klrb1_memory_cd8_treg_alr",0.16,0.175,FALSE
"l2_proliferating_t_cell_alr","l3_gzmb_cd27_em_cd4_t_cell_alr",0.16,0.43125,FALSE
"l3_isg_mait_alr","l3_pdc",0.16,0.25625,FALSE
"l3_activated_memory_b_cell_alr","l3_naive_cd4_treg_alr",0.16,0.38125,FALSE
"l3_early_memory_b_cell_alr","l3_dn_t_cell",0.16,0.425,FALSE
"l3_isg_memory_cd4_t_cell_alr","l2_progenitor_cell",0.16,0.59375,FALSE
"l3_klrf1_gzmb_cd27_memory_cd4_t_cell_alr","l3_erythrocyte",0.16,0.875,FALSE
"l3_gzmb_cd27_em_cd4_t_cell_alr","l2_proliferating_t_cell_alr",0.16,0.56875,FALSE
"l3_klrb1_memory_cd8_treg_alr","l2_gdt_alr",0.16,0.825,FALSE
"l3_naive_cd4_treg_alr","l3_activated_memory_b_cell_alr",0.16,0.61875,FALSE
"l1_monocyte_alr","l3_plasma_cell",0.16,0.80625,FALSE
"l1_ilc_alr","l1_progenitor_cell_alr",0.16,0.6875,FALSE
"l1_progenitor_cell_alr","l1_ilc_alr",0.16,0.3125,FALSE
"l3_proliferating_nk_cell","l3_isg_naive_cd4_t_cell_alr",0.16,0.1125,FALSE
"l2_cd56bright_nk_cell_alr","l3_il1b_cd14_monocyte_alr",0.16,0.4625,FALSE
"l3_il1b_cd14_monocyte_alr","l2_cd56bright_nk_cell_alr",0.16,0.5375,FALSE
"l3_gzmb_vd2_gdt_alr","l3_gzmb_cd27_em_cd4_t_cell_alr",0.16,0.5375,FALSE
"l3_gzmb_cd27_em_cd4_t_cell_alr","l3_gzmb_vd2_gdt_alr",0.16,0.4625,FALSE
"l3_isg_naive_cd4_t_cell_alr","l3_proliferating_nk_cell",0.16,0.8875,FALSE
"l3_cd56bright_nk_cell","l3_klrf1_effector_vd1_gdt_alt_alr",0.159,0.60377358490566,FALSE
"l3_erythrocyte","l1_ilc_alr",0.159,0.654088050314465,FALSE
"l3_proliferating_t_cell","l3_klrf1_gzmb_cd27_memory_cd4_t_cell_alr",0.159,0.150943396226415,FALSE
"l2_effector_b_cell_alr","l3_type_2_polarized_memory_b_cell_alr",0.159,0.509433962264151,FALSE
"l2_cd8aa_alr","l3_isg_naive_cd8_t_cell_alr",0.159,0.710691823899371,FALSE
"l2_memory_cd4_t_cell_alr","l3_gzmb_cd27_em_cd4_t_cell_alt_alr",0.159,0.610062893081761,FALSE
"l2_naive_cd8_t_cell_alr","l3_isg_memory_cd8_t_cell_alr",0.159,0.773584905660377,FALSE
"l2_treg_alr","l3_cd95_memory_b_cell_alr",0.159,0.440251572327044,FALSE
"l3_klrf1_effector_vd1_gdt_alt_alr","l3_cd56bright_nk_cell",0.159,0.39622641509434,FALSE
"l3_cd95_memory_b_cell_alr","l2_treg_alr",0.159,0.559748427672956,FALSE
"l3_type_2_polarized_memory_b_cell_alr","l2_effector_b_cell_alr",0.159,0.490566037735849,FALSE
"l3_klrf1_gzmb_cd27_memory_cd4_t_cell_alr","l3_proliferating_t_cell",0.159,0.849056603773585,FALSE
"l3_gzmb_cd27_em_cd4_t_cell_alt_alr","l2_memory_cd4_t_cell_alr",0.159,0.389937106918239,FALSE
"l3_isg_memory_cd8_t_cell_alr","l2_naive_cd8_t_cell_alr",0.159,0.226415094339623,FALSE
"l3_isg_naive_b_cell_alr","l3_klrb1_memory_cd4_treg_alr",0.159,0.320754716981132,FALSE
"l3_isg_naive_cd8_t_cell_alr","l2_cd8aa_alr",0.159,0.289308176100629,FALSE
"l3_klrb1_memory_cd4_treg_alr","l3_isg_naive_b_cell_alr",0.159,0.679245283018868,FALSE
"l1_ilc_alr","l3_erythrocyte",0.159,0.345911949685535,FALSE
"l2_intermediate_monocyte_alr","l3_isg_cd14_monocyte_alr",0.159,0.446540880503145,FALSE
"l3_isg_cd14_monocyte_alr","l2_intermediate_monocyte_alr",0.159,0.553459119496855,FALSE
"cmv","l3_intermediate_monocyte",0.158,1,FALSE
"l3_intermediate_monocyte","cmv",0.158,0,FALSE
"l2_asdc_alr","l3_isg_naive_cd4_t_cell_alr",0.158,0.30379746835443,FALSE
"l2_memory_cd8_t_cell_alr","l3_naive_vd1_gdt_alr",0.158,0.537974683544304,FALSE
"l3_naive_vd1_gdt_alr","l2_memory_cd8_t_cell_alr",0.158,0.462025316455696,FALSE
"l3_cd4_mait_alr","l3_cm_cd8_t_cell_alr",0.158,0.841772151898734,FALSE
"l3_isg_memory_cd4_t_cell_alr","l1_progenitor_cell_alr",0.158,0.481012658227848,FALSE
"l3_cm_cd8_t_cell_alr","l3_cd4_mait_alr",0.158,0.158227848101266,FALSE
"l3_isg_naive_cd4_t_cell_alr","l2_asdc_alr",0.158,0.69620253164557,FALSE
"l1_progenitor_cell_alr","l3_isg_memory_cd4_t_cell_alr",0.158,0.518987341772152,FALSE
"age_group","l3_klrf1_effector_vd1_gdt_alt_alr",0.157,1,FALSE
"cmv","l3_type_2_polarized_memory_b_cell_alr",0.157,1,FALSE
"l3_asdc","l2_plasma_cell_alr",0.157,0.528662420382166,FALSE
"l3_intermediate_monocyte","l3_isg_memory_cd4_t_cell_alr",0.157,0.292993630573248,FALSE
"l2_plasma_cell_alr","l3_asdc",0.157,0.471337579617834,FALSE
"l2_memory_cd4_t_cell_alr","l3_gzmk_cd27_em_cd8_t_cell_alt_alr",0.157,0.401273885350318,FALSE
"l3_klrf1_effector_vd1_gdt_alt_alr","age_group",0.157,0,FALSE
"l3_type_2_polarized_memory_b_cell_alr","cmv",0.157,0,FALSE
"l3_isg_memory_cd4_t_cell_alr","l3_intermediate_monocyte",0.157,0.707006369426752,FALSE
"l3_gzmk_cd27_em_cd8_t_cell_alt_alr","l2_memory_cd4_t_cell_alr",0.157,0.598726114649682,FALSE
"l3_c1q_cd16_monocyte_alr","l3_isg_naive_b_cell_alr",0.157,0.547770700636943,FALSE
"l3_isg_naive_b_cell_alr","l3_c1q_cd16_monocyte_alr",0.157,0.452229299363057,FALSE
"l3_asdc","l3_isg_naive_cd4_t_cell_alr",0.156,0.275641025641026,FALSE
"l3_cd8aa","l3_klrf1_gzmb_cd27_memory_cd4_t_cell_alr",0.156,0.435897435897436,FALSE
"l2_effector_b_cell_alr","l3_il1b_cd14_monocyte_alr",0.156,0.608974358974359,FALSE
"l2_effector_b_cell_alr","l1_monocyte_alr",0.156,0.461538461538462,FALSE
"l2_cdc1_alr","l3_sox4_naive_cd4_t_cell_alr",0.156,0.384615384615385,FALSE
"l2_pdc_alr","l3_naive_vd1_gdt_alr",0.156,0.685897435897436,FALSE
"l2_cd16_monocyte_alr","l3_sox4_naive_cd8_t_cell_alr",0.156,0.814102564102564,FALSE
"l2_intermediate_monocyte_alr","l3_sox4_vd1_gdt_alr",0.156,0.333333333333333,FALSE
"l2_dn_t_cell_alr","l3_isg_memory_cd8_t_cell_alr",0.156,0.320512820512821,FALSE
"l2_memory_cd4_t_cell_alr","l2_naive_cd8_t_cell_alr",0.156,0.737179487179487,FALSE
"l2_naive_cd8_t_cell_alr","l2_memory_cd4_t_cell_alr",0.156,0.262820512820513,FALSE
"l2_naive_cd8_t_cell_alr","l3_isg_mait_alr",0.156,0.66025641025641,FALSE
"l2_treg_alr","l3_klrb1_memory_cd8_treg_alr",0.156,0.391025641025641,FALSE
"l3_il1b_cd14_monocyte_alr","l2_effector_b_cell_alr",0.156,0.391025641025641,FALSE
"l3_c1q_cd16_monocyte_alr","l3_isg_memory_cd8_t_cell_alr",0.156,0.378205128205128,FALSE
"l3_gzmk_cd56dim_nk_cell_alr","l3_klrf1_gzmb_cd27_em_cd8_t_cell_alr",0.156,0.442307692307692,FALSE
"l3_gzmk_cd56dim_nk_cell_alr","l3_naive_cd4_treg_alr",0.156,0.576923076923077,FALSE
"l3_cd14_cdc2_alr","l3_naive_vd1_gdt_alr",0.156,0.705128205128205,FALSE
"l3_gzmb_vd2_gdt_alr","l3_klrf1_gzmb_cd27_memory_cd4_t_cell_alr",0.156,0.16025641025641,FALSE
"l3_naive_vd1_gdt_alr","l2_pdc_alr",0.156,0.314102564102564,FALSE
"l3_naive_vd1_gdt_alr","l3_cd14_cdc2_alr",0.156,0.294871794871795,FALSE
"l3_sox4_vd1_gdt_alr","l2_intermediate_monocyte_alr",0.156,0.666666666666667,FALSE
"l3_isg_mait_alr","l2_naive_cd8_t_cell_alr",0.156,0.33974358974359,FALSE
"l3_klrf1_gzmb_cd27_memory_cd4_t_cell_alr","l3_cd8aa",0.156,0.564102564102564,FALSE
"l3_klrf1_gzmb_cd27_memory_cd4_t_cell_alr","l3_gzmb_vd2_gdt_alr",0.156,0.83974358974359,FALSE
"l3_isg_memory_cd8_t_cell_alr","l2_dn_t_cell_alr",0.156,0.67948717948718,FALSE
"l3_isg_memory_cd8_t_cell_alr","l3_c1q_cd16_monocyte_alr",0.156,0.621794871794872,FALSE
"l3_klrf1_gzmb_cd27_em_cd8_t_cell_alr","l3_gzmk_cd56dim_nk_cell_alr",0.156,0.557692307692308,FALSE
"l3_isg_naive_cd4_t_cell_alr","l3_asdc",0.156,0.724358974358974,FALSE
"l3_sox4_naive_cd4_t_cell_alr","l2_cdc1_alr",0.156,0.615384615384615,FALSE
"l3_sox4_naive_cd8_t_cell_alr","l2_cd16_monocyte_alr",0.156,0.185897435897436,FALSE
"l3_klrb1_memory_cd8_treg_alr","l2_treg_alr",0.156,0.608974358974359,FALSE
"l3_naive_cd4_treg_alr","l3_gzmk_cd56dim_nk_cell_alr",0.156,0.423076923076923,FALSE
"l1_monocyte_alr","l2_effector_b_cell_alr",0.156,0.538461538461539,FALSE
"sex","l2_cd8aa_alr",0.155,1,FALSE
"l2_erythrocyte","l3_klrf1_gzmb_cd27_em_cd8_t_cell_alr",0.155,0.52258064516129,FALSE
"l2_progenitor_cell","l3_cd27_effector_b_cell_alt_alr",0.155,0.632258064516129,FALSE
"l3_cd56bright_nk_cell","l2_memory_cd8_t_cell_alr",0.155,0.27741935483871,FALSE
"l3_cdc1","l1_b_cell_alr",0.155,0.270967741935484,FALSE
"l3_proliferating_t_cell","l3_isg_mait_alr",0.155,0.716129032258065,FALSE
"l2_transitional_b_cell_alr","l3_isg_mait_alr",0.155,0.780645161290323,FALSE
"l2_cd8aa_alr","sex",0.155,0,FALSE
"l2_dn_t_cell_alr","l3_sox4_naive_cd4_t_cell_alr",0.155,0.432258064516129,FALSE
"l2_mait_alr","l3_cd14_cdc2_alr",0.155,0.438709677419355,FALSE
"l2_memory_cd4_t_cell_alr","l3_naive_vd1_gdt_alr",0.155,0.832258064516129,FALSE
"l2_memory_cd8_t_cell_alr","l3_cd56bright_nk_cell",0.155,0.72258064516129,FALSE
"l3_isg_cd56dim_nk_cell_alr","l1_progenitor_cell_alr",0.155,0.580645161290323,FALSE
"l3_cd14_cdc2_alr","l2_mait_alr",0.155,0.561290322580645,FALSE
"l3_cd27_effector_b_cell_alt_alr","l2_progenitor_cell",0.155,0.367741935483871,FALSE
"l3_naive_vd1_gdt_alr","l2_memory_cd4_t_cell_alr",0.155,0.167741935483871,FALSE
"l3_cd4_mait_alr","l3_klrf1_gzmb_cd27_em_cd8_t_cell_alt_alr",0.155,0.658064516129032,FALSE
"l3_isg_mait_alr","l3_proliferating_t_cell",0.155,0.283870967741935,FALSE
"l3_isg_mait_alr","l2_transitional_b_cell_alr",0.155,0.219354838709677,FALSE
"l3_klrf1_gzmb_cd27_em_cd8_t_cell_alr","l2_erythrocyte",0.155,0.47741935483871,FALSE
"l3_klrf1_gzmb_cd27_em_cd8_t_cell_alt_alr","l3_cd4_mait_alr",0.155,0.341935483870968,FALSE
"l3_sox4_naive_cd4_t_cell_alr","l2_dn_t_cell_alr",0.155,0.567741935483871,FALSE
"l1_b_cell_alr","l3_cdc1",0.155,0.729032258064516,FALSE
"l1_progenitor_cell_alr","l3_isg_cd56dim_nk_cell_alr",0.155,0.419354838709677,FALSE
"l3_proliferating_nk_cell","l2_gdt_alr",0.154,0.415584415584416,FALSE
"l3_proliferating_t_cell","l3_gzmb_vd2_gdt_alr",0.154,0.538961038961039,FALSE
"l3_transitional_b_cell","l3_sox4_vd1_gdt_alr",0.154,0.123376623376623,FALSE
"l2_effector_b_cell_alr","l2_transitional_b_cell_alr",0.154,0.642857142857143,FALSE
"l2_transitional_b_cell_alr","l2_effector_b_cell_alr",0.154,0.357142857142857,FALSE
"l2_transitional_b_cell_alr","l3_isg_cd14_monocyte_alr",0.154,0.675324675324675,FALSE
"l2_dn_t_cell_alr","l1_erythrocyte_alr",0.154,0.415584415584416,FALSE
"l2_gdt_alr","l3_proliferating_nk_cell",0.154,0.584415584415584,FALSE
"l2_mait_alr","l3_isg_naive_cd8_t_cell_alr",0.154,0.727272727272727,FALSE
"l2_memory_cd8_t_cell_alr","l3_type_2_polarized_memory_b_cell_alr",0.154,0.337662337662338,FALSE
"l2_proliferating_t_cell_alr","l3_sox4_vd1_gdt_alr",0.154,0.467532467532468,FALSE
"l3_isg_cd14_monocyte_alr","l2_transitional_b_cell_alr",0.154,0.324675324675325,FALSE
"l3_gzmk_cd56dim_nk_cell_alr","l3_isg_cd56dim_nk_cell_alr",0.154,0.730519480519481,FALSE
"l3_isg_cd56dim_nk_cell_alr","l3_gzmk_cd56dim_nk_cell_alr",0.154,0.269480519480519,FALSE
"l3_cd27_effector_b_cell_alt_alr","l3_naive_vd1_gdt_alr",0.154,0.779220779220779,FALSE
"l3_gzmb_vd2_gdt_alr","l3_proliferating_t_cell",0.154,0.461038961038961,FALSE
"l3_naive_vd1_gdt_alr","l3_cd27_effector_b_cell_alt_alr",0.154,0.220779220779221,FALSE
"l3_sox4_vd1_gdt_alr","l3_transitional_b_cell",0.154,0.876623376623377,FALSE
"l3_sox4_vd1_gdt_alr","l2_proliferating_t_cell_alr",0.154,0.532467532467533,FALSE
"l3_type_2_polarized_memory_b_cell_alr","l2_memory_cd8_t_cell_alr",0.154,0.662337662337662,FALSE
"l3_isg_memory_cd8_t_cell_alr","l3_isg_naive_cd8_t_cell_alr",0.154,0.480519480519481,FALSE
"l3_isg_naive_cd8_t_cell_alr","l2_mait_alr",0.154,0.272727272727273,FALSE
"l3_isg_naive_cd8_t_cell_alr","l3_isg_memory_cd8_t_cell_alr",0.154,0.51948051948052,FALSE
"l1_erythrocyte_alr","l2_dn_t_cell_alr",0.154,0.584415584415584,FALSE
"l3_cd56bright_nk_cell","l1_platelet_alr",0.153,0.320261437908497,FALSE
"l2_plasma_cell_alr","l1_monocyte_alr",0.153,0.248366013071895,FALSE
"l2_transitional_b_cell_alr","l3_naive_cd4_treg_alr",0.153,0.522875816993464,FALSE
"l2_intermediate_monocyte_alr","l3_c1q_cd16_monocyte_alr",0.153,0.509803921568627,FALSE
"l2_dn_t_cell_alr","l1_platelet_alr",0.153,0.686274509803922,FALSE
"l3_il1b_cd14_monocyte_alr","l3_cd14_cdc2_alr",0.153,0.522875816993464,FALSE
"l3_c1q_cd16_monocyte_alr","l2_intermediate_monocyte_alr",0.153,0.490196078431373,FALSE
"l3_isg_cd56dim_nk_cell_alr","l3_cm_cd8_t_cell_alr",0.153,0.183006535947712,FALSE
"l3_adaptive_nk_cell_alr","l3_klrb1_memory_cd8_treg_alr",0.153,0.398692810457516,FALSE
"l3_cd14_cdc2_alr","l3_il1b_cd14_monocyte_alr",0.153,0.477124183006536,FALSE
"l3_naive_vd1_gdt_alr","l3_type_2_polarized_memory_b_cell_alr",0.153,0.248366013071895,FALSE
"l3_type_2_polarized_memory_b_cell_alr","l3_naive_vd1_gdt_alr",0.153,0.751633986928105,FALSE
"l3_cm_cd8_t_cell_alr","l3_isg_cd56dim_nk_cell_alr",0.153,0.816993464052288,FALSE
"l3_klrb1_memory_cd8_treg_alr","l3_adaptive_nk_cell_alr",0.153,0.601307189542484,FALSE
"l3_naive_cd4_treg_alr","l2_transitional_b_cell_alr",0.153,0.477124183006536,FALSE
"l1_monocyte_alr","l2_plasma_cell_alr",0.153,0.751633986928105,FALSE
"l1_platelet_alr","l3_cd56bright_nk_cell",0.153,0.679738562091503,FALSE
"l1_platelet_alr","l2_dn_t_cell_alr",0.153,0.313725490196078,FALSE
"l3_baeomap_cell","l2_treg_alr",0.152,0.546052631578947,FALSE
"l2_treg_alr","l3_baeomap_cell",0.152,0.453947368421053,FALSE
"l2_progenitor_cell","l3_cd4_mait_alr",0.152,0.309210526315789,FALSE
"l3_cd8aa","l2_transitional_b_cell_alr",0.152,0.605263157894737,FALSE
"l3_intermediate_monocyte","l1_dc_alr",0.152,0.125,FALSE
"l2_transitional_b_cell_alr","l3_cd8aa",0.152,0.394736842105263,FALSE
"l2_cd56bright_nk_cell_alr","l3_cd14_cdc2_alr",0.152,0.519736842105263,FALSE
"l2_gdt_alr","l3_sox4_naive_cd4_t_cell_alr",0.152,0.368421052631579,FALSE
"l2_mait_alr","l1_monocyte_alr",0.152,0.322368421052632,FALSE
"l2_memory_cd4_t_cell_alr","l1_nk_cell_alr",0.152,0.605263157894737,FALSE
"l3_isg_cd16_monocyte_alr","l3_klrf1_effector_vd1_gdt_alr",0.152,0.697368421052632,FALSE
"l3_isg_cd16_monocyte_alr","l3_gzmb_cd27_em_cd4_t_cell_alr",0.152,0.348684210526316,FALSE
"l3_gzmk_cd56dim_nk_cell_alr","l3_type_2_polarized_memory_b_cell_alr",0.152,0.25,FALSE
"l3_cd14_cdc2_alr","l2_cd56bright_nk_cell_alr",0.152,0.480263157894737,FALSE
"l3_klrf1_effector_vd1_gdt_alr","l3_isg_cd16_monocyte_alr",0.152,0.302631578947368,FALSE
"l3_cd4_mait_alr","l2_progenitor_cell",0.152,0.690789473684211,FALSE
"l3_type_2_polarized_memory_b_cell_alr","l3_gzmk_cd56dim_nk_cell_alr",0.152,0.75,FALSE
"l3_gzmb_cd27_em_cd4_t_cell_alr","l3_isg_cd16_monocyte_alr",0.152,0.651315789473684,FALSE
"l3_gzmb_cd27_em_cd4_t_cell_alt_alr","l3_klrf1_gzmb_cd27_em_cd8_t_cell_alt_alr",0.152,0.328947368421053,FALSE
"l3_klrf1_gzmb_cd27_em_cd8_t_cell_alt_alr","l3_gzmb_cd27_em_cd4_t_cell_alt_alr",0.152,0.671052631578947,FALSE
"l3_isg_naive_cd4_t_cell_alr","l1_nk_cell_alr",0.152,0.703947368421053,FALSE
"l3_sox4_naive_cd4_t_cell_alr","l2_gdt_alr",0.152,0.631578947368421,FALSE
"l1_dc_alr","l3_intermediate_monocyte",0.152,0.875,FALSE
"l1_monocyte_alr","l2_mait_alr",0.152,0.677631578947368,FALSE
"l1_nk_cell_alr","l2_memory_cd4_t_cell_alr",0.152,0.394736842105263,FALSE
"l1_nk_cell_alr","l3_isg_naive_cd4_t_cell_alr",0.152,0.296052631578947,FALSE
"l3_dn_t_cell","l1_platelet_alr",0.151,0.562913907284768,FALSE
"l2_cd16_monocyte_alr","l3_sox4_vd1_gdt_alr",0.151,0.907284768211921,FALSE
"l3_gzmk_cd56dim_nk_cell_alr","l3_cd4_mait_alr",0.151,0.33112582781457,FALSE
"l3_sox4_vd1_gdt_alr","l2_cd16_monocyte_alr",0.151,0.0927152317880795,FALSE
"l3_cd4_mait_alr","l3_gzmk_cd56dim_nk_cell_alr",0.151,0.66887417218543,FALSE
"l1_platelet_alr","l3_dn_t_cell",0.151,0.437086092715232,FALSE
"l2_platelet","l3_klrf1_effector_vd1_gdt_alt_alr",0.151,0.132450331125828,FALSE
"l3_asdc","l1_b_cell_alr",0.151,0.211920529801325,FALSE
"l3_cd56bright_nk_cell","l3_baeomap_cell",0.151,0.602649006622517,FALSE
"l3_ilc","l3_isg_memory_cd4_t_cell_alr",0.151,0.165562913907285,FALSE
"l3_baeomap_cell","l3_cd56bright_nk_cell",0.151,0.397350993377483,FALSE
"l2_pdc_alr","l3_isg_naive_cd8_t_cell_alr",0.151,0.596026490066225,FALSE
"l2_cd56bright_nk_cell_alr","l3_sox4_naive_cd4_t_cell_alr",0.151,0.158940397350993,FALSE
"l2_memory_cd8_t_cell_alr","l3_sox4_vd1_gdt_alr",0.151,0.721854304635762,FALSE
"l2_treg_alr","l3_gzmk_cd27_em_cd8_t_cell_alt_alr",0.151,0.642384105960265,FALSE
"l3_gzmk_cd56dim_nk_cell_alr","l3_klrf1_effector_vd1_gdt_alt_alr",0.151,0.635761589403974,FALSE
"l3_cd27_effector_b_cell_alt_alr","l3_sox4_naive_cd8_t_cell_alr",0.151,0.271523178807947,FALSE
"l3_klrf1_effector_vd1_gdt_alt_alr","l2_platelet",0.151,0.867549668874172,FALSE
"l3_klrf1_effector_vd1_gdt_alt_alr","l3_gzmk_cd56dim_nk_cell_alr",0.151,0.364238410596027,FALSE
"l3_sox4_vd1_gdt_alr","l2_memory_cd8_t_cell_alr",0.151,0.278145695364238,FALSE
"l3_isg_memory_cd4_t_cell_alr","l3_ilc",0.151,0.834437086092715,FALSE
"l3_gzmk_cd27_em_cd8_t_cell_alt_alr","l2_treg_alr",0.151,0.357615894039735,FALSE
"l3_sox4_naive_cd4_t_cell_alr","l2_cd56bright_nk_cell_alr",0.151,0.841059602649007,FALSE
"l3_isg_naive_cd8_t_cell_alr","l2_pdc_alr",0.151,0.403973509933775,FALSE
"l3_sox4_naive_cd8_t_cell_alr","l3_cd27_effector_b_cell_alt_alr",0.151,0.728476821192053,FALSE
"l1_b_cell_alr","l3_asdc",0.151,0.788079470198676,FALSE
"l3_cd8aa","l1_erythrocyte_alr",0.15,0.446666666666667,FALSE
"l3_erythrocyte","l2_proliferating_t_cell_alr",0.15,0.566666666666667,FALSE
"l2_plasma_cell_alr","l3_isg_memory_cd4_t_cell_alr",0.15,0.0866666666666667,FALSE
"l2_proliferating_t_cell_alr","l3_erythrocyte",0.15,0.433333333333333,FALSE
"l3_isg_cd16_monocyte_alr","l3_cd4_mait_alr",0.15,0.113333333333333,FALSE
"l3_cd4_mait_alr","l3_isg_cd16_monocyte_alr",0.15,0.886666666666667,FALSE
"l3_cd4_mait_alr","l3_memory_cd8_treg_alr",0.15,0.553333333333333,FALSE
"l3_isg_memory_cd4_t_cell_alr","l2_plasma_cell_alr",0.15,0.913333333333333,FALSE
"l3_memory_cd8_treg_alr","l3_cd4_mait_alr",0.15,0.446666666666667,FALSE
"l1_erythrocyte_alr","l3_cd8aa",0.15,0.553333333333333,FALSE
"l3_cd8aa","l2_treg_alr",0.15,0.353333333333333,FALSE
"l3_intermediate_monocyte","l3_proliferating_nk_cell",0.15,0.713333333333333,FALSE
"l3_platelet","l3_isg_memory_cd4_t_cell_alr",0.15,0.206666666666667,FALSE
"l3_proliferating_nk_cell","l3_intermediate_monocyte",0.15,0.286666666666667,FALSE
"l3_proliferating_t_cell","l3_naive_cd4_treg_alr",0.15,0.526666666666667,FALSE
"l3_transitional_b_cell","l3_cm_cd8_t_cell_alr",0.15,0.186666666666667,FALSE
"l2_cdc1_alr","l3_isg_naive_cd8_t_cell_alr",0.15,0.813333333333333,FALSE
"l2_cd16_monocyte_alr","l2_mait_alr",0.15,0.746666666666667,FALSE
"l2_dn_t_cell_alr","l3_sox4_naive_cd8_t_cell_alr",0.15,0.48,FALSE
"l2_mait_alr","l2_cd16_monocyte_alr",0.15,0.253333333333333,FALSE
"l2_naive_cd8_t_cell_alr","l3_naive_vd1_gdt_alr",0.15,0.873333333333333,FALSE
"l2_proliferating_t_cell_alr","l3_klrf1_gzmb_cd27_em_cd8_t_cell_alt_alr",0.15,0.18,FALSE
"l2_treg_alr","l3_cd8aa",0.15,0.646666666666667,FALSE
"l3_isg_cd16_monocyte_alr","l3_klrf1_gzmb_cd27_em_cd8_t_cell_alt_alr",0.15,0.593333333333333,FALSE
"l3_isg_cd56dim_nk_cell_alr","l1_ilc_alr",0.15,0.28,FALSE
"l3_adaptive_nk_cell_alr","l3_gzmk_memory_cd4_treg_alr",0.15,0.5,FALSE
"l3_cd14_cdc2_alr","l3_sox4_vd1_gdt_alr",0.15,0.72,FALSE
"l3_naive_vd1_gdt_alr","l2_naive_cd8_t_cell_alr",0.15,0.126666666666667,FALSE
"l3_sox4_vd1_gdt_alr","l3_cd14_cdc2_alr",0.15,0.28,FALSE
"l3_activated_memory_b_cell_alr","l1_ilc_alr",0.15,0.416666666666667,FALSE
"l3_isg_memory_cd4_t_cell_alr","l3_platelet",0.15,0.793333333333333,FALSE
"l3_cm_cd8_t_cell_alr","l3_transitional_b_cell",0.15,0.813333333333333,FALSE
"l3_gzmk_cd27_em_cd8_t_cell_alt_alr","l3_memory_cd8_treg_alr",0.15,0.633333333333333,FALSE
"l3_klrf1_gzmb_cd27_em_cd8_t_cell_alt_alr","l2_proliferating_t_cell_alr",0.15,0.82,FALSE
"l3_klrf1_gzmb_cd27_em_cd8_t_cell_alt_alr","l3_isg_cd16_monocyte_alr",0.15,0.406666666666667,FALSE
"l3_isg_naive_cd8_t_cell_alr","l2_cdc1_alr",0.15,0.186666666666667,FALSE
"l3_sox4_naive_cd8_t_cell_alr","l2_dn_t_cell_alr",0.15,0.52,FALSE
"l3_gzmk_memory_cd4_treg_alr","l3_adaptive_nk_cell_alr",0.15,0.5,FALSE
"l3_memory_cd8_treg_alr","l3_gzmk_cd27_em_cd8_t_cell_alt_alr",0.15,0.366666666666667,FALSE
"l3_naive_cd4_treg_alr","l3_proliferating_t_cell",0.15,0.473333333333333,FALSE
"l1_ilc_alr","l3_isg_cd56dim_nk_cell_alr",0.15,0.72,FALSE
"l1_ilc_alr","l3_activated_memory_b_cell_alr",0.15,0.583333333333333,FALSE
"l2_progenitor_cell","l1_ilc_alr",0.149,0.221476510067114,FALSE
"l3_cdc1","l2_cd56bright_nk_cell_alr",0.149,0.550335570469799,FALSE
"l3_ilc","l3_gzmk_cd56dim_nk_cell_alr",0.149,0.453020134228188,FALSE
"l3_intermediate_monocyte","l2_memory_b_cell_alr",0.149,0.322147651006711,FALSE
"l3_intermediate_monocyte","l3_klrb1_memory_cd8_treg_alr",0.149,0.557046979865772,FALSE
"l2_memory_b_cell_alr","l3_intermediate_monocyte",0.149,0.677852348993289,FALSE
"l2_cd56bright_nk_cell_alr","l3_cdc1",0.149,0.449664429530201,FALSE
"l2_naive_cd8_t_cell_alr","l1_nk_cell_alr",0.149,0.677852348993289,FALSE
"l2_treg_alr","l1_b_cell_alr",0.149,0.335570469798658,FALSE
"l3_gzmk_cd56dim_nk_cell_alr","l3_ilc",0.149,0.546979865771812,FALSE
"l3_klrb1_memory_cd8_treg_alr","l3_intermediate_monocyte",0.149,0.442953020134228,FALSE
"l1_nk_cell_alr","l2_naive_cd8_t_cell_alr",0.149,0.322147651006711,FALSE
"l1_b_cell_alr","l2_treg_alr",0.149,0.664429530201342,FALSE
"l1_ilc_alr","l2_progenitor_cell",0.149,0.778523489932886,FALSE
"sex","l3_isg_memory_cd4_t_cell_alr",0.149,1,FALSE
"l3_asdc","l2_cd8aa_alr",0.149,0.120805369127517,FALSE
"l3_proliferating_t_cell","l2_cdc1_alr",0.149,0.483221476510067,FALSE
"l2_cdc1_alr","l3_proliferating_t_cell",0.149,0.516778523489933,FALSE
"l2_cd16_monocyte_alr","l3_type_2_polarized_memory_b_cell_alr",0.149,0.308724832214765,FALSE
"l2_cd16_monocyte_alr","l1_platelet_alr",0.149,0.516778523489933,FALSE
"l2_proliferating_nk_cell_alr","l3_cm_cd8_t_cell_alr",0.149,0.657718120805369,FALSE
"l2_cd8aa_alr","l3_asdc",0.149,0.879194630872483,FALSE
"l3_isg_cd56dim_nk_cell_alr","l3_adaptive_nk_cell_alr",0.149,0.422818791946309,FALSE
"l3_adaptive_nk_cell_alr","l3_isg_cd56dim_nk_cell_alr",0.149,0.577181208053691,FALSE
"l3_gzmb_vd2_gdt_alr","l3_klrb1_memory_cd4_treg_alr",0.149,0.5,FALSE
"l3_type_2_polarized_memory_b_cell_alr","l2_cd16_monocyte_alr",0.149,0.691275167785235,FALSE
"l3_isg_memory_cd4_t_cell_alr","sex",0.149,0,FALSE
"l3_cm_cd8_t_cell_alr","l2_proliferating_nk_cell_alr",0.149,0.342281879194631,FALSE
"l3_klrb1_memory_cd4_treg_alr","l3_gzmb_vd2_gdt_alr",0.149,0.5,FALSE
"l1_platelet_alr","l2_cd16_monocyte_alr",0.149,0.483221476510067,FALSE
"l3_proliferating_nk_cell","l3_gzmb_cd27_em_cd4_t_cell_alt_alr",0.148,0.337837837837838,FALSE
"l2_transitional_b_cell_alr","l2_cd16_monocyte_alr",0.148,0.682432432432432,FALSE
"l2_cd16_monocyte_alr","l2_transitional_b_cell_alr",0.148,0.317567567567568,FALSE
"l3_gzmb_cd27_em_cd4_t_cell_alt_alr","l3_proliferating_nk_cell",0.148,0.662162162162162,FALSE
"l3_sox4_naive_cd8_t_cell_alr","l3_memory_cd8_treg_alr",0.148,0.445945945945946,FALSE
"l3_memory_cd8_treg_alr","l3_sox4_naive_cd8_t_cell_alr",0.148,0.554054054054054,FALSE
"age_group","l3_isg_cd14_monocyte_alr",0.148,1,FALSE
"l2_erythrocyte","l2_cdc1_alr",0.148,0.266891891891892,FALSE
"l3_cd56bright_nk_cell","l3_platelet",0.148,0.256756756756757,FALSE
"l3_cd8aa","l3_pdc",0.148,0.412162162162162,FALSE
"l3_dn_t_cell","l2_cd56bright_nk_cell_alr",0.148,0.587837837837838,FALSE
"l3_intermediate_monocyte","l1_b_cell_alr",0.148,0.371621621621622,FALSE
"l3_pdc","l3_cd8aa",0.148,0.587837837837838,FALSE
"l3_platelet","l3_cd56bright_nk_cell",0.148,0.743243243243243,FALSE
"l2_plasma_cell_alr","l2_memory_cd8_t_cell_alr",0.148,0.27027027027027,FALSE
"l2_cdc1_alr","l2_erythrocyte",0.148,0.733108108108108,FALSE
"l2_intermediate_monocyte_alr","l2_cd8aa_alr",0.148,0.25,FALSE
"l2_cd56bright_nk_cell_alr","l3_dn_t_cell",0.148,0.412162162162162,FALSE
"l2_cd8aa_alr","l2_intermediate_monocyte_alr",0.148,0.75,FALSE
"l2_cd8aa_alr","l1_platelet_alr",0.148,0.702702702702703,FALSE
"l2_memory_cd8_t_cell_alr","l2_plasma_cell_alr",0.148,0.72972972972973,FALSE
"l3_isg_cd14_monocyte_alr","age_group",0.148,0,FALSE
"l3_c1q_cd16_monocyte_alr","l1_b_cell_alr",0.148,0.344594594594595,FALSE
"l3_isg_cd16_monocyte_alr","l3_gzmk_cd56dim_nk_cell_alr",0.148,0.263513513513514,FALSE
"l3_gzmk_cd56dim_nk_cell_alr","l3_isg_cd16_monocyte_alr",0.148,0.736486486486487,FALSE
"l3_naive_vd1_gdt_alr","l3_klrf1_gzmb_cd27_memory_cd4_t_cell_alr",0.148,0.162162162162162,FALSE
"l3_klrf1_gzmb_cd27_memory_cd4_t_cell_alr","l3_naive_vd1_gdt_alr",0.148,0.837837837837838,FALSE
"l3_isg_naive_cd4_t_cell_alr","l1_progenitor_cell_alr",0.148,0.5,FALSE
"l1_b_cell_alr","l3_intermediate_monocyte",0.148,0.628378378378378,FALSE
"l1_b_cell_alr","l3_c1q_cd16_monocyte_alr",0.148,0.655405405405405,FALSE
"l1_platelet_alr","l2_cd8aa_alr",0.148,0.297297297297297,FALSE
"l1_progenitor_cell_alr","l3_isg_naive_cd4_t_cell_alr",0.148,0.5,FALSE
"l2_progenitor_cell","l3_ilc",0.147,0.231292517006803,FALSE
"l3_cd8aa","l3_gzmb_cd27_em_cd4_t_cell_alt_alr",0.147,0.448979591836735,FALSE
"l3_cdc1","l3_isg_cd16_monocyte_alr",0.147,0.326530612244898,FALSE
"l3_ilc","l2_progenitor_cell",0.147,0.768707482993197,FALSE
"l3_platelet","l3_baeomap_cell",0.147,0.462585034013605,FALSE
"l3_baeomap_cell","l3_platelet",0.147,0.537414965986394,FALSE
"l3_isg_cd16_monocyte_alr","l3_cdc1",0.147,0.673469387755102,FALSE
"l3_gzmb_cd27_em_cd4_t_cell_alt_alr","l3_cd8aa",0.147,0.551020408163265,FALSE
"l3_cd56bright_nk_cell","l3_gzmk_cd56dim_nk_cell_alr",0.147,0.591836734693878,FALSE
"l3_cd56bright_nk_cell","l3_sox4_naive_cd8_t_cell_alr",0.147,0.802721088435374,FALSE
"l3_cd56bright_nk_cell","l1_monocyte_alr",0.147,0.129251700680272,FALSE
"l3_ilc","l2_cd8aa_alr",0.147,0.380952380952381,FALSE
"l2_cd8aa_alr","l3_ilc",0.147,0.619047619047619,FALSE
"l2_memory_cd4_t_cell_alr","l3_klrf1_effector_vd1_gdt_alt_alr",0.147,0.489795918367347,FALSE
"l2_memory_cd8_t_cell_alr","l3_early_memory_b_cell_alr",0.147,0.496598639455782,FALSE
"l3_gzmk_cd56dim_nk_cell_alr","l3_cd56bright_nk_cell",0.147,0.408163265306122,FALSE
"l3_klrf1_effector_vd1_gdt_alt_alr","l2_memory_cd4_t_cell_alr",0.147,0.510204081632653,FALSE
"l3_cd4_mait_alr","l3_early_memory_b_cell_alr",0.147,0.489795918367347,FALSE
"l3_early_memory_b_cell_alr","l2_memory_cd8_t_cell_alr",0.147,0.503401360544218,FALSE
"l3_early_memory_b_cell_alr","l3_cd4_mait_alr",0.147,0.510204081632653,FALSE
"l3_gzmk_cd27_em_cd8_t_cell_alt_alr","l3_klrb1_memory_cd8_treg_alr",0.147,0.414965986394558,FALSE
"l3_sox4_naive_cd8_t_cell_alr","l3_cd56bright_nk_cell",0.147,0.197278911564626,FALSE
"l3_klrb1_memory_cd8_treg_alr","l3_gzmk_cd27_em_cd8_t_cell_alt_alr",0.147,0.585034013605442,FALSE
"l1_monocyte_alr","l3_cd56bright_nk_cell",0.147,0.870748299319728,FALSE
"l2_transitional_b_cell_alr","l3_klrf1_effector_vd1_gdt_alt_alr",0.146,0.684931506849315,FALSE
"l2_naive_cd8_t_cell_alr","l1_b_cell_alr",0.146,0.458904109589041,FALSE
"l3_klrf1_effector_vd1_gdt_alt_alr","l2_transitional_b_cell_alr",0.146,0.315068493150685,FALSE
"l3_gzmb_cd27_em_cd4_t_cell_alr","l3_gzmk_cd27_em_cd8_t_cell_alt_alr",0.146,0.520547945205479,FALSE
"l3_gzmk_cd27_em_cd8_t_cell_alt_alr","l3_gzmb_cd27_em_cd4_t_cell_alr",0.146,0.479452054794521,FALSE
"l1_b_cell_alr","l2_naive_cd8_t_cell_alr",0.146,0.541095890410959,FALSE
"sex","l3_proliferating_t_cell",0.146,1,FALSE
"l3_cdc1","l3_il1b_cd14_monocyte_alr",0.146,0.589041095890411,FALSE
"l3_dn_t_cell","l2_treg_alr",0.146,0.376712328767123,FALSE
"l3_plasma_cell","l3_platelet",0.146,0.36986301369863,FALSE
"l3_platelet","l3_plasma_cell",0.146,0.63013698630137,FALSE
"l3_platelet","l3_clp_cell_alr",0.146,0.613013698630137,FALSE
"l3_proliferating_t_cell","sex",0.146,0,FALSE
"l3_baeomap_cell","l3_gzmb_cd27_em_cd4_t_cell_alr",0.146,0.404109589041096,FALSE
"l3_baeomap_cell","l3_gzmk_cd27_em_cd8_t_cell_alt_alr",0.146,0.616438356164384,FALSE
"l2_cd56bright_nk_cell_alr","l3_gzmb_cd27_em_cd4_t_cell_alt_alr",0.146,0.616438356164384,FALSE
"l2_mait_alr","l3_isg_memory_cd4_t_cell_alr",0.146,0.410958904109589,FALSE
"l2_treg_alr","l3_dn_t_cell",0.146,0.623287671232877,FALSE
"l3_il1b_cd14_monocyte_alr","l3_cdc1",0.146,0.410958904109589,FALSE
"l3_il1b_cd14_monocyte_alr","l3_gzmk_memory_cd4_treg_alr",0.146,0.349315068493151,FALSE
"l3_isg_memory_cd4_t_cell_alr","l2_mait_alr",0.146,0.589041095890411,FALSE
"l3_gzmb_cd27_em_cd4_t_cell_alr","l3_baeomap_cell",0.146,0.595890410958904,FALSE
"l3_gzmb_cd27_em_cd4_t_cell_alt_alr","l2_cd56bright_nk_cell_alr",0.146,0.383561643835616,FALSE
"l3_gzmk_cd27_em_cd8_t_cell_alt_alr","l3_baeomap_cell",0.146,0.383561643835616,FALSE
"l3_sox4_naive_cd4_t_cell_alr","l1_b_cell_alr",0.146,0.404109589041096,FALSE
"l3_clp_cell_alr","l3_platelet",0.146,0.386986301369863,FALSE
"l3_gzmk_memory_cd4_treg_alr","l3_il1b_cd14_monocyte_alr",0.146,0.650684931506849,FALSE
"l1_b_cell_alr","l3_sox4_naive_cd4_t_cell_alr",0.146,0.595890410958904,FALSE
"l3_plasma_cell","l1_platelet_alr",0.145,0.413793103448276,FALSE
"l3_baeomap_cell","l1_progenitor_cell_alr",0.145,0.462068965517241,FALSE
"l2_memory_cd4_t_cell_alr","l3_sox4_naive_cd4_t_cell_alr",0.145,0.675862068965517,FALSE
"l3_isg_cd16_monocyte_alr","l3_sox4_naive_cd8_t_cell_alr",0.145,0.524137931034483,FALSE
"l3_naive_vd1_gdt_alr","l3_cm_cd8_t_cell_alr",0.145,0.455172413793103,FALSE
"l3_gzmb_cd27_em_cd4_t_cell_alt_alr","l1_progenitor_cell_alr",0.145,0.889655172413793,FALSE
"l3_cm_cd8_t_cell_alr","l3_naive_vd1_gdt_alr",0.145,0.544827586206897,FALSE
"l3_sox4_naive_cd4_t_cell_alr","l2_memory_cd4_t_cell_alr",0.145,0.324137931034483,FALSE
"l3_sox4_naive_cd8_t_cell_alr","l3_isg_cd16_monocyte_alr",0.145,0.475862068965517,FALSE
"l1_platelet_alr","l3_plasma_cell",0.145,0.586206896551724,FALSE
"l1_progenitor_cell_alr","l3_baeomap_cell",0.145,0.537931034482759,FALSE
"l1_progenitor_cell_alr","l3_gzmb_cd27_em_cd4_t_cell_alt_alr",0.145,0.110344827586207,FALSE
"age_group","l2_dn_t_cell_alr",0.145,1,FALSE
"l2_erythrocyte","l2_gdt_alr",0.145,0.186206896551724,FALSE
"l2_platelet","l2_treg_alr",0.145,0.131034482758621,FALSE
"l2_asdc_alr","l1_ilc_alr",0.145,0.820689655172414,FALSE
"l2_dn_t_cell_alr","age_group",0.145,0,FALSE
"l2_gdt_alr","l2_erythrocyte",0.145,0.813793103448276,FALSE
"l2_memory_cd4_t_cell_alr","l3_activated_memory_b_cell_alr",0.145,0.724137931034483,FALSE
"l2_memory_cd4_t_cell_alr","l1_monocyte_alr",0.145,0.386206896551724,FALSE
"l2_treg_alr","l2_platelet",0.145,0.868965517241379,FALSE
"l3_cd14_cdc2_alr","l3_isg_naive_cd4_t_cell_alr",0.145,0.593103448275862,FALSE
"l3_activated_memory_b_cell_alr","l2_memory_cd4_t_cell_alr",0.145,0.275862068965517,FALSE
"l3_isg_naive_cd4_t_cell_alr","l3_cd14_cdc2_alr",0.145,0.406896551724138,FALSE
"l1_monocyte_alr","l2_memory_cd4_t_cell_alr",0.145,0.613793103448276,FALSE
"l1_ilc_alr","l2_asdc_alr",0.145,0.179310344827586,FALSE
"l3_cd8aa","l3_il1b_cd14_monocyte_alr",0.144,0.333333333333333,FALSE
"l3_dn_t_cell","l3_gzmk_memory_cd4_treg_alr",0.144,0.583333333333333,FALSE
"l3_ilc","l3_isg_naive_b_cell_alr",0.144,0.340277777777778,FALSE
"l3_intermediate_monocyte","l2_gdt_alr",0.144,0.243055555555556,FALSE
"l3_platelet","l3_early_memory_b_cell_alr",0.144,0.319444444444444,FALSE
"l3_proliferating_t_cell","l1_erythrocyte_alr",0.144,0.576388888888889,FALSE
"l2_plasma_cell_alr","l3_gzmb_cd27_em_cd4_t_cell_alr",0.144,0.465277777777778,FALSE
"l2_dn_t_cell_alr","l1_progenitor_cell_alr",0.144,0.666666666666667,FALSE
"l2_gdt_alr","l3_intermediate_monocyte",0.144,0.756944444444444,FALSE
"l3_il1b_cd14_monocyte_alr","l3_cd8aa",0.144,0.666666666666667,FALSE
"l3_early_memory_b_cell_alr","l3_platelet",0.144,0.680555555555555,FALSE
"l3_gzmb_cd27_em_cd4_t_cell_alr","l2_plasma_cell_alr",0.144,0.534722222222222,FALSE
"l3_gzmk_cd27_em_cd8_t_cell_alt_alr","l3_klrb1_memory_cd4_treg_alr",0.144,0.319444444444444,FALSE
"l3_isg_naive_b_cell_alr","l3_ilc",0.144,0.659722222222222,FALSE
"l3_gzmk_memory_cd4_treg_alr","l3_dn_t_cell",0.144,0.416666666666667,FALSE
"l3_klrb1_memory_cd4_treg_alr","l3_gzmk_cd27_em_cd8_t_cell_alt_alr",0.144,0.680555555555555,FALSE
"l1_erythrocyte_alr","l3_proliferating_t_cell",0.144,0.423611111111111,FALSE
"l1_progenitor_cell_alr","l2_dn_t_cell_alr",0.144,0.333333333333333,FALSE
"age_group","l3_klrf1_effector_vd1_gdt_alr",0.144,1,FALSE
"age_group","l3_sox4_naive_cd8_t_cell_alr",0.144,1,FALSE
"sex","l2_proliferating_nk_cell_alr",0.144,1,FALSE
"l2_ilc","l3_cd56bright_nk_cell",0.144,0.173611111111111,FALSE
"l2_platelet","l3_il1b_cd14_monocyte_alr",0.144,0.256944444444444,FALSE
"l3_cd56bright_nk_cell","l2_ilc",0.144,0.826388888888889,FALSE
"l3_plasma_cell","l2_cd56bright_nk_cell_alr",0.144,0.263888888888889,FALSE
"l3_platelet","l2_cd16_monocyte_alr",0.144,0.388888888888889,FALSE
"l3_platelet","l2_memory_cd8_t_cell_alr",0.144,0.263888888888889,FALSE
"l2_cd16_monocyte_alr","l3_platelet",0.144,0.611111111111111,FALSE
"l2_cd56bright_nk_cell_alr","l3_plasma_cell",0.144,0.736111111111111,FALSE
"l2_proliferating_nk_cell_alr","sex",0.144,0,FALSE
"l2_memory_cd4_t_cell_alr","l3_gzmk_memory_cd4_treg_alr",0.144,0.180555555555556,FALSE
"l2_memory_cd8_t_cell_alr","l3_platelet",0.144,0.736111111111111,FALSE
"l2_treg_alr","l3_cm_cd8_t_cell_alr",0.144,0.597222222222222,FALSE
"l3_il1b_cd14_monocyte_alr","l2_platelet",0.144,0.743055555555556,FALSE
"l3_gzmk_cd56dim_nk_cell_alr","l3_clp_cell_alr",0.144,0.5,FALSE
"l3_klrf1_effector_vd1_gdt_alr","age_group",0.144,0,FALSE
"l3_klrf1_effector_vd1_gdt_alt_alr","l1_progenitor_cell_alr",0.144,0.645833333333333,FALSE
"l3_gzmb_cd27_em_cd4_t_cell_alr","l1_progenitor_cell_alr",0.144,0.625,FALSE
"l3_cm_cd8_t_cell_alr","l2_treg_alr",0.144,0.402777777777778,FALSE
"l3_sox4_naive_cd8_t_cell_alr","age_group",0.144,0,FALSE
"l3_clp_cell_alr","l3_gzmk_cd56dim_nk_cell_alr",0.144,0.5,FALSE
"l3_gzmk_memory_cd4_treg_alr","l2_memory_cd4_t_cell_alr",0.144,0.819444444444444,FALSE
"l1_progenitor_cell_alr","l3_klrf1_effector_vd1_gdt_alt_alr",0.144,0.354166666666667,FALSE
"l1_progenitor_cell_alr","l3_gzmb_cd27_em_cd4_t_cell_alr",0.144,0.375,FALSE
"l3_asdc","l1_monocyte_alr",0.143,0.423076923076923,FALSE
"l3_ilc","l1_nk_cell_alr",0.143,0.475524475524476,FALSE
"l2_pdc_alr","l3_clp_cell_alr",0.143,0.51048951048951,FALSE
"l2_gdt_alr","l3_il1b_cd14_monocyte_alr",0.143,0.594405594405594,FALSE
"l2_naive_cd8_t_cell_alr","l1_platelet_alr",0.143,0.811188811188811,FALSE
"l3_il1b_cd14_monocyte_alr","l2_gdt_alr",0.143,0.405594405594406,FALSE
"l3_klrf1_effector_vd1_gdt_alr","l3_sox4_naive_cd8_t_cell_alr",0.143,0.237762237762238,FALSE
"l3_klrf1_gzmb_cd27_em_cd8_t_cell_alt_alr","l1_nk_cell_alr",0.143,0.671328671328671,FALSE
"l3_sox4_naive_cd8_t_cell_alr","l3_klrf1_effector_vd1_gdt_alr",0.143,0.762237762237762,FALSE
"l3_clp_cell_alr","l2_pdc_alr",0.143,0.489510489510489,FALSE
"l1_monocyte_alr","l3_asdc",0.143,0.576923076923077,FALSE
"l1_nk_cell_alr","l3_ilc",0.143,0.524475524475524,FALSE
"l1_nk_cell_alr","l3_klrf1_gzmb_cd27_em_cd8_t_cell_alt_alr",0.143,0.328671328671329,FALSE
"l1_nk_cell_alr","l1_b_cell_alr",0.143,0.314685314685315,FALSE
"l1_b_cell_alr","l1_nk_cell_alr",0.143,0.685314685314685,FALSE
"l1_platelet_alr","l2_naive_cd8_t_cell_alr",0.143,0.188811188811189,FALSE
"l3_erythrocyte","l2_cd8aa_alr",0.143,0.370629370629371,FALSE
"l3_proliferating_t_cell","l3_transitional_b_cell",0.143,0.825174825174825,FALSE
"l3_transitional_b_cell","l3_proliferating_t_cell",0.143,0.174825174825175,FALSE
"l2_transitional_b_cell_alr","l1_platelet_alr",0.143,0.839160839160839,FALSE
"l2_cd8aa_alr","l3_erythrocyte",0.143,0.629370629370629,FALSE
"l2_naive_cd8_t_cell_alr","l3_klrf1_effector_vd1_gdt_alr",0.143,0.748251748251748,FALSE
"l3_klrf1_effector_vd1_gdt_alr","l2_naive_cd8_t_cell_alr",0.143,0.251748251748252,FALSE
"l1_platelet_alr","l2_transitional_b_cell_alr",0.143,0.160839160839161,FALSE
"l2_erythrocyte","l3_gzmb_vd2_gdt_alr",0.142,0.767605633802817,FALSE
"l2_erythrocyte","l3_cd4_mait_alr",0.142,0.0704225352112676,FALSE
"l3_cdc1","l3_ilc",0.142,0.528169014084507,FALSE
"l3_erythrocyte","l3_proliferating_nk_cell",0.142,0.697183098591549,FALSE
"l3_ilc","l3_cdc1",0.142,0.471830985915493,FALSE
"l3_proliferating_nk_cell","l3_erythrocyte",0.142,0.302816901408451,FALSE
"l2_dn_t_cell_alr","l3_il1b_cd14_monocyte_alr",0.142,0.232394366197183,FALSE
"l3_il1b_cd14_monocyte_alr","l2_dn_t_cell_alr",0.142,0.767605633802817,FALSE
"l3_gzmb_vd2_gdt_alr","l2_erythrocyte",0.142,0.232394366197183,FALSE
"l3_klrf1_effector_vd1_gdt_alr","l3_clp_cell_alr",0.142,0.422535211267606,FALSE
"l3_cd4_mait_alr","l2_erythrocyte",0.142,0.929577464788732,FALSE
"l3_isg_mait_alr","l1_b_cell_alr",0.142,0.302816901408451,FALSE
"l3_isg_memory_cd4_t_cell_alr","l3_gzmb_cd27_em_cd4_t_cell_alt_alr",0.142,0.330985915492958,FALSE
"l3_gzmb_cd27_em_cd4_t_cell_alt_alr","l3_isg_memory_cd4_t_cell_alr",0.142,0.669014084507042,FALSE
"l3_clp_cell_alr","l3_klrf1_effector_vd1_gdt_alr",0.142,0.577464788732394,FALSE
"l1_b_cell_alr","l3_isg_mait_alr",0.142,0.697183098591549,FALSE
"l2_erythrocyte","l2_proliferating_nk_cell_alr",0.142,0.126760563380282,FALSE
"l2_proliferating_nk_cell_alr","l2_erythrocyte",0.142,0.873239436619718,FALSE
"l3_isg_naive_b_cell_alr","l1_platelet_alr",0.142,0.387323943661972,FALSE
"l1_platelet_alr","l3_isg_naive_b_cell_alr",0.142,0.612676056338028,FALSE
"l3_cd8aa","l3_erythrocyte",0.141,0.50354609929078,FALSE
"l3_cdc1","l3_isg_naive_cd4_t_cell_alr",0.141,0.24113475177305,FALSE
"l3_erythrocyte","l3_cd8aa",0.141,0.49645390070922,FALSE
"l3_intermediate_monocyte","l2_asdc_alr",0.141,0.439716312056738,FALSE
"l3_proliferating_nk_cell","l2_memory_b_cell_alr",0.141,0.205673758865248,FALSE
"l3_proliferating_nk_cell","l2_naive_cd8_t_cell_alr",0.141,0.0567375886524823,FALSE
"l2_memory_b_cell_alr","l3_proliferating_nk_cell",0.141,0.794326241134752,FALSE
"l2_asdc_alr","l3_intermediate_monocyte",0.141,0.560283687943262,FALSE
"l2_cd16_monocyte_alr","l3_gzmb_cd27_em_cd4_t_cell_alt_alr",0.141,0.567375886524823,FALSE
"l2_cd56bright_nk_cell_alr","l2_naive_cd8_t_cell_alr",0.141,0.184397163120567,FALSE
"l2_naive_cd8_t_cell_alr","l3_proliferating_nk_cell",0.141,0.943262411347518,FALSE
"l2_naive_cd8_t_cell_alr","l2_cd56bright_nk_cell_alr",0.141,0.815602836879433,FALSE
"l2_proliferating_t_cell_alr","l3_klrf1_effector_vd1_gdt_alr",0.141,0.517730496453901,FALSE
"l3_klrf1_effector_vd1_gdt_alr","l2_proliferating_t_cell_alr",0.141,0.482269503546099,FALSE
"l3_naive_vd1_gdt_alr","l1_b_cell_alr",0.141,0.404255319148936,FALSE
"l3_cd4_mait_alr","l3_clp_cell_alr",0.141,0.659574468085106,FALSE
"l3_isg_memory_cd4_t_cell_alr","l1_erythrocyte_alr",0.141,0.773049645390071,FALSE
"l3_gzmb_cd27_em_cd4_t_cell_alt_alr","l2_cd16_monocyte_alr",0.141,0.432624113475177,FALSE
"l3_gzmb_cd27_em_cd4_t_cell_alt_alr","l3_cm_cd8_t_cell_alr",0.141,0.418439716312057,FALSE
"l3_cm_cd8_t_cell_alr","l3_gzmb_cd27_em_cd4_t_cell_alt_alr",0.141,0.581560283687943,FALSE
"l3_isg_naive_cd4_t_cell_alr","l3_cdc1",0.141,0.75886524822695,FALSE
"l3_clp_cell_alr","l3_cd4_mait_alr",0.141,0.340425531914894,FALSE
"l1_b_cell_alr","l3_naive_vd1_gdt_alr",0.141,0.595744680851064,FALSE
"l1_erythrocyte_alr","l3_isg_memory_cd4_t_cell_alr",0.141,0.226950354609929,FALSE
"age_group","l3_early_memory_b_cell_alr",0.141,1,FALSE
"age_group","l1_progenitor_cell_alr",0.141,1,FALSE
"cmv","l3_isg_cdc2_alr",0.141,1,FALSE
"cmv","l3_activated_memory_b_cell_alr",0.141,1,FALSE
"l3_intermediate_monocyte","l2_cd8aa_alr",0.141,0.25531914893617,FALSE
"l3_platelet","l2_dn_t_cell_alr",0.141,0.390070921985816,FALSE
"l2_transitional_b_cell_alr","l3_isg_memory_cd4_t_cell_alr",0.141,0.390070921985816,FALSE
"l2_cd8aa_alr","l3_intermediate_monocyte",0.141,0.74468085106383,FALSE
"l2_dn_t_cell_alr","l3_platelet",0.141,0.609929078014184,FALSE
"l3_isg_cdc2_alr","cmv",0.141,0,FALSE
"l3_activated_memory_b_cell_alr","cmv",0.141,0,FALSE
"l3_early_memory_b_cell_alr","age_group",0.141,0,FALSE
"l3_isg_memory_cd4_t_cell_alr","l2_transitional_b_cell_alr",0.141,0.609929078014184,FALSE
"l1_progenitor_cell_alr","age_group",0.141,0,FALSE
"sex","l3_cd14_cdc2_alr",0.14,1,FALSE
"l3_transitional_b_cell","l2_plasma_cell_alr",0.14,0.55,FALSE
"l2_plasma_cell_alr","l3_transitional_b_cell",0.14,0.45,FALSE
"l2_transitional_b_cell_alr","l2_cd56bright_nk_cell_alr",0.14,0.725,FALSE
"l2_cd56bright_nk_cell_alr","l2_transitional_b_cell_alr",0.14,0.275,FALSE
"l2_proliferating_t_cell_alr","l3_isg_memory_cd8_t_cell_alr",0.14,0.228571428571429,FALSE
"l3_cd14_cdc2_alr","sex",0.14,0,FALSE
"l3_isg_memory_cd8_t_cell_alr","l2_proliferating_t_cell_alr",0.14,0.771428571428571,FALSE
"l3_ilc","l1_progenitor_cell_alr",0.14,0.742857142857143,FALSE
"l1_progenitor_cell_alr","l3_ilc",0.14,0.257142857142857,FALSE
"cmv","l3_sox4_naive_cd4_t_cell_alr",0.139,1,FALSE
"l3_cd56bright_nk_cell","l2_plasma_cell_alr",0.139,0.597122302158273,FALSE
"l3_cd8aa","l2_cd16_monocyte_alr",0.139,0.636690647482014,FALSE
"l2_plasma_cell_alr","l3_cd56bright_nk_cell",0.139,0.402877697841727,FALSE
"l2_cd16_monocyte_alr","l3_cd8aa",0.139,0.363309352517986,FALSE
"l2_intermediate_monocyte_alr","l2_proliferating_nk_cell_alr",0.139,0.496402877697842,FALSE
"l2_proliferating_nk_cell_alr","l2_intermediate_monocyte_alr",0.139,0.503597122302158,FALSE
"l2_cd8aa_alr","l3_gzmk_cd27_em_cd8_t_cell_alt_alr",0.139,0.489208633093525,FALSE
"l2_treg_alr","l3_isg_memory_cd4_t_cell_alr",0.139,0.553956834532374,FALSE
"l3_il1b_cd14_monocyte_alr","l3_cm_cd8_t_cell_alr",0.139,0.79136690647482,FALSE
"l3_gzmk_cd56dim_nk_cell_alr","l3_isg_naive_cd8_t_cell_alr",0.139,0.784172661870503,FALSE
"l3_adaptive_nk_cell_alr","l3_klrf1_gzmb_cd27_em_cd8_t_cell_alr",0.139,0.76978417266187,FALSE
"l3_adaptive_nk_cell_alr","l1_erythrocyte_alr",0.139,0.60431654676259,FALSE
"l3_sox4_vd1_gdt_alr","l1_progenitor_cell_alr",0.139,0.251798561151079,FALSE
"l3_cd4_mait_alr","l1_nk_cell_alr",0.139,0.647482014388489,FALSE
"l3_early_memory_b_cell_alr","l3_klrb1_memory_cd8_treg_alr",0.139,0.705035971223022,FALSE
"l3_isg_memory_cd4_t_cell_alr","l2_treg_alr",0.139,0.446043165467626,FALSE
"l3_cm_cd8_t_cell_alr","l3_il1b_cd14_monocyte_alr",0.139,0.20863309352518,FALSE
"l3_gzmk_cd27_em_cd8_t_cell_alt_alr","l2_cd8aa_alr",0.139,0.510791366906475,FALSE
"l3_klrf1_gzmb_cd27_em_cd8_t_cell_alr","l3_adaptive_nk_cell_alr",0.139,0.230215827338129,FALSE
"l3_klrf1_gzmb_cd27_em_cd8_t_cell_alt_alr","l3_memory_cd8_treg_alr",0.139,0.611510791366906,FALSE
"l3_sox4_naive_cd4_t_cell_alr","cmv",0.139,0,FALSE
"l3_isg_naive_cd8_t_cell_alr","l3_gzmk_cd56dim_nk_cell_alr",0.139,0.215827338129496,FALSE
"l3_klrb1_memory_cd8_treg_alr","l3_early_memory_b_cell_alr",0.139,0.294964028776978,FALSE
"l3_klrb1_memory_cd8_treg_alr","l3_naive_cd4_treg_alr",0.139,0.424460431654676,FALSE
"l3_memory_cd8_treg_alr","l3_klrf1_gzmb_cd27_em_cd8_t_cell_alt_alr",0.139,0.388489208633093,FALSE
"l3_naive_cd4_treg_alr","l3_klrb1_memory_cd8_treg_alr",0.139,0.575539568345324,FALSE
"l1_nk_cell_alr","l3_cd4_mait_alr",0.139,0.352517985611511,FALSE
"l1_erythrocyte_alr","l3_adaptive_nk_cell_alr",0.139,0.39568345323741,FALSE
"l1_progenitor_cell_alr","l3_sox4_vd1_gdt_alr",0.139,0.748201438848921,FALSE
"l2_platelet","l3_isg_naive_b_cell_alr",0.139,0.37410071942446,FALSE
"l3_isg_cd16_monocyte_alr","l3_isg_naive_cd8_t_cell_alr",0.139,0.618705035971223,FALSE
"l3_isg_cd56dim_nk_cell_alr","l3_cd14_cdc2_alr",0.139,0.266187050359712,FALSE
"l3_cd14_cdc2_alr","l3_isg_cd56dim_nk_cell_alr",0.139,0.733812949640288,FALSE
"l3_isg_naive_b_cell_alr","l2_platelet",0.139,0.62589928057554,FALSE
"l3_isg_naive_cd8_t_cell_alr","l3_isg_cd16_monocyte_alr",0.139,0.381294964028777,FALSE
"age_group","l3_platelet",0.138,1,FALSE
"age_group","l3_isg_naive_b_cell_alr",0.138,1,FALSE
"sex","l3_cd8aa",0.138,1,FALSE
"sex","l2_proliferating_t_cell_alr",0.138,1,FALSE
"l3_asdc","l1_nk_cell_alr",0.138,0.347826086956522,FALSE
"l3_cd8aa","sex",0.138,0,FALSE
"l3_cdc1","l3_naive_vd1_gdt_alr",0.138,0.434782608695652,FALSE
"l3_plasma_cell","l3_sox4_vd1_gdt_alr",0.138,0.485507246376812,FALSE
"l3_platelet","age_group",0.138,0,FALSE
"l3_proliferating_t_cell","l3_klrf1_gzmb_cd27_em_cd8_t_cell_alr",0.138,0.768115942028985,FALSE
"l2_intermediate_monocyte_alr","l1_nk_cell_alr",0.138,0.239130434782609,FALSE
"l2_proliferating_t_cell_alr","sex",0.138,0,FALSE
"l3_adaptive_nk_cell_alr","l3_activated_memory_b_cell_alr",0.138,0.253623188405797,FALSE
"l3_klrf1_effector_vd1_gdt_alt_alr","l3_klrf1_gzmb_cd27_em_cd8_t_cell_alr",0.138,0.601449275362319,FALSE
"l3_naive_vd1_gdt_alr","l3_cdc1",0.138,0.565217391304348,FALSE
"l3_sox4_vd1_gdt_alr","l3_plasma_cell",0.138,0.514492753623188,FALSE
"l3_activated_memory_b_cell_alr","l3_adaptive_nk_cell_alr",0.138,0.746376811594203,FALSE
"l3_klrf1_gzmb_cd27_em_cd8_t_cell_alr","l3_proliferating_t_cell",0.138,0.231884057971014,FALSE
"l3_klrf1_gzmb_cd27_em_cd8_t_cell_alr","l3_klrf1_effector_vd1_gdt_alt_alr",0.138,0.398550724637681,FALSE
"l3_isg_naive_b_cell_alr","age_group",0.138,0,FALSE
"l3_sox4_naive_cd4_t_cell_alr","l3_memory_cd8_treg_alr",0.138,0.398550724637681,FALSE
"l3_sox4_naive_cd4_t_cell_alr","l1_progenitor_cell_alr",0.138,0.434782608695652,FALSE
"l3_memory_cd8_treg_alr","l3_sox4_naive_cd4_t_cell_alr",0.138,0.601449275362319,FALSE
"l1_nk_cell_alr","l3_asdc",0.138,0.652173913043478,FALSE
"l1_nk_cell_alr","l2_intermediate_monocyte_alr",0.138,0.760869565217391,FALSE
"l1_progenitor_cell_alr","l3_sox4_naive_cd4_t_cell_alr",0.138,0.565217391304348,FALSE
"l3_ilc","l2_memory_b_cell_alr",0.138,0.260869565217391,FALSE
"l2_memory_b_cell_alr","l3_ilc",0.138,0.739130434782609,FALSE
"l2_mait_alr","l1_erythrocyte_alr",0.138,0.739130434782609,FALSE
"l1_erythrocyte_alr","l2_mait_alr",0.138,0.260869565217391,FALSE
"l3_cd56bright_nk_cell","l3_gzmb_vd2_gdt_alr",0.137,0.510948905109489,FALSE
"l3_cd56bright_nk_cell","l1_ilc_alr",0.137,0.587591240875912,FALSE
"l3_dn_t_cell","l3_sox4_naive_cd4_t_cell_alr",0.137,0.277372262773723,FALSE
"l3_dn_t_cell","l3_clp_cell_alr",0.137,0.510948905109489,FALSE
"l3_dn_t_cell","l1_erythrocyte_alr",0.137,0.613138686131387,FALSE
"l3_erythrocyte","l3_c1q_cd16_monocyte_alr",0.137,0.5,FALSE
"l3_platelet","l2_gdt_alr",0.137,0.160583941605839,FALSE
"l3_platelet","l3_naive_cd4_treg_alr",0.137,0.408759124087591,FALSE
"l3_baeomap_cell","l1_monocyte_alr",0.137,0.543795620437956,FALSE
"l2_effector_b_cell_alr","l3_adaptive_nk_cell_alr",0.137,0.64963503649635,FALSE
"l2_gdt_alr","l3_platelet",0.137,0.839416058394161,FALSE
"l2_gdt_alr","l3_type_2_polarized_memory_b_cell_alr",0.137,0.175182481751825,FALSE
"l2_mait_alr","l3_activated_memory_b_cell_alr",0.137,0.299270072992701,FALSE
"l3_c1q_cd16_monocyte_alr","l3_erythrocyte",0.137,0.5,FALSE
"l3_c1q_cd16_monocyte_alr","l3_gzmb_vd2_gdt_alr",0.137,0.437956204379562,FALSE
"l3_adaptive_nk_cell_alr","l2_effector_b_cell_alr",0.137,0.35036496350365,FALSE
"l3_gzmb_vd2_gdt_alr","l3_cd56bright_nk_cell",0.137,0.489051094890511,FALSE
"l3_gzmb_vd2_gdt_alr","l3_c1q_cd16_monocyte_alr",0.137,0.562043795620438,FALSE
"l3_cd4_mait_alr","l3_gzmb_cd27_em_cd4_t_cell_alt_alr",0.137,0.700729927007299,FALSE
"l3_activated_memory_b_cell_alr","l2_mait_alr",0.137,0.700729927007299,FALSE
"l3_type_2_polarized_memory_b_cell_alr","l2_gdt_alr",0.137,0.824817518248175,FALSE
"l3_gzmb_cd27_em_cd4_t_cell_alt_alr","l3_cd4_mait_alr",0.137,0.299270072992701,FALSE
"l3_sox4_naive_cd4_t_cell_alr","l3_dn_t_cell",0.137,0.722627737226277,FALSE
"l3_clp_cell_alr","l3_dn_t_cell",0.137,0.489051094890511,FALSE
"l3_naive_cd4_treg_alr","l3_platelet",0.137,0.591240875912409,FALSE
"l1_monocyte_alr","l3_baeomap_cell",0.137,0.456204379562044,FALSE
"l1_erythrocyte_alr","l3_dn_t_cell",0.137,0.386861313868613,FALSE
"l1_ilc_alr","l3_cd56bright_nk_cell",0.137,0.412408759124088,FALSE
"cmv","l2_intermediate_monocyte_alr",0.136,1,FALSE
"cmv","l3_early_memory_b_cell_alr",0.136,1,FALSE
"l3_cd56bright_nk_cell","l3_gzmk_cd27_em_cd8_t_cell_alt_alr",0.136,0.639705882352941,FALSE
"l3_pdc","l3_gzmb_vd2_gdt_alr",0.136,0.323529411764706,FALSE
"l3_plasma_cell","l3_klrf1_effector_vd1_gdt_alr",0.136,0.470588235294118,FALSE
"l3_plasma_cell","l3_cm_cd8_t_cell_alr",0.136,0.264705882352941,FALSE
"l3_platelet","l2_plasma_cell_alr",0.136,0.455882352941176,FALSE
"l2_plasma_cell_alr","l3_platelet",0.136,0.544117647058823,FALSE
"l2_plasma_cell_alr","l3_cm_cd8_t_cell_alr",0.136,0.191176470588235,FALSE
"l2_transitional_b_cell_alr","l2_mait_alr",0.136,0.735294117647059,FALSE
"l2_cd16_monocyte_alr","l3_klrf1_gzmb_cd27_em_cd8_t_cell_alt_alr",0.136,0.441176470588235,FALSE
"l2_intermediate_monocyte_alr","cmv",0.136,0,FALSE
"l2_intermediate_monocyte_alr","l1_b_cell_alr",0.136,0.419117647058824,FALSE
"l2_proliferating_nk_cell_alr","l3_klrb1_memory_cd8_treg_alr",0.136,0.367647058823529,FALSE
"l2_mait_alr","l2_transitional_b_cell_alr",0.136,0.264705882352941,FALSE
"l3_adaptive_nk_cell_alr","l3_cd4_mait_alr",0.136,0.360294117647059,FALSE
"l3_gzmb_vd2_gdt_alr","l3_pdc",0.136,0.676470588235294,FALSE
"l3_klrf1_effector_vd1_gdt_alr","l3_plasma_cell",0.136,0.529411764705882,FALSE
"l3_cd4_mait_alr","l3_adaptive_nk_cell_alr",0.136,0.639705882352941,FALSE
"l3_early_memory_b_cell_alr","cmv",0.136,0,FALSE
"l3_cm_cd8_t_cell_alr","l3_plasma_cell",0.136,0.735294117647059,FALSE
"l3_cm_cd8_t_cell_alr","l2_plasma_cell_alr",0.136,0.808823529411765,FALSE
"l3_gzmk_cd27_em_cd8_t_cell_alt_alr","l3_cd56bright_nk_cell",0.136,0.360294117647059,FALSE
"l3_klrf1_gzmb_cd27_em_cd8_t_cell_alt_alr","l2_cd16_monocyte_alr",0.136,0.558823529411765,FALSE
"l3_klrb1_memory_cd8_treg_alr","l2_proliferating_nk_cell_alr",0.136,0.63235294117647,FALSE
"l1_b_cell_alr","l2_intermediate_monocyte_alr",0.136,0.580882352941176,FALSE
"sex","l3_gzmb_cd27_em_cd4_t_cell_alr",0.135,1,FALSE
"sex","l3_isg_naive_cd4_t_cell_alr",0.135,1,FALSE
"l2_ilc","l3_isg_cd16_monocyte_alr",0.135,0.118518518518519,FALSE
"l2_progenitor_cell","l2_pdc_alr",0.135,0.62962962962963,FALSE
"l2_progenitor_cell","l2_memory_cd8_t_cell_alr",0.135,0.6,FALSE
"l3_asdc","l3_isg_naive_b_cell_alr",0.135,0.437037037037037,FALSE
"l3_cdc1","l1_nk_cell_alr",0.135,0.42962962962963,FALSE
"l3_plasma_cell","l3_adaptive_nk_cell_alr",0.135,0.6,FALSE
"l3_proliferating_nk_cell","l2_treg_alr",0.135,0.237037037037037,FALSE
"l2_transitional_b_cell_alr","l3_sox4_vd1_gdt_alr",0.135,0.562962962962963,FALSE
"l2_pdc_alr","l2_progenitor_cell",0.135,0.37037037037037,FALSE
"l2_memory_cd8_t_cell_alr","l2_progenitor_cell",0.135,0.4,FALSE
"l2_proliferating_t_cell_alr","l3_klrf1_gzmb_cd27_memory_cd4_t_cell_alr",0.135,0.237037037037037,FALSE
"l2_treg_alr","l3_proliferating_nk_cell",0.135,0.762962962962963,FALSE
"l3_isg_cd16_monocyte_alr","l2_ilc",0.135,0.881481481481481,FALSE
"l3_isg_cd56dim_nk_cell_alr","l3_isg_mait_alr",0.135,0.755555555555555,FALSE
"l3_adaptive_nk_cell_alr","l3_plasma_cell",0.135,0.4,FALSE
"l3_klrf1_effector_vd1_gdt_alr","l3_isg_memory_cd4_t_cell_alr",0.135,0.651851851851852,FALSE
"l3_klrf1_effector_vd1_gdt_alt_alr","l3_memory_cd8_treg_alr",0.135,0.162962962962963,FALSE
"l3_sox4_vd1_gdt_alr","l2_transitional_b_cell_alr",0.135,0.437037037037037,FALSE
"l3_sox4_vd1_gdt_alr","l3_klrb1_memory_cd4_treg_alr",0.135,0.251851851851852,FALSE
"l3_isg_mait_alr","l3_isg_cd56dim_nk_cell_alr",0.135,0.244444444444444,FALSE
"l3_isg_memory_cd4_t_cell_alr","l3_klrf1_effector_vd1_gdt_alr",0.135,0.348148148148148,FALSE
"l3_klrf1_gzmb_cd27_memory_cd4_t_cell_alr","l2_proliferating_t_cell_alr",0.135,0.762962962962963,FALSE
"l3_gzmb_cd27_em_cd4_t_cell_alr","sex",0.135,0,FALSE
"l3_gzmk_cd27_em_cd8_t_cell_alt_alr","l3_sox4_naive_cd8_t_cell_alr",0.135,0.407407407407407,FALSE
"l3_isg_naive_b_cell_alr","l3_asdc",0.135,0.562962962962963,FALSE
"l3_isg_naive_cd4_t_cell_alr","sex",0.135,0,FALSE
"l3_sox4_naive_cd8_t_cell_alr","l3_gzmk_cd27_em_cd8_t_cell_alt_alr",0.135,0.592592592592593,FALSE
"l3_klrb1_memory_cd4_treg_alr","l3_sox4_vd1_gdt_alr",0.135,0.748148148148148,FALSE
"l3_memory_cd8_treg_alr","l3_klrf1_effector_vd1_gdt_alt_alr",0.135,0.837037037037037,FALSE
"l3_memory_cd8_treg_alr","l1_monocyte_alr",0.135,0.62962962962963,FALSE
"l1_monocyte_alr","l3_memory_cd8_treg_alr",0.135,0.37037037037037,FALSE
"l1_nk_cell_alr","l3_cdc1",0.135,0.57037037037037,FALSE
"age_group","l3_erythrocyte",0.134,1,FALSE
"age_group","l2_memory_cd4_t_cell_alr",0.134,1,FALSE
"sex","l3_cdc1",0.134,1,FALSE
"l2_erythrocyte","l3_dn_t_cell",0.134,0.0597014925373134,FALSE
"l3_cdc1","sex",0.134,0,FALSE
"l3_dn_t_cell","l2_erythrocyte",0.134,0.940298507462687,FALSE
"l3_dn_t_cell","l1_ilc_alr",0.134,0.82089552238806,FALSE
"l3_erythrocyte","age_group",0.134,0,FALSE
"l3_ilc","l2_cdc1_alr",0.134,0.242537313432836,FALSE
"l3_proliferating_t_cell","l3_klrf1_gzmb_cd27_em_cd8_t_cell_alt_alr",0.134,0.298507462686567,FALSE
"l2_memory_b_cell_alr","l3_isg_cd56dim_nk_cell_alr",0.134,0.716417910447761,FALSE
"l2_asdc_alr","l3_type_2_polarized_memory_b_cell_alr",0.134,0.186567164179104,FALSE
"l2_cdc1_alr","l3_ilc",0.134,0.757462686567164,FALSE
"l2_cd16_monocyte_alr","l3_klrb1_memory_cd8_treg_alr",0.134,0.537313432835821,FALSE
"l2_cd56bright_nk_cell_alr","l3_activated_memory_b_cell_alr",0.134,0.664179104477612,FALSE
"l2_proliferating_nk_cell_alr","l3_cd27_effector_b_cell_alt_alr",0.134,0.619402985074627,FALSE
"l2_memory_cd4_t_cell_alr","age_group",0.134,0,FALSE
"l2_treg_alr","l1_platelet_alr",0.134,0.664179104477612,FALSE
"l3_isg_cd56dim_nk_cell_alr","l2_memory_b_cell_alr",0.134,0.283582089552239,FALSE
"l3_cd27_effector_b_cell_alt_alr","l2_proliferating_nk_cell_alr",0.134,0.380597014925373,FALSE
"l3_cd4_mait_alr","l3_gzmk_memory_cd4_treg_alr",0.134,0.522388059701493,FALSE
"l3_activated_memory_b_cell_alr","l2_cd56bright_nk_cell_alr",0.134,0.335820895522388,FALSE
"l3_type_2_polarized_memory_b_cell_alr","l2_asdc_alr",0.134,0.813432835820895,FALSE
"l3_isg_memory_cd8_t_cell_alr","l3_klrb1_memory_cd4_treg_alr",0.134,0.343283582089552,FALSE
"l3_klrf1_gzmb_cd27_em_cd8_t_cell_alt_alr","l3_proliferating_t_cell",0.134,0.701492537313433,FALSE
"l3_gzmk_memory_cd4_treg_alr","l3_cd4_mait_alr",0.134,0.477611940298507,FALSE
"l3_klrb1_memory_cd4_treg_alr","l3_isg_memory_cd8_t_cell_alr",0.134,0.656716417910448,FALSE
"l3_klrb1_memory_cd8_treg_alr","l2_cd16_monocyte_alr",0.134,0.462686567164179,FALSE
"l1_ilc_alr","l3_dn_t_cell",0.134,0.17910447761194,FALSE
"l1_platelet_alr","l2_treg_alr",0.134,0.335820895522388,FALSE
"l2_platelet","l3_cd56bright_nk_cell",0.133,0.172932330827068,FALSE
"l3_cd56bright_nk_cell","l2_platelet",0.133,0.827067669172932,FALSE
"l3_cd56bright_nk_cell","l2_memory_cd4_t_cell_alr",0.133,0.496240601503759,FALSE
"l3_cd56bright_nk_cell","l3_gzmb_cd27_em_cd4_t_cell_alt_alr",0.133,0.593984962406015,FALSE
"l2_effector_b_cell_alr","l3_klrf1_gzmb_cd27_em_cd8_t_cell_alt_alr",0.133,0.300751879699248,FALSE
"l2_cdc1_alr","l1_monocyte_alr",0.133,0.353383458646617,FALSE
"l2_memory_cd4_t_cell_alr","l3_cd56bright_nk_cell",0.133,0.503759398496241,FALSE
"l2_memory_cd4_t_cell_alr","l3_isg_memory_cd4_t_cell_alr",0.133,0.631578947368421,FALSE
"l2_memory_cd8_t_cell_alr","l1_platelet_alr",0.133,0.684210526315789,FALSE
"l3_il1b_cd14_monocyte_alr","l3_klrf1_gzmb_cd27_memory_cd4_t_cell_alr",0.133,0.300751879699248,FALSE
"l3_isg_cd56dim_nk_cell_alr","l3_memory_cd8_treg_alr",0.133,0.338345864661654,FALSE
"l3_naive_vd1_gdt_alr","l1_nk_cell_alr",0.133,0.195488721804511,FALSE
"l3_sox4_vd1_gdt_alr","l3_isg_naive_cd4_t_cell_alr",0.133,0.255639097744361,FALSE
"l3_isg_memory_cd4_t_cell_alr","l2_memory_cd4_t_cell_alr",0.133,0.368421052631579,FALSE
"l3_klrf1_gzmb_cd27_memory_cd4_t_cell_alr","l3_il1b_cd14_monocyte_alr",0.133,0.699248120300752,FALSE
"l3_gzmb_cd27_em_cd4_t_cell_alt_alr","l3_cd56bright_nk_cell",0.133,0.406015037593985,FALSE
"l3_gzmk_cd27_em_cd8_t_cell_alt_alr","l3_clp_cell_alr",0.133,0.428571428571429,FALSE
"l3_klrf1_gzmb_cd27_em_cd8_t_cell_alt_alr","l2_effector_b_cell_alr",0.133,0.699248120300752,FALSE
"l3_isg_naive_cd4_t_cell_alr","l3_sox4_vd1_gdt_alr",0.133,0.744360902255639,FALSE
"l3_isg_naive_cd4_t_cell_alr","l1_dc_alr",0.133,0.24812030075188,FALSE
"l3_clp_cell_alr","l3_gzmk_cd27_em_cd8_t_cell_alt_alr",0.133,0.571428571428571,FALSE
"l3_memory_cd8_treg_alr","l3_isg_cd56dim_nk_cell_alr",0.133,0.661654135338346,FALSE
"l1_dc_alr","l3_isg_naive_cd4_t_cell_alr",0.133,0.75187969924812,FALSE
"l1_monocyte_alr","l2_cdc1_alr",0.133,0.646616541353383,FALSE
"l1_nk_cell_alr","l3_naive_vd1_gdt_alr",0.133,0.804511278195489,FALSE
"l1_platelet_alr","l2_memory_cd8_t_cell_alr",0.133,0.315789473684211,FALSE
"age_group","l3_cd4_mait_alr",0.132,1,FALSE
"sex","l1_dc_alr",0.132,1,FALSE
"l2_ilc","l3_asdc",0.132,0.174242424242424,FALSE
"l2_ilc","l3_proliferating_nk_cell",0.132,0.0909090909090909,FALSE
"l2_progenitor_cell","l3_cd95_memory_b_cell_alr",0.132,0.409090909090909,FALSE
"l3_asdc","l2_ilc",0.132,0.825757575757576,FALSE
"l3_ilc","l3_gzmk_memory_cd4_treg_alr",0.132,0.348484848484848,FALSE
"l3_intermediate_monocyte","l1_progenitor_cell_alr",0.132,0.643939393939394,FALSE
"l3_proliferating_nk_cell","l2_ilc",0.132,0.909090909090909,FALSE
"l2_asdc_alr","l2_cd8aa_alr",0.132,0.166666666666667,FALSE
"l2_cd16_monocyte_alr","l3_gzmk_cd27_em_cd8_t_cell_alt_alr",0.132,0.613636363636364,FALSE
"l2_cd8aa_alr","l2_asdc_alr",0.132,0.833333333333333,FALSE
"l2_gdt_alr","l2_memory_cd4_t_cell_alr",0.132,0.212121212121212,FALSE
"l2_memory_cd4_t_cell_alr","l2_gdt_alr",0.132,0.787878787878788,FALSE
"l2_naive_cd8_t_cell_alr","l3_sox4_vd1_gdt_alr",0.132,0.75,FALSE
"l2_treg_alr","l3_naive_vd1_gdt_alr",0.132,0.71969696969697,FALSE
"l3_isg_cd16_monocyte_alr","l3_clp_cell_alr",0.132,0.454545454545455,FALSE
"l3_gzmk_cd56dim_nk_cell_alr","l1_progenitor_cell_alr",0.132,0.299242424242424,FALSE
"l3_naive_vd1_gdt_alr","l2_treg_alr",0.132,0.28030303030303,FALSE
"l3_sox4_vd1_gdt_alr","l2_naive_cd8_t_cell_alr",0.132,0.25,FALSE
"l3_cd4_mait_alr","age_group",0.132,0,FALSE
"l3_isg_mait_alr","l3_cd95_memory_b_cell_alr",0.132,0.46969696969697,FALSE
"l3_cd95_memory_b_cell_alr","l2_progenitor_cell",0.132,0.590909090909091,FALSE
"l3_cd95_memory_b_cell_alr","l3_isg_mait_alr",0.132,0.53030303030303,FALSE
"l3_isg_memory_cd4_t_cell_alr","l1_ilc_alr",0.132,0.924242424242424,FALSE
"l3_gzmk_cd27_em_cd8_t_cell_alt_alr","l2_cd16_monocyte_alr",0.132,0.386363636363636,FALSE
"l3_clp_cell_alr","l3_isg_cd16_monocyte_alr",0.132,0.545454545454545,FALSE
"l3_gzmk_memory_cd4_treg_alr","l3_ilc",0.132,0.651515151515151,FALSE
"l1_dc_alr","sex",0.132,0,FALSE
"l1_ilc_alr","l3_isg_memory_cd4_t_cell_alr",0.132,0.0757575757575758,FALSE
"l1_progenitor_cell_alr","l3_intermediate_monocyte",0.132,0.356060606060606,FALSE
"l1_progenitor_cell_alr","l3_gzmk_cd56dim_nk_cell_alr",0.132,0.700757575757576,FALSE
"l2_ilc","l3_isg_cd56dim_nk_cell_alr",0.131,0.129770992366412,FALSE
"l2_progenitor_cell","l3_isg_naive_cd4_t_cell_alr",0.131,0.412213740458015,FALSE
"l3_cd8aa","l3_cdc1",0.131,0.862595419847328,FALSE
"l3_cd8aa","l3_proliferating_nk_cell",0.131,0.938931297709924,FALSE
"l3_cdc1","l3_cd8aa",0.131,0.137404580152672,FALSE
"l3_dn_t_cell","l2_proliferating_t_cell_alr",0.131,0.366412213740458,FALSE
"l3_erythrocyte","l3_proliferating_t_cell",0.131,0.587786259541985,FALSE
"l3_erythrocyte","l3_isg_memory_cd4_t_cell_alr",0.131,0.16793893129771,FALSE
"l3_proliferating_nk_cell","l3_cd8aa",0.131,0.0610687022900763,FALSE
"l3_proliferating_t_cell","l3_erythrocyte",0.131,0.412213740458015,FALSE
"l3_transitional_b_cell","l2_memory_cd8_t_cell_alr",0.131,0.221374045801527,FALSE
"l2_cd16_monocyte_alr","l1_b_cell_alr",0.131,0.572519083969466,FALSE
"l2_cd56bright_nk_cell_alr","l2_memory_cd4_t_cell_alr",0.131,0.282442748091603,FALSE
"l2_mait_alr","l3_isg_naive_cd4_t_cell_alr",0.131,0.625954198473282,FALSE
"l2_memory_cd4_t_cell_alr","l2_cd56bright_nk_cell_alr",0.131,0.717557251908397,FALSE
"l2_memory_cd8_t_cell_alr","l3_transitional_b_cell",0.131,0.778625954198473,FALSE
"l2_proliferating_t_cell_alr","l3_dn_t_cell",0.131,0.633587786259542,FALSE
"l3_isg_cd16_monocyte_alr","l3_isg_memory_cd4_t_cell_alr",0.131,0.83206106870229,FALSE
"l3_isg_cd56dim_nk_cell_alr","l2_ilc",0.131,0.870229007633588,FALSE
"l3_isg_memory_cd4_t_cell_alr","l3_erythrocyte",0.131,0.83206106870229,FALSE
"l3_isg_memory_cd4_t_cell_alr","l3_isg_cd16_monocyte_alr",0.131,0.16793893129771,FALSE
"l3_isg_memory_cd4_t_cell_alr","l3_naive_cd4_treg_alr",0.131,0.572519083969466,FALSE
"l3_isg_memory_cd8_t_cell_alr","l3_isg_naive_cd4_t_cell_alr",0.131,0.106870229007634,FALSE
"l3_isg_naive_cd4_t_cell_alr","l2_progenitor_cell",0.131,0.587786259541985,FALSE
"l3_isg_naive_cd4_t_cell_alr","l2_mait_alr",0.131,0.374045801526718,FALSE
"l3_isg_naive_cd4_t_cell_alr","l3_isg_memory_cd8_t_cell_alr",0.131,0.893129770992366,FALSE
"l3_naive_cd4_treg_alr","l3_isg_memory_cd4_t_cell_alr",0.131,0.427480916030534,FALSE
"l1_b_cell_alr","l2_cd16_monocyte_alr",0.131,0.427480916030534,FALSE
"l2_erythrocyte","l3_isg_mait_alr",0.13,0.223076923076923,FALSE
"l3_platelet","l2_memory_cd4_t_cell_alr",0.13,0.0769230769230769,FALSE
"l3_transitional_b_cell","l1_nk_cell_alr",0.13,0.146153846153846,FALSE
"l2_effector_b_cell_alr","l3_sox4_naive_cd4_t_cell_alr",0.13,0.553846153846154,FALSE
"l2_transitional_b_cell_alr","l2_pdc_alr",0.13,0.738461538461539,FALSE
"l2_transitional_b_cell_alr","l2_intermediate_monocyte_alr",0.13,0.846153846153846,FALSE
"l2_cdc1_alr","l2_memory_cd4_t_cell_alr",0.13,0.623076923076923,FALSE
"l2_pdc_alr","l2_transitional_b_cell_alr",0.13,0.261538461538462,FALSE
"l2_cd16_monocyte_alr","l1_progenitor_cell_alr",0.13,0.496153846153846,FALSE
"l2_intermediate_monocyte_alr","l2_transitional_b_cell_alr",0.13,0.153846153846154,FALSE
"l2_cd56bright_nk_cell_alr","l1_erythrocyte_alr",0.13,0.284615384615385,FALSE
"l2_proliferating_nk_cell_alr","l1_b_cell_alr",0.13,0.234615384615385,FALSE
"l2_proliferating_nk_cell_alr","l1_erythrocyte_alr",0.13,0.369230769230769,FALSE
"l2_gdt_alr","l1_dc_alr",0.13,0.323076923076923,FALSE
"l2_memory_cd4_t_cell_alr","l3_platelet",0.13,0.923076923076923,FALSE
"l2_memory_cd4_t_cell_alr","l2_cdc1_alr",0.13,0.376923076923077,FALSE
"l3_gzmk_cd56dim_nk_cell_alr","l3_sox4_naive_cd8_t_cell_alr",0.13,0.538461538461539,FALSE
"l3_cd27_effector_b_cell_alt_alr","l3_gzmb_cd27_em_cd4_t_cell_alr",0.13,0.384615384615385,FALSE
"l3_gzmb_vd2_gdt_alr","l3_isg_naive_cd4_t_cell_alr",0.13,0.776923076923077,FALSE
"l3_naive_vd1_gdt_alr","l3_isg_mait_alr",0.13,0.338461538461538,FALSE
"l3_isg_mait_alr","l2_erythrocyte",0.13,0.776923076923077,FALSE
"l3_isg_mait_alr","l3_naive_vd1_gdt_alr",0.13,0.661538461538461,FALSE
"l3_gzmb_cd27_em_cd4_t_cell_alr","l3_cd27_effector_b_cell_alt_alr",0.13,0.615384615384615,FALSE
"l3_isg_naive_cd4_t_cell_alr","l3_gzmb_vd2_gdt_alr",0.13,0.223076923076923,FALSE
"l3_sox4_naive_cd4_t_cell_alr","l2_effector_b_cell_alr",0.13,0.446153846153846,FALSE
"l3_sox4_naive_cd8_t_cell_alr","l3_gzmk_cd56dim_nk_cell_alr",0.13,0.461538461538462,FALSE
"l3_klrb1_memory_cd8_treg_alr","l1_dc_alr",0.13,0.638461538461539,FALSE
"l1_dc_alr","l2_gdt_alr",0.13,0.676923076923077,FALSE
"l1_dc_alr","l3_klrb1_memory_cd8_treg_alr",0.13,0.361538461538462,FALSE
"l1_nk_cell_alr","l3_transitional_b_cell",0.13,0.853846153846154,FALSE
"l1_b_cell_alr","l2_proliferating_nk_cell_alr",0.13,0.765384615384615,FALSE
"l1_erythrocyte_alr","l2_cd56bright_nk_cell_alr",0.13,0.715384615384615,FALSE
"l1_erythrocyte_alr","l2_proliferating_nk_cell_alr",0.13,0.630769230769231,FALSE
"l1_progenitor_cell_alr","l2_cd16_monocyte_alr",0.13,0.503846153846154,FALSE
"age_group","l3_proliferating_t_cell",0.129,1,FALSE
"sex","l2_intermediate_monocyte_alr",0.129,1,FALSE
"l3_asdc","l3_type_2_polarized_memory_b_cell_alr",0.129,0.209302325581395,FALSE
"l3_cd56bright_nk_cell","l3_type_2_polarized_memory_b_cell_alr",0.129,0.465116279069767,FALSE
"l3_ilc","l3_klrb1_memory_cd8_treg_alr",0.129,0.364341085271318,FALSE
"l3_pdc","l3_plasma_cell",0.129,0.434108527131783,FALSE
"l3_plasma_cell","l3_pdc",0.129,0.565891472868217,FALSE
"l3_proliferating_t_cell","age_group",0.129,0,FALSE
"l3_transitional_b_cell","l3_cd4_mait_alr",0.129,0.511627906976744,FALSE
"l2_asdc_alr","l3_isg_cd56dim_nk_cell_alr",0.129,0.527131782945736,FALSE
"l2_asdc_alr","l1_nk_cell_alr",0.129,0.395348837209302,FALSE
"l2_pdc_alr","l3_gzmb_cd27_em_cd4_t_cell_alt_alr",0.129,0.627906976744186,FALSE
"l2_cd16_monocyte_alr","l3_isg_cd16_monocyte_alr",0.129,0.403100775193798,FALSE
"l2_intermediate_monocyte_alr","sex",0.129,0,FALSE
"l2_memory_cd8_t_cell_alr","l3_gzmb_vd2_gdt_alr",0.129,0.27906976744186,FALSE
"l2_memory_cd8_t_cell_alr","l3_sox4_naive_cd4_t_cell_alr",0.129,0.782945736434109,FALSE
"l2_naive_cd8_t_cell_alr","l3_cd4_mait_alr",0.129,0.333333333333333,FALSE
"l2_naive_cd8_t_cell_alr","l3_isg_naive_b_cell_alr",0.129,0.744186046511628,FALSE
"l3_isg_cd16_monocyte_alr","l2_cd16_monocyte_alr",0.129,0.596899224806202,FALSE
"l3_isg_cd56dim_nk_cell_alr","l2_asdc_alr",0.129,0.472868217054264,FALSE
"l3_gzmb_vd2_gdt_alr","l2_memory_cd8_t_cell_alr",0.129,0.720930232558139,FALSE
"l3_gzmb_vd2_gdt_alr","l1_platelet_alr",0.129,0.565891472868217,FALSE
"l3_cd4_mait_alr","l3_transitional_b_cell",0.129,0.488372093023256,FALSE
"l3_cd4_mait_alr","l2_naive_cd8_t_cell_alr",0.129,0.666666666666667,FALSE
"l3_type_2_polarized_memory_b_cell_alr","l3_asdc",0.129,0.790697674418605,FALSE
"l3_type_2_polarized_memory_b_cell_alr","l3_cd56bright_nk_cell",0.129,0.534883720930233,FALSE
"l3_gzmb_cd27_em_cd4_t_cell_alr","l1_dc_alr",0.129,0.441860465116279,FALSE
"l3_gzmb_cd27_em_cd4_t_cell_alt_alr","l2_pdc_alr",0.129,0.372093023255814,FALSE
"l3_isg_naive_b_cell_alr","l2_naive_cd8_t_cell_alr",0.129,0.255813953488372,FALSE
"l3_sox4_naive_cd4_t_cell_alr","l2_memory_cd8_t_cell_alr",0.129,0.217054263565891,FALSE
"l3_klrb1_memory_cd8_treg_alr","l3_ilc",0.129,0.635658914728682,FALSE
"l1_dc_alr","l3_gzmb_cd27_em_cd4_t_cell_alr",0.129,0.558139534883721,FALSE
"l1_nk_cell_alr","l2_asdc_alr",0.129,0.604651162790698,FALSE
"l1_platelet_alr","l3_gzmb_vd2_gdt_alr",0.129,0.434108527131783,FALSE
"age_group","l2_proliferating_nk_cell_alr",0.128,1,FALSE
"age_group","l3_isg_mait_alr",0.128,1,FALSE
"l3_cd8aa","l3_ilc",0.128,0.6640625,FALSE
"l3_ilc","l3_cd8aa",0.128,0.3359375,FALSE
"l3_intermediate_monocyte","l2_memory_cd4_t_cell_alr",0.128,0.15625,FALSE
"l2_cdc1_alr","l3_type_2_polarized_memory_b_cell_alr",0.128,0.234375,FALSE
"l2_cd16_monocyte_alr","l3_cd4_mait_alr",0.128,0.5078125,FALSE
"l2_proliferating_nk_cell_alr","age_group",0.128,0,FALSE
"l2_gdt_alr","l3_sox4_naive_cd8_t_cell_alr",0.128,0.359375,FALSE
"l2_memory_cd4_t_cell_alr","l3_intermediate_monocyte",0.128,0.84375,FALSE
"l2_memory_cd4_t_cell_alr","l3_gzmb_vd2_gdt_alr",0.128,0.3046875,FALSE
"l2_proliferating_t_cell_alr","l3_cd4_mait_alr",0.128,0.20703125,FALSE
"l3_c1q_cd16_monocyte_alr","l3_isg_cd56dim_nk_cell_alr",0.128,0.3125,FALSE
"l3_isg_cd56dim_nk_cell_alr","l3_c1q_cd16_monocyte_alr",0.128,0.6875,FALSE
"l3_adaptive_nk_cell_alr","l1_platelet_alr",0.128,0.7265625,FALSE
"l3_gzmb_vd2_gdt_alr","l2_memory_cd4_t_cell_alr",0.128,0.6953125,FALSE
"l3_klrf1_effector_vd1_gdt_alt_alr","l3_klrb1_memory_cd8_treg_alr",0.128,0.296875,FALSE
"l3_cd4_mait_alr","l2_cd16_monocyte_alr",0.128,0.4921875,FALSE
"l3_cd4_mait_alr","l2_proliferating_t_cell_alr",0.128,0.79296875,FALSE
"l3_isg_mait_alr","age_group",0.128,0,FALSE
"l3_type_2_polarized_memory_b_cell_alr","l2_cdc1_alr",0.128,0.765625,FALSE
"l3_isg_naive_cd8_t_cell_alr","l3_gzmk_memory_cd4_treg_alr",0.128,0.4375,FALSE
"l3_sox4_naive_cd8_t_cell_alr","l2_gdt_alr",0.128,0.640625,FALSE
"l3_gzmk_memory_cd4_treg_alr","l3_isg_naive_cd8_t_cell_alr",0.128,0.5625,FALSE
"l3_klrb1_memory_cd8_treg_alr","l3_klrf1_effector_vd1_gdt_alt_alr",0.128,0.703125,FALSE
"l3_klrb1_memory_cd8_treg_alr","l1_b_cell_alr",0.128,0.453125,FALSE
"l1_b_cell_alr","l3_klrb1_memory_cd8_treg_alr",0.128,0.546875,FALSE
"l1_platelet_alr","l3_adaptive_nk_cell_alr",0.128,0.2734375,FALSE
"age_group","l3_isg_cd16_monocyte_alr",0.127,1,FALSE
"sex","l3_intermediate_monocyte",0.127,1,FALSE
"sex","l3_type_2_polarized_memory_b_cell_alr",0.127,1,FALSE
"cmv","l3_proliferating_t_cell",0.127,1,FALSE
"cmv","l2_gdt_alr",0.127,1,FALSE
"l3_cd8aa","l3_cd95_memory_b_cell_alr",0.127,0.181102362204724,FALSE
"l3_ilc","l3_gzmb_cd27_em_cd4_t_cell_alt_alr",0.127,0.275590551181102,FALSE
"l3_ilc","l1_erythrocyte_alr",0.127,0.413385826771654,FALSE
"l3_intermediate_monocyte","sex",0.127,0,FALSE
"l3_pdc","l2_memory_cd4_t_cell_alr",0.127,0.251968503937008,FALSE
"l3_platelet","l2_transitional_b_cell_alr",0.127,0.133858267716535,FALSE
"l3_proliferating_nk_cell","l3_isg_naive_b_cell_alr",0.127,0.62992125984252,FALSE
"l3_proliferating_t_cell","cmv",0.127,0,FALSE
"l2_transitional_b_cell_alr","l3_platelet",0.127,0.866141732283465,FALSE
"l2_transitional_b_cell_alr","l3_klrf1_gzmb_cd27_memory_cd4_t_cell_alr",0.127,0.582677165354331,FALSE
"l2_cdc1_alr","l2_cd8aa_alr",0.127,0.118110236220472,FALSE
"l2_cd8aa_alr","l2_cdc1_alr",0.127,0.881889763779528,FALSE
"l2_gdt_alr","cmv",0.127,0,FALSE
"l2_memory_cd4_t_cell_alr","l3_pdc",0.127,0.748031496062992,FALSE
"l2_naive_cd8_t_cell_alr","l3_klrb1_memory_cd8_treg_alr",0.127,0.307086614173228,FALSE
"l3_il1b_cd14_monocyte_alr","l3_klrf1_gzmb_cd27_em_cd8_t_cell_alt_alr",0.127,0.267716535433071,FALSE
"l3_isg_cd16_monocyte_alr","age_group",0.127,0,FALSE
"l3_naive_vd1_gdt_alr","l3_memory_cd8_treg_alr",0.127,0.267716535433071,FALSE
"l3_cd95_memory_b_cell_alr","l3_cd8aa",0.127,0.818897637795276,FALSE
"l3_cd95_memory_b_cell_alr","l3_gzmb_cd27_em_cd4_t_cell_alt_alr",0.127,0.677165354330709,FALSE
"l3_type_2_polarized_memory_b_cell_alr","sex",0.127,0,FALSE
"l3_type_2_polarized_memory_b_cell_alr","l3_gzmb_cd27_em_cd4_t_cell_alr",0.127,0.535433070866142,FALSE
"l3_klrf1_gzmb_cd27_memory_cd4_t_cell_alr","l2_transitional_b_cell_alr",0.127,0.417322834645669,FALSE
"l3_klrf1_gzmb_cd27_memory_cd4_t_cell_alr","l3_clp_cell_alr",0.127,0.795275590551181,FALSE
"l3_gzmb_cd27_em_cd4_t_cell_alr","l3_type_2_polarized_memory_b_cell_alr",0.127,0.464566929133858,FALSE
"l3_gzmb_cd27_em_cd4_t_cell_alt_alr","l3_ilc",0.127,0.724409448818898,FALSE
"l3_gzmb_cd27_em_cd4_t_cell_alt_alr","l3_cd95_memory_b_cell_alr",0.127,0.322834645669291,FALSE
"l3_klrf1_gzmb_cd27_em_cd8_t_cell_alt_alr","l3_il1b_cd14_monocyte_alr",0.127,0.732283464566929,FALSE
"l3_isg_naive_b_cell_alr","l3_proliferating_nk_cell",0.127,0.37007874015748,FALSE
"l3_sox4_naive_cd8_t_cell_alr","l1_nk_cell_alr",0.127,0.393700787401575,FALSE
"l3_clp_cell_alr","l3_klrf1_gzmb_cd27_memory_cd4_t_cell_alr",0.127,0.204724409448819,FALSE
"l3_gzmk_memory_cd4_treg_alr","l3_memory_cd8_treg_alr",0.127,0.582677165354331,FALSE
"l3_klrb1_memory_cd8_treg_alr","l2_naive_cd8_t_cell_alr",0.127,0.692913385826772,FALSE
"l3_memory_cd8_treg_alr","l3_naive_vd1_gdt_alr",0.127,0.732283464566929,FALSE
"l3_memory_cd8_treg_alr","l3_gzmk_memory_cd4_treg_alr",0.127,0.417322834645669,FALSE
"l1_nk_cell_alr","l3_sox4_naive_cd8_t_cell_alr",0.127,0.606299212598425,FALSE
"l1_erythrocyte_alr","l3_ilc",0.127,0.586614173228346,FALSE
"l2_erythrocyte","l2_intermediate_monocyte_alr",0.126,0.111111111111111,FALSE
"l2_erythrocyte","l3_gzmb_cd27_em_cd4_t_cell_alt_alr",0.126,0.0793650793650794,FALSE
"l2_platelet","l1_progenitor_cell_alr",0.126,0.111111111111111,FALSE
"l3_cd8aa","l2_dn_t_cell_alr",0.126,0.158730158730159,FALSE
"l3_dn_t_cell","l3_isg_mait_alr",0.126,0.634920634920635,FALSE
"l3_erythrocyte","l2_dn_t_cell_alr",0.126,0.619047619047619,FALSE
"l3_pdc","l2_dn_t_cell_alr",0.126,0.714285714285714,FALSE
"l2_transitional_b_cell_alr","l3_cd95_memory_b_cell_alr",0.126,0.325396825396825,FALSE
"l2_asdc_alr","l2_gdt_alr",0.126,0.293650793650794,FALSE
"l2_pdc_alr","l3_isg_cd56dim_nk_cell_alr",0.126,0.349206349206349,FALSE
"l2_intermediate_monocyte_alr","l2_erythrocyte",0.126,0.888888888888889,FALSE
"l2_dn_t_cell_alr","l3_cd8aa",0.126,0.841269841269841,FALSE
"l2_dn_t_cell_alr","l3_erythrocyte",0.126,0.380952380952381,FALSE
"l2_dn_t_cell_alr","l3_pdc",0.126,0.285714285714286,FALSE
"l2_gdt_alr","l2_asdc_alr",0.126,0.706349206349206,FALSE
"l2_memory_cd4_t_cell_alr","l1_erythrocyte_alr",0.126,0.837301587301587,FALSE
"l2_memory_cd4_t_cell_alr","l1_platelet_alr",0.126,0.833333333333333,FALSE
"l2_naive_cd8_t_cell_alr","l3_activated_memory_b_cell_alr",0.126,0.404761904761905,FALSE
"l3_c1q_cd16_monocyte_alr","l3_isg_naive_cd4_t_cell_alr",0.126,0.206349206349206,FALSE
"l3_isg_cd56dim_nk_cell_alr","l2_pdc_alr",0.126,0.650793650793651,FALSE
"l3_cd14_cdc2_alr","l1_nk_cell_alr",0.126,0.507936507936508,FALSE
"l3_isg_mait_alr","l3_dn_t_cell",0.126,0.365079365079365,FALSE
"l3_activated_memory_b_cell_alr","l2_naive_cd8_t_cell_alr",0.126,0.595238095238095,FALSE
"l3_activated_memory_b_cell_alr","l3_early_memory_b_cell_alr",0.126,0.642857142857143,FALSE
"l3_cd95_memory_b_cell_alr","l2_transitional_b_cell_alr",0.126,0.674603174603175,FALSE
"l3_early_memory_b_cell_alr","l3_activated_memory_b_cell_alr",0.126,0.357142857142857,FALSE
"l3_early_memory_b_cell_alr","l3_isg_naive_cd4_t_cell_alr",0.126,0.793650793650794,FALSE
"l3_gzmb_cd27_em_cd4_t_cell_alt_alr","l2_erythrocyte",0.126,0.920634920634921,FALSE
"l3_isg_naive_cd4_t_cell_alr","l3_c1q_cd16_monocyte_alr",0.126,0.793650793650794,FALSE
"l3_isg_naive_cd4_t_cell_alr","l3_early_memory_b_cell_alr",0.126,0.206349206349206,FALSE
"l3_sox4_naive_cd8_t_cell_alr","l1_b_cell_alr",0.126,0.53968253968254,FALSE
"l1_nk_cell_alr","l3_cd14_cdc2_alr",0.126,0.492063492063492,FALSE
"l1_b_cell_alr","l3_sox4_naive_cd8_t_cell_alr",0.126,0.46031746031746,FALSE
"l1_erythrocyte_alr","l2_memory_cd4_t_cell_alr",0.126,0.162698412698413,FALSE
"l1_platelet_alr","l2_memory_cd4_t_cell_alr",0.126,0.166666666666667,FALSE
"l1_progenitor_cell_alr","l2_platelet",0.126,0.888888888888889,FALSE
"age_group","l3_transitional_b_cell",0.125,1,FALSE
"l2_ilc","l2_mait_alr",0.125,0.184,FALSE
"l2_platelet","l3_intermediate_monocyte",0.125,0.16,FALSE
"l2_progenitor_cell","l2_intermediate_monocyte_alr",0.125,0.312,FALSE
"l3_dn_t_cell","l3_activated_memory_b_cell_alr",0.125,0.444,FALSE
"l3_ilc","l3_activated_memory_b_cell_alr",0.125,0.496,FALSE
"l3_ilc","l3_type_2_polarized_memory_b_cell_alr",0.125,0.208,FALSE
"l3_intermediate_monocyte","l2_platelet",0.125,0.84,FALSE
"l3_transitional_b_cell","age_group",0.125,0,FALSE
"l3_baeomap_cell","l3_klrf1_gzmb_cd27_em_cd8_t_cell_alr",0.125,0.712,FALSE
"l2_transitional_b_cell_alr","l3_activated_memory_b_cell_alr",0.125,0.624,FALSE
"l2_intermediate_monocyte_alr","l2_progenitor_cell",0.125,0.688,FALSE
"l2_cd56bright_nk_cell_alr","l1_b_cell_alr",0.125,0.256,FALSE
"l2_mait_alr","l2_ilc",0.125,0.816,FALSE
"l2_memory_cd4_t_cell_alr","l3_isg_cd56dim_nk_cell_alr",0.125,0.568,FALSE
"l2_memory_cd4_t_cell_alr","l3_type_2_polarized_memory_b_cell_alr",0.125,0.576,FALSE
"l3_gzmk_cd56dim_nk_cell_alr","l1_dc_alr",0.125,0.264,FALSE
"l3_isg_cd56dim_nk_cell_alr","l2_memory_cd4_t_cell_alr",0.125,0.432,FALSE
"l3_cd14_cdc2_alr","l1_erythrocyte_alr",0.125,0.48,FALSE
"l3_cd27_effector_b_cell_alt_alr","l3_sox4_vd1_gdt_alr",0.125,0.632,FALSE
"l3_cd27_effector_b_cell_alt_alr","l3_activated_memory_b_cell_alr",0.125,0.664,FALSE
"l3_gzmb_vd2_gdt_alr","l3_gzmk_cd27_em_cd8_t_cell_alt_alr",0.125,0.648,FALSE
"l3_sox4_vd1_gdt_alr","l3_cd27_effector_b_cell_alt_alr",0.125,0.368,FALSE
"l3_sox4_vd1_gdt_alr","l3_klrf1_gzmb_cd27_memory_cd4_t_cell_alr",0.125,0.168,FALSE
"l3_activated_memory_b_cell_alr","l3_dn_t_cell",0.125,0.556,FALSE
"l3_activated_memory_b_cell_alr","l3_ilc",0.125,0.504,FALSE
"l3_activated_memory_b_cell_alr","l2_transitional_b_cell_alr",0.125,0.376,FALSE
"l3_activated_memory_b_cell_alr","l3_cd27_effector_b_cell_alt_alr",0.125,0.336,FALSE
"l3_type_2_polarized_memory_b_cell_alr","l3_ilc",0.125,0.792,FALSE
"l3_type_2_polarized_memory_b_cell_alr","l2_memory_cd4_t_cell_alr",0.125,0.424,FALSE
"l3_klrf1_gzmb_cd27_memory_cd4_t_cell_alr","l3_sox4_vd1_gdt_alr",0.125,0.832,FALSE
"l3_gzmk_cd27_em_cd8_t_cell_alt_alr","l3_gzmb_vd2_gdt_alr",0.125,0.352,FALSE
"l3_klrf1_gzmb_cd27_em_cd8_t_cell_alr","l3_baeomap_cell",0.125,0.288,FALSE
"l3_isg_naive_b_cell_alr","l1_erythrocyte_alr",0.125,0.432,FALSE
"l1_dc_alr","l3_gzmk_cd56dim_nk_cell_alr",0.125,0.736,FALSE
"l1_b_cell_alr","l2_cd56bright_nk_cell_alr",0.125,0.744,FALSE
"l1_erythrocyte_alr","l3_cd14_cdc2_alr",0.125,0.52,FALSE
"l1_erythrocyte_alr","l3_isg_naive_b_cell_alr",0.125,0.568,FALSE
"sex","l3_klrf1_gzmb_cd27_em_cd8_t_cell_alr",0.124,1,FALSE
"cmv","l2_cd56bright_nk_cell_alr",0.124,1,FALSE
"l3_asdc","l2_proliferating_nk_cell_alr",0.124,0.774193548387097,FALSE
"l3_dn_t_cell","l3_platelet",0.124,0.645161290322581,FALSE
"l3_erythrocyte","l3_cd14_cdc2_alr",0.124,0.415322580645161,FALSE
"l3_erythrocyte","l3_type_2_polarized_memory_b_cell_alr",0.124,0.346774193548387,FALSE
"l3_ilc","l3_memory_cd8_treg_alr",0.124,0.467741935483871,FALSE
"l3_intermediate_monocyte","l2_pdc_alr",0.124,0.209677419354839,FALSE
"l3_platelet","l3_dn_t_cell",0.124,0.354838709677419,FALSE
"l3_proliferating_nk_cell","l3_naive_cd4_treg_alr",0.124,0.282258064516129,FALSE
"l2_asdc_alr","l3_gzmb_cd27_em_cd4_t_cell_alt_alr",0.124,0.475806451612903,FALSE
"l2_pdc_alr","l3_intermediate_monocyte",0.124,0.790322580645161,FALSE
"l2_cd56bright_nk_cell_alr","cmv",0.124,0,FALSE
"l2_proliferating_nk_cell_alr","l3_asdc",0.124,0.225806451612903,FALSE
"l2_gdt_alr","l3_isg_naive_cd8_t_cell_alr",0.124,0.588709677419355,FALSE
"l2_naive_cd8_t_cell_alr","l3_isg_cd16_monocyte_alr",0.124,0.758064516129032,FALSE
"l2_treg_alr","l3_sox4_naive_cd4_t_cell_alr",0.124,0.741935483870968,FALSE
"l3_isg_cd14_monocyte_alr","l3_klrf1_effector_vd1_gdt_alr",0.124,0.685483870967742,FALSE
"l3_isg_cd16_monocyte_alr","l2_naive_cd8_t_cell_alr",0.124,0.241935483870968,FALSE
"l3_cd14_cdc2_alr","l3_erythrocyte",0.124,0.584677419354839,FALSE
"l3_klrf1_effector_vd1_gdt_alr","l3_isg_cd14_monocyte_alr",0.124,0.314516129032258,FALSE
"l3_klrf1_effector_vd1_gdt_alr","l3_memory_cd8_treg_alr",0.124,0.411290322580645,FALSE
"l3_klrf1_effector_vd1_gdt_alt_alr","l3_gzmb_cd27_em_cd4_t_cell_alt_alr",0.124,0.395161290322581,FALSE
"l3_isg_mait_alr","l3_cm_cd8_t_cell_alr",0.124,0.508064516129032,FALSE
"l3_cd95_memory_b_cell_alr","l1_progenitor_cell_alr",0.124,0.604838709677419,FALSE
"l3_early_memory_b_cell_alr","l3_sox4_naive_cd8_t_cell_alr",0.124,0.741935483870968,FALSE
"l3_type_2_polarized_memory_b_cell_alr","l3_erythrocyte",0.124,0.653225806451613,FALSE
"l3_gzmb_cd27_em_cd4_t_cell_alt_alr","l2_asdc_alr",0.124,0.524193548387097,FALSE
"l3_gzmb_cd27_em_cd4_t_cell_alt_alr","l3_klrf1_effector_vd1_gdt_alt_alr",0.124,0.604838709677419,FALSE
"l3_cm_cd8_t_cell_alr","l3_isg_mait_alr",0.124,0.491935483870968,FALSE
"l3_klrf1_gzmb_cd27_em_cd8_t_cell_alr","sex",0.124,0,FALSE
"l3_sox4_naive_cd4_t_cell_alr","l2_treg_alr",0.124,0.258064516129032,FALSE
"l3_isg_naive_cd8_t_cell_alr","l2_gdt_alr",0.124,0.411290322580645,FALSE
"l3_sox4_naive_cd8_t_cell_alr","l3_early_memory_b_cell_alr",0.124,0.258064516129032,FALSE
"l3_gzmk_memory_cd4_treg_alr","l1_ilc_alr",0.124,0.580645161290323,FALSE
"l3_memory_cd8_treg_alr","l3_ilc",0.124,0.532258064516129,FALSE
"l3_memory_cd8_treg_alr","l3_klrf1_effector_vd1_gdt_alr",0.124,0.588709677419355,FALSE
"l3_naive_cd4_treg_alr","l3_proliferating_nk_cell",0.124,0.717741935483871,FALSE
"l1_ilc_alr","l3_gzmk_memory_cd4_treg_alr",0.124,0.419354838709677,FALSE
"l1_progenitor_cell_alr","l3_cd95_memory_b_cell_alr",0.124,0.395161290322581,FALSE
"sex","l3_cd27_effector_b_cell_alt_alr",0.123,1,FALSE
"l3_platelet","l2_cd8aa_alr",0.123,0.219512195121951,FALSE
"l3_proliferating_nk_cell","l3_early_memory_b_cell_alr",0.123,0.24390243902439,FALSE
"l3_baeomap_cell","l3_cd27_effector_b_cell_alt_alr",0.123,0.609756097560976,FALSE
"l2_effector_b_cell_alr","l3_activated_memory_b_cell_alr",0.123,0.585365853658537,FALSE
"l2_asdc_alr","l2_proliferating_nk_cell_alr",0.123,0.75609756097561,FALSE
"l2_cd16_monocyte_alr","l3_clp_cell_alr",0.123,0.552845528455285,FALSE
"l2_proliferating_nk_cell_alr","l2_asdc_alr",0.123,0.24390243902439,FALSE
"l2_proliferating_nk_cell_alr","l3_klrf1_effector_vd1_gdt_alt_alr",0.123,0.382113821138211,FALSE
"l2_cd8aa_alr","l3_platelet",0.123,0.780487804878049,FALSE
"l2_gdt_alr","l3_klrf1_gzmb_cd27_memory_cd4_t_cell_alr",0.123,0.219512195121951,FALSE
"l2_mait_alr","l1_progenitor_cell_alr",0.123,0.349593495934959,FALSE
"l2_naive_cd8_t_cell_alr","l3_cd14_cdc2_alr",0.123,0.24390243902439,FALSE
"l2_proliferating_t_cell_alr","l3_cd14_cdc2_alr",0.123,0.495934959349593,FALSE
"l3_cd14_cdc2_alr","l2_naive_cd8_t_cell_alr",0.123,0.75609756097561,FALSE
"l3_cd14_cdc2_alr","l2_proliferating_t_cell_alr",0.123,0.504065040650406,FALSE
"l3_cd27_effector_b_cell_alt_alr","sex",0.123,0,FALSE
"l3_cd27_effector_b_cell_alt_alr","l3_baeomap_cell",0.123,0.390243902439024,FALSE
"l3_klrf1_effector_vd1_gdt_alt_alr","l2_proliferating_nk_cell_alr",0.123,0.617886178861789,FALSE
"l3_klrf1_effector_vd1_gdt_alt_alr","l3_isg_naive_cd4_t_cell_alr",0.123,0.747967479674797,FALSE
"l3_activated_memory_b_cell_alr","l2_effector_b_cell_alr",0.123,0.414634146341463,FALSE
"l3_early_memory_b_cell_alr","l3_proliferating_nk_cell",0.123,0.75609756097561,FALSE
"l3_early_memory_b_cell_alr","l1_monocyte_alr",0.123,0.398373983739837,FALSE
"l3_klrf1_gzmb_cd27_memory_cd4_t_cell_alr","l2_gdt_alr",0.123,0.780487804878049,FALSE
"l3_gzmb_cd27_em_cd4_t_cell_alr","l3_memory_cd8_treg_alr",0.123,0.552845528455285,FALSE
"l3_isg_naive_b_cell_alr","l1_progenitor_cell_alr",0.123,0.447154471544715,FALSE
"l3_isg_naive_cd4_t_cell_alr","l3_klrf1_effector_vd1_gdt_alt_alr",0.123,0.252032520325203,FALSE
"l3_clp_cell_alr","l2_cd16_monocyte_alr",0.123,0.447154471544715,FALSE
"l3_memory_cd8_treg_alr","l3_gzmb_cd27_em_cd4_t_cell_alr",0.123,0.447154471544715,FALSE
"l1_monocyte_alr","l3_early_memory_b_cell_alr",0.123,0.601626016260163,FALSE
"l1_progenitor_cell_alr","l2_mait_alr",0.123,0.650406504065041,FALSE
"l1_progenitor_cell_alr","l3_isg_naive_b_cell_alr",0.123,0.552845528455285,FALSE
"sex","l3_gzmk_cd56dim_nk_cell_alr",0.122,1,FALSE
"l2_progenitor_cell","l3_cd56bright_nk_cell",0.122,0.336065573770492,FALSE
"l3_cd56bright_nk_cell","l2_progenitor_cell",0.122,0.663934426229508,FALSE
"l3_erythrocyte","l2_intermediate_monocyte_alr",0.122,0.795081967213115,FALSE
"l3_erythrocyte","l3_adaptive_nk_cell_alr",0.122,0.344262295081967,FALSE
"l3_pdc","l3_gzmk_memory_cd4_treg_alr",0.122,0.295081967213115,FALSE
"l3_proliferating_t_cell","l2_proliferating_nk_cell_alr",0.122,0.540983606557377,FALSE
"l3_proliferating_t_cell","l3_sox4_naive_cd8_t_cell_alr",0.122,0.409836065573771,FALSE
"l2_transitional_b_cell_alr","l3_early_memory_b_cell_alr",0.122,0.581967213114754,FALSE
"l2_cd16_monocyte_alr","l2_memory_cd8_t_cell_alr",0.122,0.721311475409836,FALSE
"l2_intermediate_monocyte_alr","l3_erythrocyte",0.122,0.204918032786885,FALSE
"l2_proliferating_nk_cell_alr","l3_proliferating_t_cell",0.122,0.459016393442623,FALSE
"l2_memory_cd4_t_cell_alr","l3_cd27_effector_b_cell_alt_alr",0.122,0.491803278688525,FALSE
"l2_memory_cd8_t_cell_alr","l2_cd16_monocyte_alr",0.122,0.278688524590164,FALSE
"l2_memory_cd8_t_cell_alr","l3_cd4_mait_alr",0.122,0.270491803278689,FALSE
"l2_memory_cd8_t_cell_alr","l1_nk_cell_alr",0.122,0.491803278688525,FALSE
"l3_c1q_cd16_monocyte_alr","l3_type_2_polarized_memory_b_cell_alr",0.122,0.39344262295082,FALSE
"l3_c1q_cd16_monocyte_alr","l3_memory_cd8_treg_alr",0.122,0.311475409836066,FALSE
"l3_gzmk_cd56dim_nk_cell_alr","sex",0.122,0,FALSE
"l3_adaptive_nk_cell_alr","l3_erythrocyte",0.122,0.655737704918033,FALSE
"l3_cd27_effector_b_cell_alt_alr","l2_memory_cd4_t_cell_alr",0.122,0.508196721311475,FALSE
"l3_cd4_mait_alr","l2_memory_cd8_t_cell_alr",0.122,0.729508196721312,FALSE
"l3_early_memory_b_cell_alr","l2_transitional_b_cell_alr",0.122,0.418032786885246,FALSE
"l3_type_2_polarized_memory_b_cell_alr","l3_c1q_cd16_monocyte_alr",0.122,0.60655737704918,FALSE
"l3_type_2_polarized_memory_b_cell_alr","l3_isg_memory_cd4_t_cell_alr",0.122,0.663934426229508,FALSE
"l3_isg_memory_cd4_t_cell_alr","l3_type_2_polarized_memory_b_cell_alr",0.122,0.336065573770492,FALSE
"l3_sox4_naive_cd8_t_cell_alr","l3_proliferating_t_cell",0.122,0.590163934426229,FALSE
"l3_gzmk_memory_cd4_treg_alr","l3_pdc",0.122,0.704918032786885,FALSE
"l3_memory_cd8_treg_alr","l3_c1q_cd16_monocyte_alr",0.122,0.688524590163935,FALSE
"l3_naive_cd4_treg_alr","l1_monocyte_alr",0.122,0.663934426229508,FALSE
"l1_monocyte_alr","l3_naive_cd4_treg_alr",0.122,0.336065573770492,FALSE
"l1_nk_cell_alr","l2_memory_cd8_t_cell_alr",0.122,0.508196721311475,FALSE
"l3_gzmb_cd27_em_cd4_t_cell_alt_alr","l1_platelet_alr",0.121,0.834710743801653,FALSE
"l1_platelet_alr","l3_gzmb_cd27_em_cd4_t_cell_alt_alr",0.121,0.165289256198347,FALSE
"sex","l3_klrf1_gzmb_cd27_em_cd8_t_cell_alt_alr",0.121,1,FALSE
"cmv","l2_memory_b_cell_alr",0.121,1,FALSE
"l2_erythrocyte","l3_intermediate_monocyte",0.121,0.28099173553719,FALSE
"l2_erythrocyte","l3_pdc",0.121,0.520661157024793,FALSE
"l2_erythrocyte","l2_cd8aa_alr",0.121,0.115702479338843,FALSE
"l3_asdc","l3_cd95_memory_b_cell_alr",0.121,0.504132231404959,FALSE
"l3_erythrocyte","l3_isg_naive_b_cell_alr",0.121,0.512396694214876,FALSE
"l3_ilc","l2_memory_cd8_t_cell_alr",0.121,0.214876033057851,FALSE
"l3_intermediate_monocyte","l2_erythrocyte",0.121,0.71900826446281,FALSE
"l3_pdc","l2_erythrocyte",0.121,0.479338842975207,FALSE
"l3_plasma_cell","l3_sox4_naive_cd4_t_cell_alr",0.121,0.421487603305785,FALSE
"l3_platelet","l3_cm_cd8_t_cell_alr",0.121,0.471074380165289,FALSE
"l3_transitional_b_cell","l2_dn_t_cell_alr",0.121,0.330578512396694,FALSE
"l2_memory_b_cell_alr","cmv",0.121,0,FALSE
"l2_transitional_b_cell_alr","l2_asdc_alr",0.121,0.632231404958678,FALSE
"l2_asdc_alr","l2_transitional_b_cell_alr",0.121,0.367768595041322,FALSE
"l2_pdc_alr","l3_klrf1_effector_vd1_gdt_alr",0.121,0.727272727272727,FALSE
"l2_cd8aa_alr","l2_erythrocyte",0.121,0.884297520661157,FALSE
"l2_dn_t_cell_alr","l3_transitional_b_cell",0.121,0.669421487603306,FALSE
"l2_memory_cd8_t_cell_alr","l3_ilc",0.121,0.785123966942149,FALSE
"l3_cd14_cdc2_alr","l1_monocyte_alr",0.121,0.661157024793388,FALSE
"l3_klrf1_effector_vd1_gdt_alr","l2_pdc_alr",0.121,0.272727272727273,FALSE
"l3_cd95_memory_b_cell_alr","l3_asdc",0.121,0.495867768595041,FALSE
"l3_cm_cd8_t_cell_alr","l3_platelet",0.121,0.528925619834711,FALSE
"l3_klrf1_gzmb_cd27_em_cd8_t_cell_alt_alr","sex",0.121,0,FALSE
"l3_isg_naive_b_cell_alr","l3_erythrocyte",0.121,0.487603305785124,FALSE
"l3_sox4_naive_cd4_t_cell_alr","l3_plasma_cell",0.121,0.578512396694215,FALSE
"l3_sox4_naive_cd8_t_cell_alr","l3_naive_cd4_treg_alr",0.121,0.322314049586777,FALSE
"l3_naive_cd4_treg_alr","l3_sox4_naive_cd8_t_cell_alr",0.121,0.677685950413223,FALSE
"l1_monocyte_alr","l3_cd14_cdc2_alr",0.121,0.338842975206612,FALSE
"l3_cdc1","l2_plasma_cell_alr",0.12,0.291666666666667,FALSE
"l2_memory_b_cell_alr","l2_naive_cd8_t_cell_alr",0.12,0.708333333333333,FALSE
"l2_plasma_cell_alr","l3_cdc1",0.12,0.708333333333333,FALSE
"l2_naive_cd8_t_cell_alr","l2_memory_b_cell_alr",0.12,0.291666666666667,FALSE
"l3_sox4_naive_cd4_t_cell_alr","l3_clp_cell_alr",0.12,0.708333333333333,FALSE
"l3_clp_cell_alr","l3_sox4_naive_cd4_t_cell_alr",0.12,0.291666666666667,FALSE
"age_group","l3_proliferating_nk_cell",0.12,1,FALSE
"sex","l3_klrf1_effector_vd1_gdt_alt_alr",0.12,1,FALSE
"l2_erythrocyte","l2_pdc_alr",0.12,0.475,FALSE
"l2_platelet","l3_sox4_naive_cd4_t_cell_alr",0.12,0.258333333333333,FALSE
"l3_pdc","l2_cd16_monocyte_alr",0.12,0.591666666666667,FALSE
"l3_pdc","l3_c1q_cd16_monocyte_alr",0.12,0.691666666666667,FALSE
"l3_proliferating_nk_cell","age_group",0.12,0,FALSE
"l2_effector_b_cell_alr","l3_klrf1_gzmb_cd27_em_cd8_t_cell_alr",0.12,0.358333333333333,FALSE
"l2_pdc_alr","l2_erythrocyte",0.12,0.525,FALSE
"l2_cd16_monocyte_alr","l3_pdc",0.12,0.408333333333333,FALSE
"l2_cd16_monocyte_alr","l3_cm_cd8_t_cell_alr",0.12,0.691666666666667,FALSE
"l2_intermediate_monocyte_alr","l1_progenitor_cell_alr",0.12,0.808333333333333,FALSE
"l2_cd56bright_nk_cell_alr","l3_naive_cd4_treg_alr",0.12,0.716666666666667,FALSE
"l2_cd8aa_alr","l3_il1b_cd14_monocyte_alr",0.12,0.258333333333333,FALSE
"l2_cd8aa_alr","l3_cd95_memory_b_cell_alr",0.12,0.183333333333333,FALSE
"l2_dn_t_cell_alr","l3_clp_cell_alr",0.12,0.341666666666667,FALSE
"l2_proliferating_t_cell_alr","l3_gzmb_cd27_em_cd4_t_cell_alt_alr",0.12,0.408333333333333,FALSE
"l3_il1b_cd14_monocyte_alr","l2_cd8aa_alr",0.12,0.741666666666667,FALSE
"l3_il1b_cd14_monocyte_alr","l3_klrf1_gzmb_cd27_em_cd8_t_cell_alr",0.12,0.566666666666667,FALSE
"l3_c1q_cd16_monocyte_alr","l3_pdc",0.12,0.308333333333333,FALSE
"l3_isg_cd16_monocyte_alr","l3_cd95_memory_b_cell_alr",0.12,0.641666666666667,FALSE
"l3_isg_cdc2_alr","l3_clp_cell_alr",0.12,0.2,FALSE
"l3_klrf1_effector_vd1_gdt_alt_alr","sex",0.12,0,FALSE
"l3_isg_mait_alr","l3_isg_memory_cd4_t_cell_alr",0.12,0.241666666666667,FALSE
"l3_cd95_memory_b_cell_alr","l2_cd8aa_alr",0.12,0.816666666666667,FALSE
"l3_cd95_memory_b_cell_alr","l3_isg_cd16_monocyte_alr",0.12,0.358333333333333,FALSE
"l3_early_memory_b_cell_alr","l3_gzmk_cd27_em_cd8_t_cell_alt_alr",0.12,0.808333333333333,FALSE
"l3_isg_memory_cd4_t_cell_alr","l3_isg_mait_alr",0.12,0.758333333333333,FALSE
"l3_gzmb_cd27_em_cd4_t_cell_alt_alr","l2_proliferating_t_cell_alr",0.12,0.591666666666667,FALSE
"l3_cm_cd8_t_cell_alr","l2_cd16_monocyte_alr",0.12,0.308333333333333,FALSE
"l3_gzmk_cd27_em_cd8_t_cell_alt_alr","l3_early_memory_b_cell_alr",0.12,0.191666666666667,FALSE
"l3_klrf1_gzmb_cd27_em_cd8_t_cell_alr","l2_effector_b_cell_alr",0.12,0.641666666666667,FALSE
"l3_klrf1_gzmb_cd27_em_cd8_t_cell_alr","l3_il1b_cd14_monocyte_alr",0.12,0.433333333333333,FALSE
"l3_sox4_naive_cd4_t_cell_alr","l2_platelet",0.12,0.741666666666667,FALSE
"l3_clp_cell_alr","l2_dn_t_cell_alr",0.12,0.658333333333333,FALSE
"l3_clp_cell_alr","l3_isg_cdc2_alr",0.12,0.8,FALSE
"l3_naive_cd4_treg_alr","l2_cd56bright_nk_cell_alr",0.12,0.283333333333333,FALSE
"l3_naive_cd4_treg_alr","l1_progenitor_cell_alr",0.12,0.441666666666667,FALSE
"l1_progenitor_cell_alr","l2_intermediate_monocyte_alr",0.12,0.191666666666667,FALSE
"l1_progenitor_cell_alr","l3_naive_cd4_treg_alr",0.12,0.558333333333333,FALSE
"l2_transitional_b_cell_alr","l1_ilc_alr",0.119,0.823529411764706,FALSE
"l2_proliferating_t_cell_alr","l3_adaptive_nk_cell_alr",0.119,0.588235294117647,FALSE
"l3_adaptive_nk_cell_alr","l2_proliferating_t_cell_alr",0.119,0.411764705882353,FALSE
"l1_ilc_alr","l2_transitional_b_cell_alr",0.119,0.176470588235294,FALSE
"age_group","l2_proliferating_t_cell_alr",0.119,1,FALSE
"l2_ilc","l3_cd4_mait_alr",0.119,0.0756302521008403,FALSE
"l2_progenitor_cell","l2_plasma_cell_alr",0.119,0.563025210084034,FALSE
"l3_cd56bright_nk_cell","l2_naive_cd8_t_cell_alr",0.119,0.53781512605042,FALSE
"l3_dn_t_cell","l3_cd14_cdc2_alr",0.119,0.46218487394958,FALSE
"l3_intermediate_monocyte","l3_klrf1_gzmb_cd27_memory_cd4_t_cell_alr",0.119,0.109243697478992,FALSE
"l2_effector_b_cell_alr","l2_cd16_monocyte_alr",0.119,0.546218487394958,FALSE
"l2_memory_b_cell_alr","l3_isg_naive_cd4_t_cell_alr",0.119,0.722689075630252,FALSE
"l2_plasma_cell_alr","l2_progenitor_cell",0.119,0.436974789915966,FALSE
"l2_transitional_b_cell_alr","l3_gzmk_memory_cd4_treg_alr",0.119,0.46218487394958,FALSE
"l2_asdc_alr","l2_memory_cd8_t_cell_alr",0.119,0.319327731092437,FALSE
"l2_cd16_monocyte_alr","l2_effector_b_cell_alr",0.119,0.453781512605042,FALSE
"l2_cd56bright_nk_cell_alr","l2_memory_cd8_t_cell_alr",0.119,0.378151260504202,FALSE
"l2_memory_cd8_t_cell_alr","l2_asdc_alr",0.119,0.680672268907563,FALSE
"l2_memory_cd8_t_cell_alr","l2_cd56bright_nk_cell_alr",0.119,0.621848739495798,FALSE
"l2_naive_cd8_t_cell_alr","l3_cd56bright_nk_cell",0.119,0.46218487394958,FALSE
"l2_proliferating_t_cell_alr","age_group",0.119,0,FALSE
"l3_il1b_cd14_monocyte_alr","l1_platelet_alr",0.119,0.53781512605042,FALSE
"l3_cd14_cdc2_alr","l3_dn_t_cell",0.119,0.53781512605042,FALSE
"l3_cd4_mait_alr","l2_ilc",0.119,0.92436974789916,FALSE
"l3_early_memory_b_cell_alr","l3_klrf1_gzmb_cd27_em_cd8_t_cell_alt_alr",0.119,0.647058823529412,FALSE
"l3_klrf1_gzmb_cd27_memory_cd4_t_cell_alr","l3_intermediate_monocyte",0.119,0.890756302521008,FALSE
"l3_gzmb_cd27_em_cd4_t_cell_alr","l3_clp_cell_alr",0.119,0.327731092436975,FALSE
"l3_cm_cd8_t_cell_alr","l1_platelet_alr",0.119,0.38655462184874,FALSE
"l3_klrf1_gzmb_cd27_em_cd8_t_cell_alr","l3_klrb1_memory_cd4_treg_alr",0.119,0.436974789915966,FALSE
"l3_klrf1_gzmb_cd27_em_cd8_t_cell_alt_alr","l3_early_memory_b_cell_alr",0.119,0.352941176470588,FALSE
"l3_isg_naive_cd4_t_cell_alr","l2_memory_b_cell_alr",0.119,0.277310924369748,FALSE
"l3_clp_cell_alr","l3_gzmb_cd27_em_cd4_t_cell_alr",0.119,0.672268907563025,FALSE
"l3_gzmk_memory_cd4_treg_alr","l2_transitional_b_cell_alr",0.119,0.53781512605042,FALSE
"l3_klrb1_memory_cd4_treg_alr","l3_klrf1_gzmb_cd27_em_cd8_t_cell_alr",0.119,0.563025210084034,FALSE
"l1_platelet_alr","l3_il1b_cd14_monocyte_alr",0.119,0.46218487394958,FALSE
"l1_platelet_alr","l3_cm_cd8_t_cell_alr",0.119,0.613445378151261,FALSE
"l3_erythrocyte","l2_cd56bright_nk_cell_alr",0.118,0.711864406779661,FALSE
"l3_baeomap_cell","l2_memory_cd8_t_cell_alr",0.118,0.703389830508475,FALSE
"l2_cd56bright_nk_cell_alr","l3_erythrocyte",0.118,0.288135593220339,FALSE
"l2_memory_cd8_t_cell_alr","l3_baeomap_cell",0.118,0.296610169491525,FALSE
"l3_c1q_cd16_monocyte_alr","l3_adaptive_nk_cell_alr",0.118,0.288135593220339,FALSE
"l3_adaptive_nk_cell_alr","l3_c1q_cd16_monocyte_alr",0.118,0.711864406779661,FALSE
"l3_cd27_effector_b_cell_alt_alr","l1_nk_cell_alr",0.118,0.288135593220339,FALSE
"l3_sox4_vd1_gdt_alr","l3_isg_memory_cd8_t_cell_alr",0.118,0.415254237288136,FALSE
"l3_isg_memory_cd8_t_cell_alr","l3_sox4_vd1_gdt_alr",0.118,0.584745762711864,FALSE
"l1_nk_cell_alr","l3_cd27_effector_b_cell_alt_alr",0.118,0.711864406779661,FALSE
"sex","l2_effector_b_cell_alr",0.118,1,FALSE
"sex","l3_isg_cd56dim_nk_cell_alr",0.118,1,FALSE
"l3_cdc1","l1_ilc_alr",0.118,0.559322033898305,FALSE
"l3_intermediate_monocyte","l2_proliferating_t_cell_alr",0.118,0.466101694915254,FALSE
"l3_intermediate_monocyte","l3_gzmb_cd27_em_cd4_t_cell_alr",0.118,0.525423728813559,FALSE
"l3_pdc","l1_progenitor_cell_alr",0.118,0.474576271186441,FALSE
"l2_effector_b_cell_alr","sex",0.118,0,FALSE
"l2_plasma_cell_alr","l3_isg_naive_cd8_t_cell_alr",0.118,0.516949152542373,FALSE
"l2_transitional_b_cell_alr","l2_proliferating_t_cell_alr",0.118,0.567796610169492,FALSE
"l2_transitional_b_cell_alr","l3_gzmk_cd56dim_nk_cell_alr",0.118,0.76271186440678,FALSE
"l2_transitional_b_cell_alr","l3_klrf1_gzmb_cd27_em_cd8_t_cell_alr",0.118,0.669491525423729,FALSE
"l2_gdt_alr","l1_platelet_alr",0.118,0.745762711864407,FALSE
"l2_mait_alr","l3_gzmk_cd56dim_nk_cell_alr",0.118,0.771186440677966,FALSE
"l2_naive_cd8_t_cell_alr","l1_ilc_alr",0.118,0.754237288135593,FALSE
"l2_proliferating_t_cell_alr","l3_intermediate_monocyte",0.118,0.533898305084746,FALSE
"l2_proliferating_t_cell_alr","l2_transitional_b_cell_alr",0.118,0.432203389830508,FALSE
"l3_gzmk_cd56dim_nk_cell_alr","l2_transitional_b_cell_alr",0.118,0.23728813559322,FALSE
"l3_gzmk_cd56dim_nk_cell_alr","l2_mait_alr",0.118,0.228813559322034,FALSE
"l3_gzmk_cd56dim_nk_cell_alr","l3_cd14_cdc2_alr",0.118,0.26271186440678,FALSE
"l3_isg_cd56dim_nk_cell_alr","sex",0.118,0,FALSE
"l3_isg_cd56dim_nk_cell_alr","l3_gzmb_cd27_em_cd4_t_cell_alt_alr",0.118,0.364406779661017,FALSE
"l3_cd14_cdc2_alr","l3_gzmk_cd56dim_nk_cell_alr",0.118,0.73728813559322,FALSE
"l3_type_2_polarized_memory_b_cell_alr","l3_sox4_naive_cd8_t_cell_alr",0.118,0.745762711864407,FALSE
"l3_gzmb_cd27_em_cd4_t_cell_alr","l3_intermediate_monocyte",0.118,0.474576271186441,FALSE
"l3_gzmb_cd27_em_cd4_t_cell_alt_alr","l3_isg_cd56dim_nk_cell_alr",0.118,0.635593220338983,FALSE
"l3_gzmb_cd27_em_cd4_t_cell_alt_alr","l3_isg_memory_cd8_t_cell_alr",0.118,0.457627118644068,FALSE
"l3_isg_memory_cd8_t_cell_alr","l3_gzmb_cd27_em_cd4_t_cell_alt_alr",0.118,0.542372881355932,FALSE
"l3_gzmk_cd27_em_cd8_t_cell_alt_alr","l3_klrf1_gzmb_cd27_em_cd8_t_cell_alt_alr",0.118,0.127118644067797,FALSE
"l3_klrf1_gzmb_cd27_em_cd8_t_cell_alr","l2_transitional_b_cell_alr",0.118,0.330508474576271,FALSE
"l3_klrf1_gzmb_cd27_em_cd8_t_cell_alt_alr","l3_gzmk_cd27_em_cd8_t_cell_alt_alr",0.118,0.872881355932203,FALSE
"l3_isg_naive_cd8_t_cell_alr","l2_plasma_cell_alr",0.118,0.483050847457627,FALSE
"l3_sox4_naive_cd8_t_cell_alr","l3_type_2_polarized_memory_b_cell_alr",0.118,0.254237288135593,FALSE
"l1_ilc_alr","l3_cdc1",0.118,0.440677966101695,FALSE
"l1_ilc_alr","l2_naive_cd8_t_cell_alr",0.118,0.245762711864407,FALSE
"l1_platelet_alr","l2_gdt_alr",0.118,0.254237288135593,FALSE
"l1_progenitor_cell_alr","l3_pdc",0.118,0.525423728813559,FALSE
"sex","l3_activated_memory_b_cell_alr",0.117,1,FALSE
"l3_intermediate_monocyte","l3_isg_cd14_monocyte_alr",0.117,0.418803418803419,FALSE
"l2_effector_b_cell_alr","l2_dn_t_cell_alr",0.117,0.58974358974359,FALSE
"l2_cdc1_alr","l2_treg_alr",0.117,0.726495726495726,FALSE
"l2_dn_t_cell_alr","l2_effector_b_cell_alr",0.117,0.41025641025641,FALSE
"l2_gdt_alr","l2_treg_alr",0.117,0.299145299145299,FALSE
"l2_memory_cd4_t_cell_alr","l3_early_memory_b_cell_alr",0.117,0.401709401709402,FALSE
"l2_treg_alr","l2_cdc1_alr",0.117,0.273504273504273,FALSE
"l2_treg_alr","l2_gdt_alr",0.117,0.700854700854701,FALSE
"l3_isg_cd14_monocyte_alr","l3_intermediate_monocyte",0.117,0.581196581196581,FALSE
"l3_gzmb_vd2_gdt_alr","l3_isg_naive_cd8_t_cell_alr",0.117,0.863247863247863,FALSE
"l3_activated_memory_b_cell_alr","sex",0.117,0,FALSE
"l3_early_memory_b_cell_alr","l2_memory_cd4_t_cell_alr",0.117,0.598290598290598,FALSE
"l3_gzmb_cd27_em_cd4_t_cell_alr","l3_isg_naive_cd8_t_cell_alr",0.117,0.726495726495726,FALSE
"l3_isg_naive_cd8_t_cell_alr","l3_gzmb_vd2_gdt_alr",0.117,0.136752136752137,FALSE
"l3_isg_naive_cd8_t_cell_alr","l3_gzmb_cd27_em_cd4_t_cell_alr",0.117,0.273504273504273,FALSE
"l2_platelet","l3_cd4_mait_alr",0.117,0.0769230769230769,FALSE
"l3_cd8aa","l3_gzmb_cd27_em_cd4_t_cell_alr",0.117,0.692307692307692,FALSE
"l3_cdc1","l3_gzmb_vd2_gdt_alr",0.117,0.393162393162393,FALSE
"l3_dn_t_cell","l3_type_2_polarized_memory_b_cell_alr",0.117,0.52991452991453,FALSE
"l3_ilc","l1_monocyte_alr",0.117,0.239316239316239,FALSE
"l3_baeomap_cell","l3_klrf1_effector_vd1_gdt_alt_alr",0.117,0.615384615384615,FALSE
"l3_baeomap_cell","l1_ilc_alr",0.117,0.606837606837607,FALSE
"l2_memory_b_cell_alr","l3_cd27_effector_b_cell_alt_alr",0.117,0.316239316239316,FALSE
"l2_plasma_cell_alr","l3_adaptive_nk_cell_alr",0.117,0.641025641025641,FALSE
"l2_cd16_monocyte_alr","l3_memory_cd8_treg_alr",0.117,0.487179487179487,FALSE
"l2_proliferating_nk_cell_alr","l3_klrf1_gzmb_cd27_em_cd8_t_cell_alr",0.117,0.615384615384615,FALSE
"l2_gdt_alr","l3_gzmk_cd56dim_nk_cell_alr",0.117,0.393162393162393,FALSE
"l2_gdt_alr","l3_activated_memory_b_cell_alr",0.117,0.487179487179487,FALSE
"l2_memory_cd4_t_cell_alr","l3_cd95_memory_b_cell_alr",0.117,0.461538461538462,FALSE
"l3_isg_cd14_monocyte_alr","l3_c1q_cd16_monocyte_alr",0.117,0.683760683760684,FALSE
"l3_c1q_cd16_monocyte_alr","l3_isg_cd14_monocyte_alr",0.117,0.316239316239316,FALSE
"l3_gzmk_cd56dim_nk_cell_alr","l2_gdt_alr",0.117,0.606837606837607,FALSE
"l3_adaptive_nk_cell_alr","l2_plasma_cell_alr",0.117,0.358974358974359,FALSE
"l3_cd27_effector_b_cell_alt_alr","l2_memory_b_cell_alr",0.117,0.683760683760684,FALSE
"l3_gzmb_vd2_gdt_alr","l3_cdc1",0.117,0.606837606837607,FALSE
"l3_klrf1_effector_vd1_gdt_alt_alr","l3_baeomap_cell",0.117,0.384615384615385,FALSE
"l3_cd4_mait_alr","l2_platelet",0.117,0.923076923076923,FALSE
"l3_activated_memory_b_cell_alr","l2_gdt_alr",0.117,0.512820512820513,FALSE
"l3_cd95_memory_b_cell_alr","l2_memory_cd4_t_cell_alr",0.117,0.538461538461539,FALSE
"l3_type_2_polarized_memory_b_cell_alr","l3_dn_t_cell",0.117,0.47008547008547,FALSE
"l3_gzmb_cd27_em_cd4_t_cell_alr","l3_cd8aa",0.117,0.307692307692308,FALSE
"l3_klrf1_gzmb_cd27_em_cd8_t_cell_alr","l2_proliferating_nk_cell_alr",0.117,0.384615384615385,FALSE
"l3_memory_cd8_treg_alr","l2_cd16_monocyte_alr",0.117,0.512820512820513,FALSE
"l1_monocyte_alr","l3_ilc",0.117,0.760683760683761,FALSE
"l1_ilc_alr","l3_baeomap_cell",0.117,0.393162393162393,FALSE
"cmv","l3_isg_naive_cd8_t_cell_alr",0.116,1,FALSE
"l2_ilc","l3_proliferating_t_cell",0.116,0.0344827586206897,FALSE
"l2_ilc","l3_isg_mait_alr",0.116,0.129310344827586,FALSE
"l3_intermediate_monocyte","l1_ilc_alr",0.116,0.732758620689655,FALSE
"l3_platelet","l3_sox4_vd1_gdt_alr",0.116,0.293103448275862,FALSE
"l3_proliferating_nk_cell","l3_sox4_naive_cd8_t_cell_alr",0.116,0.267241379310345,FALSE
"l3_proliferating_t_cell","l2_ilc",0.116,0.96551724137931,FALSE
"l3_proliferating_t_cell","l3_memory_cd8_treg_alr",0.116,0.706896551724138,FALSE
"l3_gzmb_vd2_gdt_alr","l1_b_cell_alr",0.116,0.568965517241379,FALSE
"l3_naive_vd1_gdt_alr","l3_klrb1_memory_cd8_treg_alr",0.116,0.28448275862069,FALSE
"l3_sox4_vd1_gdt_alr","l3_platelet",0.116,0.706896551724138,FALSE
"l3_isg_mait_alr","l2_ilc",0.116,0.870689655172414,FALSE
"l3_isg_naive_cd8_t_cell_alr","cmv",0.116,0,FALSE
"l3_sox4_naive_cd8_t_cell_alr","l3_proliferating_nk_cell",0.116,0.732758620689655,FALSE
"l3_klrb1_memory_cd8_treg_alr","l3_naive_vd1_gdt_alr",0.116,0.71551724137931,FALSE
"l3_memory_cd8_treg_alr","l3_proliferating_t_cell",0.116,0.293103448275862,FALSE
"l1_b_cell_alr","l3_gzmb_vd2_gdt_alr",0.116,0.431034482758621,FALSE
"l1_ilc_alr","l3_intermediate_monocyte",0.116,0.267241379310345,FALSE
"l3_cd56bright_nk_cell","l3_sox4_naive_cd4_t_cell_alr",0.116,0.336206896551724,FALSE
"l3_ilc","l3_cd4_mait_alr",0.116,0.318965517241379,FALSE
"l3_platelet","l3_isg_naive_b_cell_alr",0.116,0.612068965517241,FALSE
"l3_proliferating_nk_cell","l2_intermediate_monocyte_alr",0.116,0.344827586206897,FALSE
"l2_cdc1_alr","l3_isg_cd56dim_nk_cell_alr",0.116,0.387931034482759,FALSE
"l2_intermediate_monocyte_alr","l3_proliferating_nk_cell",0.116,0.655172413793103,FALSE
"l3_isg_cd16_monocyte_alr","l3_gzmk_memory_cd4_treg_alr",0.116,0.245689655172414,FALSE
"l3_isg_cd56dim_nk_cell_alr","l2_cdc1_alr",0.116,0.612068965517241,FALSE
"l3_cd27_effector_b_cell_alt_alr","l3_gzmb_cd27_em_cd4_t_cell_alt_alr",0.116,0.681034482758621,FALSE
"l3_cd4_mait_alr","l3_ilc",0.116,0.681034482758621,FALSE
"l3_gzmb_cd27_em_cd4_t_cell_alr","l3_klrf1_gzmb_cd27_em_cd8_t_cell_alr",0.116,0.650862068965517,FALSE
"l3_gzmb_cd27_em_cd4_t_cell_alt_alr","l3_cd27_effector_b_cell_alt_alr",0.116,0.318965517241379,FALSE
"l3_klrf1_gzmb_cd27_em_cd8_t_cell_alr","l3_gzmb_cd27_em_cd4_t_cell_alr",0.116,0.349137931034483,FALSE
"l3_isg_naive_b_cell_alr","l3_platelet",0.116,0.387931034482759,FALSE
"l3_sox4_naive_cd4_t_cell_alr","l3_cd56bright_nk_cell",0.116,0.663793103448276,FALSE
"l3_gzmk_memory_cd4_treg_alr","l3_isg_cd16_monocyte_alr",0.116,0.754310344827586,FALSE
"age_group","l3_isg_cdc2_alr",0.115,1,FALSE
"cmv","l2_effector_b_cell_alr",0.115,1,FALSE
"l3_cdc1","l2_transitional_b_cell_alr",0.115,0.28695652173913,FALSE
"l2_effector_b_cell_alr","cmv",0.115,0,FALSE
"l2_transitional_b_cell_alr","l3_cdc1",0.115,0.71304347826087,FALSE
"l2_transitional_b_cell_alr","l3_cm_cd8_t_cell_alr",0.115,0.504347826086956,FALSE
"l2_cd16_monocyte_alr","l3_klrf1_gzmb_cd27_em_cd8_t_cell_alr",0.115,0.695652173913043,FALSE
"l3_il1b_cd14_monocyte_alr","l3_klrf1_effector_vd1_gdt_alr",0.115,0.417391304347826,FALSE
"l3_isg_cdc2_alr","age_group",0.115,0,FALSE
"l3_klrf1_effector_vd1_gdt_alr","l3_il1b_cd14_monocyte_alr",0.115,0.582608695652174,FALSE
"l3_klrf1_effector_vd1_gdt_alr","l3_type_2_polarized_memory_b_cell_alr",0.115,0.304347826086957,FALSE
"l3_type_2_polarized_memory_b_cell_alr","l3_klrf1_effector_vd1_gdt_alr",0.115,0.695652173913043,FALSE
"l3_cm_cd8_t_cell_alr","l2_transitional_b_cell_alr",0.115,0.495652173913043,FALSE
"l3_gzmk_cd27_em_cd8_t_cell_alt_alr","l3_sox4_naive_cd4_t_cell_alr",0.115,0.408695652173913,FALSE
"l3_gzmk_cd27_em_cd8_t_cell_alt_alr","l1_dc_alr",0.115,0.182608695652174,FALSE
"l3_klrf1_gzmb_cd27_em_cd8_t_cell_alr","l2_cd16_monocyte_alr",0.115,0.304347826086957,FALSE
"l3_sox4_naive_cd4_t_cell_alr","l3_gzmk_cd27_em_cd8_t_cell_alt_alr",0.115,0.591304347826087,FALSE
"l1_dc_alr","l3_gzmk_cd27_em_cd8_t_cell_alt_alr",0.115,0.817391304347826,FALSE
"l2_progenitor_cell","l3_gzmb_cd27_em_cd4_t_cell_alr",0.115,0.547826086956522,FALSE
"l3_cd56bright_nk_cell","l3_proliferating_nk_cell",0.115,0.252173913043478,FALSE
"l3_cd56bright_nk_cell","l3_transitional_b_cell",0.115,0.652173913043478,FALSE
"l3_dn_t_cell","l3_sox4_vd1_gdt_alr",0.115,0.339130434782609,FALSE
"l3_proliferating_nk_cell","l3_cd56bright_nk_cell",0.115,0.747826086956522,FALSE
"l3_transitional_b_cell","l3_cd56bright_nk_cell",0.115,0.347826086956522,FALSE
"l2_effector_b_cell_alr","l3_klrf1_effector_vd1_gdt_alt_alr",0.115,0.643478260869565,FALSE
"l2_pdc_alr","l3_isg_memory_cd8_t_cell_alr",0.115,0.539130434782609,FALSE
"l2_memory_cd4_t_cell_alr","l3_sox4_vd1_gdt_alr",0.115,0.808695652173913,FALSE
"l2_memory_cd4_t_cell_alr","l3_clp_cell_alr",0.115,0.356521739130435,FALSE
"l2_memory_cd8_t_cell_alr","l1_erythrocyte_alr",0.115,0.782608695652174,FALSE
"l2_naive_cd8_t_cell_alr","l3_gzmk_cd56dim_nk_cell_alr",0.115,0.486956521739131,FALSE
"l3_c1q_cd16_monocyte_alr","l3_klrf1_effector_vd1_gdt_alt_alr",0.115,0.556521739130435,FALSE
"l3_c1q_cd16_monocyte_alr","l3_klrf1_gzmb_cd27_em_cd8_t_cell_alt_alr",0.115,0.31304347826087,FALSE
"l3_gzmk_cd56dim_nk_cell_alr","l2_naive_cd8_t_cell_alr",0.115,0.51304347826087,FALSE
"l3_klrf1_effector_vd1_gdt_alt_alr","l2_effector_b_cell_alr",0.115,0.356521739130435,FALSE
"l3_klrf1_effector_vd1_gdt_alt_alr","l3_c1q_cd16_monocyte_alr",0.115,0.443478260869565,FALSE
"l3_sox4_vd1_gdt_alr","l3_dn_t_cell",0.115,0.660869565217391,FALSE
"l3_sox4_vd1_gdt_alr","l2_memory_cd4_t_cell_alr",0.115,0.191304347826087,FALSE
"l3_gzmb_cd27_em_cd4_t_cell_alr","l2_progenitor_cell",0.115,0.452173913043478,FALSE
"l3_isg_memory_cd8_t_cell_alr","l2_pdc_alr",0.115,0.460869565217391,FALSE
"l3_klrf1_gzmb_cd27_em_cd8_t_cell_alt_alr","l3_c1q_cd16_monocyte_alr",0.115,0.68695652173913,FALSE
"l3_clp_cell_alr","l2_memory_cd4_t_cell_alr",0.115,0.643478260869565,FALSE
"l3_clp_cell_alr","l1_monocyte_alr",0.115,0.539130434782609,FALSE
"l1_monocyte_alr","l3_clp_cell_alr",0.115,0.460869565217391,FALSE
"l1_erythrocyte_alr","l2_memory_cd8_t_cell_alr",0.115,0.217391304347826,FALSE
"age_group","l2_pdc_alr",0.114,1,FALSE
"l2_ilc","l2_dn_t_cell_alr",0.114,0.0175438596491228,FALSE
"l3_dn_t_cell","l3_isg_naive_cd4_t_cell_alr",0.114,0.254385964912281,FALSE
"l3_transitional_b_cell","l3_isg_naive_cd4_t_cell_alr",0.114,0.166666666666667,FALSE
"l3_baeomap_cell","l3_isg_cd16_monocyte_alr",0.114,0.728070175438597,FALSE
"l2_memory_b_cell_alr","l2_gdt_alr",0.114,0.587719298245614,FALSE
"l2_plasma_cell_alr","l3_activated_memory_b_cell_alr",0.114,0.307017543859649,FALSE
"l2_pdc_alr","age_group",0.114,0,FALSE
"l2_dn_t_cell_alr","l2_ilc",0.114,0.982456140350877,FALSE
"l2_gdt_alr","l2_memory_b_cell_alr",0.114,0.412280701754386,FALSE
"l3_il1b_cd14_monocyte_alr","l3_gzmk_cd27_em_cd8_t_cell_alt_alr",0.114,0.736842105263158,FALSE
"l3_isg_cd16_monocyte_alr","l3_baeomap_cell",0.114,0.271929824561404,FALSE
"l3_gzmk_cd56dim_nk_cell_alr","l3_gzmk_cd27_em_cd8_t_cell_alt_alr",0.114,0.298245614035088,FALSE
"l3_activated_memory_b_cell_alr","l2_plasma_cell_alr",0.114,0.692982456140351,FALSE
"l3_gzmk_cd27_em_cd8_t_cell_alt_alr","l3_il1b_cd14_monocyte_alr",0.114,0.263157894736842,FALSE
"l3_gzmk_cd27_em_cd8_t_cell_alt_alr","l3_gzmk_cd56dim_nk_cell_alr",0.114,0.701754385964912,FALSE
"l3_isg_naive_cd4_t_cell_alr","l3_dn_t_cell",0.114,0.745614035087719,FALSE
"l3_isg_naive_cd4_t_cell_alr","l3_transitional_b_cell",0.114,0.833333333333333,FALSE
"l3_sox4_naive_cd4_t_cell_alr","l3_isg_naive_cd8_t_cell_alr",0.114,0.868421052631579,FALSE
"l3_isg_naive_cd8_t_cell_alr","l3_sox4_naive_cd4_t_cell_alr",0.114,0.131578947368421,FALSE
"l3_gzmk_memory_cd4_treg_alr","l3_naive_cd4_treg_alr",0.114,0.833333333333333,FALSE
"l3_naive_cd4_treg_alr","l3_gzmk_memory_cd4_treg_alr",0.114,0.166666666666667,FALSE
"l3_asdc","l1_progenitor_cell_alr",0.114,0.526315789473684,FALSE
"l2_transitional_b_cell_alr","l3_memory_cd8_treg_alr",0.114,0.473684210526316,FALSE
"l2_cdc1_alr","l3_isg_memory_cd4_t_cell_alr",0.114,0.236842105263158,FALSE
"l2_proliferating_nk_cell_alr","l3_isg_naive_cd8_t_cell_alr",0.114,0.359649122807018,FALSE
"l2_mait_alr","l3_sox4_vd1_gdt_alr",0.114,0.657894736842105,FALSE
"l3_isg_cdc2_alr","l3_isg_naive_b_cell_alr",0.114,0.315789473684211,FALSE
"l3_isg_cdc2_alr","l1_erythrocyte_alr",0.114,0.526315789473684,FALSE
"l3_sox4_vd1_gdt_alr","l2_mait_alr",0.114,0.342105263157895,FALSE
"l3_isg_memory_cd4_t_cell_alr","l2_cdc1_alr",0.114,0.763157894736842,FALSE
"l3_isg_naive_b_cell_alr","l3_isg_cdc2_alr",0.114,0.684210526315789,FALSE
"l3_isg_naive_cd8_t_cell_alr","l2_proliferating_nk_cell_alr",0.114,0.640350877192982,FALSE
"l3_memory_cd8_treg_alr","l2_transitional_b_cell_alr",0.114,0.526315789473684,FALSE
"l1_erythrocyte_alr","l3_isg_cdc2_alr",0.114,0.473684210526316,FALSE
"l1_progenitor_cell_alr","l3_asdc",0.114,0.473684210526316,FALSE
"cmv","l3_cd56bright_nk_cell",0.113,1,FALSE
"l3_cd56bright_nk_cell","cmv",0.113,0,FALSE
"l3_ilc","l2_gdt_alr",0.113,0.247787610619469,FALSE
"l3_plasma_cell","l2_cdc1_alr",0.113,0.557522123893805,FALSE
"l2_cdc1_alr","l3_plasma_cell",0.113,0.442477876106195,FALSE
"l2_pdc_alr","l2_intermediate_monocyte_alr",0.113,0.707964601769911,FALSE
"l2_pdc_alr","l3_klrb1_memory_cd8_treg_alr",0.113,0.398230088495575,FALSE
"l2_cd16_monocyte_alr","l3_isg_memory_cd4_t_cell_alr",0.113,0.725663716814159,FALSE
"l2_intermediate_monocyte_alr","l2_pdc_alr",0.113,0.292035398230089,FALSE
"l2_gdt_alr","l3_ilc",0.113,0.752212389380531,FALSE
"l3_il1b_cd14_monocyte_alr","l3_isg_cd14_monocyte_alr",0.113,0.283185840707965,FALSE
"l3_isg_cd14_monocyte_alr","l3_il1b_cd14_monocyte_alr",0.113,0.716814159292035,FALSE
"l3_cd27_effector_b_cell_alt_alr","l1_progenitor_cell_alr",0.113,0.442477876106195,FALSE
"l3_klrf1_effector_vd1_gdt_alt_alr","l1_ilc_alr",0.113,0.725663716814159,FALSE
"l3_isg_memory_cd4_t_cell_alr","l2_cd16_monocyte_alr",0.113,0.274336283185841,FALSE
"l3_klrb1_memory_cd8_treg_alr","l2_pdc_alr",0.113,0.601769911504425,FALSE
"l1_ilc_alr","l3_klrf1_effector_vd1_gdt_alt_alr",0.113,0.274336283185841,FALSE
"l1_progenitor_cell_alr","l3_cd27_effector_b_cell_alt_alr",0.113,0.557522123893805,FALSE
"l2_platelet","l2_plasma_cell_alr",0.113,0.371681415929204,FALSE
"l3_cd56bright_nk_cell","l3_erythrocyte",0.113,0.460176991150443,FALSE
"l3_cd8aa","l3_klrf1_gzmb_cd27_em_cd8_t_cell_alt_alr",0.113,0.31858407079646,FALSE
"l3_erythrocyte","l3_cd56bright_nk_cell",0.113,0.539823008849558,FALSE
"l2_plasma_cell_alr","l2_platelet",0.113,0.628318584070796,FALSE
"l2_cdc1_alr","l3_il1b_cd14_monocyte_alr",0.113,0.628318584070796,FALSE
"l3_il1b_cd14_monocyte_alr","l2_cdc1_alr",0.113,0.371681415929204,FALSE
"l3_isg_cd16_monocyte_alr","l1_monocyte_alr",0.113,0.548672566371681,FALSE
"l3_cd27_effector_b_cell_alt_alr","l3_memory_cd8_treg_alr",0.113,0.36283185840708,FALSE
"l3_naive_vd1_gdt_alr","l3_naive_cd4_treg_alr",0.113,0.336283185840708,FALSE
"l3_type_2_polarized_memory_b_cell_alr","l1_erythrocyte_alr",0.113,0.79646017699115,FALSE
"l3_isg_memory_cd4_t_cell_alr","l3_klrb1_memory_cd8_treg_alr",0.113,0.20353982300885,FALSE
"l3_klrf1_gzmb_cd27_em_cd8_t_cell_alt_alr","l3_cd8aa",0.113,0.68141592920354,FALSE
"l3_isg_naive_cd4_t_cell_alr","l1_monocyte_alr",0.113,0.36283185840708,FALSE
"l3_klrb1_memory_cd8_treg_alr","l3_isg_memory_cd4_t_cell_alr",0.113,0.79646017699115,FALSE
"l3_memory_cd8_treg_alr","l3_cd27_effector_b_cell_alt_alr",0.113,0.63716814159292,FALSE
"l3_naive_cd4_treg_alr","l3_naive_vd1_gdt_alr",0.113,0.663716814159292,FALSE
"l1_monocyte_alr","l3_isg_cd16_monocyte_alr",0.113,0.451327433628319,FALSE
"l1_monocyte_alr","l3_isg_naive_cd4_t_cell_alr",0.113,0.63716814159292,FALSE
"l1_erythrocyte_alr","l3_type_2_polarized_memory_b_cell_alr",0.113,0.20353982300885,FALSE
"age_group","l2_progenitor_cell",0.112,1,FALSE
"age_group","l3_isg_memory_cd8_t_cell_alr",0.112,1,FALSE
"sex","l2_memory_cd4_t_cell_alr",0.112,1,FALSE
"l2_erythrocyte","l3_cdc1",0.112,0.428571428571429,FALSE
"l2_ilc","l3_il1b_cd14_monocyte_alr",0.112,0.116071428571429,FALSE
"l2_progenitor_cell","age_group",0.112,0,FALSE
"l3_asdc","l3_cm_cd8_t_cell_alr",0.112,0.6875,FALSE
"l3_cdc1","l2_erythrocyte",0.112,0.571428571428571,FALSE
"l3_cdc1","l3_isg_cd56dim_nk_cell_alr",0.112,0.276785714285714,FALSE
"l3_dn_t_cell","l2_effector_b_cell_alr",0.112,0.517857142857143,FALSE
"l3_platelet","l3_isg_cd16_monocyte_alr",0.112,0.3125,FALSE
"l3_proliferating_t_cell","l3_il1b_cd14_monocyte_alr",0.112,0.401785714285714,FALSE
"l2_effector_b_cell_alr","l3_dn_t_cell",0.112,0.482142857142857,FALSE
"l2_memory_b_cell_alr","l2_memory_cd8_t_cell_alr",0.112,0.589285714285714,FALSE
"l2_intermediate_monocyte_alr","l3_adaptive_nk_cell_alr",0.112,0.258928571428571,FALSE
"l2_memory_cd4_t_cell_alr","sex",0.112,0,FALSE
"l2_memory_cd8_t_cell_alr","l2_memory_b_cell_alr",0.112,0.410714285714286,FALSE
"l2_treg_alr","l3_adaptive_nk_cell_alr",0.112,0.482142857142857,FALSE
"l2_treg_alr","l1_dc_alr",0.112,0.5625,FALSE
"l3_il1b_cd14_monocyte_alr","l2_ilc",0.112,0.883928571428571,FALSE
"l3_il1b_cd14_monocyte_alr","l3_proliferating_t_cell",0.112,0.598214285714286,FALSE
"l3_il1b_cd14_monocyte_alr","l3_isg_memory_cd4_t_cell_alr",0.112,0.517857142857143,FALSE
"l3_isg_cd16_monocyte_alr","l3_platelet",0.112,0.6875,FALSE
"l3_isg_cd56dim_nk_cell_alr","l3_cdc1",0.112,0.723214285714286,FALSE
"l3_adaptive_nk_cell_alr","l2_intermediate_monocyte_alr",0.112,0.741071428571429,FALSE
"l3_adaptive_nk_cell_alr","l2_treg_alr",0.112,0.517857142857143,FALSE
"l3_activated_memory_b_cell_alr","l3_gzmb_cd27_em_cd4_t_cell_alr",0.112,0.428571428571429,FALSE
"l3_type_2_polarized_memory_b_cell_alr","l1_b_cell_alr",0.112,0.580357142857143,FALSE
"l3_isg_memory_cd4_t_cell_alr","l3_il1b_cd14_monocyte_alr",0.112,0.482142857142857,FALSE
"l3_gzmb_cd27_em_cd4_t_cell_alr","l3_activated_memory_b_cell_alr",0.112,0.571428571428571,FALSE
"l3_isg_memory_cd8_t_cell_alr","age_group",0.112,0,FALSE
"l3_cm_cd8_t_cell_alr","l3_asdc",0.112,0.3125,FALSE
"l1_dc_alr","l2_treg_alr",0.112,0.4375,FALSE
"l1_b_cell_alr","l3_type_2_polarized_memory_b_cell_alr",0.112,0.419642857142857,FALSE
"l2_cd56bright_nk_cell_alr","l3_isg_memory_cd4_t_cell_alr",0.112,0.196428571428571,FALSE
"l2_proliferating_nk_cell_alr","l3_il1b_cd14_monocyte_alr",0.112,0.321428571428571,FALSE
"l3_il1b_cd14_monocyte_alr","l2_proliferating_nk_cell_alr",0.112,0.678571428571429,FALSE
"l3_isg_cd56dim_nk_cell_alr","l3_klrf1_effector_vd1_gdt_alr",0.112,0.232142857142857,FALSE
"l3_klrf1_effector_vd1_gdt_alr","l3_isg_cd56dim_nk_cell_alr",0.112,0.767857142857143,FALSE
"l3_isg_memory_cd4_t_cell_alr","l2_cd56bright_nk_cell_alr",0.112,0.803571428571429,FALSE
"l3_klrf1_gzmb_cd27_memory_cd4_t_cell_alr","l3_sox4_naive_cd4_t_cell_alr",0.112,0.642857142857143,FALSE
"l3_sox4_naive_cd4_t_cell_alr","l3_klrf1_gzmb_cd27_memory_cd4_t_cell_alr",0.112,0.357142857142857,FALSE
"l2_mait_alr","l1_platelet_alr",0.111,0.621621621621622,FALSE
"l1_platelet_alr","l2_mait_alr",0.111,0.378378378378378,FALSE
"l3_cd56bright_nk_cell","l3_c1q_cd16_monocyte_alr",0.111,0.477477477477477,FALSE
"l3_cdc1","l2_gdt_alr",0.111,0.432432432432432,FALSE
"l3_dn_t_cell","l2_plasma_cell_alr",0.111,0.765765765765766,FALSE
"l3_plasma_cell","l1_progenitor_cell_alr",0.111,0.693693693693694,FALSE
"l3_proliferating_nk_cell","l3_klrf1_gzmb_cd27_em_cd8_t_cell_alt_alr",0.111,0.243243243243243,FALSE
"l3_transitional_b_cell","l3_early_memory_b_cell_alr",0.111,0.162162162162162,FALSE
"l3_baeomap_cell","l3_cd14_cdc2_alr",0.111,0.423423423423423,FALSE
"l2_plasma_cell_alr","l3_dn_t_cell",0.111,0.234234234234234,FALSE
"l2_gdt_alr","l3_cdc1",0.111,0.567567567567568,FALSE
"l2_memory_cd8_t_cell_alr","l1_ilc_alr",0.111,0.81981981981982,FALSE
"l3_c1q_cd16_monocyte_alr","l3_cd56bright_nk_cell",0.111,0.522522522522523,FALSE
"l3_c1q_cd16_monocyte_alr","l3_naive_cd4_treg_alr",0.111,0.585585585585586,FALSE
"l3_gzmk_cd56dim_nk_cell_alr","l1_erythrocyte_alr",0.111,0.252252252252252,FALSE
"l3_cd14_cdc2_alr","l3_baeomap_cell",0.111,0.576576576576577,FALSE
"l3_cd27_effector_b_cell_alt_alr","l3_type_2_polarized_memory_b_cell_alr",0.111,0.405405405405405,FALSE
"l3_klrf1_effector_vd1_gdt_alt_alr","l1_platelet_alr",0.111,0.693693693693694,FALSE
"l3_cd4_mait_alr","l1_ilc_alr",0.111,0.810810810810811,FALSE
"l3_early_memory_b_cell_alr","l3_transitional_b_cell",0.111,0.837837837837838,FALSE
"l3_type_2_polarized_memory_b_cell_alr","l3_cd27_effector_b_cell_alt_alr",0.111,0.594594594594595,FALSE
"l3_klrf1_gzmb_cd27_em_cd8_t_cell_alt_alr","l3_proliferating_nk_cell",0.111,0.756756756756757,FALSE
"l3_naive_cd4_treg_alr","l3_c1q_cd16_monocyte_alr",0.111,0.414414414414414,FALSE
"l1_erythrocyte_alr","l3_gzmk_cd56dim_nk_cell_alr",0.111,0.747747747747748,FALSE
"l1_ilc_alr","l2_memory_cd8_t_cell_alr",0.111,0.18018018018018,FALSE
"l1_ilc_alr","l3_cd4_mait_alr",0.111,0.189189189189189,FALSE
"l1_platelet_alr","l3_klrf1_effector_vd1_gdt_alt_alr",0.111,0.306306306306306,FALSE
"l1_progenitor_cell_alr","l3_plasma_cell",0.111,0.306306306306306,FALSE
"l3_erythrocyte","l3_gzmb_cd27_em_cd4_t_cell_alt_alr",0.111,0.216216216216216,FALSE
"l2_proliferating_nk_cell_alr","l3_isg_naive_b_cell_alr",0.111,0.31981981981982,FALSE
"l2_memory_cd8_t_cell_alr","l3_gzmk_cd27_em_cd8_t_cell_alt_alr",0.111,0.459459459459459,FALSE
"l3_gzmb_cd27_em_cd4_t_cell_alt_alr","l3_erythrocyte",0.111,0.783783783783784,FALSE
"l3_gzmk_cd27_em_cd8_t_cell_alt_alr","l2_memory_cd8_t_cell_alr",0.111,0.540540540540541,FALSE
"l3_isg_naive_b_cell_alr","l2_proliferating_nk_cell_alr",0.111,0.68018018018018,FALSE
"l2_effector_b_cell_alr","l3_isg_mait_alr",0.11,0.618181818181818,FALSE
"l2_transitional_b_cell_alr","l2_cdc1_alr",0.11,0.618181818181818,FALSE
"l2_cdc1_alr","l2_transitional_b_cell_alr",0.11,0.381818181818182,FALSE
"l3_isg_cd14_monocyte_alr","l1_monocyte_alr",0.11,0.381818181818182,FALSE
"l3_isg_mait_alr","l2_effector_b_cell_alr",0.11,0.381818181818182,FALSE
"l1_monocyte_alr","l3_isg_cd14_monocyte_alr",0.11,0.618181818181818,FALSE
"sex","l2_gdt_alr",0.11,1,FALSE
"l2_erythrocyte","l3_il1b_cd14_monocyte_alr",0.11,0.154545454545455,FALSE
"l2_progenitor_cell","l3_sox4_naive_cd4_t_cell_alr",0.11,0.690909090909091,FALSE
"l3_dn_t_cell","l3_ilc",0.11,0.809090909090909,FALSE
"l3_dn_t_cell","l3_proliferating_nk_cell",0.11,0.572727272727273,FALSE
"l3_ilc","l3_dn_t_cell",0.11,0.190909090909091,FALSE
"l3_ilc","l2_memory_cd4_t_cell_alr",0.11,0.127272727272727,FALSE
"l3_pdc","l3_proliferating_nk_cell",0.11,0.763636363636364,FALSE
"l3_proliferating_nk_cell","l3_dn_t_cell",0.11,0.427272727272727,FALSE
"l3_proliferating_nk_cell","l3_pdc",0.11,0.236363636363636,FALSE
"l3_proliferating_nk_cell","l3_klrf1_effector_vd1_gdt_alr",0.11,0.272727272727273,FALSE
"l3_transitional_b_cell","l2_cd8aa_alr",0.11,0.172727272727273,FALSE
"l3_baeomap_cell","l2_mait_alr",0.11,0.427272727272727,FALSE
"l2_asdc_alr","l2_mait_alr",0.11,0.436363636363636,FALSE
"l2_cd16_monocyte_alr","l2_proliferating_nk_cell_alr",0.11,0.754545454545455,FALSE
"l2_cd56bright_nk_cell_alr","l3_klrf1_gzmb_cd27_em_cd8_t_cell_alr",0.11,0.518181818181818,FALSE
"l2_proliferating_nk_cell_alr","l2_cd16_monocyte_alr",0.11,0.245454545454545,FALSE
"l2_cd8aa_alr","l3_transitional_b_cell",0.11,0.827272727272727,FALSE
"l2_cd8aa_alr","l3_early_memory_b_cell_alr",0.11,0.609090909090909,FALSE
"l2_gdt_alr","sex",0.11,0,FALSE
"l2_mait_alr","l3_baeomap_cell",0.11,0.572727272727273,FALSE
"l2_mait_alr","l2_asdc_alr",0.11,0.563636363636364,FALSE
"l2_memory_cd4_t_cell_alr","l3_ilc",0.11,0.872727272727273,FALSE
"l3_il1b_cd14_monocyte_alr","l2_erythrocyte",0.11,0.845454545454545,FALSE
"l3_klrf1_effector_vd1_gdt_alr","l3_proliferating_nk_cell",0.11,0.727272727272727,FALSE
"l3_klrf1_effector_vd1_gdt_alr","l3_isg_naive_cd8_t_cell_alr",0.11,0.681818181818182,FALSE
"l3_cd4_mait_alr","l3_klrb1_memory_cd4_treg_alr",0.11,0.681818181818182,FALSE
"l3_early_memory_b_cell_alr","l2_cd8aa_alr",0.11,0.390909090909091,FALSE
"l3_klrf1_gzmb_cd27_memory_cd4_t_cell_alr","l3_klrf1_gzmb_cd27_em_cd8_t_cell_alr",0.11,0.909090909090909,FALSE
"l3_klrf1_gzmb_cd27_memory_cd4_t_cell_alr","l3_isg_naive_b_cell_alr",0.11,0.972727272727273,FALSE
"l3_gzmb_cd27_em_cd4_t_cell_alr","l3_sox4_naive_cd8_t_cell_alr",0.11,0.563636363636364,FALSE
"l3_cm_cd8_t_cell_alr","l3_klrb1_memory_cd8_treg_alr",0.11,0.254545454545455,FALSE
"l3_klrf1_gzmb_cd27_em_cd8_t_cell_alr","l2_cd56bright_nk_cell_alr",0.11,0.481818181818182,FALSE
"l3_klrf1_gzmb_cd27_em_cd8_t_cell_alr","l3_klrf1_gzmb_cd27_memory_cd4_t_cell_alr",0.11,0.0909090909090909,FALSE
"l3_isg_naive_b_cell_alr","l3_klrf1_gzmb_cd27_memory_cd4_t_cell_alr",0.11,0.0272727272727273,FALSE
"l3_sox4_naive_cd4_t_cell_alr","l2_progenitor_cell",0.11,0.309090909090909,FALSE
"l3_isg_naive_cd8_t_cell_alr","l3_klrf1_effector_vd1_gdt_alr",0.11,0.318181818181818,FALSE
"l3_sox4_naive_cd8_t_cell_alr","l3_gzmb_cd27_em_cd4_t_cell_alr",0.11,0.436363636363636,FALSE
"l3_sox4_naive_cd8_t_cell_alr","l1_dc_alr",0.11,0.236363636363636,FALSE
"l3_klrb1_memory_cd4_treg_alr","l3_cd4_mait_alr",0.11,0.318181818181818,FALSE
"l3_klrb1_memory_cd8_treg_alr","l3_cm_cd8_t_cell_alr",0.11,0.745454545454545,FALSE
"l1_dc_alr","l3_sox4_naive_cd8_t_cell_alr",0.11,0.763636363636364,FALSE
"l2_transitional_b_cell_alr","l2_proliferating_nk_cell_alr",0.109,0.775229357798165,FALSE
"l2_transitional_b_cell_alr","l1_dc_alr",0.109,0.36697247706422,FALSE
"l2_proliferating_nk_cell_alr","l2_transitional_b_cell_alr",0.109,0.224770642201835,FALSE
"l3_cd14_cdc2_alr","l3_klrb1_memory_cd4_treg_alr",0.109,0.623853211009174,FALSE
"l3_klrb1_memory_cd4_treg_alr","l3_cd14_cdc2_alr",0.109,0.376146788990826,FALSE
"l1_dc_alr","l2_transitional_b_cell_alr",0.109,0.63302752293578,FALSE
"cmv","l2_mait_alr",0.109,1,FALSE
"l2_progenitor_cell","l3_asdc",0.109,0.321100917431193,FALSE
"l3_asdc","l2_progenitor_cell",0.109,0.678899082568807,FALSE
"l3_cd8aa","l1_platelet_alr",0.109,0.678899082568807,FALSE
"l3_cdc1","l2_memory_b_cell_alr",0.109,0.321100917431193,FALSE
"l2_memory_b_cell_alr","l3_cdc1",0.109,0.678899082568807,FALSE
"l2_pdc_alr","l3_cd14_cdc2_alr",0.109,0.422018348623853,FALSE
"l2_cd16_monocyte_alr","l2_naive_cd8_t_cell_alr",0.109,0.467889908256881,FALSE
"l2_mait_alr","cmv",0.109,0,FALSE
"l2_mait_alr","l3_c1q_cd16_monocyte_alr",0.109,0.467889908256881,FALSE
"l2_naive_cd8_t_cell_alr","l2_cd16_monocyte_alr",0.109,0.532110091743119,FALSE
"l2_naive_cd8_t_cell_alr","l3_cm_cd8_t_cell_alr",0.109,0.605504587155963,FALSE
"l3_il1b_cd14_monocyte_alr","l3_sox4_naive_cd8_t_cell_alr",0.109,0.706422018348624,FALSE
"l3_c1q_cd16_monocyte_alr","l2_mait_alr",0.109,0.532110091743119,FALSE
"l3_gzmk_cd56dim_nk_cell_alr","l3_klrf1_effector_vd1_gdt_alr",0.109,0.55045871559633,FALSE
"l3_cd14_cdc2_alr","l2_pdc_alr",0.109,0.577981651376147,FALSE
"l3_klrf1_effector_vd1_gdt_alr","l3_gzmk_cd56dim_nk_cell_alr",0.109,0.44954128440367,FALSE
"l3_klrf1_effector_vd1_gdt_alr","l3_isg_mait_alr",0.109,0.715596330275229,FALSE
"l3_klrf1_effector_vd1_gdt_alt_alr","l1_erythrocyte_alr",0.109,0.678899082568807,FALSE
"l3_cd4_mait_alr","l3_gzmk_cd27_em_cd8_t_cell_alt_alr",0.109,0.605504587155963,FALSE
"l3_isg_mait_alr","l3_klrf1_effector_vd1_gdt_alr",0.109,0.284403669724771,FALSE
"l3_isg_mait_alr","l1_erythrocyte_alr",0.109,0.403669724770642,FALSE
"l3_type_2_polarized_memory_b_cell_alr","l1_platelet_alr",0.109,0.752293577981651,FALSE
"l3_gzmb_cd27_em_cd4_t_cell_alt_alr","l1_b_cell_alr",0.109,0.26605504587156,FALSE
"l3_cm_cd8_t_cell_alr","l2_naive_cd8_t_cell_alr",0.109,0.394495412844037,FALSE
"l3_gzmk_cd27_em_cd8_t_cell_alt_alr","l3_cd4_mait_alr",0.109,0.394495412844037,FALSE
"l3_sox4_naive_cd8_t_cell_alr","l3_il1b_cd14_monocyte_alr",0.109,0.293577981651376,FALSE
"l1_b_cell_alr","l3_gzmb_cd27_em_cd4_t_cell_alt_alr",0.109,0.73394495412844,FALSE
"l1_erythrocyte_alr","l3_klrf1_effector_vd1_gdt_alt_alr",0.109,0.321100917431193,FALSE
"l1_erythrocyte_alr","l3_isg_mait_alr",0.109,0.596330275229358,FALSE
"l1_platelet_alr","l3_cd8aa",0.109,0.321100917431193,FALSE
"l1_platelet_alr","l3_type_2_polarized_memory_b_cell_alr",0.109,0.247706422018349,FALSE
"l3_intermediate_monocyte","l2_memory_cd8_t_cell_alr",0.109,0.201834862385321,FALSE
"l2_cdc1_alr","l1_ilc_alr",0.109,0.788990825688073,FALSE
"l2_memory_cd8_t_cell_alr","l3_intermediate_monocyte",0.109,0.798165137614679,FALSE
"l3_klrf1_effector_vd1_gdt_alr","l3_gzmb_cd27_em_cd4_t_cell_alt_alr",0.109,0.339449541284404,FALSE
"l3_gzmb_cd27_em_cd4_t_cell_alt_alr","l3_klrf1_effector_vd1_gdt_alr",0.109,0.660550458715596,FALSE
"l1_ilc_alr","l2_cdc1_alr",0.109,0.211009174311927,FALSE
"l3_proliferating_nk_cell","l1_progenitor_cell_alr",0.108,0.638888888888889,FALSE
"l3_isg_cd16_monocyte_alr","l3_cd27_effector_b_cell_alt_alr",0.108,0.611111111111111,FALSE
"l3_cd27_effector_b_cell_alt_alr","l3_isg_cd16_monocyte_alr",0.108,0.388888888888889,FALSE
"l1_progenitor_cell_alr","l3_proliferating_nk_cell",0.108,0.361111111111111,FALSE
"sex","l3_isg_cd16_monocyte_alr",0.108,1,FALSE
"cmv","l1_monocyte_alr",0.108,1,FALSE
"l2_ilc","l2_intermediate_monocyte_alr",0.108,0.157407407407407,FALSE
"l2_ilc","l3_isg_cdc2_alr",0.108,0.12962962962963,FALSE
"l2_platelet","l2_proliferating_nk_cell_alr",0.108,0.185185185185185,FALSE
"l3_asdc","l2_memory_cd8_t_cell_alr",0.108,0.407407407407407,FALSE
"l3_asdc","l3_isg_memory_cd8_t_cell_alr",0.108,0.509259259259259,FALSE
"l3_cd56bright_nk_cell","l3_klrf1_gzmb_cd27_em_cd8_t_cell_alt_alr",0.108,0.296296296296296,FALSE
"l3_erythrocyte","l3_klrb1_memory_cd4_treg_alr",0.108,0.453703703703704,FALSE
"l3_plasma_cell","l1_nk_cell_alr",0.108,0.185185185185185,FALSE
"l3_transitional_b_cell","l3_sox4_naive_cd4_t_cell_alr",0.108,0.111111111111111,FALSE
"l2_intermediate_monocyte_alr","l2_ilc",0.108,0.842592592592593,FALSE
"l2_proliferating_nk_cell_alr","l2_platelet",0.108,0.814814814814815,FALSE
"l2_memory_cd8_t_cell_alr","l3_asdc",0.108,0.592592592592593,FALSE
"l2_proliferating_t_cell_alr","l3_type_2_polarized_memory_b_cell_alr",0.108,0.527777777777778,FALSE
"l3_isg_cd16_monocyte_alr","sex",0.108,0,FALSE
"l3_adaptive_nk_cell_alr","l3_type_2_polarized_memory_b_cell_alr",0.108,0.314814814814815,FALSE
"l3_isg_cdc2_alr","l2_ilc",0.108,0.87037037037037,FALSE
"l3_type_2_polarized_memory_b_cell_alr","l2_proliferating_t_cell_alr",0.108,0.472222222222222,FALSE
"l3_type_2_polarized_memory_b_cell_alr","l3_adaptive_nk_cell_alr",0.108,0.685185185185185,FALSE
"l3_gzmb_cd27_em_cd4_t_cell_alr","l3_klrb1_memory_cd8_treg_alr",0.108,0.425925925925926,FALSE
"l3_isg_memory_cd8_t_cell_alr","l3_asdc",0.108,0.490740740740741,FALSE
"l3_klrf1_gzmb_cd27_em_cd8_t_cell_alt_alr","l3_cd56bright_nk_cell",0.108,0.703703703703704,FALSE
"l3_sox4_naive_cd4_t_cell_alr","l3_transitional_b_cell",0.108,0.888888888888889,FALSE
"l3_klrb1_memory_cd4_treg_alr","l3_erythrocyte",0.108,0.546296296296296,FALSE
"l3_klrb1_memory_cd8_treg_alr","l3_gzmb_cd27_em_cd4_t_cell_alr",0.108,0.574074074074074,FALSE
"l1_monocyte_alr","cmv",0.108,0,FALSE
"l1_nk_cell_alr","l3_plasma_cell",0.108,0.814814814814815,FALSE
"l2_effector_b_cell_alr","l3_gzmb_vd2_gdt_alr",0.107,0.52803738317757,FALSE
"l2_cd56bright_nk_cell_alr","l2_gdt_alr",0.107,0.383177570093458,FALSE
"l2_gdt_alr","l2_cd56bright_nk_cell_alr",0.107,0.616822429906542,FALSE
"l2_gdt_alr","l3_adaptive_nk_cell_alr",0.107,0.355140186915888,FALSE
"l2_naive_cd8_t_cell_alr","l3_klrf1_gzmb_cd27_em_cd8_t_cell_alr",0.107,0.635514018691589,FALSE
"l3_adaptive_nk_cell_alr","l2_gdt_alr",0.107,0.644859813084112,FALSE
"l3_gzmb_vd2_gdt_alr","l2_effector_b_cell_alr",0.107,0.47196261682243,FALSE
"l3_gzmb_vd2_gdt_alr","l3_isg_memory_cd4_t_cell_alr",0.107,0.616822429906542,FALSE
"l3_isg_memory_cd4_t_cell_alr","l3_gzmb_vd2_gdt_alr",0.107,0.383177570093458,FALSE
"l3_klrf1_gzmb_cd27_em_cd8_t_cell_alr","l2_naive_cd8_t_cell_alr",0.107,0.364485981308411,FALSE
"cmv","l3_dn_t_cell",0.107,1,FALSE
"l2_platelet","l3_isg_cd56dim_nk_cell_alr",0.107,0.158878504672897,FALSE
"l2_platelet","l3_isg_mait_alr",0.107,0.130841121495327,FALSE
"l3_cd8aa","l2_intermediate_monocyte_alr",0.107,0.579439252336449,FALSE
"l3_dn_t_cell","cmv",0.107,0,FALSE
"l3_dn_t_cell","l2_pdc_alr",0.107,0.252336448598131,FALSE
"l3_platelet","l3_klrf1_gzmb_cd27_em_cd8_t_cell_alr",0.107,0.476635514018692,FALSE
"l2_cdc1_alr","l3_gzmk_memory_cd4_treg_alr",0.107,0.429906542056075,FALSE
"l2_pdc_alr","l3_dn_t_cell",0.107,0.747663551401869,FALSE
"l2_pdc_alr","l3_cd4_mait_alr",0.107,0.401869158878505,FALSE
"l2_pdc_alr","l1_progenitor_cell_alr",0.107,0.485981308411215,FALSE
"l2_intermediate_monocyte_alr","l3_cd8aa",0.107,0.420560747663551,FALSE
"l2_cd8aa_alr","l3_gzmb_cd27_em_cd4_t_cell_alt_alr",0.107,0.401869158878505,FALSE
"l2_dn_t_cell_alr","l1_ilc_alr",0.107,0.747663551401869,FALSE
"l2_gdt_alr","l3_cd27_effector_b_cell_alt_alr",0.107,0.495327102803738,FALSE
"l2_memory_cd4_t_cell_alr","l3_isg_cdc2_alr",0.107,0.495327102803738,FALSE
"l2_memory_cd4_t_cell_alr","l1_ilc_alr",0.107,0.813084112149533,FALSE
"l2_memory_cd8_t_cell_alr","l3_sox4_naive_cd8_t_cell_alr",0.107,0.682242990654206,FALSE
"l3_isg_cd14_monocyte_alr","l3_memory_cd8_treg_alr",0.107,0.271028037383178,FALSE
"l3_c1q_cd16_monocyte_alr","l3_gzmb_cd27_em_cd4_t_cell_alr",0.107,0.700934579439252,FALSE
"l3_isg_cd56dim_nk_cell_alr","l2_platelet",0.107,0.841121495327103,FALSE
"l3_isg_cdc2_alr","l2_memory_cd4_t_cell_alr",0.107,0.504672897196262,FALSE
"l3_cd27_effector_b_cell_alt_alr","l2_gdt_alr",0.107,0.504672897196262,FALSE
"l3_cd4_mait_alr","l2_pdc_alr",0.107,0.598130841121495,FALSE
"l3_isg_mait_alr","l2_platelet",0.107,0.869158878504673,FALSE
"l3_isg_mait_alr","l3_gzmb_cd27_em_cd4_t_cell_alr",0.107,0.280373831775701,FALSE
"l3_gzmb_cd27_em_cd4_t_cell_alr","l3_c1q_cd16_monocyte_alr",0.107,0.299065420560748,FALSE
"l3_gzmb_cd27_em_cd4_t_cell_alr","l3_isg_mait_alr",0.107,0.719626168224299,FALSE
"l3_gzmb_cd27_em_cd4_t_cell_alt_alr","l2_cd8aa_alr",0.107,0.598130841121495,FALSE
"l3_isg_memory_cd8_t_cell_alr","l3_clp_cell_alr",0.107,0.280373831775701,FALSE
"l3_klrf1_gzmb_cd27_em_cd8_t_cell_alr","l3_platelet",0.107,0.523364485981308,FALSE
"l3_sox4_naive_cd8_t_cell_alr","l2_memory_cd8_t_cell_alr",0.107,0.317757009345794,FALSE
"l3_clp_cell_alr","l3_isg_memory_cd8_t_cell_alr",0.107,0.719626168224299,FALSE
"l3_gzmk_memory_cd4_treg_alr","l2_cdc1_alr",0.107,0.570093457943925,FALSE
"l3_memory_cd8_treg_alr","l3_isg_cd14_monocyte_alr",0.107,0.728971962616822,FALSE
"l1_ilc_alr","l2_dn_t_cell_alr",0.107,0.252336448598131,FALSE
"l1_ilc_alr","l2_memory_cd4_t_cell_alr",0.107,0.186915887850467,FALSE
"l1_progenitor_cell_alr","l2_pdc_alr",0.107,0.514018691588785,FALSE
"l2_progenitor_cell","l3_isg_cd56dim_nk_cell_alr",0.106,0.349056603773585,FALSE
"l2_progenitor_cell","l3_naive_cd4_treg_alr",0.106,0.60377358490566,FALSE
"l3_cd8aa","l3_sox4_naive_cd8_t_cell_alr",0.106,0.783018867924528,FALSE
"l2_plasma_cell_alr","l1_platelet_alr",0.106,0.471698113207547,FALSE
"l2_plasma_cell_alr","l1_progenitor_cell_alr",0.106,0.547169811320755,FALSE
"l2_cd56bright_nk_cell_alr","l2_dn_t_cell_alr",0.106,0.39622641509434,FALSE
"l2_proliferating_nk_cell_alr","l2_proliferating_t_cell_alr",0.106,0.339622641509434,FALSE
"l2_dn_t_cell_alr","l2_cd56bright_nk_cell_alr",0.106,0.60377358490566,FALSE
"l2_naive_cd8_t_cell_alr","l3_isg_naive_cd4_t_cell_alr",0.106,0.60377358490566,FALSE
"l2_proliferating_t_cell_alr","l2_proliferating_nk_cell_alr",0.106,0.660377358490566,FALSE
"l3_c1q_cd16_monocyte_alr","l3_klrf1_gzmb_cd27_em_cd8_t_cell_alr",0.106,0.622641509433962,FALSE
"l3_isg_cd16_monocyte_alr","l3_sox4_vd1_gdt_alr",0.106,0.773584905660377,FALSE
"l3_isg_cd56dim_nk_cell_alr","l2_progenitor_cell",0.106,0.650943396226415,FALSE
"l3_isg_cd56dim_nk_cell_alr","l3_klrb1_memory_cd8_treg_alr",0.106,0.216981132075472,FALSE
"l3_klrf1_effector_vd1_gdt_alt_alr","l3_isg_naive_cd8_t_cell_alr",0.106,0.452830188679245,FALSE
"l3_naive_vd1_gdt_alr","l1_monocyte_alr",0.106,0.39622641509434,FALSE
"l3_sox4_vd1_gdt_alr","l3_isg_cd16_monocyte_alr",0.106,0.226415094339623,FALSE
"l3_klrf1_gzmb_cd27_em_cd8_t_cell_alr","l3_c1q_cd16_monocyte_alr",0.106,0.377358490566038,FALSE
"l3_isg_naive_cd4_t_cell_alr","l2_naive_cd8_t_cell_alr",0.106,0.39622641509434,FALSE
"l3_sox4_naive_cd4_t_cell_alr","l1_nk_cell_alr",0.106,0.764150943396226,FALSE
"l3_isg_naive_cd8_t_cell_alr","l3_klrf1_effector_vd1_gdt_alt_alr",0.106,0.547169811320755,FALSE
"l3_sox4_naive_cd8_t_cell_alr","l3_cd8aa",0.106,0.216981132075472,FALSE
"l3_klrb1_memory_cd8_treg_alr","l3_isg_cd56dim_nk_cell_alr",0.106,0.783018867924528,FALSE
"l3_naive_cd4_treg_alr","l2_progenitor_cell",0.106,0.39622641509434,FALSE
"l1_monocyte_alr","l3_naive_vd1_gdt_alr",0.106,0.60377358490566,FALSE
"l1_nk_cell_alr","l3_sox4_naive_cd4_t_cell_alr",0.106,0.235849056603774,FALSE
"l1_platelet_alr","l2_plasma_cell_alr",0.106,0.528301886792453,FALSE
"l1_progenitor_cell_alr","l2_plasma_cell_alr",0.106,0.452830188679245,FALSE
"age_group","l1_dc_alr",0.106,1,FALSE
"cmv","l2_erythrocyte",0.106,1,FALSE
"l2_erythrocyte","cmv",0.106,0,FALSE
"l2_erythrocyte","l3_isg_naive_b_cell_alr",0.106,0.594339622641509,FALSE
"l2_ilc","l2_asdc_alr",0.106,0.0943396226415094,FALSE
"l3_cd56bright_nk_cell","l3_early_memory_b_cell_alr",0.106,0.320754716981132,FALSE
"l3_cd8aa","l3_intermediate_monocyte",0.106,0.669811320754717,FALSE
"l3_dn_t_cell","l3_pdc",0.106,0.264150943396226,FALSE
"l3_erythrocyte","l3_cd95_memory_b_cell_alr",0.106,0.311320754716981,FALSE
"l3_intermediate_monocyte","l3_cd8aa",0.106,0.330188679245283,FALSE
"l3_pdc","l3_dn_t_cell",0.106,0.735849056603774,FALSE
"l3_platelet","l3_klrf1_effector_vd1_gdt_alt_alr",0.106,0.30188679245283,FALSE
"l3_transitional_b_cell","l3_gzmb_cd27_em_cd4_t_cell_alt_alr",0.106,0.745283018867925,FALSE
"l2_plasma_cell_alr","l3_early_memory_b_cell_alr",0.106,0.405660377358491,FALSE
"l2_asdc_alr","l2_ilc",0.106,0.905660377358491,FALSE
"l2_intermediate_monocyte_alr","l3_klrf1_effector_vd1_gdt_alt_alr",0.106,0.707547169811321,FALSE
"l2_intermediate_monocyte_alr","l3_klrb1_memory_cd4_treg_alr",0.106,0.556603773584906,FALSE
"l2_naive_cd8_t_cell_alr","l3_gzmb_cd27_em_cd4_t_cell_alr",0.106,0.509433962264151,FALSE
"l2_treg_alr","l3_isg_naive_cd4_t_cell_alr",0.106,0.481132075471698,FALSE
"l3_isg_cd56dim_nk_cell_alr","l3_isg_memory_cd8_t_cell_alr",0.106,0.594339622641509,FALSE
"l3_klrf1_effector_vd1_gdt_alr","l3_activated_memory_b_cell_alr",0.106,0.584905660377358,FALSE
"l3_klrf1_effector_vd1_gdt_alt_alr","l3_platelet",0.106,0.69811320754717,FALSE
"l3_klrf1_effector_vd1_gdt_alt_alr","l2_intermediate_monocyte_alr",0.106,0.292452830188679,FALSE
"l3_activated_memory_b_cell_alr","l3_klrf1_effector_vd1_gdt_alr",0.106,0.415094339622641,FALSE
"l3_cd95_memory_b_cell_alr","l3_erythrocyte",0.106,0.688679245283019,FALSE
"l3_early_memory_b_cell_alr","l3_cd56bright_nk_cell",0.106,0.679245283018868,FALSE
"l3_early_memory_b_cell_alr","l2_plasma_cell_alr",0.106,0.594339622641509,FALSE
"l3_gzmb_cd27_em_cd4_t_cell_alr","l2_naive_cd8_t_cell_alr",0.106,0.490566037735849,FALSE
"l3_gzmb_cd27_em_cd4_t_cell_alt_alr","l3_transitional_b_cell",0.106,0.254716981132075,FALSE
"l3_isg_memory_cd8_t_cell_alr","l3_isg_cd56dim_nk_cell_alr",0.106,0.405660377358491,FALSE
"l3_cm_cd8_t_cell_alr","l3_isg_naive_cd4_t_cell_alr",0.106,0.443396226415094,FALSE
"l3_isg_naive_b_cell_alr","l2_erythrocyte",0.106,0.405660377358491,FALSE
"l3_isg_naive_cd4_t_cell_alr","l2_treg_alr",0.106,0.518867924528302,FALSE
"l3_isg_naive_cd4_t_cell_alr","l3_cm_cd8_t_cell_alr",0.106,0.556603773584906,FALSE
"l3_klrb1_memory_cd4_treg_alr","l2_intermediate_monocyte_alr",0.106,0.443396226415094,FALSE
"l1_dc_alr","age_group",0.106,0,FALSE
"l3_intermediate_monocyte","l3_baeomap_cell",0.105,0.342857142857143,FALSE
"l3_proliferating_nk_cell","l3_gzmk_cd27_em_cd8_t_cell_alt_alr",0.105,0.609523809523809,FALSE
"l3_baeomap_cell","l3_intermediate_monocyte",0.105,0.657142857142857,FALSE
"l2_memory_b_cell_alr","l2_intermediate_monocyte_alr",0.105,0.8,FALSE
"l2_cdc1_alr","l3_cd4_mait_alr",0.105,0.547619047619048,FALSE
"l2_intermediate_monocyte_alr","l2_memory_b_cell_alr",0.105,0.2,FALSE
"l2_naive_cd8_t_cell_alr","l3_gzmb_vd2_gdt_alr",0.105,0.333333333333333,FALSE
"l3_gzmb_vd2_gdt_alr","l2_naive_cd8_t_cell_alr",0.105,0.666666666666667,FALSE
"l3_cd4_mait_alr","l2_cdc1_alr",0.105,0.452380952380952,FALSE
"l3_cd4_mait_alr","l3_cd95_memory_b_cell_alr",0.105,0.780952380952381,FALSE
"l3_cd95_memory_b_cell_alr","l3_cd4_mait_alr",0.105,0.219047619047619,FALSE
"l3_cm_cd8_t_cell_alr","l3_naive_cd4_treg_alr",0.105,0.657142857142857,FALSE
"l3_gzmk_cd27_em_cd8_t_cell_alt_alr","l3_proliferating_nk_cell",0.105,0.39047619047619,FALSE
"l3_naive_cd4_treg_alr","l3_cm_cd8_t_cell_alr",0.105,0.342857142857143,FALSE
"cmv","l1_platelet_alr",0.105,1,FALSE
"l3_cd8aa","l3_platelet",0.105,0.819047619047619,FALSE
"l3_ilc","l3_intermediate_monocyte",0.105,0.323809523809524,FALSE
"l3_intermediate_monocyte","l3_ilc",0.105,0.676190476190476,FALSE
"l3_intermediate_monocyte","l2_transitional_b_cell_alr",0.105,0.171428571428571,FALSE
"l3_platelet","l3_cd8aa",0.105,0.180952380952381,FALSE
"l3_proliferating_nk_cell","l3_sox4_vd1_gdt_alr",0.105,0.571428571428571,FALSE
"l2_memory_b_cell_alr","l3_isg_cd14_monocyte_alr",0.105,0.685714285714286,FALSE
"l2_plasma_cell_alr","l1_nk_cell_alr",0.105,0.133333333333333,FALSE
"l2_transitional_b_cell_alr","l3_intermediate_monocyte",0.105,0.828571428571429,FALSE
"l3_isg_cd14_monocyte_alr","l2_memory_b_cell_alr",0.105,0.314285714285714,FALSE
"l3_cd27_effector_b_cell_alt_alr","l3_gzmk_memory_cd4_treg_alr",0.105,0.428571428571429,FALSE
"l3_sox4_vd1_gdt_alr","l3_proliferating_nk_cell",0.105,0.428571428571429,FALSE
"l3_gzmk_memory_cd4_treg_alr","l3_cd27_effector_b_cell_alt_alr",0.105,0.571428571428571,FALSE
"l1_nk_cell_alr","l2_plasma_cell_alr",0.105,0.866666666666667,FALSE
"l1_platelet_alr","cmv",0.105,0,FALSE
"l2_progenitor_cell","l2_transitional_b_cell_alr",0.104,0.403846153846154,FALSE
"l2_progenitor_cell","l3_gzmb_cd27_em_cd4_t_cell_alt_alr",0.104,0.240384615384615,FALSE
"l3_cdc1","l3_isg_cd14_monocyte_alr",0.104,0.240384615384615,FALSE
"l3_erythrocyte","l2_treg_alr",0.104,0.548076923076923,FALSE
"l3_intermediate_monocyte","l2_cdc1_alr",0.104,0.538461538461538,FALSE
"l3_intermediate_monocyte","l3_sox4_vd1_gdt_alr",0.104,0.201923076923077,FALSE
"l3_pdc","l2_plasma_cell_alr",0.104,0.471153846153846,FALSE
"l3_proliferating_t_cell","l3_sox4_naive_cd4_t_cell_alr",0.104,0.230769230769231,FALSE
"l2_effector_b_cell_alr","l2_treg_alr",0.104,0.673076923076923,FALSE
"l2_plasma_cell_alr","l3_pdc",0.104,0.528846153846154,FALSE
"l2_transitional_b_cell_alr","l2_progenitor_cell",0.104,0.596153846153846,FALSE
"l2_cdc1_alr","l3_intermediate_monocyte",0.104,0.461538461538462,FALSE
"l2_dn_t_cell_alr","l3_activated_memory_b_cell_alr",0.104,0.442307692307692,FALSE
"l2_naive_cd8_t_cell_alr","l1_dc_alr",0.104,0.403846153846154,FALSE
"l2_naive_cd8_t_cell_alr","l1_progenitor_cell_alr",0.104,0.769230769230769,FALSE
"l2_treg_alr","l3_erythrocyte",0.104,0.451923076923077,FALSE
"l2_treg_alr","l2_effector_b_cell_alr",0.104,0.326923076923077,FALSE
"l2_treg_alr","l3_type_2_polarized_memory_b_cell_alr",0.104,0.591346153846154,FALSE
"l3_isg_cd14_monocyte_alr","l3_cdc1",0.104,0.759615384615385,FALSE
"l3_sox4_vd1_gdt_alr","l3_intermediate_monocyte",0.104,0.798076923076923,FALSE
"l3_activated_memory_b_cell_alr","l2_dn_t_cell_alr",0.104,0.557692307692308,FALSE
"l3_type_2_polarized_memory_b_cell_alr","l2_treg_alr",0.104,0.408653846153846,FALSE
"l3_gzmb_cd27_em_cd4_t_cell_alt_alr","l2_progenitor_cell",0.104,0.759615384615385,FALSE
"l3_isg_naive_b_cell_alr","l1_ilc_alr",0.104,0.788461538461538,FALSE
"l3_sox4_naive_cd4_t_cell_alr","l3_proliferating_t_cell",0.104,0.769230769230769,FALSE
"l1_dc_alr","l2_naive_cd8_t_cell_alr",0.104,0.596153846153846,FALSE
"l1_ilc_alr","l3_isg_naive_b_cell_alr",0.104,0.211538461538462,FALSE
"l1_progenitor_cell_alr","l2_naive_cd8_t_cell_alr",0.104,0.230769230769231,FALSE
"sex","l3_sox4_vd1_gdt_alr",0.104,1,FALSE
"l2_erythrocyte","l2_plasma_cell_alr",0.104,0.173076923076923,FALSE
"l2_progenitor_cell","l3_adaptive_nk_cell_alr",0.104,0.586538461538462,FALSE
"l3_asdc","l3_activated_memory_b_cell_alr",0.104,0.735576923076923,FALSE
"l3_cd8aa","l3_proliferating_t_cell",0.104,0.875,FALSE
"l3_plasma_cell","l3_clp_cell_alr",0.104,0.269230769230769,FALSE
"l3_proliferating_nk_cell","l2_asdc_alr",0.104,0.423076923076923,FALSE
"l3_proliferating_t_cell","l3_cd8aa",0.104,0.125,FALSE
"l2_plasma_cell_alr","l2_erythrocyte",0.104,0.826923076923077,FALSE
"l2_transitional_b_cell_alr","l1_monocyte_alr",0.104,0.413461538461538,FALSE
"l2_asdc_alr","l3_proliferating_nk_cell",0.104,0.576923076923077,FALSE
"l2_asdc_alr","l3_gzmb_cd27_em_cd4_t_cell_alr",0.104,0.509615384615385,FALSE
"l2_pdc_alr","l2_cd16_monocyte_alr",0.104,0.413461538461538,FALSE
"l2_cd16_monocyte_alr","l2_pdc_alr",0.104,0.586538461538462,FALSE
"l2_intermediate_monocyte_alr","l3_isg_cdc2_alr",0.104,0.432692307692308,FALSE
"l2_cd56bright_nk_cell_alr","l3_isg_cdc2_alr",0.104,0.269230769230769,FALSE
"l3_adaptive_nk_cell_alr","l2_progenitor_cell",0.104,0.413461538461538,FALSE
"l3_adaptive_nk_cell_alr","l3_memory_cd8_treg_alr",0.104,0.307692307692308,FALSE
"l3_cd14_cdc2_alr","l3_gzmb_cd27_em_cd4_t_cell_alr",0.104,0.567307692307692,FALSE
"l3_isg_cdc2_alr","l2_intermediate_monocyte_alr",0.104,0.567307692307692,FALSE
"l3_isg_cdc2_alr","l2_cd56bright_nk_cell_alr",0.104,0.730769230769231,FALSE
"l3_sox4_vd1_gdt_alr","sex",0.104,0,FALSE
"l3_activated_memory_b_cell_alr","l3_asdc",0.104,0.264423076923077,FALSE
"l3_gzmb_cd27_em_cd4_t_cell_alr","l2_asdc_alr",0.104,0.490384615384615,FALSE
"l3_gzmb_cd27_em_cd4_t_cell_alr","l3_cd14_cdc2_alr",0.104,0.432692307692308,FALSE
"l3_clp_cell_alr","l3_plasma_cell",0.104,0.730769230769231,FALSE
"l3_memory_cd8_treg_alr","l3_adaptive_nk_cell_alr",0.104,0.692307692307692,FALSE
"l1_monocyte_alr","l2_transitional_b_cell_alr",0.104,0.586538461538462,FALSE
"l2_platelet","l3_gzmb_vd2_gdt_alr",0.103,0.611650485436893,FALSE
"l2_progenitor_cell","l3_proliferating_nk_cell",0.103,0.320388349514563,FALSE
"l3_cdc1","l3_sox4_vd1_gdt_alr",0.103,0.514563106796116,FALSE
"l3_dn_t_cell","l2_memory_b_cell_alr",0.103,0.553398058252427,FALSE
"l3_erythrocyte","l2_memory_cd4_t_cell_alr",0.103,0.242718446601942,FALSE
"l3_ilc","l3_isg_cd56dim_nk_cell_alr",0.103,0.475728155339806,FALSE
"l3_intermediate_monocyte","l3_klrf1_gzmb_cd27_em_cd8_t_cell_alt_alr",0.103,0.174757281553398,FALSE
"l3_proliferating_nk_cell","l2_progenitor_cell",0.103,0.679611650485437,FALSE
"l3_baeomap_cell","l3_sox4_vd1_gdt_alr",0.103,0.679611650485437,FALSE
"l2_effector_b_cell_alr","l3_gzmk_cd27_em_cd8_t_cell_alt_alr",0.103,0.611650485436893,FALSE
"l2_memory_b_cell_alr","l3_dn_t_cell",0.103,0.446601941747573,FALSE
"l2_memory_cd4_t_cell_alr","l3_erythrocyte",0.103,0.757281553398058,FALSE
"l2_proliferating_t_cell_alr","l3_klrf1_gzmb_cd27_em_cd8_t_cell_alr",0.103,0.475728155339806,FALSE
"l3_isg_cd14_monocyte_alr","l3_cd95_memory_b_cell_alr",0.103,0.679611650485437,FALSE
"l3_isg_cd56dim_nk_cell_alr","l3_ilc",0.103,0.524271844660194,FALSE
"l3_isg_cd56dim_nk_cell_alr","l3_gzmb_cd27_em_cd4_t_cell_alr",0.103,0.349514563106796,FALSE
"l3_isg_cd56dim_nk_cell_alr","l1_platelet_alr",0.103,0.45631067961165,FALSE
"l3_cd14_cdc2_alr","l3_cd4_mait_alr",0.103,0.485436893203884,FALSE
"l3_isg_cdc2_alr","l1_platelet_alr",0.103,0.592233009708738,FALSE
"l3_gzmb_vd2_gdt_alr","l2_platelet",0.103,0.388349514563107,FALSE
"l3_gzmb_vd2_gdt_alr","l3_cd4_mait_alr",0.103,0.339805825242718,FALSE
"l3_gzmb_vd2_gdt_alr","l3_klrb1_memory_cd8_treg_alr",0.103,0.466019417475728,FALSE
"l3_klrf1_effector_vd1_gdt_alt_alr","l3_naive_cd4_treg_alr",0.103,0.330097087378641,FALSE
"l3_sox4_vd1_gdt_alr","l3_cdc1",0.103,0.485436893203884,FALSE
"l3_sox4_vd1_gdt_alr","l3_baeomap_cell",0.103,0.320388349514563,FALSE
"l3_cd4_mait_alr","l3_cd14_cdc2_alr",0.103,0.514563106796116,FALSE
"l3_cd4_mait_alr","l3_gzmb_vd2_gdt_alr",0.103,0.660194174757282,FALSE
"l3_isg_mait_alr","l3_gzmb_cd27_em_cd4_t_cell_alt_alr",0.103,0.349514563106796,FALSE
"l3_cd95_memory_b_cell_alr","l3_isg_cd14_monocyte_alr",0.103,0.320388349514563,FALSE
"l3_gzmb_cd27_em_cd4_t_cell_alr","l3_isg_cd56dim_nk_cell_alr",0.103,0.650485436893204,FALSE
"l3_gzmb_cd27_em_cd4_t_cell_alt_alr","l3_isg_mait_alr",0.103,0.650485436893204,FALSE
"l3_gzmk_cd27_em_cd8_t_cell_alt_alr","l2_effector_b_cell_alr",0.103,0.388349514563107,FALSE
"l3_klrf1_gzmb_cd27_em_cd8_t_cell_alr","l2_proliferating_t_cell_alr",0.103,0.524271844660194,FALSE
"l3_klrf1_gzmb_cd27_em_cd8_t_cell_alt_alr","l3_intermediate_monocyte",0.103,0.825242718446602,FALSE
"l3_klrb1_memory_cd8_treg_alr","l3_gzmb_vd2_gdt_alr",0.103,0.533980582524272,FALSE
"l3_naive_cd4_treg_alr","l3_klrf1_effector_vd1_gdt_alt_alr",0.103,0.669902912621359,FALSE
"l1_platelet_alr","l3_isg_cd56dim_nk_cell_alr",0.103,0.543689320388349,FALSE
"l1_platelet_alr","l3_isg_cdc2_alr",0.103,0.407766990291262,FALSE
"age_group","l3_cd56bright_nk_cell",0.103,1,FALSE
"age_group","l2_cd56bright_nk_cell_alr",0.103,1,FALSE
"age_group","l3_type_2_polarized_memory_b_cell_alr",0.103,1,FALSE
"age_group","l3_isg_memory_cd4_t_cell_alr",0.103,1,FALSE
"age_group","l3_clp_cell_alr",0.103,1,FALSE
"l3_cd56bright_nk_cell","age_group",0.103,0,FALSE
"l3_cdc1","l3_gzmk_cd56dim_nk_cell_alr",0.103,0.427184466019417,FALSE
"l2_cdc1_alr","l3_activated_memory_b_cell_alr",0.103,0.83495145631068,FALSE
"l2_cd16_monocyte_alr","l3_klrf1_effector_vd1_gdt_alr",0.103,0.699029126213592,FALSE
"l2_cd56bright_nk_cell_alr","age_group",0.103,0,FALSE
"l3_isg_cd16_monocyte_alr","l3_naive_cd4_treg_alr",0.103,0.495145631067961,FALSE
"l3_gzmk_cd56dim_nk_cell_alr","l3_cdc1",0.103,0.572815533980582,FALSE
"l3_adaptive_nk_cell_alr","l1_ilc_alr",0.103,0.689320388349515,FALSE
"l3_klrf1_effector_vd1_gdt_alr","l2_cd16_monocyte_alr",0.103,0.300970873786408,FALSE
"l3_activated_memory_b_cell_alr","l2_cdc1_alr",0.103,0.16504854368932,FALSE
"l3_type_2_polarized_memory_b_cell_alr","age_group",0.103,0,FALSE
"l3_isg_memory_cd4_t_cell_alr","age_group",0.103,0,FALSE
"l3_clp_cell_alr","age_group",0.103,0,FALSE
"l3_naive_cd4_treg_alr","l3_isg_cd16_monocyte_alr",0.103,0.504854368932039,FALSE
"l1_ilc_alr","l3_adaptive_nk_cell_alr",0.103,0.310679611650485,FALSE
"l2_erythrocyte","l3_adaptive_nk_cell_alr",0.102,0.362745098039216,FALSE
"l2_platelet","l2_cdc1_alr",0.102,0.431372549019608,FALSE
"l3_cdc1","l3_isg_cdc2_alr",0.102,0.372549019607843,FALSE
"l3_plasma_cell","l3_memory_cd8_treg_alr",0.102,0.450980392156863,FALSE
"l3_proliferating_t_cell","l3_cd27_effector_b_cell_alt_alr",0.102,0.598039215686274,FALSE
"l3_transitional_b_cell","l3_gzmb_cd27_em_cd4_t_cell_alr",0.102,0.450980392156863,FALSE
"l3_transitional_b_cell","l1_platelet_alr",0.102,0.205882352941176,FALSE
"l2_effector_b_cell_alr","l2_naive_cd8_t_cell_alr",0.102,0.764705882352941,FALSE
"l2_cdc1_alr","l2_platelet",0.102,0.568627450980392,FALSE
"l2_cd16_monocyte_alr","l3_klrb1_memory_cd4_treg_alr",0.102,0.764705882352941,FALSE
"l2_cd56bright_nk_cell_alr","l3_cd27_effector_b_cell_alt_alr",0.102,0.637254901960784,FALSE
"l2_cd8aa_alr","l3_isg_memory_cd8_t_cell_alr",0.102,0.519607843137255,FALSE
"l2_cd8aa_alr","l3_sox4_naive_cd8_t_cell_alr",0.102,0.53921568627451,FALSE
"l2_cd8aa_alr","l1_ilc_alr",0.102,0.686274509803922,FALSE
"l2_memory_cd8_t_cell_alr","l3_klrf1_effector_vd1_gdt_alt_alr",0.102,0.401960784313726,FALSE
"l2_naive_cd8_t_cell_alr","l2_effector_b_cell_alr",0.102,0.235294117647059,FALSE
"l3_il1b_cd14_monocyte_alr","l3_c1q_cd16_monocyte_alr",0.102,0.627450980392157,FALSE
"l3_il1b_cd14_monocyte_alr","l3_type_2_polarized_memory_b_cell_alr",0.102,0.558823529411765,FALSE
"l3_c1q_cd16_monocyte_alr","l3_il1b_cd14_monocyte_alr",0.102,0.372549019607843,FALSE
"l3_adaptive_nk_cell_alr","l2_erythrocyte",0.102,0.637254901960784,FALSE
"l3_isg_cdc2_alr","l3_cdc1",0.102,0.627450980392157,FALSE
"l3_cd27_effector_b_cell_alt_alr","l3_proliferating_t_cell",0.102,0.401960784313726,FALSE
"l3_cd27_effector_b_cell_alt_alr","l2_cd56bright_nk_cell_alr",0.102,0.362745098039216,FALSE
"l3_klrf1_effector_vd1_gdt_alt_alr","l2_memory_cd8_t_cell_alr",0.102,0.598039215686274,FALSE
"l3_early_memory_b_cell_alr","l1_platelet_alr",0.102,0.67156862745098,FALSE
"l3_type_2_polarized_memory_b_cell_alr","l3_il1b_cd14_monocyte_alr",0.102,0.441176470588235,FALSE
"l3_gzmb_cd27_em_cd4_t_cell_alr","l3_transitional_b_cell",0.102,0.549019607843137,FALSE
"l3_isg_memory_cd8_t_cell_alr","l2_cd8aa_alr",0.102,0.480392156862745,FALSE
"l3_sox4_naive_cd8_t_cell_alr","l2_cd8aa_alr",0.102,0.46078431372549,FALSE
"l3_klrb1_memory_cd4_treg_alr","l2_cd16_monocyte_alr",0.102,0.235294117647059,FALSE
"l3_klrb1_memory_cd8_treg_alr","l1_platelet_alr",0.102,0.598039215686274,FALSE
"l3_memory_cd8_treg_alr","l3_plasma_cell",0.102,0.549019607843137,FALSE
"l1_ilc_alr","l2_cd8aa_alr",0.102,0.313725490196078,FALSE
"l1_platelet_alr","l3_transitional_b_cell",0.102,0.794117647058823,FALSE
"l1_platelet_alr","l3_early_memory_b_cell_alr",0.102,0.32843137254902,FALSE
"l1_platelet_alr","l3_klrb1_memory_cd8_treg_alr",0.102,0.401960784313726,FALSE
"cmv","l2_pdc_alr",0.102,1,FALSE
"l2_platelet","l2_memory_cd4_t_cell_alr",0.102,0.147058823529412,FALSE
"l3_pdc","l2_memory_cd8_t_cell_alr",0.102,0.5,FALSE
"l3_transitional_b_cell","l2_cdc1_alr",0.102,0.137254901960784,FALSE
"l2_memory_b_cell_alr","l3_klrf1_effector_vd1_gdt_alt_alr",0.102,0.57843137254902,FALSE
"l2_memory_b_cell_alr","l3_klrb1_memory_cd4_treg_alr",0.102,0.696078431372549,FALSE
"l2_cdc1_alr","l3_transitional_b_cell",0.102,0.862745098039216,FALSE
"l2_pdc_alr","cmv",0.102,0,FALSE
"l2_pdc_alr","l2_memory_cd4_t_cell_alr",0.102,0.284313725490196,FALSE
"l2_cd56bright_nk_cell_alr","l3_gzmb_vd2_gdt_alr",0.102,0.5,FALSE
"l2_memory_cd4_t_cell_alr","l2_platelet",0.102,0.852941176470588,FALSE
"l2_memory_cd4_t_cell_alr","l2_pdc_alr",0.102,0.715686274509804,FALSE
"l2_memory_cd8_t_cell_alr","l3_pdc",0.102,0.5,FALSE
"l2_treg_alr","l3_isg_cd14_monocyte_alr",0.102,0.42156862745098,FALSE
"l3_isg_cd14_monocyte_alr","l2_treg_alr",0.102,0.57843137254902,FALSE
"l3_isg_cd16_monocyte_alr","l1_platelet_alr",0.102,0.705882352941177,FALSE
"l3_gzmb_vd2_gdt_alr","l2_cd56bright_nk_cell_alr",0.102,0.5,FALSE
"l3_klrf1_effector_vd1_gdt_alt_alr","l2_memory_b_cell_alr",0.102,0.42156862745098,FALSE
"l3_klrb1_memory_cd4_treg_alr","l2_memory_b_cell_alr",0.102,0.303921568627451,FALSE
"l1_platelet_alr","l3_isg_cd16_monocyte_alr",0.102,0.294117647058824,FALSE
"age_group","l2_memory_cd8_t_cell_alr",0.101,1,FALSE
"sex","l3_cd56bright_nk_cell",0.101,1,FALSE
"cmv","l3_ilc",0.101,1,FALSE
"l2_platelet","l3_naive_cd4_treg_alr",0.101,0.475247524752475,FALSE
"l2_progenitor_cell","l3_gzmk_cd56dim_nk_cell_alr",0.101,0.752475247524752,FALSE
"l2_progenitor_cell","l3_sox4_vd1_gdt_alr",0.101,0.574257425742574,FALSE
"l3_asdc","l3_isg_cdc2_alr",0.101,0.405940594059406,FALSE
"l3_cd56bright_nk_cell","sex",0.101,0,FALSE
"l3_cd56bright_nk_cell","l3_intermediate_monocyte",0.101,0.435643564356436,FALSE
"l3_ilc","cmv",0.101,0,FALSE
"l3_intermediate_monocyte","l3_cd56bright_nk_cell",0.101,0.564356435643564,FALSE
"l3_pdc","l3_cd14_cdc2_alr",0.101,0.396039603960396,FALSE
"l3_platelet","l3_type_2_polarized_memory_b_cell_alr",0.101,0.178217821782178,FALSE
"l3_proliferating_t_cell","l1_platelet_alr",0.101,0.584158415841584,FALSE
"l3_transitional_b_cell","l3_naive_vd1_gdt_alr",0.101,0.376237623762376,FALSE
"l2_plasma_cell_alr","l2_asdc_alr",0.101,0.544554455445544,FALSE
"l2_plasma_cell_alr","l3_sox4_vd1_gdt_alr",0.101,0.178217821782178,FALSE
"l2_asdc_alr","l2_plasma_cell_alr",0.101,0.455445544554455,FALSE
"l2_pdc_alr","l3_memory_cd8_treg_alr",0.101,0.514851485148515,FALSE
"l2_cd16_monocyte_alr","l3_cd14_cdc2_alr",0.101,0.534653465346535,FALSE
"l2_intermediate_monocyte_alr","l2_memory_cd4_t_cell_alr",0.101,0.198019801980198,FALSE
"l2_cd8aa_alr","l3_naive_vd1_gdt_alr",0.101,0.801980198019802,FALSE
"l2_memory_cd4_t_cell_alr","l2_intermediate_monocyte_alr",0.101,0.801980198019802,FALSE
"l2_memory_cd4_t_cell_alr","l3_cd14_cdc2_alr",0.101,0.603960396039604,FALSE
"l2_memory_cd8_t_cell_alr","age_group",0.101,0,FALSE
"l2_proliferating_t_cell_alr","l3_il1b_cd14_monocyte_alr",0.101,0.336633663366337,FALSE
"l3_il1b_cd14_monocyte_alr","l2_proliferating_t_cell_alr",0.101,0.663366336633663,FALSE
"l3_il1b_cd14_monocyte_alr","l3_early_memory_b_cell_alr",0.101,0.306930693069307,FALSE
"l3_gzmk_cd56dim_nk_cell_alr","l2_progenitor_cell",0.101,0.247524752475248,FALSE
"l3_cd14_cdc2_alr","l3_pdc",0.101,0.603960396039604,FALSE
"l3_cd14_cdc2_alr","l2_cd16_monocyte_alr",0.101,0.465346534653465,FALSE
"l3_cd14_cdc2_alr","l2_memory_cd4_t_cell_alr",0.101,0.396039603960396,FALSE
"l3_isg_cdc2_alr","l3_asdc",0.101,0.594059405940594,FALSE
"l3_naive_vd1_gdt_alr","l3_transitional_b_cell",0.101,0.623762376237624,FALSE
"l3_naive_vd1_gdt_alr","l2_cd8aa_alr",0.101,0.198019801980198,FALSE
"l3_sox4_vd1_gdt_alr","l2_progenitor_cell",0.101,0.425742574257426,FALSE
"l3_sox4_vd1_gdt_alr","l2_plasma_cell_alr",0.101,0.821782178217822,FALSE
"l3_activated_memory_b_cell_alr","l3_type_2_polarized_memory_b_cell_alr",0.101,0.321782178217822,FALSE
"l3_early_memory_b_cell_alr","l3_il1b_cd14_monocyte_alr",0.101,0.693069306930693,FALSE
"l3_type_2_polarized_memory_b_cell_alr","l3_platelet",0.101,0.821782178217822,FALSE
"l3_type_2_polarized_memory_b_cell_alr","l3_activated_memory_b_cell_alr",0.101,0.678217821782178,FALSE
"l3_isg_memory_cd8_t_cell_alr","l1_b_cell_alr",0.101,0.346534653465347,FALSE
"l3_cm_cd8_t_cell_alr","l3_sox4_naive_cd4_t_cell_alr",0.101,0.455445544554455,FALSE
"l3_sox4_naive_cd4_t_cell_alr","l3_cm_cd8_t_cell_alr",0.101,0.544554455445544,FALSE
"l3_memory_cd8_treg_alr","l2_pdc_alr",0.101,0.485148514851485,FALSE
"l3_naive_cd4_treg_alr","l2_platelet",0.101,0.524752475247525,FALSE
"l1_b_cell_alr","l3_isg_memory_cd8_t_cell_alr",0.101,0.653465346534653,FALSE
"l1_platelet_alr","l3_proliferating_t_cell",0.101,0.415841584158416,FALSE
"l3_platelet","l3_klrf1_gzmb_cd27_em_cd8_t_cell_alt_alr",0.101,0.267326732673267,FALSE
"l3_transitional_b_cell","l2_memory_cd4_t_cell_alr",0.101,0.108910891089109,FALSE
"l2_memory_cd4_t_cell_alr","l3_transitional_b_cell",0.101,0.891089108910891,FALSE
"l3_klrf1_gzmb_cd27_em_cd8_t_cell_alt_alr","l3_platelet",0.101,0.732673267326733,FALSE
"sex","l3_gzmb_cd27_em_cd4_t_cell_alt_alr",0.1,1,FALSE
"cmv","l2_plasma_cell_alr",0.1,1,FALSE
"cmv","l3_isg_naive_b_cell_alr",0.1,1,FALSE
"l3_cd56bright_nk_cell","l3_adaptive_nk_cell_alr",0.1,0.39,FALSE
"l3_intermediate_monocyte","l2_cd56bright_nk_cell_alr",0.1,0.7,FALSE
"l3_pdc","l2_proliferating_t_cell_alr",0.1,0.66,FALSE
"l3_plasma_cell","l3_cd14_cdc2_alr",0.1,0.435,FALSE
"l3_plasma_cell","l3_activated_memory_b_cell_alr",0.1,0.42,FALSE
"l3_proliferating_nk_cell","l2_pdc_alr",0.1,0.31,FALSE
"l3_proliferating_t_cell","l1_progenitor_cell_alr",0.1,0.64,FALSE
"l2_plasma_cell_alr","cmv",0.1,0,FALSE
"l2_pdc_alr","l3_proliferating_nk_cell",0.1,0.69,FALSE
"l2_intermediate_monocyte_alr","l2_gdt_alr",0.1,0.22,FALSE
"l2_cd56bright_nk_cell_alr","l3_intermediate_monocyte",0.1,0.3,FALSE
"l2_dn_t_cell_alr","l3_gzmb_cd27_em_cd4_t_cell_alt_alr",0.1,0.3,FALSE
"l2_gdt_alr","l2_intermediate_monocyte_alr",0.1,0.78,FALSE
"l2_memory_cd4_t_cell_alr","l1_dc_alr",0.1,0.46,FALSE
"l2_memory_cd8_t_cell_alr","l3_isg_memory_cd4_t_cell_alr",0.1,0.39,FALSE
"l2_memory_cd8_t_cell_alr","l1_dc_alr",0.1,0.3,FALSE
"l2_proliferating_t_cell_alr","l3_pdc",0.1,0.34,FALSE
"l3_adaptive_nk_cell_alr","l3_cd56bright_nk_cell",0.1,0.61,FALSE
"l3_cd14_cdc2_alr","l3_plasma_cell",0.1,0.565,FALSE
"l3_isg_cdc2_alr","l1_progenitor_cell_alr",0.1,0.51,FALSE
"l3_cd27_effector_b_cell_alt_alr","l3_isg_naive_b_cell_alr",0.1,0.65,FALSE
"l3_klrf1_effector_vd1_gdt_alr","l3_klrf1_gzmb_cd27_em_cd8_t_cell_alt_alr",0.1,0.36,FALSE
"l3_activated_memory_b_cell_alr","l3_plasma_cell",0.1,0.58,FALSE
"l3_cd95_memory_b_cell_alr","l3_isg_memory_cd8_t_cell_alr",0.1,0.56,FALSE
"l3_cd95_memory_b_cell_alr","l3_isg_naive_cd8_t_cell_alr",0.1,0.53,FALSE
"l3_isg_memory_cd4_t_cell_alr","l2_memory_cd8_t_cell_alr",0.1,0.61,FALSE
"l3_gzmb_cd27_em_cd4_t_cell_alt_alr","sex",0.1,0,FALSE
"l3_gzmb_cd27_em_cd4_t_cell_alt_alr","l2_dn_t_cell_alr",0.1,0.7,FALSE
"l3_isg_memory_cd8_t_cell_alr","l3_cd95_memory_b_cell_alr",0.1,0.44,FALSE
"l3_klrf1_gzmb_cd27_em_cd8_t_cell_alt_alr","l3_klrf1_effector_vd1_gdt_alr",0.1,0.64,FALSE
"l3_klrf1_gzmb_cd27_em_cd8_t_cell_alt_alr","l1_monocyte_alr",0.1,0.66,FALSE
"l3_isg_naive_b_cell_alr","cmv",0.1,0,FALSE
"l3_isg_naive_b_cell_alr","l3_cd27_effector_b_cell_alt_alr",0.1,0.35,FALSE
"l3_isg_naive_cd8_t_cell_alr","l3_cd95_memory_b_cell_alr",0.1,0.47,FALSE
"l1_dc_alr","l2_memory_cd4_t_cell_alr",0.1,0.54,FALSE
"l1_dc_alr","l2_memory_cd8_t_cell_alr",0.1,0.7,FALSE
"l1_monocyte_alr","l3_klrf1_gzmb_cd27_em_cd8_t_cell_alt_alr",0.1,0.34,FALSE
"l1_progenitor_cell_alr","l3_proliferating_t_cell",0.1,0.36,FALSE
"l1_progenitor_cell_alr","l3_isg_cdc2_alr",0.1,0.49,FALSE
"l2_platelet","l3_proliferating_t_cell",0.1,0.09,FALSE
"l3_intermediate_monocyte","l3_adaptive_nk_cell_alr",0.1,0.26,FALSE
"l3_proliferating_t_cell","l2_platelet",0.1,0.91,FALSE
"l3_adaptive_nk_cell_alr","l3_intermediate_monocyte",0.1,0.74,FALSE
"l3_type_2_polarized_memory_b_cell_alr","l1_ilc_alr",0.1,0.86,FALSE
"l3_sox4_naive_cd8_t_cell_alr","l1_monocyte_alr",0.1,0.26,FALSE
"l3_naive_cd4_treg_alr","l1_platelet_alr",0.1,0.72,FALSE
"l1_monocyte_alr","l3_sox4_naive_cd8_t_cell_alr",0.1,0.74,FALSE
"l1_ilc_alr","l3_type_2_polarized_memory_b_cell_alr",0.1,0.14,FALSE
"l1_platelet_alr","l3_naive_cd4_treg_alr",0.1,0.28,FALSE
"cmv","l2_proliferating_nk_cell_alr",0.099,1,FALSE
"l2_progenitor_cell","l3_naive_vd1_gdt_alr",0.099,0.676767676767677,FALSE
"l2_progenitor_cell","l3_isg_mait_alr",0.099,0.353535353535354,FALSE
"l3_cd56bright_nk_cell","l1_erythrocyte_alr",0.099,0.525252525252525,FALSE
"l3_dn_t_cell","l3_klrf1_gzmb_cd27_em_cd8_t_cell_alt_alr",0.099,0.222222222222222,FALSE
"l3_ilc","l3_cd14_cdc2_alr",0.099,0.338383838383838,FALSE
"l3_pdc","l2_transitional_b_cell_alr",0.099,0.242424242424242,FALSE
"l3_proliferating_nk_cell","l3_klrf1_gzmb_cd27_em_cd8_t_cell_alr",0.099,0.303030303030303,FALSE
"l2_effector_b_cell_alr","l3_gzmk_cd56dim_nk_cell_alr",0.099,0.747474747474747,FALSE
"l2_effector_b_cell_alr","l3_cd4_mait_alr",0.099,0.217171717171717,FALSE
"l2_memory_b_cell_alr","l3_gzmb_vd2_gdt_alr",0.099,0.494949494949495,FALSE
"l2_memory_b_cell_alr","l1_ilc_alr",0.099,0.757575757575757,FALSE
"l2_plasma_cell_alr","l2_naive_cd8_t_cell_alr",0.099,0.363636363636364,FALSE
"l2_transitional_b_cell_alr","l3_pdc",0.099,0.757575757575757,FALSE
"l2_asdc_alr","l2_cd56bright_nk_cell_alr",0.099,0.656565656565657,FALSE
"l2_asdc_alr","l3_cd14_cdc2_alr",0.099,0.474747474747475,FALSE
"l2_cdc1_alr","l3_klrf1_gzmb_cd27_em_cd8_t_cell_alr",0.099,0.565656565656566,FALSE
"l2_pdc_alr","l3_sox4_vd1_gdt_alr",0.099,0.696969696969697,FALSE
"l2_pdc_alr","l3_isg_mait_alr",0.099,0.797979797979798,FALSE
"l2_cd16_monocyte_alr","l3_il1b_cd14_monocyte_alr",0.099,0.707070707070707,FALSE
"l2_cd16_monocyte_alr","l3_klrf1_effector_vd1_gdt_alt_alr",0.099,0.626262626262626,FALSE
"l2_intermediate_monocyte_alr","l2_proliferating_t_cell_alr",0.099,0.383838383838384,FALSE
"l2_cd56bright_nk_cell_alr","l2_asdc_alr",0.099,0.343434343434343,FALSE
"l2_cd56bright_nk_cell_alr","l3_isg_cd56dim_nk_cell_alr",0.099,0.555555555555556,FALSE
"l2_cd56bright_nk_cell_alr","l3_isg_naive_b_cell_alr",0.099,0.424242424242424,FALSE
"l2_proliferating_nk_cell_alr","cmv",0.099,0,FALSE
"l2_gdt_alr","l3_klrf1_gzmb_cd27_em_cd8_t_cell_alt_alr",0.099,0.232323232323232,FALSE
"l2_memory_cd8_t_cell_alr","l3_gzmk_memory_cd4_treg_alr",0.099,0.212121212121212,FALSE
"l2_naive_cd8_t_cell_alr","l2_plasma_cell_alr",0.099,0.636363636363636,FALSE
"l2_proliferating_t_cell_alr","l2_intermediate_monocyte_alr",0.099,0.616161616161616,FALSE
"l3_il1b_cd14_monocyte_alr","l2_cd16_monocyte_alr",0.099,0.292929292929293,FALSE
"l3_isg_cd14_monocyte_alr","l3_gzmb_cd27_em_cd4_t_cell_alr",0.099,0.383838383838384,FALSE
"l3_gzmk_cd56dim_nk_cell_alr","l2_effector_b_cell_alr",0.099,0.252525252525253,FALSE
"l3_isg_cd56dim_nk_cell_alr","l2_cd56bright_nk_cell_alr",0.099,0.444444444444444,FALSE
"l3_cd14_cdc2_alr","l3_ilc",0.099,0.661616161616162,FALSE
"l3_cd14_cdc2_alr","l2_asdc_alr",0.099,0.525252525252525,FALSE
"l3_gzmb_vd2_gdt_alr","l2_memory_b_cell_alr",0.099,0.505050505050505,FALSE
"l3_klrf1_effector_vd1_gdt_alt_alr","l2_cd16_monocyte_alr",0.099,0.373737373737374,FALSE
"l3_klrf1_effector_vd1_gdt_alt_alr","l1_nk_cell_alr",0.099,0.434343434343434,FALSE
"l3_naive_vd1_gdt_alr","l2_progenitor_cell",0.099,0.323232323232323,FALSE
"l3_sox4_vd1_gdt_alr","l2_pdc_alr",0.099,0.303030303030303,FALSE
"l3_cd4_mait_alr","l2_effector_b_cell_alr",0.099,0.782828282828283,FALSE
"l3_isg_mait_alr","l2_progenitor_cell",0.099,0.646464646464646,FALSE
"l3_isg_mait_alr","l2_pdc_alr",0.099,0.202020202020202,FALSE
"l3_type_2_polarized_memory_b_cell_alr","l3_sox4_naive_cd4_t_cell_alr",0.099,0.828282828282828,FALSE
"l3_klrf1_gzmb_cd27_memory_cd4_t_cell_alr","l1_dc_alr",0.099,0.474747474747475,FALSE
"l3_gzmb_cd27_em_cd4_t_cell_alr","l3_isg_cd14_monocyte_alr",0.099,0.616161616161616,FALSE
"l3_gzmb_cd27_em_cd4_t_cell_alt_alr","l1_nk_cell_alr",0.099,0.494949494949495,FALSE
"l3_klrf1_gzmb_cd27_em_cd8_t_cell_alr","l3_proliferating_nk_cell",0.099,0.696969696969697,FALSE
"l3_klrf1_gzmb_cd27_em_cd8_t_cell_alr","l2_cdc1_alr",0.099,0.434343434343434,FALSE
"l3_klrf1_gzmb_cd27_em_cd8_t_cell_alr","l1_b_cell_alr",0.099,0.404040404040404,FALSE
"l3_klrf1_gzmb_cd27_em_cd8_t_cell_alt_alr","l3_dn_t_cell",0.099,0.777777777777778,FALSE
"l3_klrf1_gzmb_cd27_em_cd8_t_cell_alt_alr","l2_gdt_alr",0.099,0.767676767676768,FALSE
"l3_isg_naive_b_cell_alr","l2_cd56bright_nk_cell_alr",0.099,0.575757575757576,FALSE
"l3_sox4_naive_cd4_t_cell_alr","l3_type_2_polarized_memory_b_cell_alr",0.099,0.171717171717172,FALSE
"l3_gzmk_memory_cd4_treg_alr","l2_memory_cd8_t_cell_alr",0.099,0.787878787878788,FALSE
"l1_dc_alr","l3_klrf1_gzmb_cd27_memory_cd4_t_cell_alr",0.099,0.525252525252525,FALSE
"l1_nk_cell_alr","l3_klrf1_effector_vd1_gdt_alt_alr",0.099,0.565656565656566,FALSE
"l1_nk_cell_alr","l3_gzmb_cd27_em_cd4_t_cell_alt_alr",0.099,0.505050505050505,FALSE
"l1_b_cell_alr","l3_klrf1_gzmb_cd27_em_cd8_t_cell_alr",0.099,0.595959595959596,FALSE
"l1_erythrocyte_alr","l3_cd56bright_nk_cell",0.099,0.474747474747475,FALSE
"l1_ilc_alr","l2_memory_b_cell_alr",0.099,0.242424242424242,FALSE
"l3_asdc","l3_gzmb_cd27_em_cd4_t_cell_alr",0.099,0.267676767676768,FALSE
"l3_dn_t_cell","l3_isg_cd56dim_nk_cell_alr",0.099,0.727272727272727,FALSE
"l3_isg_cd56dim_nk_cell_alr","l3_dn_t_cell",0.099,0.272727272727273,FALSE
"l3_cd4_mait_alr","l3_isg_mait_alr",0.099,0.717171717171717,FALSE
"l3_isg_mait_alr","l3_cd4_mait_alr",0.099,0.282828282828283,FALSE
"l3_gzmb_cd27_em_cd4_t_cell_alr","l3_asdc",0.099,0.732323232323232,FALSE
"age_group","l1_platelet_alr",0.098,1,FALSE
"sex","l3_gzmk_cd27_em_cd8_t_cell_alt_alr",0.098,1,FALSE
"l2_ilc","l3_baeomap_cell",0.098,0.464285714285714,FALSE
"l2_platelet","l3_isg_cdc2_alr",0.098,0.306122448979592,FALSE
"l3_cd56bright_nk_cell","l3_proliferating_t_cell",0.098,0.408163265306122,FALSE
"l3_cd56bright_nk_cell","l3_cm_cd8_t_cell_alr",0.098,0.602040816326531,FALSE
"l3_erythrocyte","l3_isg_cd16_monocyte_alr",0.098,0.321428571428571,FALSE
"l3_erythrocyte","l3_klrf1_gzmb_cd27_em_cd8_t_cell_alt_alr",0.098,0.418367346938776,FALSE
"l3_ilc","l2_naive_cd8_t_cell_alr",0.098,0.377551020408163,FALSE
"l3_ilc","l3_klrf1_gzmb_cd27_em_cd8_t_cell_alt_alr",0.098,0.428571428571429,FALSE
"l3_proliferating_t_cell","l3_cd56bright_nk_cell",0.098,0.591836734693878,FALSE
"l3_baeomap_cell","l2_ilc",0.098,0.535714285714286,FALSE
"l2_effector_b_cell_alr","l3_c1q_cd16_monocyte_alr",0.098,0.387755102040816,FALSE
"l2_memory_b_cell_alr","l2_mait_alr",0.098,0.489795918367347,FALSE
"l2_pdc_alr","l2_gdt_alr",0.098,0.346938775510204,FALSE
"l2_cd16_monocyte_alr","l3_activated_memory_b_cell_alr",0.098,0.520408163265306,FALSE
"l2_cd8aa_alr","l3_klrb1_memory_cd8_treg_alr",0.098,0.653061224489796,FALSE
"l2_gdt_alr","l2_pdc_alr",0.098,0.653061224489796,FALSE
"l2_mait_alr","l2_memory_b_cell_alr",0.098,0.510204081632653,FALSE
"l2_naive_cd8_t_cell_alr","l3_ilc",0.098,0.622448979591837,FALSE
"l2_proliferating_t_cell_alr","l3_naive_vd1_gdt_alr",0.098,0.714285714285714,FALSE
"l2_proliferating_t_cell_alr","l1_platelet_alr",0.098,0.479591836734694,FALSE
"l3_c1q_cd16_monocyte_alr","l2_effector_b_cell_alr",0.098,0.612244897959184,FALSE
"l3_isg_cd16_monocyte_alr","l3_erythrocyte",0.098,0.678571428571429,FALSE
"l3_gzmk_cd56dim_nk_cell_alr","l3_isg_memory_cd4_t_cell_alr",0.098,0.571428571428571,FALSE
"l3_cd14_cdc2_alr","l3_isg_mait_alr",0.098,0.857142857142857,FALSE
"l3_isg_cdc2_alr","l2_platelet",0.098,0.693877551020408,FALSE
"l3_cd27_effector_b_cell_alt_alr","l3_klrb1_memory_cd8_treg_alr",0.098,0.377551020408163,FALSE
"l3_naive_vd1_gdt_alr","l2_proliferating_t_cell_alr",0.098,0.285714285714286,FALSE
"l3_isg_mait_alr","l3_cd14_cdc2_alr",0.098,0.142857142857143,FALSE
"l3_activated_memory_b_cell_alr","l2_cd16_monocyte_alr",0.098,0.479591836734694,FALSE
"l3_cd95_memory_b_cell_alr","l3_klrf1_gzmb_cd27_memory_cd4_t_cell_alr",0.098,0.5,FALSE
"l3_isg_memory_cd4_t_cell_alr","l3_gzmk_cd56dim_nk_cell_alr",0.098,0.428571428571429,FALSE
"l3_klrf1_gzmb_cd27_memory_cd4_t_cell_alr","l3_cd95_memory_b_cell_alr",0.098,0.5,FALSE
"l3_klrf1_gzmb_cd27_memory_cd4_t_cell_alr","l3_isg_naive_cd4_t_cell_alr",0.098,0.836734693877551,FALSE
"l3_gzmb_cd27_em_cd4_t_cell_alr","l1_erythrocyte_alr",0.098,0.663265306122449,FALSE
"l3_cm_cd8_t_cell_alr","l3_cd56bright_nk_cell",0.098,0.397959183673469,FALSE
"l3_gzmk_cd27_em_cd8_t_cell_alt_alr","sex",0.098,0,FALSE
"l3_klrf1_gzmb_cd27_em_cd8_t_cell_alt_alr","l3_erythrocyte",0.098,0.581632653061224,FALSE
"l3_klrf1_gzmb_cd27_em_cd8_t_cell_alt_alr","l3_ilc",0.098,0.571428571428571,FALSE
"l3_isg_naive_cd4_t_cell_alr","l3_klrf1_gzmb_cd27_memory_cd4_t_cell_alr",0.098,0.163265306122449,FALSE
"l3_klrb1_memory_cd8_treg_alr","l2_cd8aa_alr",0.098,0.346938775510204,FALSE
"l3_klrb1_memory_cd8_treg_alr","l3_cd27_effector_b_cell_alt_alr",0.098,0.622448979591837,FALSE
"l1_erythrocyte_alr","l3_gzmb_cd27_em_cd4_t_cell_alr",0.098,0.336734693877551,FALSE
"l1_platelet_alr","age_group",0.098,0,FALSE
"l1_platelet_alr","l2_proliferating_t_cell_alr",0.098,0.520408163265306,FALSE
"l2_platelet","l2_naive_cd8_t_cell_alr",0.098,0.102040816326531,FALSE
"l3_cd8aa","l3_sox4_vd1_gdt_alr",0.098,0.887755102040816,FALSE
"l2_naive_cd8_t_cell_alr","l2_platelet",0.098,0.897959183673469,FALSE
"l3_sox4_vd1_gdt_alr","l3_cd8aa",0.098,0.112244897959184,FALSE
"age_group","l3_isg_naive_cd8_t_cell_alr",0.097,1,FALSE
"sex","l2_memory_b_cell_alr",0.097,1,FALSE
"cmv","l2_memory_cd4_t_cell_alr",0.097,1,FALSE
"l2_ilc","l3_intermediate_monocyte",0.097,0.0824742268041237,FALSE
"l3_cdc1","l3_cd4_mait_alr",0.097,0.463917525773196,FALSE
"l3_dn_t_cell","l3_intermediate_monocyte",0.097,0.628865979381443,FALSE
"l3_erythrocyte","l2_memory_b_cell_alr",0.097,0.680412371134021,FALSE
"l3_erythrocyte","l3_cm_cd8_t_cell_alr",0.097,0.474226804123711,FALSE
"l3_ilc","l3_il1b_cd14_monocyte_alr",0.097,0.278350515463918,FALSE
"l3_intermediate_monocyte","l2_ilc",0.097,0.917525773195876,FALSE
"l3_intermediate_monocyte","l3_dn_t_cell",0.097,0.371134020618557,FALSE
"l3_proliferating_nk_cell","l3_isg_mait_alr",0.097,0.701030927835052,FALSE
"l3_proliferating_t_cell","l2_transitional_b_cell_alr",0.097,0.319587628865979,FALSE
"l3_proliferating_t_cell","l3_naive_vd1_gdt_alr",0.097,0.742268041237113,FALSE
"l3_proliferating_t_cell","l3_isg_memory_cd8_t_cell_alr",0.097,0.34020618556701,FALSE
"l2_memory_b_cell_alr","sex",0.097,0,FALSE
"l2_memory_b_cell_alr","l3_erythrocyte",0.097,0.319587628865979,FALSE
"l2_transitional_b_cell_alr","l3_proliferating_t_cell",0.097,0.680412371134021,FALSE
"l2_transitional_b_cell_alr","l2_cd8aa_alr",0.097,0.608247422680412,FALSE
"l2_cd16_monocyte_alr","l3_gzmk_cd56dim_nk_cell_alr",0.097,0.556701030927835,FALSE
"l2_cd8aa_alr","l2_transitional_b_cell_alr",0.097,0.391752577319588,FALSE
"l2_cd8aa_alr","l3_klrf1_effector_vd1_gdt_alt_alr",0.097,0.711340206185567,FALSE
"l2_cd8aa_alr","l3_naive_cd4_treg_alr",0.097,0.701030927835052,FALSE
"l2_dn_t_cell_alr","l3_klrf1_gzmb_cd27_memory_cd4_t_cell_alr",0.097,0.278350515463918,FALSE
"l2_gdt_alr","l3_gzmb_cd27_em_cd4_t_cell_alr",0.097,0.597938144329897,FALSE
"l2_mait_alr","l3_clp_cell_alr",0.097,0.43298969072165,FALSE
"l2_memory_cd4_t_cell_alr","cmv",0.097,0,FALSE
"l2_memory_cd8_t_cell_alr","l1_monocyte_alr",0.097,0.422680412371134,FALSE
"l2_treg_alr","l3_klrf1_gzmb_cd27_em_cd8_t_cell_alr",0.097,0.515463917525773,FALSE
"l2_treg_alr","l3_isg_naive_b_cell_alr",0.097,0.463917525773196,FALSE
"l3_il1b_cd14_monocyte_alr","l3_ilc",0.097,0.721649484536083,FALSE
"l3_gzmk_cd56dim_nk_cell_alr","l2_cd16_monocyte_alr",0.097,0.443298969072165,FALSE
"l3_gzmk_cd56dim_nk_cell_alr","l3_cd95_memory_b_cell_alr",0.097,0.324742268041237,FALSE
"l3_gzmb_vd2_gdt_alr","l3_sox4_naive_cd8_t_cell_alr",0.097,0.742268041237113,FALSE
"l3_gzmb_vd2_gdt_alr","l1_dc_alr",0.097,0.721649484536083,FALSE
"l3_klrf1_effector_vd1_gdt_alt_alr","l2_cd8aa_alr",0.097,0.288659793814433,FALSE
"l3_naive_vd1_gdt_alr","l3_proliferating_t_cell",0.097,0.257731958762887,FALSE
"l3_cd4_mait_alr","l3_cdc1",0.097,0.536082474226804,FALSE
"l3_cd4_mait_alr","l3_sox4_naive_cd4_t_cell_alr",0.097,0.463917525773196,FALSE
"l3_isg_mait_alr","l3_proliferating_nk_cell",0.097,0.298969072164948,FALSE
"l3_cd95_memory_b_cell_alr","l3_gzmk_cd56dim_nk_cell_alr",0.097,0.675257731958763,FALSE
"l3_cd95_memory_b_cell_alr","l3_sox4_naive_cd8_t_cell_alr",0.097,0.556701030927835,FALSE
"l3_cd95_memory_b_cell_alr","l3_clp_cell_alr",0.097,0.494845360824742,FALSE
"l3_isg_memory_cd4_t_cell_alr","l3_klrf1_gzmb_cd27_em_cd8_t_cell_alt_alr",0.097,0.278350515463918,FALSE
"l3_klrf1_gzmb_cd27_memory_cd4_t_cell_alr","l2_dn_t_cell_alr",0.097,0.721649484536083,FALSE
"l3_klrf1_gzmb_cd27_memory_cd4_t_cell_alr","l3_naive_cd4_treg_alr",0.097,0.628865979381443,FALSE
"l3_gzmb_cd27_em_cd4_t_cell_alr","l2_gdt_alr",0.097,0.402061855670103,FALSE
"l3_gzmb_cd27_em_cd4_t_cell_alt_alr","l1_erythrocyte_alr",0.097,0.845360824742268,FALSE
"l3_isg_memory_cd8_t_cell_alr","l3_proliferating_t_cell",0.097,0.65979381443299,FALSE
"l3_cm_cd8_t_cell_alr","l3_erythrocyte",0.097,0.525773195876289,FALSE
"l3_cm_cd8_t_cell_alr","l1_dc_alr",0.097,0.309278350515464,FALSE
"l3_cm_cd8_t_cell_alr","l1_b_cell_alr",0.097,0.422680412371134,FALSE
"l3_klrf1_gzmb_cd27_em_cd8_t_cell_alr","l2_treg_alr",0.097,0.484536082474227,FALSE
"l3_klrf1_gzmb_cd27_em_cd8_t_cell_alr","l1_platelet_alr",0.097,0.515463917525773,FALSE
"l3_klrf1_gzmb_cd27_em_cd8_t_cell_alt_alr","l3_isg_memory_cd4_t_cell_alr",0.097,0.721649484536083,FALSE
"l3_klrf1_gzmb_cd27_em_cd8_t_cell_alt_alr","l3_isg_naive_cd4_t_cell_alr",0.097,0.793814432989691,FALSE
"l3_isg_naive_b_cell_alr","l2_treg_alr",0.097,0.536082474226804,FALSE
"l3_isg_naive_cd4_t_cell_alr","l3_klrf1_gzmb_cd27_em_cd8_t_cell_alt_alr",0.097,0.206185567010309,FALSE
"l3_sox4_naive_cd4_t_cell_alr","l3_cd4_mait_alr",0.097,0.536082474226804,FALSE
"l3_sox4_naive_cd4_t_cell_alr","l1_monocyte_alr",0.097,0.34020618556701,FALSE
"l3_isg_naive_cd8_t_cell_alr","age_group",0.097,0,FALSE
"l3_sox4_naive_cd8_t_cell_alr","l3_gzmb_vd2_gdt_alr",0.097,0.257731958762887,FALSE
"l3_sox4_naive_cd8_t_cell_alr","l3_cd95_memory_b_cell_alr",0.097,0.443298969072165,FALSE
"l3_clp_cell_alr","l2_mait_alr",0.097,0.56701030927835,FALSE
"l3_clp_cell_alr","l3_cd95_memory_b_cell_alr",0.097,0.505154639175258,FALSE
"l3_naive_cd4_treg_alr","l2_cd8aa_alr",0.097,0.298969072164948,FALSE
"l3_naive_cd4_treg_alr","l3_klrf1_gzmb_cd27_memory_cd4_t_cell_alr",0.097,0.371134020618557,FALSE
"l1_dc_alr","l3_gzmb_vd2_gdt_alr",0.097,0.278350515463918,FALSE
"l1_dc_alr","l3_cm_cd8_t_cell_alr",0.097,0.690721649484536,FALSE
"l1_monocyte_alr","l2_memory_cd8_t_cell_alr",0.097,0.577319587628866,FALSE
"l1_monocyte_alr","l3_sox4_naive_cd4_t_cell_alr",0.097,0.65979381443299,FALSE
"l1_b_cell_alr","l3_cm_cd8_t_cell_alr",0.097,0.577319587628866,FALSE
"l1_erythrocyte_alr","l3_gzmb_cd27_em_cd4_t_cell_alt_alr",0.097,0.154639175257732,FALSE
"l1_platelet_alr","l3_klrf1_gzmb_cd27_em_cd8_t_cell_alr",0.097,0.484536082474227,FALSE
"cmv","l2_proliferating_t_cell_alr",0.096,1,FALSE
"l3_cd56bright_nk_cell","l3_dn_t_cell",0.096,0.458333333333333,FALSE
"l3_cd56bright_nk_cell","l3_isg_cd56dim_nk_cell_alr",0.096,0.583333333333333,FALSE
"l3_cdc1","l1_monocyte_alr",0.096,0.291666666666667,FALSE
"l3_dn_t_cell","l3_cd56bright_nk_cell",0.096,0.541666666666667,FALSE
"l3_erythrocyte","l3_cd27_effector_b_cell_alt_alr",0.096,0.489583333333333,FALSE
"l3_pdc","l3_klrf1_gzmb_cd27_em_cd8_t_cell_alt_alr",0.096,0.21875,FALSE
"l3_plasma_cell","l2_asdc_alr",0.096,0.645833333333333,FALSE
"l3_plasma_cell","l3_klrf1_gzmb_cd27_em_cd8_t_cell_alt_alr",0.096,0.260416666666667,FALSE
"l3_platelet","l3_isg_memory_cd8_t_cell_alr",0.096,0.375,FALSE
"l2_effector_b_cell_alr","l2_gdt_alr",0.096,0.583333333333333,FALSE
"l2_effector_b_cell_alr","l3_cd95_memory_b_cell_alr",0.096,0.385416666666667,FALSE
"l2_memory_b_cell_alr","l3_naive_vd1_gdt_alr",0.096,0.739583333333333,FALSE
"l2_plasma_cell_alr","l3_klrb1_memory_cd4_treg_alr",0.096,0.447916666666667,FALSE
"l2_asdc_alr","l3_plasma_cell",0.096,0.354166666666667,FALSE
"l2_asdc_alr","l3_memory_cd8_treg_alr",0.096,0.59375,FALSE
"l2_pdc_alr","l3_klrb1_memory_cd4_treg_alr",0.096,0.385416666666667,FALSE
"l2_cd16_monocyte_alr","l2_proliferating_t_cell_alr",0.096,0.489583333333333,FALSE
"l2_cd16_monocyte_alr","l1_dc_alr",0.096,0.677083333333333,FALSE
"l2_intermediate_monocyte_alr","l2_dn_t_cell_alr",0.096,0.385416666666667,FALSE
"l2_cd56bright_nk_cell_alr","l1_progenitor_cell_alr",0.096,0.489583333333333,FALSE
"l2_cd8aa_alr","l1_progenitor_cell_alr",0.096,0.3125,FALSE
"l2_dn_t_cell_alr","l2_intermediate_monocyte_alr",0.096,0.614583333333333,FALSE
"l2_gdt_alr","l2_effector_b_cell_alr",0.096,0.416666666666667,FALSE
"l2_proliferating_t_cell_alr","cmv",0.096,0,FALSE
"l2_proliferating_t_cell_alr","l2_cd16_monocyte_alr",0.096,0.510416666666667,FALSE
"l2_proliferating_t_cell_alr","l3_memory_cd8_treg_alr",0.096,0.65625,FALSE
"l3_isg_cd16_monocyte_alr","l3_gzmb_cd27_em_cd4_t_cell_alt_alr",0.096,0.625,FALSE
"l3_isg_cd16_monocyte_alr","l3_cm_cd8_t_cell_alr",0.096,0.572916666666667,FALSE
"l3_gzmk_cd56dim_nk_cell_alr","l3_isg_naive_cd4_t_cell_alr",0.096,0.34375,FALSE
"l3_isg_cd56dim_nk_cell_alr","l3_cd56bright_nk_cell",0.096,0.416666666666667,FALSE
"l3_adaptive_nk_cell_alr","l1_dc_alr",0.096,0.364583333333333,FALSE
"l3_cd14_cdc2_alr","l3_early_memory_b_cell_alr",0.096,0.510416666666667,FALSE
"l3_cd27_effector_b_cell_alt_alr","l3_erythrocyte",0.096,0.510416666666667,FALSE
"l3_cd27_effector_b_cell_alt_alr","l3_clp_cell_alr",0.096,0.536458333333333,FALSE
"l3_klrf1_effector_vd1_gdt_alt_alr","l3_type_2_polarized_memory_b_cell_alr",0.096,0.34375,FALSE
"l3_naive_vd1_gdt_alr","l2_memory_b_cell_alr",0.096,0.260416666666667,FALSE
"l3_cd95_memory_b_cell_alr","l2_effector_b_cell_alr",0.096,0.614583333333333,FALSE
"l3_early_memory_b_cell_alr","l3_cd14_cdc2_alr",0.096,0.489583333333333,FALSE
"l3_early_memory_b_cell_alr","l3_klrf1_gzmb_cd27_memory_cd4_t_cell_alr",0.096,0.270833333333333,FALSE
"l3_early_memory_b_cell_alr","l1_nk_cell_alr",0.096,0.619791666666667,FALSE
"l3_type_2_polarized_memory_b_cell_alr","l3_klrf1_effector_vd1_gdt_alt_alr",0.096,0.65625,FALSE
"l3_type_2_polarized_memory_b_cell_alr","l3_gzmb_cd27_em_cd4_t_cell_alt_alr",0.096,0.697916666666667,FALSE
"l3_klrf1_gzmb_cd27_memory_cd4_t_cell_alr","l3_early_memory_b_cell_alr",0.096,0.729166666666667,FALSE
"l3_gzmb_cd27_em_cd4_t_cell_alt_alr","l3_isg_cd16_monocyte_alr",0.096,0.375,FALSE
"l3_gzmb_cd27_em_cd4_t_cell_alt_alr","l3_type_2_polarized_memory_b_cell_alr",0.096,0.302083333333333,FALSE
"l3_isg_memory_cd8_t_cell_alr","l3_platelet",0.096,0.625,FALSE
"l3_cm_cd8_t_cell_alr","l3_isg_cd16_monocyte_alr",0.096,0.427083333333333,FALSE
"l3_klrf1_gzmb_cd27_em_cd8_t_cell_alt_alr","l3_pdc",0.096,0.78125,FALSE
"l3_klrf1_gzmb_cd27_em_cd8_t_cell_alt_alr","l3_plasma_cell",0.096,0.739583333333333,FALSE
"l3_isg_naive_b_cell_alr","l3_memory_cd8_treg_alr",0.096,0.322916666666667,FALSE
"l3_isg_naive_cd4_t_cell_alr","l3_gzmk_cd56dim_nk_cell_alr",0.096,0.65625,FALSE
"l3_clp_cell_alr","l3_cd27_effector_b_cell_alt_alr",0.096,0.463541666666667,FALSE
"l3_klrb1_memory_cd4_treg_alr","l2_plasma_cell_alr",0.096,0.552083333333333,FALSE
"l3_klrb1_memory_cd4_treg_alr","l2_pdc_alr",0.096,0.614583333333333,FALSE
"l3_klrb1_memory_cd4_treg_alr","l1_nk_cell_alr",0.096,0.416666666666667,FALSE
"l3_memory_cd8_treg_alr","l2_asdc_alr",0.096,0.40625,FALSE
"l3_memory_cd8_treg_alr","l2_proliferating_t_cell_alr",0.096,0.34375,FALSE
"l3_memory_cd8_treg_alr","l3_isg_naive_b_cell_alr",0.096,0.677083333333333,FALSE
"l1_dc_alr","l2_cd16_monocyte_alr",0.096,0.322916666666667,FALSE
"l1_dc_alr","l3_adaptive_nk_cell_alr",0.096,0.635416666666667,FALSE
"l1_monocyte_alr","l3_cdc1",0.096,0.708333333333333,FALSE
"l1_nk_cell_alr","l3_early_memory_b_cell_alr",0.096,0.380208333333333,FALSE
"l1_nk_cell_alr","l3_klrb1_memory_cd4_treg_alr",0.096,0.583333333333333,FALSE
"l1_progenitor_cell_alr","l2_cd56bright_nk_cell_alr",0.096,0.510416666666667,FALSE
"l1_progenitor_cell_alr","l2_cd8aa_alr",0.096,0.6875,FALSE
"sex","l1_monocyte_alr",0.095,1,FALSE
"l2_ilc","l3_isg_naive_cd4_t_cell_alr",0.095,0.136842105263158,FALSE
"l2_platelet","l2_intermediate_monocyte_alr",0.095,0.273684210526316,FALSE
"l2_platelet","l3_isg_cd16_monocyte_alr",0.095,0.115789473684211,FALSE
"l2_progenitor_cell","l3_isg_cdc2_alr",0.095,0.510526315789474,FALSE
"l3_cd56bright_nk_cell","l1_progenitor_cell_alr",0.095,0.663157894736842,FALSE
"l3_erythrocyte","l2_memory_cd8_t_cell_alr",0.095,0.326315789473684,FALSE
"l3_intermediate_monocyte","l3_sox4_naive_cd8_t_cell_alr",0.095,0.536842105263158,FALSE
"l3_proliferating_t_cell","l3_cd14_cdc2_alr",0.095,0.431578947368421,FALSE
"l2_plasma_cell_alr","l3_klrf1_effector_vd1_gdt_alr",0.095,0.294736842105263,FALSE
"l2_asdc_alr","l2_intermediate_monocyte_alr",0.095,0.726315789473684,FALSE
"l2_intermediate_monocyte_alr","l2_platelet",0.095,0.726315789473684,FALSE
"l2_intermediate_monocyte_alr","l2_asdc_alr",0.095,0.273684210526316,FALSE
"l2_cd56bright_nk_cell_alr","l3_isg_cd14_monocyte_alr",0.095,0.336842105263158,FALSE
"l2_cd56bright_nk_cell_alr","l3_cm_cd8_t_cell_alr",0.095,0.663157894736842,FALSE
"l2_proliferating_nk_cell_alr","l2_memory_cd4_t_cell_alr",0.095,0.178947368421053,FALSE
"l2_cd8aa_alr","l3_isg_cd56dim_nk_cell_alr",0.095,0.568421052631579,FALSE
"l2_cd8aa_alr","l3_type_2_polarized_memory_b_cell_alr",0.095,0.4,FALSE
"l2_mait_alr","l3_adaptive_nk_cell_alr",0.095,0.347368421052632,FALSE
"l2_memory_cd4_t_cell_alr","l2_proliferating_nk_cell_alr",0.095,0.821052631578947,FALSE
"l2_memory_cd8_t_cell_alr","l3_erythrocyte",0.095,0.673684210526316,FALSE
"l2_naive_cd8_t_cell_alr","l3_klrf1_gzmb_cd27_memory_cd4_t_cell_alr",0.095,0.452631578947368,FALSE
"l2_treg_alr","l3_cd27_effector_b_cell_alt_alr",0.095,0.410526315789474,FALSE
"l2_treg_alr","l1_erythrocyte_alr",0.095,0.389473684210526,FALSE
"l3_il1b_cd14_monocyte_alr","l3_isg_cdc2_alr",0.095,0.515789473684211,FALSE
"l3_isg_cd14_monocyte_alr","l2_cd56bright_nk_cell_alr",0.095,0.663157894736842,FALSE
"l3_isg_cd16_monocyte_alr","l2_platelet",0.095,0.88421052631579,FALSE
"l3_isg_cd56dim_nk_cell_alr","l2_cd8aa_alr",0.095,0.431578947368421,FALSE
"l3_adaptive_nk_cell_alr","l2_mait_alr",0.095,0.652631578947368,FALSE
"l3_cd14_cdc2_alr","l3_proliferating_t_cell",0.095,0.568421052631579,FALSE
"l3_cd14_cdc2_alr","l3_klrf1_gzmb_cd27_em_cd8_t_cell_alr",0.095,0.526315789473684,FALSE
"l3_isg_cdc2_alr","l2_progenitor_cell",0.095,0.489473684210526,FALSE
"l3_isg_cdc2_alr","l3_il1b_cd14_monocyte_alr",0.095,0.484210526315789,FALSE
"l3_cd27_effector_b_cell_alt_alr","l2_treg_alr",0.095,0.589473684210526,FALSE
"l3_klrf1_effector_vd1_gdt_alr","l2_plasma_cell_alr",0.095,0.705263157894737,FALSE
"l3_klrf1_effector_vd1_gdt_alt_alr","l3_isg_memory_cd4_t_cell_alr",0.095,0.694736842105263,FALSE
"l3_cd4_mait_alr","l3_klrf1_gzmb_cd27_memory_cd4_t_cell_alr",0.095,0.315789473684211,FALSE
"l3_isg_mait_alr","l3_sox4_naive_cd8_t_cell_alr",0.095,0.431578947368421,FALSE
"l3_type_2_polarized_memory_b_cell_alr","l2_cd8aa_alr",0.095,0.6,FALSE
"l3_isg_memory_cd4_t_cell_alr","l3_klrf1_effector_vd1_gdt_alt_alr",0.095,0.305263157894737,FALSE
"l3_klrf1_gzmb_cd27_memory_cd4_t_cell_alr","l2_naive_cd8_t_cell_alr",0.095,0.547368421052632,FALSE
"l3_klrf1_gzmb_cd27_memory_cd4_t_cell_alr","l3_cd4_mait_alr",0.095,0.684210526315789,FALSE
"l3_gzmb_cd27_em_cd4_t_cell_alr","l1_ilc_alr",0.095,0.831578947368421,FALSE
"l3_cm_cd8_t_cell_alr","l2_cd56bright_nk_cell_alr",0.095,0.336842105263158,FALSE
"l3_klrf1_gzmb_cd27_em_cd8_t_cell_alr","l3_cd14_cdc2_alr",0.095,0.473684210526316,FALSE
"l3_klrf1_gzmb_cd27_em_cd8_t_cell_alt_alr","l3_klrb1_memory_cd4_treg_alr",0.095,0.442105263157895,FALSE
"l3_isg_naive_cd4_t_cell_alr","l2_ilc",0.095,0.863157894736842,FALSE
"l3_sox4_naive_cd8_t_cell_alr","l3_intermediate_monocyte",0.095,0.463157894736842,FALSE
"l3_sox4_naive_cd8_t_cell_alr","l3_isg_mait_alr",0.095,0.568421052631579,FALSE
"l3_gzmk_memory_cd4_treg_alr","l1_nk_cell_alr",0.095,0.594736842105263,FALSE
"l3_klrb1_memory_cd4_treg_alr","l3_klrf1_gzmb_cd27_em_cd8_t_cell_alt_alr",0.095,0.557894736842105,FALSE
"l3_klrb1_memory_cd8_treg_alr","l1_ilc_alr",0.095,0.757894736842105,FALSE
"l1_monocyte_alr","sex",0.095,0,FALSE
"l1_nk_cell_alr","l3_gzmk_memory_cd4_treg_alr",0.095,0.405263157894737,FALSE
"l1_erythrocyte_alr","l2_treg_alr",0.095,0.610526315789474,FALSE
"l1_ilc_alr","l3_gzmb_cd27_em_cd4_t_cell_alr",0.095,0.168421052631579,FALSE
"l1_ilc_alr","l3_klrb1_memory_cd8_treg_alr",0.095,0.242105263157895,FALSE
"l1_progenitor_cell_alr","l3_cd56bright_nk_cell",0.095,0.336842105263158,FALSE
"age_group","l2_asdc_alr",0.094,1,FALSE
"age_group","l3_gzmb_cd27_em_cd4_t_cell_alr",0.094,1,FALSE
"sex","l2_plasma_cell_alr",0.094,1,FALSE
"cmv","l2_memory_cd8_t_cell_alr",0.094,1,FALSE
"cmv","l3_cd27_effector_b_cell_alt_alr",0.094,1,FALSE
"l2_erythrocyte","l3_sox4_naive_cd4_t_cell_alr",0.094,0.117021276595745,FALSE
"l2_progenitor_cell","l2_cd8aa_alr",0.094,0.638297872340425,FALSE
"l3_cd8aa","l3_gzmk_memory_cd4_treg_alr",0.094,0.425531914893617,FALSE
"l3_cd8aa","l1_ilc_alr",0.094,0.723404255319149,FALSE
"l3_cdc1","l3_cd27_effector_b_cell_alt_alr",0.094,0.553191489361702,FALSE
"l3_pdc","l3_gzmb_cd27_em_cd4_t_cell_alt_alr",0.094,0.436170212765957,FALSE
"l3_pdc","l3_klrf1_gzmb_cd27_em_cd8_t_cell_alr",0.094,0.638297872340425,FALSE
"l3_plasma_cell","l3_isg_naive_cd4_t_cell_alr",0.094,0.297872340425532,FALSE
"l3_platelet","l3_klrb1_memory_cd8_treg_alr",0.094,0.351063829787234,FALSE
"l3_transitional_b_cell","l3_klrf1_gzmb_cd27_em_cd8_t_cell_alr",0.094,0.606382978723404,FALSE
"l3_baeomap_cell","l3_type_2_polarized_memory_b_cell_alr",0.094,0.319148936170213,FALSE
"l2_effector_b_cell_alr","l3_isg_cdc2_alr",0.094,0.808510638297872,FALSE
"l2_memory_b_cell_alr","l2_dn_t_cell_alr",0.094,0.531914893617021,FALSE
"l2_memory_b_cell_alr","l3_klrf1_gzmb_cd27_memory_cd4_t_cell_alr",0.094,0.191489361702128,FALSE
"l2_plasma_cell_alr","sex",0.094,0,FALSE
"l2_transitional_b_cell_alr","l2_dn_t_cell_alr",0.094,0.702127659574468,FALSE
"l2_transitional_b_cell_alr","l3_klrf1_gzmb_cd27_em_cd8_t_cell_alt_alr",0.094,0.457446808510638,FALSE
"l2_asdc_alr","age_group",0.094,0,FALSE
"l2_cdc1_alr","l3_gzmb_cd27_em_cd4_t_cell_alt_alr",0.094,0.425531914893617,FALSE
"l2_cd8aa_alr","l2_progenitor_cell",0.094,0.361702127659574,FALSE
"l2_dn_t_cell_alr","l2_memory_b_cell_alr",0.094,0.468085106382979,FALSE
"l2_dn_t_cell_alr","l2_transitional_b_cell_alr",0.094,0.297872340425532,FALSE
"l2_memory_cd8_t_cell_alr","cmv",0.094,0,FALSE
"l2_treg_alr","l3_il1b_cd14_monocyte_alr",0.094,0.648936170212766,FALSE
"l2_treg_alr","l3_activated_memory_b_cell_alr",0.094,0.425531914893617,FALSE
"l3_il1b_cd14_monocyte_alr","l2_treg_alr",0.094,0.351063829787234,FALSE
"l3_isg_cd14_monocyte_alr","l1_nk_cell_alr",0.094,0.542553191489362,FALSE
"l3_isg_cdc2_alr","l2_effector_b_cell_alr",0.094,0.191489361702128,FALSE
"l3_isg_cdc2_alr","l3_klrf1_effector_vd1_gdt_alr",0.094,0.457446808510638,FALSE
"l3_cd27_effector_b_cell_alt_alr","cmv",0.094,0,FALSE
"l3_cd27_effector_b_cell_alt_alr","l3_cdc1",0.094,0.446808510638298,FALSE
"l3_klrf1_effector_vd1_gdt_alr","l3_isg_cdc2_alr",0.094,0.542553191489362,FALSE
"l3_naive_vd1_gdt_alr","l1_progenitor_cell_alr",0.094,0.638297872340425,FALSE
"l3_isg_mait_alr","l3_early_memory_b_cell_alr",0.094,0.468085106382979,FALSE
"l3_isg_mait_alr","l1_progenitor_cell_alr",0.094,0.670212765957447,FALSE
"l3_activated_memory_b_cell_alr","l2_treg_alr",0.094,0.574468085106383,FALSE
"l3_early_memory_b_cell_alr","l3_isg_mait_alr",0.094,0.531914893617021,FALSE
"l3_type_2_polarized_memory_b_cell_alr","l3_baeomap_cell",0.094,0.680851063829787,FALSE
"l3_klrf1_gzmb_cd27_memory_cd4_t_cell_alr","l2_memory_b_cell_alr",0.094,0.808510638297872,FALSE
"l3_klrf1_gzmb_cd27_memory_cd4_t_cell_alr","l3_isg_memory_cd8_t_cell_alr",0.094,0.914893617021276,FALSE
"l3_gzmb_cd27_em_cd4_t_cell_alr","age_group",0.094,0,FALSE
"l3_gzmb_cd27_em_cd4_t_cell_alt_alr","l3_pdc",0.094,0.563829787234043,FALSE
"l3_gzmb_cd27_em_cd4_t_cell_alt_alr","l2_cdc1_alr",0.094,0.574468085106383,FALSE
"l3_isg_memory_cd8_t_cell_alr","l3_klrf1_gzmb_cd27_memory_cd4_t_cell_alr",0.094,0.0851063829787234,FALSE
"l3_klrf1_gzmb_cd27_em_cd8_t_cell_alr","l3_pdc",0.094,0.361702127659574,FALSE
"l3_klrf1_gzmb_cd27_em_cd8_t_cell_alr","l3_transitional_b_cell",0.094,0.393617021276596,FALSE
"l3_klrf1_gzmb_cd27_em_cd8_t_cell_alt_alr","l2_transitional_b_cell_alr",0.094,0.542553191489362,FALSE
"l3_isg_naive_cd4_t_cell_alr","l3_plasma_cell",0.094,0.702127659574468,FALSE
"l3_sox4_naive_cd4_t_cell_alr","l2_erythrocyte",0.094,0.882978723404255,FALSE
"l3_gzmk_memory_cd4_treg_alr","l3_cd8aa",0.094,0.574468085106383,FALSE
"l3_klrb1_memory_cd8_treg_alr","l3_platelet",0.094,0.648936170212766,FALSE
"l1_nk_cell_alr","l3_isg_cd14_monocyte_alr",0.094,0.457446808510638,FALSE
"l1_ilc_alr","l3_cd8aa",0.094,0.276595744680851,FALSE
"l1_progenitor_cell_alr","l3_naive_vd1_gdt_alr",0.094,0.361702127659574,FALSE
"l1_progenitor_cell_alr","l3_isg_mait_alr",0.094,0.329787234042553,FALSE
"age_group","l3_gzmb_vd2_gdt_alr",0.093,1,FALSE
"sex","l2_platelet",0.093,1,FALSE
"sex","l2_pdc_alr",0.093,1,FALSE
"sex","l3_isg_naive_cd8_t_cell_alr",0.093,1,FALSE
"l2_erythrocyte","l2_effector_b_cell_alr",0.093,0.161290322580645,FALSE
"l2_platelet","sex",0.093,0,FALSE
"l2_progenitor_cell","l3_proliferating_t_cell",0.093,0.301075268817204,FALSE
"l3_cd56bright_nk_cell","l3_cd14_cdc2_alr",0.093,0.365591397849462,FALSE
"l3_ilc","l2_transitional_b_cell_alr",0.093,0.118279569892473,FALSE
"l3_ilc","l3_cd27_effector_b_cell_alt_alr",0.093,0.365591397849462,FALSE
"l3_intermediate_monocyte","l2_effector_b_cell_alr",0.093,0.21505376344086,FALSE
"l3_plasma_cell","l3_isg_cd56dim_nk_cell_alr",0.093,0.301075268817204,FALSE
"l3_platelet","l2_mait_alr",0.093,0.32258064516129,FALSE
"l3_proliferating_nk_cell","l3_isg_cd16_monocyte_alr",0.093,0.440860215053763,FALSE
"l3_proliferating_nk_cell","l3_gzmk_cd56dim_nk_cell_alr",0.093,0.247311827956989,FALSE
"l3_proliferating_nk_cell","l3_isg_memory_cd4_t_cell_alr",0.093,0.290322580645161,FALSE
"l3_proliferating_t_cell","l2_progenitor_cell",0.093,0.698924731182796,FALSE
"l3_transitional_b_cell","l2_cd16_monocyte_alr",0.093,0.483870967741935,FALSE
"l2_effector_b_cell_alr","l2_erythrocyte",0.093,0.838709677419355,FALSE
"l2_effector_b_cell_alr","l3_intermediate_monocyte",0.093,0.78494623655914,FALSE
"l2_transitional_b_cell_alr","l3_ilc",0.093,0.881720430107527,FALSE
"l2_pdc_alr","sex",0.093,0,FALSE
"l2_pdc_alr","l2_dn_t_cell_alr",0.093,0.720430107526882,FALSE
"l2_pdc_alr","l3_isg_cdc2_alr",0.093,0.655913978494624,FALSE
"l2_pdc_alr","l3_cd27_effector_b_cell_alt_alr",0.093,0.559139784946237,FALSE
"l2_cd16_monocyte_alr","l3_transitional_b_cell",0.093,0.516129032258065,FALSE
"l2_intermediate_monocyte_alr","l1_ilc_alr",0.093,0.559139784946237,FALSE
"l2_dn_t_cell_alr","l2_pdc_alr",0.093,0.279569892473118,FALSE
"l2_dn_t_cell_alr","l3_gzmb_cd27_em_cd4_t_cell_alr",0.093,0.301075268817204,FALSE
"l2_mait_alr","l3_platelet",0.093,0.67741935483871,FALSE
"l2_mait_alr","l3_naive_cd4_treg_alr",0.093,0.387096774193548,FALSE
"l2_memory_cd4_t_cell_alr","l3_isg_naive_cd8_t_cell_alr",0.093,0.860215053763441,FALSE
"l2_proliferating_t_cell_alr","l3_gzmb_vd2_gdt_alr",0.093,0.354838709677419,FALSE
"l3_isg_cd14_monocyte_alr","l3_cm_cd8_t_cell_alr",0.093,0.709677419354839,FALSE
"l3_c1q_cd16_monocyte_alr","l1_erythrocyte_alr",0.093,0.419354838709677,FALSE
"l3_isg_cd16_monocyte_alr","l3_proliferating_nk_cell",0.093,0.559139784946237,FALSE
"l3_gzmk_cd56dim_nk_cell_alr","l3_proliferating_nk_cell",0.093,0.752688172043011,FALSE
"l3_isg_cd56dim_nk_cell_alr","l3_plasma_cell",0.093,0.698924731182796,FALSE
"l3_isg_cd56dim_nk_cell_alr","l3_isg_naive_cd4_t_cell_alr",0.093,0.440860215053763,FALSE
"l3_cd14_cdc2_alr","l3_cd56bright_nk_cell",0.093,0.634408602150538,FALSE
"l3_cd14_cdc2_alr","l3_activated_memory_b_cell_alr",0.093,0.666666666666667,FALSE
"l3_isg_cdc2_alr","l2_pdc_alr",0.093,0.344086021505376,FALSE
"l3_isg_cdc2_alr","l3_klrb1_memory_cd4_treg_alr",0.093,0.397849462365591,FALSE
"l3_cd27_effector_b_cell_alt_alr","l3_ilc",0.093,0.634408602150538,FALSE
"l3_cd27_effector_b_cell_alt_alr","l2_pdc_alr",0.093,0.440860215053763,FALSE
"l3_gzmb_vd2_gdt_alr","age_group",0.093,0,FALSE
"l3_gzmb_vd2_gdt_alr","l2_proliferating_t_cell_alr",0.093,0.645161290322581,FALSE
"l3_cd4_mait_alr","l1_platelet_alr",0.093,0.720430107526882,FALSE
"l3_isg_mait_alr","l3_isg_memory_cd8_t_cell_alr",0.093,0.602150537634409,FALSE
"l3_activated_memory_b_cell_alr","l3_cd14_cdc2_alr",0.093,0.333333333333333,FALSE
"l3_isg_memory_cd4_t_cell_alr","l3_proliferating_nk_cell",0.093,0.709677419354839,FALSE
"l3_gzmb_cd27_em_cd4_t_cell_alr","l2_dn_t_cell_alr",0.093,0.698924731182796,FALSE
"l3_gzmb_cd27_em_cd4_t_cell_alr","l3_cm_cd8_t_cell_alr",0.093,0.419354838709677,FALSE
"l3_isg_memory_cd8_t_cell_alr","l3_isg_mait_alr",0.093,0.397849462365591,FALSE
"l3_cm_cd8_t_cell_alr","l3_isg_cd14_monocyte_alr",0.093,0.290322580645161,FALSE
"l3_cm_cd8_t_cell_alr","l3_gzmb_cd27_em_cd4_t_cell_alr",0.093,0.580645161290323,FALSE
"l3_cm_cd8_t_cell_alr","l3_klrf1_gzmb_cd27_em_cd8_t_cell_alr",0.093,0.526881720430108,FALSE
"l3_klrf1_gzmb_cd27_em_cd8_t_cell_alr","l3_cm_cd8_t_cell_alr",0.093,0.473118279569892,FALSE
"l3_klrf1_gzmb_cd27_em_cd8_t_cell_alr","l3_sox4_naive_cd8_t_cell_alr",0.093,0.612903225806452,FALSE
"l3_isg_naive_cd4_t_cell_alr","l3_isg_cd56dim_nk_cell_alr",0.093,0.559139784946237,FALSE
"l3_isg_naive_cd8_t_cell_alr","sex",0.093,0,FALSE
"l3_isg_naive_cd8_t_cell_alr","l2_memory_cd4_t_cell_alr",0.093,0.139784946236559,FALSE
"l3_sox4_naive_cd8_t_cell_alr","l3_klrf1_gzmb_cd27_em_cd8_t_cell_alr",0.093,0.387096774193548,FALSE
"l3_klrb1_memory_cd4_treg_alr","l3_isg_cdc2_alr",0.093,0.602150537634409,FALSE
"l3_naive_cd4_treg_alr","l2_mait_alr",0.093,0.612903225806452,FALSE
"l3_naive_cd4_treg_alr","l1_ilc_alr",0.093,0.311827956989247,FALSE
"l1_erythrocyte_alr","l3_c1q_cd16_monocyte_alr",0.093,0.580645161290323,FALSE
"l1_ilc_alr","l2_intermediate_monocyte_alr",0.093,0.440860215053763,FALSE
"l1_ilc_alr","l3_naive_cd4_treg_alr",0.093,0.688172043010753,FALSE
"l1_platelet_alr","l3_cd4_mait_alr",0.093,0.279569892473118,FALSE
"age_group","l1_nk_cell_alr",0.092,1,FALSE
"sex","l3_plasma_cell",0.092,1,FALSE
"cmv","l3_erythrocyte",0.092,1,FALSE
"cmv","l2_treg_alr",0.092,1,FALSE
"l2_ilc","l2_cdc1_alr",0.092,0.260869565217391,FALSE
"l2_ilc","l3_adaptive_nk_cell_alr",0.092,0.119565217391304,FALSE
"l2_platelet","l3_isg_memory_cd4_t_cell_alr",0.092,0.173913043478261,FALSE
"l2_progenitor_cell","l2_gdt_alr",0.092,0.532608695652174,FALSE
"l3_cd56bright_nk_cell","l2_asdc_alr",0.092,0.217391304347826,FALSE
"l3_cd56bright_nk_cell","l2_gdt_alr",0.092,0.456521739130435,FALSE
"l3_cd56bright_nk_cell","l3_isg_memory_cd4_t_cell_alr",0.092,0.423913043478261,FALSE
"l3_cd8aa","l3_klrb1_memory_cd4_treg_alr",0.092,0.445652173913044,FALSE
"l3_dn_t_cell","l3_erythrocyte",0.092,0.456521739130435,FALSE
"l3_erythrocyte","cmv",0.092,0,FALSE
"l3_erythrocyte","l3_dn_t_cell",0.092,0.543478260869565,FALSE
"l3_erythrocyte","l3_sox4_naive_cd8_t_cell_alr",0.092,0.510869565217391,FALSE
"l3_plasma_cell","sex",0.092,0,FALSE
"l3_proliferating_t_cell","l3_cm_cd8_t_cell_alr",0.092,0.369565217391304,FALSE
"l3_baeomap_cell","l2_cd56bright_nk_cell_alr",0.092,0.434782608695652,FALSE
"l2_effector_b_cell_alr","l3_isg_cd14_monocyte_alr",0.092,0.467391304347826,FALSE
"l2_asdc_alr","l3_cd56bright_nk_cell",0.092,0.782608695652174,FALSE
"l2_cdc1_alr","l2_ilc",0.092,0.739130434782609,FALSE
"l2_cd56bright_nk_cell_alr","l3_baeomap_cell",0.092,0.565217391304348,FALSE
"l2_proliferating_nk_cell_alr","l3_early_memory_b_cell_alr",0.092,0.33695652173913,FALSE
"l2_gdt_alr","l2_progenitor_cell",0.092,0.467391304347826,FALSE
"l2_gdt_alr","l3_cd56bright_nk_cell",0.092,0.543478260869565,FALSE
"l2_treg_alr","cmv",0.092,0,FALSE
"l2_treg_alr","l3_isg_cd56dim_nk_cell_alr",0.092,0.652173913043478,FALSE
"l3_il1b_cd14_monocyte_alr","l3_klrf1_effector_vd1_gdt_alt_alr",0.092,0.619565217391304,FALSE
"l3_isg_cd14_monocyte_alr","l2_effector_b_cell_alr",0.092,0.532608695652174,FALSE
"l3_isg_cd56dim_nk_cell_alr","l2_treg_alr",0.092,0.347826086956522,FALSE
"l3_adaptive_nk_cell_alr","l2_ilc",0.092,0.880434782608696,FALSE
"l3_adaptive_nk_cell_alr","l3_isg_cdc2_alr",0.092,0.608695652173913,FALSE
"l3_adaptive_nk_cell_alr","l3_sox4_naive_cd4_t_cell_alr",0.092,0.271739130434783,FALSE
"l3_adaptive_nk_cell_alr","l1_progenitor_cell_alr",0.092,0.5,FALSE
"l3_isg_cdc2_alr","l3_adaptive_nk_cell_alr",0.092,0.391304347826087,FALSE
"l3_klrf1_effector_vd1_gdt_alt_alr","l3_il1b_cd14_monocyte_alr",0.092,0.380434782608696,FALSE
"l3_klrf1_effector_vd1_gdt_alt_alr","l3_clp_cell_alr",0.092,0.293478260869565,FALSE
"l3_sox4_vd1_gdt_alr","l3_cd95_memory_b_cell_alr",0.092,0.315217391304348,FALSE
"l3_cd95_memory_b_cell_alr","l3_sox4_vd1_gdt_alr",0.092,0.684782608695652,FALSE
"l3_early_memory_b_cell_alr","l2_proliferating_nk_cell_alr",0.092,0.66304347826087,FALSE
"l3_isg_memory_cd4_t_cell_alr","l2_platelet",0.092,0.826086956521739,FALSE
"l3_isg_memory_cd4_t_cell_alr","l3_cd56bright_nk_cell",0.092,0.576086956521739,FALSE
"l3_isg_memory_cd4_t_cell_alr","l3_cm_cd8_t_cell_alr",0.092,0.66304347826087,FALSE
"l3_gzmb_cd27_em_cd4_t_cell_alt_alr","l3_sox4_naive_cd4_t_cell_alr",0.092,0.456521739130435,FALSE
"l3_cm_cd8_t_cell_alr","l3_proliferating_t_cell",0.092,0.630434782608696,FALSE
"l3_cm_cd8_t_cell_alr","l3_isg_memory_cd4_t_cell_alr",0.092,0.33695652173913,FALSE
"l3_sox4_naive_cd4_t_cell_alr","l3_adaptive_nk_cell_alr",0.092,0.728260869565217,FALSE
"l3_sox4_naive_cd4_t_cell_alr","l3_gzmb_cd27_em_cd4_t_cell_alt_alr",0.092,0.543478260869565,FALSE
"l3_sox4_naive_cd8_t_cell_alr","l3_erythrocyte",0.092,0.489130434782609,FALSE
"l3_clp_cell_alr","l3_klrf1_effector_vd1_gdt_alt_alr",0.092,0.706521739130435,FALSE
"l3_gzmk_memory_cd4_treg_alr","l3_klrb1_memory_cd8_treg_alr",0.092,0.489130434782609,FALSE
"l3_klrb1_memory_cd4_treg_alr","l3_cd8aa",0.092,0.554347826086957,FALSE
"l3_klrb1_memory_cd8_treg_alr","l3_gzmk_memory_cd4_treg_alr",0.092,0.510869565217391,FALSE
"l1_nk_cell_alr","age_group",0.092,0,FALSE
"l1_progenitor_cell_alr","l3_adaptive_nk_cell_alr",0.092,0.5,FALSE
"age_group","l3_baeomap_cell",0.091,1,FALSE
"cmv","l3_il1b_cd14_monocyte_alr",0.091,1,FALSE
"l2_platelet","l2_asdc_alr",0.091,0.0989010989010989,FALSE
"l3_cd8aa","l2_memory_b_cell_alr",0.091,0.527472527472527,FALSE
"l3_proliferating_nk_cell","l2_transitional_b_cell_alr",0.091,0.208791208791209,FALSE
"l3_transitional_b_cell","l3_isg_cd56dim_nk_cell_alr",0.091,0.175824175824176,FALSE
"l3_baeomap_cell","age_group",0.091,0,FALSE
"l3_baeomap_cell","l3_isg_naive_cd8_t_cell_alr",0.091,0.659340659340659,FALSE
"l2_memory_b_cell_alr","l3_cd8aa",0.091,0.472527472527473,FALSE
"l2_transitional_b_cell_alr","l3_proliferating_nk_cell",0.091,0.791208791208791,FALSE
"l2_asdc_alr","l2_platelet",0.091,0.901098901098901,FALSE
"l2_asdc_alr","l3_cm_cd8_t_cell_alr",0.091,0.637362637362637,FALSE
"l2_cdc1_alr","l3_gzmk_cd56dim_nk_cell_alr",0.091,0.521978021978022,FALSE
"l2_intermediate_monocyte_alr","l3_memory_cd8_treg_alr",0.091,0.252747252747253,FALSE
"l2_proliferating_nk_cell_alr","l2_gdt_alr",0.091,0.395604395604396,FALSE
"l2_gdt_alr","l2_proliferating_nk_cell_alr",0.091,0.604395604395604,FALSE
"l2_gdt_alr","l3_c1q_cd16_monocyte_alr",0.091,0.538461538461539,FALSE
"l2_gdt_alr","l3_klrb1_memory_cd4_treg_alr",0.091,0.538461538461539,FALSE
"l2_proliferating_t_cell_alr","l3_klrf1_effector_vd1_gdt_alt_alr",0.091,0.450549450549451,FALSE
"l3_il1b_cd14_monocyte_alr","cmv",0.091,0,FALSE
"l3_isg_cd14_monocyte_alr","l3_adaptive_nk_cell_alr",0.091,0.659340659340659,FALSE
"l3_c1q_cd16_monocyte_alr","l2_gdt_alr",0.091,0.461538461538462,FALSE
"l3_gzmk_cd56dim_nk_cell_alr","l2_cdc1_alr",0.091,0.478021978021978,FALSE
"l3_isg_cd56dim_nk_cell_alr","l3_transitional_b_cell",0.091,0.824175824175824,FALSE
"l3_adaptive_nk_cell_alr","l3_isg_cd14_monocyte_alr",0.091,0.340659340659341,FALSE
"l3_klrf1_effector_vd1_gdt_alt_alr","l2_proliferating_t_cell_alr",0.091,0.549450549450549,FALSE
"l3_sox4_vd1_gdt_alr","l3_klrf1_gzmb_cd27_em_cd8_t_cell_alr",0.091,0.307692307692308,FALSE
"l3_cd95_memory_b_cell_alr","l1_monocyte_alr",0.091,0.483516483516484,FALSE
"l3_gzmb_cd27_em_cd4_t_cell_alr","l3_klrb1_memory_cd4_treg_alr",0.091,0.510989010989011,FALSE
"l3_cm_cd8_t_cell_alr","l2_asdc_alr",0.091,0.362637362637363,FALSE
"l3_klrf1_gzmb_cd27_em_cd8_t_cell_alr","l3_sox4_vd1_gdt_alr",0.091,0.692307692307692,FALSE
"l3_klrf1_gzmb_cd27_em_cd8_t_cell_alt_alr","l1_platelet_alr",0.091,0.736263736263736,FALSE
"l3_isg_naive_cd8_t_cell_alr","l3_baeomap_cell",0.091,0.340659340659341,FALSE
"l3_klrb1_memory_cd4_treg_alr","l2_gdt_alr",0.091,0.461538461538462,FALSE
"l3_klrb1_memory_cd4_treg_alr","l3_gzmb_cd27_em_cd4_t_cell_alr",0.091,0.489010989010989,FALSE
"l3_memory_cd8_treg_alr","l2_intermediate_monocyte_alr",0.091,0.747252747252747,FALSE
"l3_memory_cd8_treg_alr","l1_ilc_alr",0.091,0.527472527472527,FALSE
"l1_monocyte_alr","l3_cd95_memory_b_cell_alr",0.091,0.516483516483517,FALSE
"l1_ilc_alr","l3_memory_cd8_treg_alr",0.091,0.472527472527473,FALSE
"l1_platelet_alr","l3_klrf1_gzmb_cd27_em_cd8_t_cell_alt_alr",0.091,0.263736263736264,FALSE
"l3_cdc1","l3_gzmk_memory_cd4_treg_alr",0.09,0.222222222222222,FALSE
"l3_gzmk_memory_cd4_treg_alr","l3_cdc1",0.09,0.777777777777778,FALSE
"age_group","l1_erythrocyte_alr",0.09,1,FALSE
"sex","l2_cd16_monocyte_alr",0.09,1,FALSE
"sex","l3_isg_mait_alr",0.09,1,FALSE
"cmv","l3_isg_cd56dim_nk_cell_alr",0.09,1,FALSE
"cmv","l3_gzmb_cd27_em_cd4_t_cell_alr",0.09,1,FALSE
"l3_cdc1","l3_klrf1_gzmb_cd27_em_cd8_t_cell_alr",0.09,0.544444444444445,FALSE
"l3_intermediate_monocyte","l3_c1q_cd16_monocyte_alr",0.09,0.466666666666667,FALSE
"l3_pdc","l3_klrf1_effector_vd1_gdt_alr",0.09,0.644444444444444,FALSE
"l3_platelet","l3_il1b_cd14_monocyte_alr",0.09,0.366666666666667,FALSE
"l3_proliferating_nk_cell","l2_effector_b_cell_alr",0.09,0.366666666666667,FALSE
"l3_proliferating_nk_cell","l3_klrb1_memory_cd4_treg_alr",0.09,0.455555555555556,FALSE
"l2_effector_b_cell_alr","l3_proliferating_nk_cell",0.09,0.633333333333333,FALSE
"l2_effector_b_cell_alr","l2_memory_cd8_t_cell_alr",0.09,0.555555555555556,FALSE
"l2_memory_b_cell_alr","l3_adaptive_nk_cell_alr",0.09,0.666666666666667,FALSE
"l2_cd16_monocyte_alr","sex",0.09,0,FALSE
"l2_intermediate_monocyte_alr","l3_gzmk_cd56dim_nk_cell_alr",0.09,0.388888888888889,FALSE
"l2_intermediate_monocyte_alr","l3_cd14_cdc2_alr",0.09,0.488888888888889,FALSE
"l2_intermediate_monocyte_alr","l3_cd4_mait_alr",0.09,0.533333333333333,FALSE
"l2_proliferating_nk_cell_alr","l3_sox4_vd1_gdt_alr",0.09,0.327777777777778,FALSE
"l2_proliferating_nk_cell_alr","l3_klrf1_gzmb_cd27_em_cd8_t_cell_alt_alr",0.09,0.4,FALSE
"l2_memory_cd4_t_cell_alr","l3_il1b_cd14_monocyte_alr",0.09,0.511111111111111,FALSE
"l2_memory_cd8_t_cell_alr","l2_effector_b_cell_alr",0.09,0.444444444444444,FALSE
"l2_naive_cd8_t_cell_alr","l3_cd27_effector_b_cell_alt_alr",0.09,0.355555555555556,FALSE
"l2_naive_cd8_t_cell_alr","l3_type_2_polarized_memory_b_cell_alr",0.09,0.433333333333333,FALSE
"l2_treg_alr","l3_klrb1_memory_cd4_treg_alr",0.09,0.633333333333333,FALSE
"l3_il1b_cd14_monocyte_alr","l3_platelet",0.09,0.633333333333333,FALSE
"l3_il1b_cd14_monocyte_alr","l2_memory_cd4_t_cell_alr",0.09,0.488888888888889,FALSE
"l3_c1q_cd16_monocyte_alr","l3_intermediate_monocyte",0.09,0.533333333333333,FALSE
"l3_c1q_cd16_monocyte_alr","l3_sox4_vd1_gdt_alr",0.09,0.655555555555556,FALSE
"l3_gzmk_cd56dim_nk_cell_alr","l2_intermediate_monocyte_alr",0.09,0.611111111111111,FALSE
"l3_isg_cd56dim_nk_cell_alr","cmv",0.09,0,FALSE
"l3_adaptive_nk_cell_alr","l2_memory_b_cell_alr",0.09,0.333333333333333,FALSE
"l3_cd14_cdc2_alr","l2_intermediate_monocyte_alr",0.09,0.511111111111111,FALSE
"l3_cd14_cdc2_alr","l1_b_cell_alr",0.09,0.433333333333333,FALSE
"l3_cd27_effector_b_cell_alt_alr","l2_naive_cd8_t_cell_alr",0.09,0.644444444444444,FALSE
"l3_gzmb_vd2_gdt_alr","l3_cd95_memory_b_cell_alr",0.09,0.544444444444445,FALSE
"l3_klrf1_effector_vd1_gdt_alr","l3_pdc",0.09,0.355555555555556,FALSE
"l3_sox4_vd1_gdt_alr","l2_proliferating_nk_cell_alr",0.09,0.672222222222222,FALSE
"l3_sox4_vd1_gdt_alr","l3_c1q_cd16_monocyte_alr",0.09,0.344444444444444,FALSE
"l3_cd4_mait_alr","l2_intermediate_monocyte_alr",0.09,0.466666666666667,FALSE
"l3_isg_mait_alr","sex",0.09,0,FALSE
"l3_isg_mait_alr","l1_ilc_alr",0.09,0.722222222222222,FALSE
"l3_cd95_memory_b_cell_alr","l3_gzmb_vd2_gdt_alr",0.09,0.455555555555556,FALSE
"l3_type_2_polarized_memory_b_cell_alr","l2_naive_cd8_t_cell_alr",0.09,0.566666666666667,FALSE
"l3_gzmb_cd27_em_cd4_t_cell_alr","cmv",0.09,0,FALSE
"l3_gzmk_cd27_em_cd8_t_cell_alt_alr","l3_naive_cd4_treg_alr",0.09,0.533333333333333,FALSE
"l3_klrf1_gzmb_cd27_em_cd8_t_cell_alr","l3_cdc1",0.09,0.455555555555556,FALSE
"l3_klrf1_gzmb_cd27_em_cd8_t_cell_alt_alr","l2_proliferating_nk_cell_alr",0.09,0.6,FALSE
"l3_klrb1_memory_cd4_treg_alr","l3_proliferating_nk_cell",0.09,0.544444444444445,FALSE
"l3_klrb1_memory_cd4_treg_alr","l2_treg_alr",0.09,0.366666666666667,FALSE
"l3_naive_cd4_treg_alr","l3_gzmk_cd27_em_cd8_t_cell_alt_alr",0.09,0.466666666666667,FALSE
"l1_b_cell_alr","l3_cd14_cdc2_alr",0.09,0.566666666666667,FALSE
"l1_erythrocyte_alr","age_group",0.09,0,FALSE
"l1_ilc_alr","l3_isg_mait_alr",0.09,0.277777777777778,FALSE
"l3_proliferating_nk_cell","l3_isg_cdc2_alr",0.089,0.224719101123595,FALSE
"l3_isg_cdc2_alr","l3_proliferating_nk_cell",0.089,0.775280898876405,FALSE
"l3_sox4_vd1_gdt_alr","l1_platelet_alr",0.089,0.764044943820225,FALSE
"l3_isg_naive_cd4_t_cell_alr","l3_sox4_naive_cd8_t_cell_alr",0.089,0.775280898876405,FALSE
"l3_sox4_naive_cd8_t_cell_alr","l3_isg_naive_cd4_t_cell_alr",0.089,0.224719101123595,FALSE
"l1_platelet_alr","l3_sox4_vd1_gdt_alr",0.089,0.235955056179775,FALSE
"age_group","l3_pdc",0.089,1,FALSE
"age_group","l3_sox4_vd1_gdt_alr",0.089,1,FALSE
"l2_progenitor_cell","l2_cd56bright_nk_cell_alr",0.089,0.48314606741573,FALSE
"l3_asdc","l2_cd56bright_nk_cell_alr",0.089,0.674157303370786,FALSE
"l3_asdc","l3_naive_vd1_gdt_alr",0.089,0.449438202247191,FALSE
"l3_cd8aa","l1_progenitor_cell_alr",0.089,0.303370786516854,FALSE
"l3_erythrocyte","l3_isg_cdc2_alr",0.089,0.460674157303371,FALSE
"l3_pdc","age_group",0.089,0,FALSE
"l3_pdc","l3_proliferating_t_cell",0.089,0.584269662921348,FALSE
"l3_proliferating_t_cell","l3_pdc",0.089,0.415730337078652,FALSE
"l3_proliferating_t_cell","l3_c1q_cd16_monocyte_alr",0.089,0.550561797752809,FALSE
"l2_cdc1_alr","l3_early_memory_b_cell_alr",0.089,0.382022471910112,FALSE
"l2_pdc_alr","l2_memory_cd8_t_cell_alr",0.089,0.550561797752809,FALSE
"l2_cd16_monocyte_alr","l3_isg_naive_cd8_t_cell_alr",0.089,0.561797752808989,FALSE
"l2_cd16_monocyte_alr","l3_naive_cd4_treg_alr",0.089,0.584269662921348,FALSE
"l2_cd56bright_nk_cell_alr","l2_progenitor_cell",0.089,0.51685393258427,FALSE
"l2_cd56bright_nk_cell_alr","l3_asdc",0.089,0.325842696629214,FALSE
"l2_gdt_alr","l3_isg_naive_b_cell_alr",0.089,0.887640449438202,FALSE
"l2_mait_alr","l3_gzmb_vd2_gdt_alr",0.089,0.303370786516854,FALSE
"l2_mait_alr","l3_isg_memory_cd8_t_cell_alr",0.089,0.617977528089888,FALSE
"l2_memory_cd8_t_cell_alr","l2_pdc_alr",0.089,0.449438202247191,FALSE
"l3_c1q_cd16_monocyte_alr","l3_proliferating_t_cell",0.089,0.449438202247191,FALSE
"l3_c1q_cd16_monocyte_alr","l1_monocyte_alr",0.089,0.48314606741573,FALSE
"l3_gzmk_cd56dim_nk_cell_alr","l3_gzmb_vd2_gdt_alr",0.089,0.426966292134831,FALSE
"l3_adaptive_nk_cell_alr","l1_b_cell_alr",0.089,0.438202247191011,FALSE
"l3_isg_cdc2_alr","l3_erythrocyte",0.089,0.539325842696629,FALSE
"l3_isg_cdc2_alr","l3_isg_naive_cd4_t_cell_alr",0.089,0.49438202247191,FALSE
"l3_cd27_effector_b_cell_alt_alr","l3_early_memory_b_cell_alr",0.089,0.471910112359551,FALSE
"l3_gzmb_vd2_gdt_alr","l2_mait_alr",0.089,0.696629213483146,FALSE
"l3_gzmb_vd2_gdt_alr","l3_gzmk_cd56dim_nk_cell_alr",0.089,0.573033707865168,FALSE
"l3_naive_vd1_gdt_alr","l3_asdc",0.089,0.550561797752809,FALSE
"l3_sox4_vd1_gdt_alr","age_group",0.089,0,FALSE
"l3_sox4_vd1_gdt_alr","l3_cd4_mait_alr",0.089,0.202247191011236,FALSE
"l3_cd4_mait_alr","l3_sox4_vd1_gdt_alr",0.089,0.797752808988764,FALSE
"l3_isg_mait_alr","l3_klrf1_gzmb_cd27_em_cd8_t_cell_alt_alr",0.089,0.359550561797753,FALSE
"l3_activated_memory_b_cell_alr","l3_gzmk_memory_cd4_treg_alr",0.089,0.393258426966292,FALSE
"l3_early_memory_b_cell_alr","l2_cdc1_alr",0.089,0.617977528089888,FALSE
"l3_early_memory_b_cell_alr","l3_cd27_effector_b_cell_alt_alr",0.089,0.52808988764045,FALSE
"l3_isg_memory_cd8_t_cell_alr","l2_mait_alr",0.089,0.382022471910112,FALSE
"l3_isg_memory_cd8_t_cell_alr","l1_erythrocyte_alr",0.089,0.640449438202247,FALSE
"l3_klrf1_gzmb_cd27_em_cd8_t_cell_alt_alr","l3_isg_mait_alr",0.089,0.640449438202247,FALSE
"l3_isg_naive_b_cell_alr","l2_gdt_alr",0.089,0.112359550561798,FALSE
"l3_isg_naive_b_cell_alr","l1_nk_cell_alr",0.089,0.49438202247191,FALSE
"l3_isg_naive_cd4_t_cell_alr","l3_isg_cdc2_alr",0.089,0.50561797752809,FALSE
"l3_isg_naive_cd8_t_cell_alr","l2_cd16_monocyte_alr",0.089,0.438202247191011,FALSE
"l3_gzmk_memory_cd4_treg_alr","l3_activated_memory_b_cell_alr",0.089,0.606741573033708,FALSE
"l3_naive_cd4_treg_alr","l2_cd16_monocyte_alr",0.089,0.415730337078652,FALSE
"l1_monocyte_alr","l3_c1q_cd16_monocyte_alr",0.089,0.51685393258427,FALSE
"l1_nk_cell_alr","l3_isg_naive_b_cell_alr",0.089,0.50561797752809,FALSE
"l1_b_cell_alr","l3_adaptive_nk_cell_alr",0.089,0.561797752808989,FALSE
"l1_erythrocyte_alr","l3_isg_memory_cd8_t_cell_alr",0.089,0.359550561797753,FALSE
"l1_progenitor_cell_alr","l3_cd8aa",0.089,0.696629213483146,FALSE
"l3_transitional_b_cell","l2_mait_alr",0.088,0.238636363636364,FALSE
"l2_mait_alr","l3_transitional_b_cell",0.088,0.761363636363636,FALSE
"l2_proliferating_t_cell_alr","l1_progenitor_cell_alr",0.088,0.204545454545455,FALSE
"l1_progenitor_cell_alr","l2_proliferating_t_cell_alr",0.088,0.795454545454545,FALSE
"age_group","l3_isg_naive_cd4_t_cell_alr",0.088,1,FALSE
"l3_asdc","l3_gzmb_cd27_em_cd4_t_cell_alt_alr",0.088,0.431818181818182,FALSE
"l3_asdc","l3_klrf1_gzmb_cd27_em_cd8_t_cell_alt_alr",0.088,0.431818181818182,FALSE
"l3_cd56bright_nk_cell","l2_intermediate_monocyte_alr",0.088,0.568181818181818,FALSE
"l3_cd56bright_nk_cell","l3_cd4_mait_alr",0.088,0.306818181818182,FALSE
"l3_cdc1","l3_gzmb_cd27_em_cd4_t_cell_alt_alr",0.088,0.431818181818182,FALSE
"l3_dn_t_cell","l3_isg_cd16_monocyte_alr",0.088,0.545454545454546,FALSE
"l3_dn_t_cell","l3_isg_naive_b_cell_alr",0.088,0.636363636363636,FALSE
"l3_ilc","l2_treg_alr",0.088,0.454545454545455,FALSE
"l3_ilc","l3_adaptive_nk_cell_alr",0.088,0.420454545454545,FALSE
"l3_pdc","l3_isg_cd56dim_nk_cell_alr",0.088,0.318181818181818,FALSE
"l2_transitional_b_cell_alr","l2_treg_alr",0.088,0.681818181818182,FALSE
"l2_cdc1_alr","l3_isg_mait_alr",0.088,0.715909090909091,FALSE
"l2_pdc_alr","l2_mait_alr",0.088,0.295454545454545,FALSE
"l2_pdc_alr","l2_proliferating_t_cell_alr",0.088,0.625,FALSE
"l2_pdc_alr","l2_treg_alr",0.088,0.318181818181818,FALSE
"l2_intermediate_monocyte_alr","l3_cd56bright_nk_cell",0.088,0.431818181818182,FALSE
"l2_cd56bright_nk_cell_alr","l2_cd8aa_alr",0.088,0.340909090909091,FALSE
"l2_cd56bright_nk_cell_alr","l3_klrb1_memory_cd8_treg_alr",0.088,0.534090909090909,FALSE
"l2_proliferating_nk_cell_alr","l2_cd8aa_alr",0.088,0.147727272727273,FALSE
"l2_proliferating_nk_cell_alr","l3_isg_cd16_monocyte_alr",0.088,0.284090909090909,FALSE
"l2_cd8aa_alr","l2_cd56bright_nk_cell_alr",0.088,0.659090909090909,FALSE
"l2_cd8aa_alr","l2_proliferating_nk_cell_alr",0.088,0.852272727272727,FALSE
"l2_mait_alr","l2_pdc_alr",0.088,0.704545454545455,FALSE
"l2_proliferating_t_cell_alr","l2_pdc_alr",0.088,0.375,FALSE
"l2_treg_alr","l3_ilc",0.088,0.545454545454546,FALSE
"l2_treg_alr","l2_transitional_b_cell_alr",0.088,0.318181818181818,FALSE
"l2_treg_alr","l2_pdc_alr",0.088,0.681818181818182,FALSE
"l3_c1q_cd16_monocyte_alr","l1_platelet_alr",0.088,0.397727272727273,FALSE
"l3_isg_cd16_monocyte_alr","l3_dn_t_cell",0.088,0.454545454545455,FALSE
"l3_isg_cd16_monocyte_alr","l2_proliferating_nk_cell_alr",0.088,0.715909090909091,FALSE
"l3_isg_cd16_monocyte_alr","l1_ilc_alr",0.088,0.727272727272727,FALSE
"l3_gzmk_cd56dim_nk_cell_alr","l1_ilc_alr",0.088,0.477272727272727,FALSE
"l3_isg_cd56dim_nk_cell_alr","l3_pdc",0.088,0.681818181818182,FALSE
"l3_adaptive_nk_cell_alr","l3_ilc",0.088,0.579545454545455,FALSE
"l3_klrf1_effector_vd1_gdt_alr","l3_isg_naive_b_cell_alr",0.088,0.534090909090909,FALSE
"l3_cd4_mait_alr","l3_cd56bright_nk_cell",0.088,0.693181818181818,FALSE
"l3_isg_mait_alr","l2_cdc1_alr",0.088,0.284090909090909,FALSE
"l3_early_memory_b_cell_alr","l3_gzmb_cd27_em_cd4_t_cell_alr",0.088,0.75,FALSE
"l3_type_2_polarized_memory_b_cell_alr","l3_isg_naive_b_cell_alr",0.088,0.579545454545455,FALSE
"l3_isg_memory_cd4_t_cell_alr","l3_klrb1_memory_cd4_treg_alr",0.088,0.477272727272727,FALSE
"l3_isg_memory_cd4_t_cell_alr","l1_b_cell_alr",0.088,0.545454545454546,FALSE
"l3_gzmb_cd27_em_cd4_t_cell_alr","l3_early_memory_b_cell_alr",0.088,0.25,FALSE
"l3_gzmb_cd27_em_cd4_t_cell_alt_alr","l3_asdc",0.088,0.568181818181818,FALSE
"l3_gzmb_cd27_em_cd4_t_cell_alt_alr","l3_cdc1",0.088,0.568181818181818,FALSE
"l3_gzmb_cd27_em_cd4_t_cell_alt_alr","l1_dc_alr",0.088,0.380681818181818,FALSE
"l3_klrf1_gzmb_cd27_em_cd8_t_cell_alt_alr","l3_asdc",0.088,0.568181818181818,FALSE
"l3_isg_naive_b_cell_alr","l3_dn_t_cell",0.088,0.363636363636364,FALSE
"l3_isg_naive_b_cell_alr","l3_klrf1_effector_vd1_gdt_alr",0.088,0.465909090909091,FALSE
"l3_isg_naive_b_cell_alr","l3_type_2_polarized_memory_b_cell_alr",0.088,0.420454545454545,FALSE
"l3_isg_naive_cd4_t_cell_alr","age_group",0.088,0,FALSE
"l3_sox4_naive_cd4_t_cell_alr","l1_dc_alr",0.088,0.340909090909091,FALSE
"l3_isg_naive_cd8_t_cell_alr","l3_klrb1_memory_cd8_treg_alr",0.088,0.363636363636364,FALSE
"l3_klrb1_memory_cd4_treg_alr","l3_isg_memory_cd4_t_cell_alr",0.088,0.522727272727273,FALSE
"l3_klrb1_memory_cd8_treg_alr","l2_cd56bright_nk_cell_alr",0.088,0.465909090909091,FALSE
"l3_klrb1_memory_cd8_treg_alr","l3_isg_naive_cd8_t_cell_alr",0.088,0.636363636363636,FALSE
"l1_dc_alr","l3_gzmb_cd27_em_cd4_t_cell_alt_alr",0.088,0.619318181818182,FALSE
"l1_dc_alr","l3_sox4_naive_cd4_t_cell_alr",0.088,0.659090909090909,FALSE
"l1_b_cell_alr","l3_isg_memory_cd4_t_cell_alr",0.088,0.454545454545455,FALSE
"l1_ilc_alr","l3_isg_cd16_monocyte_alr",0.088,0.272727272727273,FALSE
"l1_ilc_alr","l3_gzmk_cd56dim_nk_cell_alr",0.088,0.522727272727273,FALSE
"l1_platelet_alr","l3_c1q_cd16_monocyte_alr",0.088,0.602272727272727,FALSE
"l2_proliferating_t_cell_alr","l3_sox4_naive_cd4_t_cell_alr",0.087,0.218390804597701,FALSE
"l3_sox4_vd1_gdt_alr","l3_memory_cd8_treg_alr",0.087,0.241379310344828,FALSE
"l3_sox4_naive_cd4_t_cell_alr","l2_proliferating_t_cell_alr",0.087,0.781609195402299,FALSE
"l3_memory_cd8_treg_alr","l3_sox4_vd1_gdt_alr",0.087,0.758620689655172,FALSE
"age_group","l3_asdc",0.087,1,FALSE
"sex","l3_isg_naive_b_cell_alr",0.087,1,FALSE
"l2_ilc","l3_isg_naive_b_cell_alr",0.087,0.172413793103448,FALSE
"l3_asdc","age_group",0.087,0,FALSE
"l3_asdc","l3_proliferating_nk_cell",0.087,0.71264367816092,FALSE
"l3_asdc","l2_memory_cd4_t_cell_alr",0.087,0.264367816091954,FALSE
"l3_cd56bright_nk_cell","l3_naive_cd4_treg_alr",0.087,0.620689655172414,FALSE
"l3_dn_t_cell","l2_transitional_b_cell_alr",0.087,0.379310344827586,FALSE
"l3_erythrocyte","l3_isg_memory_cd8_t_cell_alr",0.087,0.551724137931035,FALSE
"l3_pdc","l3_isg_memory_cd8_t_cell_alr",0.087,0.586206896551724,FALSE
"l3_plasma_cell","l2_memory_cd8_t_cell_alr",0.087,0.436781609195402,FALSE
"l3_plasma_cell","l3_cd27_effector_b_cell_alt_alr",0.087,0.528735632183908,FALSE
"l3_plasma_cell","l3_naive_vd1_gdt_alr",0.087,0.586206896551724,FALSE
"l3_platelet","l2_memory_b_cell_alr",0.087,0.310344827586207,FALSE
"l3_platelet","l3_gzmb_cd27_em_cd4_t_cell_alt_alr",0.087,0.32183908045977,FALSE
"l3_proliferating_nk_cell","l3_asdc",0.087,0.28735632183908,FALSE
"l3_baeomap_cell","l3_early_memory_b_cell_alr",0.087,0.459770114942529,FALSE
"l3_baeomap_cell","l1_dc_alr",0.087,0.425287356321839,FALSE
"l2_memory_b_cell_alr","l3_platelet",0.087,0.689655172413793,FALSE
"l2_transitional_b_cell_alr","l3_dn_t_cell",0.087,0.620689655172414,FALSE
"l2_asdc_alr","l3_sox4_vd1_gdt_alr",0.087,0.609195402298851,FALSE
"l2_asdc_alr","l3_naive_cd4_treg_alr",0.087,0.64367816091954,FALSE
"l2_cdc1_alr","l3_memory_cd8_treg_alr",0.087,0.64367816091954,FALSE
"l2_cd16_monocyte_alr","l3_gzmb_vd2_gdt_alr",0.087,0.402298850574713,FALSE
"l2_cd56bright_nk_cell_alr","l3_klrf1_gzmb_cd27_em_cd8_t_cell_alt_alr",0.087,0.344827586206897,FALSE
"l2_dn_t_cell_alr","l3_memory_cd8_treg_alr",0.087,0.413793103448276,FALSE
"l2_memory_cd4_t_cell_alr","l3_asdc",0.087,0.735632183908046,FALSE
"l2_memory_cd8_t_cell_alr","l3_plasma_cell",0.087,0.563218390804598,FALSE
"l2_treg_alr","l3_cd14_cdc2_alr",0.087,0.28735632183908,FALSE
"l2_treg_alr","l3_klrf1_effector_vd1_gdt_alr",0.087,0.563218390804598,FALSE
"l3_gzmk_cd56dim_nk_cell_alr","l3_gzmb_cd27_em_cd4_t_cell_alt_alr",0.087,0.448275862068966,FALSE
"l3_cd14_cdc2_alr","l2_treg_alr",0.087,0.71264367816092,FALSE
"l3_isg_cdc2_alr","l3_klrf1_gzmb_cd27_memory_cd4_t_cell_alr",0.087,0.114942528735632,FALSE
"l3_cd27_effector_b_cell_alt_alr","l3_plasma_cell",0.087,0.471264367816092,FALSE
"l3_cd27_effector_b_cell_alt_alr","l3_klrf1_effector_vd1_gdt_alt_alr",0.087,0.632183908045977,FALSE
"l3_cd27_effector_b_cell_alt_alr","l3_cd95_memory_b_cell_alr",0.087,0.586206896551724,FALSE
"l3_gzmb_vd2_gdt_alr","l2_cd16_monocyte_alr",0.087,0.597701149425287,FALSE
"l3_gzmb_vd2_gdt_alr","l3_cm_cd8_t_cell_alr",0.087,0.724137931034483,FALSE
"l3_klrf1_effector_vd1_gdt_alr","l2_treg_alr",0.087,0.436781609195402,FALSE
"l3_klrf1_effector_vd1_gdt_alt_alr","l3_cd27_effector_b_cell_alt_alr",0.087,0.367816091954023,FALSE
"l3_klrf1_effector_vd1_gdt_alt_alr","l3_sox4_naive_cd4_t_cell_alr",0.087,0.505747126436782,FALSE
"l3_klrf1_effector_vd1_gdt_alt_alr","l1_b_cell_alr",0.087,0.540229885057471,FALSE
"l3_naive_vd1_gdt_alr","l3_plasma_cell",0.087,0.413793103448276,FALSE
"l3_sox4_vd1_gdt_alr","l2_asdc_alr",0.087,0.39080459770115,FALSE
"l3_sox4_vd1_gdt_alr","l3_isg_naive_b_cell_alr",0.087,0.609195402298851,FALSE
"l3_cd4_mait_alr","l3_type_2_polarized_memory_b_cell_alr",0.087,0.620689655172414,FALSE
"l3_activated_memory_b_cell_alr","l3_cm_cd8_t_cell_alr",0.087,0.505747126436782,FALSE
"l3_cd95_memory_b_cell_alr","l3_cd27_effector_b_cell_alt_alr",0.087,0.413793103448276,FALSE
"l3_early_memory_b_cell_alr","l3_baeomap_cell",0.087,0.540229885057471,FALSE
"l3_type_2_polarized_memory_b_cell_alr","l3_cd4_mait_alr",0.087,0.379310344827586,FALSE
"l3_type_2_polarized_memory_b_cell_alr","l3_cm_cd8_t_cell_alr",0.087,0.620689655172414,FALSE
"l3_klrf1_gzmb_cd27_memory_cd4_t_cell_alr","l3_isg_cdc2_alr",0.087,0.885057471264368,FALSE
"l3_klrf1_gzmb_cd27_memory_cd4_t_cell_alr","l3_klrb1_memory_cd4_treg_alr",0.087,0.436781609195402,FALSE
"l3_gzmb_cd27_em_cd4_t_cell_alt_alr","l3_platelet",0.087,0.67816091954023,FALSE
"l3_gzmb_cd27_em_cd4_t_cell_alt_alr","l3_gzmk_cd56dim_nk_cell_alr",0.087,0.551724137931035,FALSE
"l3_gzmb_cd27_em_cd4_t_cell_alt_alr","l1_monocyte_alr",0.087,0.494252873563218,FALSE
"l3_isg_memory_cd8_t_cell_alr","l3_erythrocyte",0.087,0.448275862068966,FALSE
"l3_isg_memory_cd8_t_cell_alr","l3_pdc",0.087,0.413793103448276,FALSE
"l3_cm_cd8_t_cell_alr","l3_gzmb_vd2_gdt_alr",0.087,0.275862068965517,FALSE
"l3_cm_cd8_t_cell_alr","l3_activated_memory_b_cell_alr",0.087,0.494252873563218,FALSE
"l3_cm_cd8_t_cell_alr","l3_type_2_polarized_memory_b_cell_alr",0.087,0.379310344827586,FALSE
"l3_klrf1_gzmb_cd27_em_cd8_t_cell_alt_alr","l2_cd56bright_nk_cell_alr",0.087,0.655172413793104,FALSE
"l3_isg_naive_b_cell_alr","sex",0.087,0,FALSE
"l3_isg_naive_b_cell_alr","l2_ilc",0.087,0.827586206896552,FALSE
"l3_isg_naive_b_cell_alr","l3_sox4_vd1_gdt_alr",0.087,0.39080459770115,FALSE
"l3_isg_naive_cd4_t_cell_alr","l3_memory_cd8_treg_alr",0.087,0.448275862068966,FALSE
"l3_sox4_naive_cd4_t_cell_alr","l3_klrf1_effector_vd1_gdt_alt_alr",0.087,0.494252873563218,FALSE
"l3_clp_cell_alr","l1_platelet_alr",0.087,0.505747126436782,FALSE
"l3_klrb1_memory_cd4_treg_alr","l3_klrf1_gzmb_cd27_memory_cd4_t_cell_alr",0.087,0.563218390804598,FALSE
"l3_memory_cd8_treg_alr","l2_cdc1_alr",0.087,0.35632183908046,FALSE
"l3_memory_cd8_treg_alr","l2_dn_t_cell_alr",0.087,0.586206896551724,FALSE
"l3_memory_cd8_treg_alr","l3_isg_naive_cd4_t_cell_alr",0.087,0.551724137931035,FALSE
"l3_naive_cd4_treg_alr","l3_cd56bright_nk_cell",0.087,0.379310344827586,FALSE
"l3_naive_cd4_treg_alr","l2_asdc_alr",0.087,0.35632183908046,FALSE
"l1_dc_alr","l3_baeomap_cell",0.087,0.574712643678161,FALSE
"l1_monocyte_alr","l3_gzmb_cd27_em_cd4_t_cell_alt_alr",0.087,0.505747126436782,FALSE
"l1_b_cell_alr","l3_klrf1_effector_vd1_gdt_alt_alr",0.087,0.459770114942529,FALSE
"l1_platelet_alr","l3_clp_cell_alr",0.087,0.494252873563218,FALSE
"l2_asdc_alr","l2_memory_cd4_t_cell_alr",0.086,0.215116279069767,FALSE
"l2_memory_cd4_t_cell_alr","l2_asdc_alr",0.086,0.784883720930233,FALSE
"l2_treg_alr","l3_clp_cell_alr",0.086,0.325581395348837,FALSE
"l3_cm_cd8_t_cell_alr","l3_clp_cell_alr",0.086,0.337209302325581,FALSE
"l3_clp_cell_alr","l2_treg_alr",0.086,0.674418604651163,FALSE
"l3_clp_cell_alr","l3_cm_cd8_t_cell_alr",0.086,0.662790697674419,FALSE
"age_group","l3_dn_t_cell",0.086,1,FALSE
"cmv","l2_platelet",0.086,1,FALSE
"cmv","l3_naive_vd1_gdt_alr",0.086,1,FALSE
"cmv","l3_cd95_memory_b_cell_alr",0.086,1,FALSE
"l2_erythrocyte","l3_plasma_cell",0.086,0.430232558139535,FALSE
"l2_platelet","cmv",0.086,0,FALSE
"l2_progenitor_cell","l3_isg_cd16_monocyte_alr",0.086,0.267441860465116,FALSE
"l3_asdc","l3_klrb1_memory_cd4_treg_alr",0.086,0.372093023255814,FALSE
"l3_cd8aa","l2_effector_b_cell_alr",0.086,0.686046511627907,FALSE
"l3_cdc1","l2_mait_alr",0.086,0.348837209302326,FALSE
"l3_cdc1","l2_memory_cd4_t_cell_alr",0.086,0.441860465116279,FALSE
"l3_cdc1","l3_cd14_cdc2_alr",0.086,0.313953488372093,FALSE
"l3_dn_t_cell","age_group",0.086,0,FALSE
"l3_ilc","l3_proliferating_t_cell",0.086,0.267441860465116,FALSE
"l3_ilc","l3_naive_cd4_treg_alr",0.086,0.523255813953488,FALSE
"l3_intermediate_monocyte","l3_isg_naive_b_cell_alr",0.086,0.593023255813954,FALSE
"l3_pdc","l3_cm_cd8_t_cell_alr",0.086,0.593023255813954,FALSE
"l3_pdc","l3_memory_cd8_treg_alr",0.086,0.5,FALSE
"l3_plasma_cell","l2_erythrocyte",0.086,0.569767441860465,FALSE
"l3_proliferating_t_cell","l3_ilc",0.086,0.732558139534884,FALSE
"l3_proliferating_t_cell","l3_isg_cd14_monocyte_alr",0.086,0.383720930232558,FALSE
"l3_transitional_b_cell","l2_naive_cd8_t_cell_alr",0.086,0.302325581395349,FALSE
"l3_baeomap_cell","l3_activated_memory_b_cell_alr",0.086,0.581395348837209,FALSE
"l3_baeomap_cell","l3_sox4_naive_cd8_t_cell_alr",0.086,0.546511627906977,FALSE
"l2_effector_b_cell_alr","l3_cd8aa",0.086,0.313953488372093,FALSE
"l2_memory_b_cell_alr","l3_gzmk_cd56dim_nk_cell_alr",0.086,0.569767441860465,FALSE
"l2_plasma_cell_alr","l3_gzmb_vd2_gdt_alr",0.086,0.569767441860465,FALSE
"l2_plasma_cell_alr","l3_isg_memory_cd8_t_cell_alr",0.086,0.406976744186047,FALSE
"l2_plasma_cell_alr","l3_sox4_naive_cd4_t_cell_alr",0.086,0.279069767441861,FALSE
"l2_pdc_alr","l3_activated_memory_b_cell_alr",0.086,0.558139534883721,FALSE
"l2_cd56bright_nk_cell_alr","l3_naive_vd1_gdt_alr",0.086,0.395348837209302,FALSE
"l2_gdt_alr","l3_early_memory_b_cell_alr",0.086,0.383720930232558,FALSE
"l2_mait_alr","l3_cdc1",0.086,0.651162790697674,FALSE
"l2_memory_cd4_t_cell_alr","l3_cdc1",0.086,0.558139534883721,FALSE
"l2_memory_cd4_t_cell_alr","l3_isg_cd14_monocyte_alr",0.086,0.558139534883721,FALSE
"l2_memory_cd4_t_cell_alr","l3_klrf1_effector_vd1_gdt_alr",0.086,0.569767441860465,FALSE
"l2_naive_cd8_t_cell_alr","l3_transitional_b_cell",0.086,0.697674418604651,FALSE
"l2_proliferating_t_cell_alr","l3_sox4_naive_cd8_t_cell_alr",0.086,0.383720930232558,FALSE
"l3_il1b_cd14_monocyte_alr","l1_b_cell_alr",0.086,0.465116279069767,FALSE
"l3_il1b_cd14_monocyte_alr","l1_ilc_alr",0.086,0.883720930232558,FALSE
"l3_isg_cd14_monocyte_alr","l3_proliferating_t_cell",0.086,0.616279069767442,FALSE
"l3_isg_cd14_monocyte_alr","l2_memory_cd4_t_cell_alr",0.086,0.441860465116279,FALSE
"l3_isg_cd14_monocyte_alr","l1_dc_alr",0.086,0.406976744186047,FALSE
"l3_isg_cd16_monocyte_alr","l2_progenitor_cell",0.086,0.732558139534884,FALSE
"l3_gzmk_cd56dim_nk_cell_alr","l2_memory_b_cell_alr",0.086,0.430232558139535,FALSE
"l3_gzmk_cd56dim_nk_cell_alr","l1_b_cell_alr",0.086,0.372093023255814,FALSE
"l3_isg_cd56dim_nk_cell_alr","l3_klrf1_gzmb_cd27_memory_cd4_t_cell_alr",0.086,0.116279069767442,FALSE
"l3_cd14_cdc2_alr","l3_cdc1",0.086,0.686046511627907,FALSE
"l3_gzmb_vd2_gdt_alr","l2_plasma_cell_alr",0.086,0.430232558139535,FALSE
"l3_klrf1_effector_vd1_gdt_alr","l2_memory_cd4_t_cell_alr",0.086,0.430232558139535,FALSE
"l3_naive_vd1_gdt_alr","cmv",0.086,0,FALSE
"l3_naive_vd1_gdt_alr","l2_cd56bright_nk_cell_alr",0.086,0.604651162790698,FALSE
"l3_cd4_mait_alr","l3_klrf1_gzmb_cd27_em_cd8_t_cell_alr",0.086,0.744186046511628,FALSE
"l3_activated_memory_b_cell_alr","l3_baeomap_cell",0.086,0.418604651162791,FALSE
"l3_activated_memory_b_cell_alr","l2_pdc_alr",0.086,0.441860465116279,FALSE
"l3_cd95_memory_b_cell_alr","cmv",0.086,0,FALSE
"l3_early_memory_b_cell_alr","l2_gdt_alr",0.086,0.616279069767442,FALSE
"l3_early_memory_b_cell_alr","l3_klrf1_gzmb_cd27_em_cd8_t_cell_alr",0.086,0.383720930232558,FALSE
"l3_klrf1_gzmb_cd27_memory_cd4_t_cell_alr","l3_isg_cd56dim_nk_cell_alr",0.086,0.883720930232558,FALSE
"l3_isg_memory_cd8_t_cell_alr","l2_plasma_cell_alr",0.086,0.593023255813954,FALSE
"l3_cm_cd8_t_cell_alr","l3_pdc",0.086,0.406976744186047,FALSE
"l3_klrf1_gzmb_cd27_em_cd8_t_cell_alr","l3_cd4_mait_alr",0.086,0.255813953488372,FALSE
"l3_klrf1_gzmb_cd27_em_cd8_t_cell_alr","l3_early_memory_b_cell_alr",0.086,0.616279069767442,FALSE
"l3_isg_naive_b_cell_alr","l3_intermediate_monocyte",0.086,0.406976744186047,FALSE
"l3_sox4_naive_cd4_t_cell_alr","l2_plasma_cell_alr",0.086,0.72093023255814,FALSE
"l3_sox4_naive_cd8_t_cell_alr","l3_baeomap_cell",0.086,0.453488372093023,FALSE
"l3_sox4_naive_cd8_t_cell_alr","l2_proliferating_t_cell_alr",0.086,0.616279069767442,FALSE
"l3_klrb1_memory_cd4_treg_alr","l3_asdc",0.086,0.627906976744186,FALSE
"l3_memory_cd8_treg_alr","l3_pdc",0.086,0.5,FALSE
"l3_naive_cd4_treg_alr","l3_ilc",0.086,0.476744186046512,FALSE
"l1_dc_alr","l3_isg_cd14_monocyte_alr",0.086,0.593023255813954,FALSE
"l1_b_cell_alr","l3_il1b_cd14_monocyte_alr",0.086,0.534883720930233,FALSE
"l1_b_cell_alr","l3_gzmk_cd56dim_nk_cell_alr",0.086,0.627906976744186,FALSE
"l1_ilc_alr","l3_il1b_cd14_monocyte_alr",0.086,0.116279069767442,FALSE
"age_group","l3_ilc",0.085,1,FALSE
"age_group","l2_mait_alr",0.085,1,FALSE
"sex","l3_il1b_cd14_monocyte_alr",0.085,1,FALSE
"sex","l3_clp_cell_alr",0.085,1,FALSE
"l2_progenitor_cell","l2_memory_cd4_t_cell_alr",0.085,0.229411764705882,FALSE
"l3_cd8aa","l3_early_memory_b_cell_alr",0.085,0.588235294117647,FALSE
"l3_ilc","age_group",0.085,0,FALSE
"l3_ilc","l2_intermediate_monocyte_alr",0.085,0.411764705882353,FALSE
"l3_plasma_cell","l2_naive_cd8_t_cell_alr",0.085,0.341176470588235,FALSE
"l3_proliferating_nk_cell","l2_dn_t_cell_alr",0.085,0.341176470588235,FALSE
"l3_baeomap_cell","l2_dn_t_cell_alr",0.085,0.588235294117647,FALSE
"l2_intermediate_monocyte_alr","l3_ilc",0.085,0.588235294117647,FALSE
"l2_cd8aa_alr","l3_adaptive_nk_cell_alr",0.085,0.8,FALSE
"l2_dn_t_cell_alr","l3_proliferating_nk_cell",0.085,0.658823529411765,FALSE
"l2_dn_t_cell_alr","l3_baeomap_cell",0.085,0.411764705882353,FALSE
"l2_mait_alr","age_group",0.085,0,FALSE
"l2_memory_cd4_t_cell_alr","l2_progenitor_cell",0.085,0.770588235294118,FALSE
"l2_naive_cd8_t_cell_alr","l3_plasma_cell",0.085,0.658823529411765,FALSE
"l3_il1b_cd14_monocyte_alr","sex",0.085,0,FALSE
"l3_adaptive_nk_cell_alr","l2_cd8aa_alr",0.085,0.2,FALSE
"l3_isg_cdc2_alr","l1_ilc_alr",0.085,0.764705882352941,FALSE
"l3_early_memory_b_cell_alr","l3_cd8aa",0.085,0.411764705882353,FALSE
"l3_isg_memory_cd8_t_cell_alr","l3_naive_cd4_treg_alr",0.085,0.247058823529412,FALSE
"l3_klrf1_gzmb_cd27_em_cd8_t_cell_alt_alr","l1_erythrocyte_alr",0.085,0.658823529411765,FALSE
"l3_clp_cell_alr","sex",0.085,0,FALSE
"l3_naive_cd4_treg_alr","l3_isg_memory_cd8_t_cell_alr",0.085,0.752941176470588,FALSE
"l1_erythrocyte_alr","l3_klrf1_gzmb_cd27_em_cd8_t_cell_alt_alr",0.085,0.341176470588235,FALSE
"l1_ilc_alr","l3_isg_cdc2_alr",0.085,0.235294117647059,FALSE
"l2_platelet","l2_cd56bright_nk_cell_alr",0.085,0.164705882352941,FALSE
"l3_asdc","l3_isg_cd56dim_nk_cell_alr",0.085,0.364705882352941,FALSE
"l3_asdc","l3_cd27_effector_b_cell_alt_alr",0.085,0.535294117647059,FALSE
"l3_asdc","l3_naive_cd4_treg_alr",0.085,0.611764705882353,FALSE
"l3_cd56bright_nk_cell","l3_memory_cd8_treg_alr",0.085,0.470588235294118,FALSE
"l3_ilc","l3_sox4_vd1_gdt_alr",0.085,0.164705882352941,FALSE
"l3_intermediate_monocyte","l3_activated_memory_b_cell_alr",0.085,0.458823529411765,FALSE
"l3_platelet","l3_transitional_b_cell",0.085,0.717647058823529,FALSE
"l3_transitional_b_cell","l3_platelet",0.085,0.282352941176471,FALSE
"l3_baeomap_cell","l3_isg_naive_cd4_t_cell_alr",0.085,0.505882352941176,FALSE
"l3_baeomap_cell","l3_klrb1_memory_cd8_treg_alr",0.085,0.358823529411765,FALSE
"l2_effector_b_cell_alr","l3_isg_naive_cd4_t_cell_alr",0.085,0.623529411764706,FALSE
"l2_memory_b_cell_alr","l1_nk_cell_alr",0.085,0.564705882352941,FALSE
"l2_plasma_cell_alr","l2_memory_cd4_t_cell_alr",0.085,0.129411764705882,FALSE
"l2_transitional_b_cell_alr","l2_memory_cd4_t_cell_alr",0.085,0.529411764705882,FALSE
"l2_cdc1_alr","l2_memory_cd8_t_cell_alr",0.085,0.458823529411765,FALSE
"l2_cd56bright_nk_cell_alr","l2_platelet",0.085,0.835294117647059,FALSE
"l2_cd56bright_nk_cell_alr","l3_sox4_naive_cd8_t_cell_alr",0.085,0.376470588235294,FALSE
"l2_mait_alr","l3_sox4_naive_cd4_t_cell_alr",0.085,0.4,FALSE
"l2_memory_cd4_t_cell_alr","l2_plasma_cell_alr",0.085,0.870588235294118,FALSE
"l2_memory_cd4_t_cell_alr","l2_transitional_b_cell_alr",0.085,0.470588235294118,FALSE
"l2_memory_cd8_t_cell_alr","l2_cdc1_alr",0.085,0.541176470588235,FALSE
"l3_c1q_cd16_monocyte_alr","l3_isg_cdc2_alr",0.085,0.4,FALSE
"l3_c1q_cd16_monocyte_alr","l3_klrf1_effector_vd1_gdt_alr",0.085,0.482352941176471,FALSE
"l3_isg_cd56dim_nk_cell_alr","l3_asdc",0.085,0.635294117647059,FALSE
"l3_isg_cdc2_alr","l3_c1q_cd16_monocyte_alr",0.085,0.6,FALSE
"l3_cd27_effector_b_cell_alt_alr","l3_asdc",0.085,0.464705882352941,FALSE
"l3_gzmb_vd2_gdt_alr","l3_naive_vd1_gdt_alr",0.085,0.694117647058824,FALSE
"l3_klrf1_effector_vd1_gdt_alr","l3_c1q_cd16_monocyte_alr",0.085,0.517647058823529,FALSE
"l3_klrf1_effector_vd1_gdt_alr","l1_b_cell_alr",0.085,0.517647058823529,FALSE
"l3_klrf1_effector_vd1_gdt_alt_alr","l1_dc_alr",0.085,0.364705882352941,FALSE
"l3_naive_vd1_gdt_alr","l3_gzmb_vd2_gdt_alr",0.085,0.305882352941176,FALSE
"l3_naive_vd1_gdt_alr","l3_activated_memory_b_cell_alr",0.085,0.482352941176471,FALSE
"l3_sox4_vd1_gdt_alr","l3_ilc",0.085,0.835294117647059,FALSE
"l3_sox4_vd1_gdt_alr","l3_cm_cd8_t_cell_alr",0.085,0.305882352941176,FALSE
"l3_sox4_vd1_gdt_alr","l1_erythrocyte_alr",0.085,0.552941176470588,FALSE
"l3_activated_memory_b_cell_alr","l3_intermediate_monocyte",0.085,0.541176470588235,FALSE
"l3_activated_memory_b_cell_alr","l3_naive_vd1_gdt_alr",0.085,0.517647058823529,FALSE
"l3_activated_memory_b_cell_alr","l3_memory_cd8_treg_alr",0.085,0.417647058823529,FALSE
"l3_cd95_memory_b_cell_alr","l3_gzmk_memory_cd4_treg_alr",0.085,0.288235294117647,FALSE
"l3_type_2_polarized_memory_b_cell_alr","l3_isg_memory_cd8_t_cell_alr",0.085,0.623529411764706,FALSE
"l3_klrf1_gzmb_cd27_memory_cd4_t_cell_alr","l3_klrb1_memory_cd8_treg_alr",0.085,0.529411764705882,FALSE
"l3_isg_memory_cd8_t_cell_alr","l3_type_2_polarized_memory_b_cell_alr",0.085,0.376470588235294,FALSE
"l3_cm_cd8_t_cell_alr","l3_sox4_vd1_gdt_alr",0.085,0.694117647058824,FALSE
"l3_klrf1_gzmb_cd27_em_cd8_t_cell_alt_alr","l1_ilc_alr",0.085,0.717647058823529,FALSE
"l3_isg_naive_cd4_t_cell_alr","l3_baeomap_cell",0.085,0.494117647058824,FALSE
"l3_isg_naive_cd4_t_cell_alr","l2_effector_b_cell_alr",0.085,0.376470588235294,FALSE
"l3_sox4_naive_cd4_t_cell_alr","l2_mait_alr",0.085,0.6,FALSE
"l3_sox4_naive_cd8_t_cell_alr","l2_cd56bright_nk_cell_alr",0.085,0.623529411764706,FALSE
"l3_gzmk_memory_cd4_treg_alr","l3_cd95_memory_b_cell_alr",0.085,0.711764705882353,FALSE
"l3_klrb1_memory_cd8_treg_alr","l3_baeomap_cell",0.085,0.641176470588235,FALSE
"l3_klrb1_memory_cd8_treg_alr","l3_klrf1_gzmb_cd27_memory_cd4_t_cell_alr",0.085,0.470588235294118,FALSE
"l3_memory_cd8_treg_alr","l3_cd56bright_nk_cell",0.085,0.529411764705882,FALSE
"l3_memory_cd8_treg_alr","l3_activated_memory_b_cell_alr",0.085,0.582352941176471,FALSE
"l3_memory_cd8_treg_alr","l1_progenitor_cell_alr",0.085,0.435294117647059,FALSE
"l3_naive_cd4_treg_alr","l3_asdc",0.085,0.388235294117647,FALSE
"l1_dc_alr","l3_klrf1_effector_vd1_gdt_alt_alr",0.085,0.635294117647059,FALSE
"l1_nk_cell_alr","l2_memory_b_cell_alr",0.085,0.435294117647059,FALSE
"l1_b_cell_alr","l3_klrf1_effector_vd1_gdt_alr",0.085,0.482352941176471,FALSE
"l1_erythrocyte_alr","l3_sox4_vd1_gdt_alr",0.085,0.447058823529412,FALSE
"l1_ilc_alr","l3_klrf1_gzmb_cd27_em_cd8_t_cell_alt_alr",0.085,0.282352941176471,FALSE
"l1_progenitor_cell_alr","l3_memory_cd8_treg_alr",0.085,0.564705882352941,FALSE
"cmv","l1_progenitor_cell_alr",0.084,1,FALSE
"l2_progenitor_cell","l2_proliferating_t_cell_alr",0.084,0.666666666666667,FALSE
"l2_progenitor_cell","l3_klrf1_effector_vd1_gdt_alr",0.084,0.416666666666667,FALSE
"l3_asdc","l3_klrf1_gzmb_cd27_memory_cd4_t_cell_alr",0.084,0.166666666666667,FALSE
"l3_cd8aa","l3_clp_cell_alr",0.084,0.773809523809524,FALSE
"l3_ilc","l1_b_cell_alr",0.084,0.178571428571429,FALSE
"l3_pdc","l3_isg_naive_cd8_t_cell_alr",0.084,0.404761904761905,FALSE
"l3_plasma_cell","l3_transitional_b_cell",0.084,0.178571428571429,FALSE
"l3_proliferating_t_cell","l3_type_2_polarized_memory_b_cell_alr",0.084,0.404761904761905,FALSE
"l3_transitional_b_cell","l3_plasma_cell",0.084,0.821428571428571,FALSE
"l2_effector_b_cell_alr","l3_klrb1_memory_cd4_treg_alr",0.084,0.601190476190476,FALSE
"l2_memory_b_cell_alr","l2_proliferating_nk_cell_alr",0.084,0.785714285714286,FALSE
"l2_intermediate_monocyte_alr","l3_klrf1_gzmb_cd27_em_cd8_t_cell_alt_alr",0.084,0.178571428571429,FALSE
"l2_proliferating_nk_cell_alr","l2_memory_b_cell_alr",0.084,0.214285714285714,FALSE
"l2_proliferating_t_cell_alr","l2_progenitor_cell",0.084,0.333333333333333,FALSE
"l3_il1b_cd14_monocyte_alr","l3_naive_vd1_gdt_alr",0.084,0.761904761904762,FALSE
"l3_isg_cd56dim_nk_cell_alr","l3_sox4_vd1_gdt_alr",0.084,0.309523809523809,FALSE
"l3_cd14_cdc2_alr","l3_isg_naive_b_cell_alr",0.084,0.666666666666667,FALSE
"l3_cd14_cdc2_alr","l3_naive_cd4_treg_alr",0.084,0.583333333333333,FALSE
"l3_isg_cdc2_alr","l3_klrb1_memory_cd8_treg_alr",0.084,0.404761904761905,FALSE
"l3_klrf1_effector_vd1_gdt_alr","l2_progenitor_cell",0.084,0.583333333333333,FALSE
"l3_naive_vd1_gdt_alr","l3_il1b_cd14_monocyte_alr",0.084,0.238095238095238,FALSE
"l3_naive_vd1_gdt_alr","l3_klrb1_memory_cd4_treg_alr",0.084,0.333333333333333,FALSE
"l3_sox4_vd1_gdt_alr","l3_isg_cd56dim_nk_cell_alr",0.084,0.69047619047619,FALSE
"l3_cd4_mait_alr","l1_b_cell_alr",0.084,0.654761904761905,FALSE
"l3_type_2_polarized_memory_b_cell_alr","l3_proliferating_t_cell",0.084,0.595238095238095,FALSE
"l3_type_2_polarized_memory_b_cell_alr","l1_nk_cell_alr",0.084,0.583333333333333,FALSE
"l3_isg_memory_cd4_t_cell_alr","l3_gzmk_cd27_em_cd8_t_cell_alt_alr",0.084,0.654761904761905,FALSE
"l3_klrf1_gzmb_cd27_memory_cd4_t_cell_alr","l3_asdc",0.084,0.833333333333333,FALSE
"l3_isg_memory_cd8_t_cell_alr","l3_gzmk_memory_cd4_treg_alr",0.084,0.226190476190476,FALSE
"l3_gzmk_cd27_em_cd8_t_cell_alt_alr","l3_isg_memory_cd4_t_cell_alr",0.084,0.345238095238095,FALSE
"l3_klrf1_gzmb_cd27_em_cd8_t_cell_alt_alr","l2_intermediate_monocyte_alr",0.084,0.821428571428571,FALSE
"l3_isg_naive_b_cell_alr","l3_cd14_cdc2_alr",0.084,0.333333333333333,FALSE
"l3_isg_naive_cd8_t_cell_alr","l3_pdc",0.084,0.595238095238095,FALSE
"l3_clp_cell_alr","l3_cd8aa",0.084,0.226190476190476,FALSE
"l3_gzmk_memory_cd4_treg_alr","l3_isg_memory_cd8_t_cell_alr",0.084,0.773809523809524,FALSE
"l3_klrb1_memory_cd4_treg_alr","l2_effector_b_cell_alr",0.084,0.398809523809524,FALSE
"l3_klrb1_memory_cd4_treg_alr","l3_naive_vd1_gdt_alr",0.084,0.666666666666667,FALSE
"l3_klrb1_memory_cd8_treg_alr","l3_isg_cdc2_alr",0.084,0.595238095238095,FALSE
"l3_naive_cd4_treg_alr","l3_cd14_cdc2_alr",0.084,0.416666666666667,FALSE
"l1_nk_cell_alr","l3_type_2_polarized_memory_b_cell_alr",0.084,0.416666666666667,FALSE
"l1_b_cell_alr","l3_ilc",0.084,0.821428571428571,FALSE
"l1_b_cell_alr","l3_cd4_mait_alr",0.084,0.345238095238095,FALSE
"l1_progenitor_cell_alr","cmv",0.084,0,FALSE
"l3_asdc","l3_early_memory_b_cell_alr",0.084,0.273809523809524,FALSE
"l3_cd56bright_nk_cell","l2_proliferating_t_cell_alr",0.084,0.392857142857143,FALSE
"l3_erythrocyte","l3_klrf1_effector_vd1_gdt_alt_alr",0.084,0.488095238095238,FALSE
"l3_pdc","l3_klrf1_effector_vd1_gdt_alt_alr",0.084,0.619047619047619,FALSE
"l3_plasma_cell","l2_memory_cd4_t_cell_alr",0.084,0.273809523809524,FALSE
"l3_plasma_cell","l3_klrb1_memory_cd4_treg_alr",0.084,0.607142857142857,FALSE
"l3_platelet","l2_effector_b_cell_alr",0.084,0.452380952380952,FALSE
"l3_platelet","l3_cd4_mait_alr",0.084,0.273809523809524,FALSE
"l3_platelet","l3_cd95_memory_b_cell_alr",0.084,0.285714285714286,FALSE
"l3_proliferating_nk_cell","l3_klrb1_memory_cd8_treg_alr",0.084,0.297619047619048,FALSE
"l2_effector_b_cell_alr","l3_platelet",0.084,0.547619047619048,FALSE
"l2_plasma_cell_alr","l3_isg_mait_alr",0.084,0.738095238095238,FALSE
"l2_plasma_cell_alr","l3_gzmk_memory_cd4_treg_alr",0.084,0.273809523809524,FALSE
"l2_transitional_b_cell_alr","l2_memory_cd8_t_cell_alr",0.084,0.535714285714286,FALSE
"l2_asdc_alr","l3_isg_cdc2_alr",0.084,0.476190476190476,FALSE
"l2_asdc_alr","l3_early_memory_b_cell_alr",0.084,0.523809523809524,FALSE
"l2_asdc_alr","l3_klrb1_memory_cd8_treg_alr",0.084,0.476190476190476,FALSE
"l2_cdc1_alr","l3_cd27_effector_b_cell_alt_alr",0.084,0.571428571428572,FALSE
"l2_intermediate_monocyte_alr","l3_isg_naive_b_cell_alr",0.084,0.285714285714286,FALSE
"l2_proliferating_nk_cell_alr","l1_progenitor_cell_alr",0.084,0.452380952380952,FALSE
"l2_memory_cd4_t_cell_alr","l3_plasma_cell",0.084,0.726190476190476,FALSE
"l2_memory_cd8_t_cell_alr","l2_transitional_b_cell_alr",0.084,0.464285714285714,FALSE
"l2_memory_cd8_t_cell_alr","l3_isg_cdc2_alr",0.084,0.547619047619048,FALSE
"l2_memory_cd8_t_cell_alr","l3_klrb1_memory_cd4_treg_alr",0.084,0.488095238095238,FALSE
"l2_naive_cd8_t_cell_alr","l3_naive_cd4_treg_alr",0.084,0.619047619047619,FALSE
"l2_proliferating_t_cell_alr","l3_cd56bright_nk_cell",0.084,0.607142857142857,FALSE
"l3_adaptive_nk_cell_alr","l3_cm_cd8_t_cell_alr",0.084,0.523809523809524,FALSE
"l3_adaptive_nk_cell_alr","l3_isg_naive_cd8_t_cell_alr",0.084,0.607142857142857,FALSE
"l3_isg_cdc2_alr","l2_asdc_alr",0.084,0.523809523809524,FALSE
"l3_isg_cdc2_alr","l2_memory_cd8_t_cell_alr",0.084,0.452380952380952,FALSE
"l3_cd27_effector_b_cell_alt_alr","l2_cdc1_alr",0.084,0.428571428571429,FALSE
"l3_klrf1_effector_vd1_gdt_alt_alr","l3_erythrocyte",0.084,0.511904761904762,FALSE
"l3_klrf1_effector_vd1_gdt_alt_alr","l3_pdc",0.084,0.380952380952381,FALSE
"l3_klrf1_effector_vd1_gdt_alt_alr","l1_monocyte_alr",0.084,0.392857142857143,FALSE
"l3_cd4_mait_alr","l3_platelet",0.084,0.726190476190476,FALSE
"l3_cd4_mait_alr","l1_erythrocyte_alr",0.084,0.845238095238095,FALSE
"l3_isg_mait_alr","l2_plasma_cell_alr",0.084,0.261904761904762,FALSE
"l3_cd95_memory_b_cell_alr","l3_platelet",0.084,0.714285714285714,FALSE
"l3_early_memory_b_cell_alr","l3_asdc",0.084,0.726190476190476,FALSE
"l3_early_memory_b_cell_alr","l2_asdc_alr",0.084,0.476190476190476,FALSE
"l3_type_2_polarized_memory_b_cell_alr","l3_klrb1_memory_cd8_treg_alr",0.084,0.625,FALSE
"l3_isg_memory_cd8_t_cell_alr","l1_platelet_alr",0.084,0.55952380952381,FALSE
"l3_cm_cd8_t_cell_alr","l3_adaptive_nk_cell_alr",0.084,0.476190476190476,FALSE
"l3_isg_naive_b_cell_alr","l2_intermediate_monocyte_alr",0.084,0.714285714285714,FALSE
"l3_isg_naive_cd8_t_cell_alr","l3_adaptive_nk_cell_alr",0.084,0.392857142857143,FALSE
"l3_gzmk_memory_cd4_treg_alr","l2_plasma_cell_alr",0.084,0.726190476190476,FALSE
"l3_klrb1_memory_cd4_treg_alr","l3_plasma_cell",0.084,0.392857142857143,FALSE
"l3_klrb1_memory_cd4_treg_alr","l2_memory_cd8_t_cell_alr",0.084,0.511904761904762,FALSE
"l3_klrb1_memory_cd4_treg_alr","l3_klrb1_memory_cd8_treg_alr",0.084,0.440476190476191,FALSE
"l3_klrb1_memory_cd8_treg_alr","l3_proliferating_nk_cell",0.084,0.702380952380952,FALSE
"l3_klrb1_memory_cd8_treg_alr","l2_asdc_alr",0.084,0.523809523809524,FALSE
"l3_klrb1_memory_cd8_treg_alr","l3_type_2_polarized_memory_b_cell_alr",0.084,0.375,FALSE
"l3_klrb1_memory_cd8_treg_alr","l3_klrb1_memory_cd4_treg_alr",0.084,0.55952380952381,FALSE
"l3_naive_cd4_treg_alr","l2_naive_cd8_t_cell_alr",0.084,0.380952380952381,FALSE
"l1_monocyte_alr","l3_klrf1_effector_vd1_gdt_alt_alr",0.084,0.607142857142857,FALSE
"l1_erythrocyte_alr","l3_cd4_mait_alr",0.084,0.154761904761905,FALSE
"l1_platelet_alr","l3_isg_memory_cd8_t_cell_alr",0.084,0.440476190476191,FALSE
"l1_progenitor_cell_alr","l2_proliferating_nk_cell_alr",0.084,0.547619047619048,FALSE
"age_group","l2_cdc1_alr",0.083,1,FALSE
"age_group","l3_gzmk_memory_cd4_treg_alr",0.083,1,FALSE
"sex","l3_isg_memory_cd8_t_cell_alr",0.083,1,FALSE
"l3_cdc1","l3_proliferating_t_cell",0.083,0.349397590361446,FALSE
"l3_dn_t_cell","l3_gzmk_cd27_em_cd8_t_cell_alt_alr",0.083,0.698795180722892,FALSE
"l3_proliferating_t_cell","l3_cdc1",0.083,0.650602409638554,FALSE
"l3_baeomap_cell","l1_platelet_alr",0.083,0.686746987951807,FALSE
"l2_effector_b_cell_alr","l2_intermediate_monocyte_alr",0.083,0.783132530120482,FALSE
"l2_memory_b_cell_alr","l2_asdc_alr",0.083,0.674698795180723,FALSE
"l2_asdc_alr","l2_memory_b_cell_alr",0.083,0.325301204819277,FALSE
"l2_cdc1_alr","age_group",0.083,0,FALSE
"l2_intermediate_monocyte_alr","l2_effector_b_cell_alr",0.083,0.216867469879518,FALSE
"l2_intermediate_monocyte_alr","l3_early_memory_b_cell_alr",0.083,0.325301204819277,FALSE
"l2_mait_alr","l3_gzmk_memory_cd4_treg_alr",0.083,0.253012048192771,FALSE
"l3_isg_cd16_monocyte_alr","l3_isg_memory_cd8_t_cell_alr",0.083,0.831325301204819,FALSE
"l3_early_memory_b_cell_alr","l2_intermediate_monocyte_alr",0.083,0.674698795180723,FALSE
"l3_early_memory_b_cell_alr","l1_dc_alr",0.083,0.578313253012048,FALSE
"l3_isg_memory_cd8_t_cell_alr","sex",0.083,0,FALSE
"l3_isg_memory_cd8_t_cell_alr","l3_isg_cd16_monocyte_alr",0.083,0.168674698795181,FALSE
"l3_gzmk_cd27_em_cd8_t_cell_alt_alr","l3_dn_t_cell",0.083,0.301204819277108,FALSE
"l3_gzmk_memory_cd4_treg_alr","age_group",0.083,0,FALSE
"l3_gzmk_memory_cd4_treg_alr","l2_mait_alr",0.083,0.746987951807229,FALSE
"l1_dc_alr","l3_early_memory_b_cell_alr",0.083,0.421686746987952,FALSE
"l1_platelet_alr","l3_baeomap_cell",0.083,0.313253012048193,FALSE
"l2_progenitor_cell","l3_cd8aa",0.083,0.542168674698795,FALSE
"l3_cd8aa","l2_progenitor_cell",0.083,0.457831325301205,FALSE
"l3_intermediate_monocyte","l3_klrf1_effector_vd1_gdt_alr",0.083,0.385542168674699,FALSE
"l3_pdc","l3_il1b_cd14_monocyte_alr",0.083,0.530120481927711,FALSE
"l3_proliferating_nk_cell","l3_gzmk_memory_cd4_treg_alr",0.083,0.36144578313253,FALSE
"l3_transitional_b_cell","l3_naive_cd4_treg_alr",0.083,0.566265060240964,FALSE
"l3_baeomap_cell","l3_naive_vd1_gdt_alr",0.083,0.72289156626506,FALSE
"l2_plasma_cell_alr","l3_sox4_naive_cd8_t_cell_alr",0.083,0.469879518072289,FALSE
"l2_pdc_alr","l3_klrf1_gzmb_cd27_em_cd8_t_cell_alr",0.083,0.542168674698795,FALSE
"l2_proliferating_nk_cell_alr","l3_gzmk_cd27_em_cd8_t_cell_alt_alr",0.083,0.27710843373494,FALSE
"l2_memory_cd8_t_cell_alr","l3_cd95_memory_b_cell_alr",0.083,0.445783132530121,FALSE
"l3_il1b_cd14_monocyte_alr","l3_pdc",0.083,0.469879518072289,FALSE
"l3_isg_cd14_monocyte_alr","l3_klrf1_gzmb_cd27_em_cd8_t_cell_alt_alr",0.083,0.481927710843374,FALSE
"l3_gzmb_vd2_gdt_alr","l3_type_2_polarized_memory_b_cell_alr",0.083,0.457831325301205,FALSE
"l3_klrf1_effector_vd1_gdt_alr","l3_intermediate_monocyte",0.083,0.614457831325301,FALSE
"l3_naive_vd1_gdt_alr","l3_baeomap_cell",0.083,0.27710843373494,FALSE
"l3_activated_memory_b_cell_alr","l3_isg_memory_cd8_t_cell_alr",0.083,0.63855421686747,FALSE
"l3_cd95_memory_b_cell_alr","l2_memory_cd8_t_cell_alr",0.083,0.55421686746988,FALSE
"l3_type_2_polarized_memory_b_cell_alr","l3_gzmb_vd2_gdt_alr",0.083,0.542168674698795,FALSE
"l3_type_2_polarized_memory_b_cell_alr","l3_klrf1_gzmb_cd27_em_cd8_t_cell_alt_alr",0.083,0.445783132530121,FALSE
"l3_isg_memory_cd8_t_cell_alr","l3_activated_memory_b_cell_alr",0.083,0.36144578313253,FALSE
"l3_gzmk_cd27_em_cd8_t_cell_alt_alr","l2_proliferating_nk_cell_alr",0.083,0.72289156626506,FALSE
"l3_klrf1_gzmb_cd27_em_cd8_t_cell_alr","l2_pdc_alr",0.083,0.457831325301205,FALSE
"l3_klrf1_gzmb_cd27_em_cd8_t_cell_alt_alr","l3_isg_cd14_monocyte_alr",0.083,0.518072289156627,FALSE
"l3_klrf1_gzmb_cd27_em_cd8_t_cell_alt_alr","l3_type_2_polarized_memory_b_cell_alr",0.083,0.55421686746988,FALSE
"l3_sox4_naive_cd8_t_cell_alr","l2_plasma_cell_alr",0.083,0.530120481927711,FALSE
"l3_gzmk_memory_cd4_treg_alr","l3_proliferating_nk_cell",0.083,0.63855421686747,FALSE
"l3_naive_cd4_treg_alr","l3_transitional_b_cell",0.083,0.433734939759036,FALSE
"l3_asdc","l3_cd8aa",0.082,0.25609756097561,FALSE
"l3_cd8aa","l3_asdc",0.082,0.74390243902439,FALSE
"l3_cd8aa","l3_transitional_b_cell",0.082,0.792682926829268,FALSE
"l3_erythrocyte","l3_klrb1_memory_cd8_treg_alr",0.082,0.329268292682927,FALSE
"l3_platelet","l3_c1q_cd16_monocyte_alr",0.082,0.426829268292683,FALSE
"l3_transitional_b_cell","l3_cd8aa",0.082,0.207317073170732,FALSE
"l3_baeomap_cell","l2_asdc_alr",0.082,0.658536585365854,FALSE
"l3_baeomap_cell","l3_klrf1_effector_vd1_gdt_alr",0.082,0.670731707317073,FALSE
"l3_baeomap_cell","l3_klrf1_gzmb_cd27_memory_cd4_t_cell_alr",0.082,0.231707317073171,FALSE
"l2_effector_b_cell_alr","l2_cd8aa_alr",0.082,0.646341463414634,FALSE
"l2_asdc_alr","l3_baeomap_cell",0.082,0.341463414634146,FALSE
"l2_cd56bright_nk_cell_alr","l3_klrf1_effector_vd1_gdt_alr",0.082,0.695121951219512,FALSE
"l2_cd8aa_alr","l2_effector_b_cell_alr",0.082,0.353658536585366,FALSE
"l2_mait_alr","l3_klrf1_gzmb_cd27_em_cd8_t_cell_alr",0.082,0.48780487804878,FALSE
"l3_c1q_cd16_monocyte_alr","l3_platelet",0.082,0.573170731707317,FALSE
"l3_isg_cd16_monocyte_alr","l3_gzmb_vd2_gdt_alr",0.082,0.51219512195122,FALSE
"l3_isg_cd16_monocyte_alr","l1_dc_alr",0.082,0.402439024390244,FALSE
"l3_adaptive_nk_cell_alr","l3_cd14_cdc2_alr",0.082,0.317073170731707,FALSE
"l3_cd14_cdc2_alr","l3_adaptive_nk_cell_alr",0.082,0.682926829268293,FALSE
"l3_cd14_cdc2_alr","l3_cd95_memory_b_cell_alr",0.082,0.658536585365854,FALSE
"l3_gzmb_vd2_gdt_alr","l3_isg_cd16_monocyte_alr",0.082,0.48780487804878,FALSE
"l3_klrf1_effector_vd1_gdt_alr","l3_baeomap_cell",0.082,0.329268292682927,FALSE
"l3_klrf1_effector_vd1_gdt_alr","l2_cd56bright_nk_cell_alr",0.082,0.304878048780488,FALSE
"l3_klrf1_effector_vd1_gdt_alt_alr","l3_gzmk_cd27_em_cd8_t_cell_alt_alr",0.082,0.707317073170732,FALSE
"l3_activated_memory_b_cell_alr","l3_clp_cell_alr",0.082,0.317073170731707,FALSE
"l3_cd95_memory_b_cell_alr","l3_cd14_cdc2_alr",0.082,0.341463414634146,FALSE
"l3_klrf1_gzmb_cd27_memory_cd4_t_cell_alr","l3_baeomap_cell",0.082,0.768292682926829,FALSE
"l3_gzmk_cd27_em_cd8_t_cell_alt_alr","l3_klrf1_effector_vd1_gdt_alt_alr",0.082,0.292682926829268,FALSE
"l3_klrf1_gzmb_cd27_em_cd8_t_cell_alr","l2_mait_alr",0.082,0.51219512195122,FALSE
"l3_clp_cell_alr","l3_activated_memory_b_cell_alr",0.082,0.682926829268293,FALSE
"l3_klrb1_memory_cd8_treg_alr","l3_erythrocyte",0.082,0.670731707317073,FALSE
"l3_naive_cd4_treg_alr","l1_b_cell_alr",0.082,0.414634146341463,FALSE
"l1_dc_alr","l3_isg_cd16_monocyte_alr",0.082,0.597560975609756,FALSE
"l1_b_cell_alr","l3_naive_cd4_treg_alr",0.082,0.585365853658537,FALSE
"l3_cd56bright_nk_cell","l3_isg_mait_alr",0.082,0.731707317073171,FALSE
"l3_cd56bright_nk_cell","l3_isg_naive_cd8_t_cell_alr",0.082,0.560975609756098,FALSE
"l3_cd8aa","l3_isg_cd16_monocyte_alr",0.082,0.475609756097561,FALSE
"l3_pdc","l3_klrb1_memory_cd8_treg_alr",0.082,0.378048780487805,FALSE
"l3_proliferating_nk_cell","l2_cd8aa_alr",0.082,0.134146341463415,FALSE
"l2_memory_b_cell_alr","l2_cd8aa_alr",0.082,0.524390243902439,FALSE
"l2_memory_b_cell_alr","l3_isg_memory_cd4_t_cell_alr",0.082,0.634146341463415,FALSE
"l2_proliferating_nk_cell_alr","l3_isg_memory_cd4_t_cell_alr",0.082,0.280487804878049,FALSE
"l2_cd8aa_alr","l3_proliferating_nk_cell",0.082,0.865853658536585,FALSE
"l2_cd8aa_alr","l2_memory_b_cell_alr",0.082,0.475609756097561,FALSE
"l3_il1b_cd14_monocyte_alr","l1_progenitor_cell_alr",0.082,0.731707317073171,FALSE
"l3_c1q_cd16_monocyte_alr","l3_sox4_naive_cd4_t_cell_alr",0.082,0.548780487804878,FALSE
"l3_isg_cd16_monocyte_alr","l3_cd8aa",0.082,0.524390243902439,FALSE
"l3_adaptive_nk_cell_alr","l3_cd95_memory_b_cell_alr",0.082,0.451219512195122,FALSE
"l3_klrf1_effector_vd1_gdt_alr","l3_gzmb_cd27_em_cd4_t_cell_alr",0.082,0.548780487804878,FALSE
"l3_naive_vd1_gdt_alr","l3_gzmb_cd27_em_cd4_t_cell_alt_alr",0.082,0.463414634146341,FALSE
"l3_isg_mait_alr","l3_cd56bright_nk_cell",0.082,0.268292682926829,FALSE
"l3_cd95_memory_b_cell_alr","l3_adaptive_nk_cell_alr",0.082,0.548780487804878,FALSE
"l3_early_memory_b_cell_alr","l3_memory_cd8_treg_alr",0.082,0.560975609756098,FALSE
"l3_type_2_polarized_memory_b_cell_alr","l1_monocyte_alr",0.082,0.463414634146341,FALSE
"l3_isg_memory_cd4_t_cell_alr","l2_memory_b_cell_alr",0.082,0.365853658536585,FALSE
"l3_isg_memory_cd4_t_cell_alr","l2_proliferating_nk_cell_alr",0.082,0.719512195121951,FALSE
"l3_gzmb_cd27_em_cd4_t_cell_alr","l3_klrf1_effector_vd1_gdt_alr",0.082,0.451219512195122,FALSE
"l3_gzmb_cd27_em_cd4_t_cell_alt_alr","l3_naive_vd1_gdt_alr",0.082,0.536585365853659,FALSE
"l3_sox4_naive_cd4_t_cell_alr","l3_c1q_cd16_monocyte_alr",0.082,0.451219512195122,FALSE
"l3_isg_naive_cd8_t_cell_alr","l3_cd56bright_nk_cell",0.082,0.439024390243902,FALSE
"l3_klrb1_memory_cd8_treg_alr","l3_pdc",0.082,0.621951219512195,FALSE
"l3_memory_cd8_treg_alr","l3_early_memory_b_cell_alr",0.082,0.439024390243902,FALSE
"l3_naive_cd4_treg_alr","l1_nk_cell_alr",0.082,0.439024390243902,FALSE
"l1_monocyte_alr","l3_type_2_polarized_memory_b_cell_alr",0.082,0.536585365853659,FALSE
"l1_nk_cell_alr","l3_naive_cd4_treg_alr",0.082,0.560975609756098,FALSE
"l1_progenitor_cell_alr","l3_il1b_cd14_monocyte_alr",0.082,0.268292682926829,FALSE
"age_group","l1_ilc_alr",0.081,1,FALSE
"sex","l3_dn_t_cell",0.081,1,FALSE
"cmv","l2_naive_cd8_t_cell_alr",0.081,1,FALSE
"l3_asdc","l2_cd16_monocyte_alr",0.081,0.567901234567901,FALSE
"l3_dn_t_cell","sex",0.081,0,FALSE
"l3_dn_t_cell","l3_naive_cd4_treg_alr",0.081,0.580246913580247,FALSE
"l3_plasma_cell","l2_cd8aa_alr",0.081,0.320987654320988,FALSE
"l3_platelet","l3_isg_cdc2_alr",0.081,0.395061728395062,FALSE
"l3_platelet","l3_naive_vd1_gdt_alr",0.081,0.320987654320988,FALSE
"l3_baeomap_cell","l1_nk_cell_alr",0.081,0.617283950617284,FALSE
"l2_plasma_cell_alr","l3_isg_naive_cd4_t_cell_alr",0.081,0.395061728395062,FALSE
"l2_plasma_cell_alr","l3_memory_cd8_treg_alr",0.081,0.296296296296296,FALSE
"l2_asdc_alr","l3_klrb1_memory_cd4_treg_alr",0.081,0.481481481481481,FALSE
"l2_cdc1_alr","l2_cd56bright_nk_cell_alr",0.081,0.518518518518518,FALSE
"l2_cd16_monocyte_alr","l3_asdc",0.081,0.432098765432099,FALSE
"l2_cd56bright_nk_cell_alr","l2_cdc1_alr",0.081,0.481481481481481,FALSE
"l2_cd56bright_nk_cell_alr","l3_cd4_mait_alr",0.081,0.395061728395062,FALSE
"l2_cd56bright_nk_cell_alr","l3_clp_cell_alr",0.081,0.432098765432099,FALSE
"l2_cd8aa_alr","l3_plasma_cell",0.081,0.679012345679012,FALSE
"l2_dn_t_cell_alr","l3_isg_cd56dim_nk_cell_alr",0.081,0.765432098765432,FALSE
"l2_naive_cd8_t_cell_alr","cmv",0.081,0,FALSE
"l2_naive_cd8_t_cell_alr","l3_memory_cd8_treg_alr",0.081,0.296296296296296,FALSE
"l2_treg_alr","l1_nk_cell_alr",0.081,0.481481481481481,FALSE
"l3_isg_cd14_monocyte_alr","l3_naive_cd4_treg_alr",0.081,0.604938271604938,FALSE
"l3_c1q_cd16_monocyte_alr","l1_ilc_alr",0.081,0.506172839506173,FALSE
"l3_isg_cd56dim_nk_cell_alr","l2_dn_t_cell_alr",0.081,0.234567901234568,FALSE
"l3_adaptive_nk_cell_alr","l3_gzmk_cd27_em_cd8_t_cell_alt_alr",0.081,0.481481481481481,FALSE
"l3_adaptive_nk_cell_alr","l3_clp_cell_alr",0.081,0.259259259259259,FALSE
"l3_isg_cdc2_alr","l3_platelet",0.081,0.604938271604938,FALSE
"l3_cd27_effector_b_cell_alt_alr","l1_ilc_alr",0.081,0.395061728395062,FALSE
"l3_klrf1_effector_vd1_gdt_alr","l3_gzmk_memory_cd4_treg_alr",0.081,0.308641975308642,FALSE
"l3_klrf1_effector_vd1_gdt_alt_alr","l3_cd95_memory_b_cell_alr",0.081,0.419753086419753,FALSE
"l3_naive_vd1_gdt_alr","l3_platelet",0.081,0.679012345679012,FALSE
"l3_sox4_vd1_gdt_alr","l3_klrb1_memory_cd8_treg_alr",0.081,0.308641975308642,FALSE
"l3_cd4_mait_alr","l2_cd56bright_nk_cell_alr",0.081,0.604938271604938,FALSE
"l3_cd95_memory_b_cell_alr","l3_klrf1_effector_vd1_gdt_alt_alr",0.081,0.580246913580247,FALSE
"l3_type_2_polarized_memory_b_cell_alr","l3_klrf1_gzmb_cd27_memory_cd4_t_cell_alr",0.081,0.333333333333333,FALSE
"l3_type_2_polarized_memory_b_cell_alr","l3_isg_naive_cd8_t_cell_alr",0.081,0.654320987654321,FALSE
"l3_klrf1_gzmb_cd27_memory_cd4_t_cell_alr","l3_type_2_polarized_memory_b_cell_alr",0.081,0.666666666666667,FALSE
"l3_klrf1_gzmb_cd27_memory_cd4_t_cell_alr","l1_b_cell_alr",0.081,0.777777777777778,FALSE
"l3_gzmb_cd27_em_cd4_t_cell_alt_alr","l3_klrb1_memory_cd8_treg_alr",0.081,0.333333333333333,FALSE
"l3_isg_memory_cd8_t_cell_alr","l3_klrf1_gzmb_cd27_em_cd8_t_cell_alr",0.081,0.259259259259259,FALSE
"l3_gzmk_cd27_em_cd8_t_cell_alt_alr","l3_adaptive_nk_cell_alr",0.081,0.518518518518518,FALSE
"l3_gzmk_cd27_em_cd8_t_cell_alt_alr","l3_isg_naive_b_cell_alr",0.081,0.641975308641975,FALSE
"l3_klrf1_gzmb_cd27_em_cd8_t_cell_alr","l3_isg_memory_cd8_t_cell_alr",0.081,0.740740740740741,FALSE
"l3_isg_naive_b_cell_alr","l3_gzmk_cd27_em_cd8_t_cell_alt_alr",0.081,0.358024691358025,FALSE
"l3_isg_naive_cd4_t_cell_alr","l2_plasma_cell_alr",0.081,0.604938271604938,FALSE
"l3_isg_naive_cd8_t_cell_alr","l3_type_2_polarized_memory_b_cell_alr",0.081,0.345679012345679,FALSE
"l3_clp_cell_alr","l2_cd56bright_nk_cell_alr",0.081,0.567901234567901,FALSE
"l3_clp_cell_alr","l3_adaptive_nk_cell_alr",0.081,0.740740740740741,FALSE
"l3_gzmk_memory_cd4_treg_alr","l3_klrf1_effector_vd1_gdt_alr",0.081,0.691358024691358,FALSE
"l3_klrb1_memory_cd4_treg_alr","l2_asdc_alr",0.081,0.518518518518518,FALSE
"l3_klrb1_memory_cd8_treg_alr","l3_sox4_vd1_gdt_alr",0.081,0.691358024691358,FALSE
"l3_klrb1_memory_cd8_treg_alr","l3_gzmb_cd27_em_cd4_t_cell_alt_alr",0.081,0.666666666666667,FALSE
"l3_memory_cd8_treg_alr","l2_plasma_cell_alr",0.081,0.703703703703704,FALSE
"l3_memory_cd8_treg_alr","l2_naive_cd8_t_cell_alr",0.081,0.703703703703704,FALSE
"l3_naive_cd4_treg_alr","l3_dn_t_cell",0.081,0.419753086419753,FALSE
"l3_naive_cd4_treg_alr","l3_isg_cd14_monocyte_alr",0.081,0.395061728395062,FALSE
"l1_nk_cell_alr","l3_baeomap_cell",0.081,0.382716049382716,FALSE
"l1_nk_cell_alr","l2_treg_alr",0.081,0.518518518518518,FALSE
"l1_b_cell_alr","l3_klrf1_gzmb_cd27_memory_cd4_t_cell_alr",0.081,0.222222222222222,FALSE
"l1_ilc_alr","age_group",0.081,0,FALSE
"l1_ilc_alr","l3_c1q_cd16_monocyte_alr",0.081,0.493827160493827,FALSE
"l1_ilc_alr","l3_cd27_effector_b_cell_alt_alr",0.081,0.604938271604938,FALSE
"l2_ilc","l3_plasma_cell",0.081,0.111111111111111,FALSE
"l2_ilc","l3_gzmk_cd56dim_nk_cell_alr",0.081,0.549382716049383,FALSE
"l3_asdc","l3_klrb1_memory_cd8_treg_alr",0.081,0.37037037037037,FALSE
"l3_cdc1","l3_cm_cd8_t_cell_alr",0.081,0.555555555555556,FALSE
"l3_intermediate_monocyte","l3_isg_mait_alr",0.081,0.62962962962963,FALSE
"l3_intermediate_monocyte","l3_early_memory_b_cell_alr",0.081,0.271604938271605,FALSE
"l3_intermediate_monocyte","l3_naive_cd4_treg_alr",0.081,0.444444444444444,FALSE
"l3_plasma_cell","l2_ilc",0.081,0.888888888888889,FALSE
"l3_baeomap_cell","l3_isg_mait_alr",0.081,0.444444444444444,FALSE
"l3_gzmk_cd56dim_nk_cell_alr","l2_ilc",0.081,0.450617283950617,FALSE
"l3_isg_mait_alr","l3_intermediate_monocyte",0.081,0.37037037037037,FALSE
"l3_isg_mait_alr","l3_baeomap_cell",0.081,0.555555555555556,FALSE
"l3_early_memory_b_cell_alr","l3_intermediate_monocyte",0.081,0.728395061728395,FALSE
"l3_cm_cd8_t_cell_alr","l3_cdc1",0.081,0.444444444444444,FALSE
"l3_gzmk_cd27_em_cd8_t_cell_alt_alr","l1_b_cell_alr",0.081,0.444444444444444,FALSE
"l3_klrb1_memory_cd8_treg_alr","l3_asdc",0.081,0.62962962962963,FALSE
"l3_naive_cd4_treg_alr","l3_intermediate_monocyte",0.081,0.555555555555556,FALSE
"l1_b_cell_alr","l3_gzmk_cd27_em_cd8_t_cell_alt_alr",0.081,0.555555555555556,FALSE
"age_group","l3_klrf1_gzmb_cd27_memory_cd4_t_cell_alr",0.08,1,FALSE
"sex","l2_asdc_alr",0.08,1,FALSE
"cmv","l3_klrf1_gzmb_cd27_em_cd8_t_cell_alr",0.08,1,FALSE
"l3_cd56bright_nk_cell","l3_klrf1_gzmb_cd27_em_cd8_t_cell_alr",0.08,0.3,FALSE
"l3_cd8aa","l3_plasma_cell",0.08,0.5625,FALSE
"l3_cdc1","l3_plasma_cell",0.08,0.4875,FALSE
"l3_cdc1","l3_klrf1_gzmb_cd27_em_cd8_t_cell_alt_alr",0.08,0.3125,FALSE
"l3_plasma_cell","l3_cd8aa",0.08,0.4375,FALSE
"l3_plasma_cell","l3_cdc1",0.08,0.5125,FALSE
"l3_platelet","l3_proliferating_t_cell",0.08,0.4125,FALSE
"l3_platelet","l2_proliferating_t_cell_alr",0.08,0.525,FALSE
"l3_proliferating_t_cell","l3_platelet",0.08,0.5875,FALSE
"l2_effector_b_cell_alr","l1_erythrocyte_alr",0.08,0.825,FALSE
"l2_asdc_alr","sex",0.08,0,FALSE
"l2_asdc_alr","l3_adaptive_nk_cell_alr",0.08,0.5,FALSE
"l2_cdc1_alr","l2_proliferating_nk_cell_alr",0.08,0.6,FALSE
"l2_cdc1_alr","l2_mait_alr",0.08,0.575,FALSE
"l2_pdc_alr","l3_klrf1_gzmb_cd27_em_cd8_t_cell_alt_alr",0.08,0.2,FALSE
"l2_intermediate_monocyte_alr","l3_gzmb_cd27_em_cd4_t_cell_alr",0.08,0.475,FALSE
"l2_proliferating_nk_cell_alr","l2_cdc1_alr",0.08,0.4,FALSE
"l2_proliferating_nk_cell_alr","l2_memory_cd8_t_cell_alr",0.08,0.2875,FALSE
"l2_cd8aa_alr","l3_klrf1_gzmb_cd27_em_cd8_t_cell_alt_alr",0.08,0.25,FALSE
"l2_mait_alr","l2_cdc1_alr",0.08,0.425,FALSE
"l2_mait_alr","l3_klrb1_memory_cd4_treg_alr",0.08,0.5625,FALSE
"l2_mait_alr","l3_klrb1_memory_cd8_treg_alr",0.08,0.375,FALSE
"l2_memory_cd8_t_cell_alr","l2_proliferating_nk_cell_alr",0.08,0.7125,FALSE
"l2_memory_cd8_t_cell_alr","l3_isg_cd16_monocyte_alr",0.08,0.4875,FALSE
"l2_proliferating_t_cell_alr","l3_platelet",0.08,0.475,FALSE
"l2_proliferating_t_cell_alr","l1_ilc_alr",0.08,0.625,FALSE
"l3_isg_cd14_monocyte_alr","l1_erythrocyte_alr",0.08,0.6,FALSE
"l3_c1q_cd16_monocyte_alr","l3_naive_vd1_gdt_alr",0.08,0.6125,FALSE
"l3_isg_cd16_monocyte_alr","l2_memory_cd8_t_cell_alr",0.08,0.5125,FALSE
"l3_isg_cd56dim_nk_cell_alr","l3_clp_cell_alr",0.08,0.3125,FALSE
"l3_isg_cd56dim_nk_cell_alr","l3_klrb1_memory_cd4_treg_alr",0.08,0.3625,FALSE
"l3_adaptive_nk_cell_alr","l2_asdc_alr",0.08,0.5,FALSE
"l3_cd27_effector_b_cell_alt_alr","l3_cm_cd8_t_cell_alr",0.08,0.6125,FALSE
"l3_klrf1_effector_vd1_gdt_alt_alr","l3_isg_mait_alr",0.08,0.525,FALSE
"l3_naive_vd1_gdt_alr","l3_c1q_cd16_monocyte_alr",0.08,0.3875,FALSE
"l3_isg_mait_alr","l3_klrf1_effector_vd1_gdt_alt_alr",0.08,0.475,FALSE
"l3_klrf1_gzmb_cd27_memory_cd4_t_cell_alr","age_group",0.08,0,FALSE
"l3_gzmb_cd27_em_cd4_t_cell_alr","l2_intermediate_monocyte_alr",0.08,0.525,FALSE
"l3_cm_cd8_t_cell_alr","l3_cd27_effector_b_cell_alt_alr",0.08,0.3875,FALSE
"l3_klrf1_gzmb_cd27_em_cd8_t_cell_alr","cmv",0.08,0,FALSE
"l3_klrf1_gzmb_cd27_em_cd8_t_cell_alr","l3_cd56bright_nk_cell",0.08,0.7,FALSE
"l3_klrf1_gzmb_cd27_em_cd8_t_cell_alt_alr","l3_cdc1",0.08,0.6875,FALSE
"l3_klrf1_gzmb_cd27_em_cd8_t_cell_alt_alr","l2_pdc_alr",0.08,0.8,FALSE
"l3_klrf1_gzmb_cd27_em_cd8_t_cell_alt_alr","l2_cd8aa_alr",0.08,0.75,FALSE
"l3_clp_cell_alr","l3_isg_cd56dim_nk_cell_alr",0.08,0.6875,FALSE
"l3_klrb1_memory_cd4_treg_alr","l2_mait_alr",0.08,0.4375,FALSE
"l3_klrb1_memory_cd4_treg_alr","l3_isg_cd56dim_nk_cell_alr",0.08,0.6375,FALSE
"l3_klrb1_memory_cd8_treg_alr","l2_mait_alr",0.08,0.625,FALSE
"l1_erythrocyte_alr","l2_effector_b_cell_alr",0.08,0.175,FALSE
"l1_erythrocyte_alr","l3_isg_cd14_monocyte_alr",0.08,0.4,FALSE
"l1_ilc_alr","l2_proliferating_t_cell_alr",0.08,0.375,FALSE
"l2_progenitor_cell","l2_proliferating_nk_cell_alr",0.08,0.45,FALSE
"l2_cdc1_alr","l3_klrb1_memory_cd4_treg_alr",0.08,0.45625,FALSE
"l2_cd56bright_nk_cell_alr","l3_klrb1_memory_cd4_treg_alr",0.08,0.45,FALSE
"l2_proliferating_nk_cell_alr","l2_progenitor_cell",0.08,0.55,FALSE
"l2_gdt_alr","l1_ilc_alr",0.08,0.8875,FALSE
"l3_type_2_polarized_memory_b_cell_alr","l3_clp_cell_alr",0.08,0.45,FALSE
"l3_clp_cell_alr","l3_type_2_polarized_memory_b_cell_alr",0.08,0.55,FALSE
"l3_klrb1_memory_cd4_treg_alr","l2_cdc1_alr",0.08,0.54375,FALSE
"l3_klrb1_memory_cd4_treg_alr","l2_cd56bright_nk_cell_alr",0.08,0.55,FALSE
"l1_ilc_alr","l2_gdt_alr",0.08,0.1125,FALSE
"age_group","l3_plasma_cell",0.079,1,FALSE
"cmv","l3_plasma_cell",0.079,1,FALSE
"cmv","l3_platelet",0.079,1,FALSE
"cmv","l2_cd16_monocyte_alr",0.079,1,FALSE
"cmv","l3_gzmk_cd56dim_nk_cell_alr",0.079,1,FALSE
"l2_ilc","l3_cdc1",0.079,0.417721518987342,FALSE
"l2_progenitor_cell","l2_naive_cd8_t_cell_alr",0.079,0.443037974683544,FALSE
"l3_cdc1","l2_ilc",0.079,0.582278481012658,FALSE
"l3_dn_t_cell","l3_plasma_cell",0.079,0.79746835443038,FALSE
"l3_erythrocyte","l3_klrf1_effector_vd1_gdt_alr",0.079,0.582278481012658,FALSE
"l3_erythrocyte","l3_sox4_vd1_gdt_alr",0.079,0.443037974683544,FALSE
"l3_erythrocyte","l3_isg_naive_cd8_t_cell_alr",0.079,0.759493670886076,FALSE
"l3_ilc","l3_isg_cd16_monocyte_alr",0.079,0.367088607594937,FALSE
"l3_plasma_cell","age_group",0.079,0,FALSE
"l3_plasma_cell","cmv",0.079,0,FALSE
"l3_plasma_cell","l3_dn_t_cell",0.079,0.20253164556962,FALSE
"l3_platelet","cmv",0.079,0,FALSE
"l3_proliferating_nk_cell","l1_ilc_alr",0.079,0.569620253164557,FALSE
"l3_proliferating_t_cell","l3_isg_cd56dim_nk_cell_alr",0.079,0.721518987341772,FALSE
"l3_baeomap_cell","l2_transitional_b_cell_alr",0.079,0.367088607594937,FALSE
"l3_baeomap_cell","l3_cm_cd8_t_cell_alr",0.079,0.658227848101266,FALSE
"l2_effector_b_cell_alr","l3_gzmb_cd27_em_cd4_t_cell_alr",0.079,0.411392405063291,FALSE
"l2_plasma_cell_alr","l2_cdc1_alr",0.079,0.354430379746835,FALSE
"l2_transitional_b_cell_alr","l3_baeomap_cell",0.079,0.632911392405063,FALSE
"l2_transitional_b_cell_alr","l3_sox4_naive_cd8_t_cell_alr",0.079,0.683544303797468,FALSE
"l2_cdc1_alr","l2_plasma_cell_alr",0.079,0.645569620253165,FALSE
"l2_cdc1_alr","l3_cd14_cdc2_alr",0.079,0.411392405063291,FALSE
"l2_pdc_alr","l3_naive_cd4_treg_alr",0.079,0.518987341772152,FALSE
"l2_cd16_monocyte_alr","cmv",0.079,0,FALSE
"l2_cd16_monocyte_alr","l2_gdt_alr",0.079,0.658227848101266,FALSE
"l2_cd16_monocyte_alr","l3_adaptive_nk_cell_alr",0.079,0.594936708860759,FALSE
"l2_proliferating_nk_cell_alr","l3_c1q_cd16_monocyte_alr",0.079,0.430379746835443,FALSE
"l2_proliferating_nk_cell_alr","l3_gzmb_vd2_gdt_alr",0.079,0.417721518987342,FALSE
"l2_proliferating_nk_cell_alr","l3_cd4_mait_alr",0.079,0.430379746835443,FALSE
"l2_dn_t_cell_alr","l3_cm_cd8_t_cell_alr",0.079,0.556962025316456,FALSE
"l2_gdt_alr","l2_cd16_monocyte_alr",0.079,0.341772151898734,FALSE
"l2_gdt_alr","l3_isg_mait_alr",0.079,0.620253164556962,FALSE
"l2_mait_alr","l1_b_cell_alr",0.079,0.468354430379747,FALSE
"l2_memory_cd4_t_cell_alr","l3_gzmk_cd56dim_nk_cell_alr",0.079,0.556962025316456,FALSE
"l2_naive_cd8_t_cell_alr","l2_progenitor_cell",0.079,0.556962025316456,FALSE
"l2_naive_cd8_t_cell_alr","l3_isg_cd14_monocyte_alr",0.079,0.645569620253165,FALSE
"l2_treg_alr","l3_isg_mait_alr",0.079,0.658227848101266,FALSE
"l3_isg_cd14_monocyte_alr","l2_naive_cd8_t_cell_alr",0.079,0.354430379746835,FALSE
"l3_isg_cd14_monocyte_alr","l3_sox4_naive_cd4_t_cell_alr",0.079,0.69620253164557,FALSE
"l3_isg_cd14_monocyte_alr","l1_b_cell_alr",0.079,0.481012658227848,FALSE
"l3_c1q_cd16_monocyte_alr","l2_proliferating_nk_cell_alr",0.079,0.569620253164557,FALSE
"l3_isg_cd16_monocyte_alr","l3_ilc",0.079,0.632911392405063,FALSE
"l3_gzmk_cd56dim_nk_cell_alr","cmv",0.079,0,FALSE
"l3_gzmk_cd56dim_nk_cell_alr","l2_memory_cd4_t_cell_alr",0.079,0.443037974683544,FALSE
"l3_isg_cd56dim_nk_cell_alr","l3_proliferating_t_cell",0.079,0.278481012658228,FALSE
"l3_adaptive_nk_cell_alr","l2_cd16_monocyte_alr",0.079,0.40506329113924,FALSE
"l3_cd14_cdc2_alr","l2_cdc1_alr",0.079,0.588607594936709,FALSE
"l3_gzmb_vd2_gdt_alr","l2_proliferating_nk_cell_alr",0.079,0.582278481012658,FALSE
"l3_gzmb_vd2_gdt_alr","l3_gzmk_memory_cd4_treg_alr",0.079,0.443037974683544,FALSE
"l3_klrf1_effector_vd1_gdt_alr","l3_erythrocyte",0.079,0.417721518987342,FALSE
"l3_klrf1_effector_vd1_gdt_alr","l3_naive_cd4_treg_alr",0.079,0.367088607594937,FALSE
"l3_klrf1_effector_vd1_gdt_alt_alr","l3_klrb1_memory_cd4_treg_alr",0.079,0.443037974683544,FALSE
"l3_sox4_vd1_gdt_alr","l3_erythrocyte",0.079,0.556962025316456,FALSE
"l3_cd4_mait_alr","l2_proliferating_nk_cell_alr",0.079,0.569620253164557,FALSE
"l3_isg_mait_alr","l2_gdt_alr",0.079,0.379746835443038,FALSE
"l3_isg_mait_alr","l2_treg_alr",0.079,0.341772151898734,FALSE
"l3_type_2_polarized_memory_b_cell_alr","l3_klrb1_memory_cd4_treg_alr",0.079,0.594936708860759,FALSE
"l3_gzmb_cd27_em_cd4_t_cell_alr","l2_effector_b_cell_alr",0.079,0.588607594936709,FALSE
"l3_cm_cd8_t_cell_alr","l3_baeomap_cell",0.079,0.341772151898734,FALSE
"l3_cm_cd8_t_cell_alr","l2_dn_t_cell_alr",0.079,0.443037974683544,FALSE
"l3_klrf1_gzmb_cd27_em_cd8_t_cell_alt_alr","l3_isg_naive_cd8_t_cell_alr",0.079,0.835443037974684,FALSE
"l3_isg_naive_b_cell_alr","l3_isg_naive_cd8_t_cell_alr",0.079,0.607594936708861,FALSE
"l3_sox4_naive_cd4_t_cell_alr","l3_isg_cd14_monocyte_alr",0.079,0.30379746835443,FALSE
"l3_sox4_naive_cd4_t_cell_alr","l3_gzmk_memory_cd4_treg_alr",0.079,0.20253164556962,FALSE
"l3_isg_naive_cd8_t_cell_alr","l3_erythrocyte",0.079,0.240506329113924,FALSE
"l3_isg_naive_cd8_t_cell_alr","l3_klrf1_gzmb_cd27_em_cd8_t_cell_alt_alr",0.079,0.164556962025316,FALSE
"l3_isg_naive_cd8_t_cell_alr","l3_isg_naive_b_cell_alr",0.079,0.392405063291139,FALSE
"l3_sox4_naive_cd8_t_cell_alr","l2_transitional_b_cell_alr",0.079,0.316455696202532,FALSE
"l3_gzmk_memory_cd4_treg_alr","l3_gzmb_vd2_gdt_alr",0.079,0.556962025316456,FALSE
"l3_gzmk_memory_cd4_treg_alr","l3_sox4_naive_cd4_t_cell_alr",0.079,0.79746835443038,FALSE
"l3_klrb1_memory_cd4_treg_alr","l3_klrf1_effector_vd1_gdt_alt_alr",0.079,0.556962025316456,FALSE
"l3_klrb1_memory_cd4_treg_alr","l3_type_2_polarized_memory_b_cell_alr",0.079,0.40506329113924,FALSE
"l3_naive_cd4_treg_alr","l2_pdc_alr",0.079,0.481012658227848,FALSE
"l3_naive_cd4_treg_alr","l3_klrf1_effector_vd1_gdt_alr",0.079,0.632911392405063,FALSE
"l1_b_cell_alr","l2_mait_alr",0.079,0.531645569620253,FALSE
"l1_b_cell_alr","l3_isg_cd14_monocyte_alr",0.079,0.518987341772152,FALSE
"l1_ilc_alr","l3_proliferating_nk_cell",0.079,0.430379746835443,FALSE
"l3_isg_mait_alr","l1_dc_alr",0.079,0.455696202531646,FALSE
"l1_dc_alr","l3_isg_mait_alr",0.079,0.544303797468354,FALSE
"age_group","l3_cd27_effector_b_cell_alt_alr",0.078,1,FALSE
"age_group","l3_naive_vd1_gdt_alr",0.078,1,FALSE
"cmv","l3_cdc1",0.078,1,FALSE
"cmv","l2_asdc_alr",0.078,1,FALSE
"cmv","l3_gzmb_cd27_em_cd4_t_cell_alt_alr",0.078,1,FALSE
"cmv","l3_isg_naive_cd4_t_cell_alr",0.078,1,FALSE
"l2_progenitor_cell","l2_treg_alr",0.078,0.294871794871795,FALSE
"l3_asdc","l3_cd56bright_nk_cell",0.078,0.769230769230769,FALSE
"l3_cd56bright_nk_cell","l3_asdc",0.078,0.230769230769231,FALSE
"l3_cd8aa","l2_proliferating_nk_cell_alr",0.078,0.884615384615385,FALSE
"l3_cdc1","cmv",0.078,0,FALSE
"l3_cdc1","l3_memory_cd8_treg_alr",0.078,0.333333333333333,FALSE
"l3_cdc1","l3_naive_cd4_treg_alr",0.078,0.58974358974359,FALSE
"l3_erythrocyte","l3_gzmb_cd27_em_cd4_t_cell_alr",0.078,0.41025641025641,FALSE
"l3_ilc","l2_mait_alr",0.078,0.371794871794872,FALSE
"l3_intermediate_monocyte","l3_cd14_cdc2_alr",0.078,0.25,FALSE
"l3_plasma_cell","l2_treg_alr",0.078,0.525641025641026,FALSE
"l3_plasma_cell","l3_klrf1_gzmb_cd27_memory_cd4_t_cell_alr",0.078,0.0641025641025641,FALSE
"l3_proliferating_t_cell","l3_klrb1_memory_cd8_treg_alr",0.078,0.435897435897436,FALSE
"l3_proliferating_t_cell","l1_ilc_alr",0.078,0.782051282051282,FALSE
"l2_effector_b_cell_alr","l3_naive_vd1_gdt_alr",0.078,0.602564102564103,FALSE
"l2_effector_b_cell_alr","l3_klrb1_memory_cd8_treg_alr",0.078,0.435897435897436,FALSE
"l2_memory_b_cell_alr","l1_erythrocyte_alr",0.078,0.371794871794872,FALSE
"l2_plasma_cell_alr","l3_gzmk_cd56dim_nk_cell_alr",0.078,0.423076923076923,FALSE
"l2_transitional_b_cell_alr","l3_type_2_polarized_memory_b_cell_alr",0.078,0.423076923076923,FALSE
"l2_asdc_alr","cmv",0.078,0,FALSE
"l2_cdc1_alr","l2_intermediate_monocyte_alr",0.078,0.717948717948718,FALSE
"l2_cdc1_alr","l1_progenitor_cell_alr",0.078,0.474358974358974,FALSE
"l2_pdc_alr","l3_cd95_memory_b_cell_alr",0.078,0.403846153846154,FALSE
"l2_intermediate_monocyte_alr","l2_cdc1_alr",0.078,0.282051282051282,FALSE
"l2_cd56bright_nk_cell_alr","l2_proliferating_t_cell_alr",0.078,0.41025641025641,FALSE
"l2_cd56bright_nk_cell_alr","l3_isg_cd16_monocyte_alr",0.078,0.576923076923077,FALSE
"l2_cd56bright_nk_cell_alr","l3_gzmk_memory_cd4_treg_alr",0.078,0.544871794871795,FALSE
"l2_cd56bright_nk_cell_alr","l1_ilc_alr",0.078,0.474358974358974,FALSE
"l2_proliferating_nk_cell_alr","l3_cd8aa",0.078,0.115384615384615,FALSE
"l2_proliferating_nk_cell_alr","l3_isg_cd14_monocyte_alr",0.078,0.205128205128205,FALSE
"l2_cd8aa_alr","l3_klrb1_memory_cd4_treg_alr",0.078,0.371794871794872,FALSE
"l2_mait_alr","l3_ilc",0.078,0.628205128205128,FALSE
"l2_mait_alr","l3_isg_cd14_monocyte_alr",0.078,0.653846153846154,FALSE
"l2_memory_cd8_t_cell_alr","l3_cd14_cdc2_alr",0.078,0.269230769230769,FALSE
"l2_memory_cd8_t_cell_alr","l3_naive_cd4_treg_alr",0.078,0.58974358974359,FALSE
"l2_proliferating_t_cell_alr","l2_cd56bright_nk_cell_alr",0.078,0.58974358974359,FALSE
"l2_treg_alr","l2_progenitor_cell",0.078,0.705128205128205,FALSE
"l2_treg_alr","l3_plasma_cell",0.078,0.474358974358974,FALSE
"l3_isg_cd14_monocyte_alr","l2_proliferating_nk_cell_alr",0.078,0.794871794871795,FALSE
"l3_isg_cd14_monocyte_alr","l2_mait_alr",0.078,0.346153846153846,FALSE
"l3_isg_cd16_monocyte_alr","l2_cd56bright_nk_cell_alr",0.078,0.423076923076923,FALSE
"l3_isg_cd16_monocyte_alr","l3_isg_naive_b_cell_alr",0.078,0.717948717948718,FALSE
"l3_gzmk_cd56dim_nk_cell_alr","l2_plasma_cell_alr",0.078,0.576923076923077,FALSE
"l3_cd14_cdc2_alr","l3_intermediate_monocyte",0.078,0.75,FALSE
"l3_cd14_cdc2_alr","l2_memory_cd8_t_cell_alr",0.078,0.730769230769231,FALSE
"l3_isg_cdc2_alr","l1_nk_cell_alr",0.078,0.641025641025641,FALSE
"l3_cd27_effector_b_cell_alt_alr","age_group",0.078,0,FALSE
"l3_naive_vd1_gdt_alr","age_group",0.078,0,FALSE
"l3_naive_vd1_gdt_alr","l2_effector_b_cell_alr",0.078,0.397435897435897,FALSE
"l3_cd95_memory_b_cell_alr","l2_pdc_alr",0.078,0.596153846153846,FALSE
"l3_type_2_polarized_memory_b_cell_alr","l2_transitional_b_cell_alr",0.078,0.576923076923077,FALSE
"l3_type_2_polarized_memory_b_cell_alr","l3_isg_naive_cd4_t_cell_alr",0.078,0.756410256410256,FALSE
"l3_klrf1_gzmb_cd27_memory_cd4_t_cell_alr","l3_plasma_cell",0.078,0.935897435897436,FALSE
"l3_gzmb_cd27_em_cd4_t_cell_alr","l3_erythrocyte",0.078,0.58974358974359,FALSE
"l3_gzmb_cd27_em_cd4_t_cell_alt_alr","cmv",0.078,0,FALSE
"l3_klrf1_gzmb_cd27_em_cd8_t_cell_alr","l3_isg_naive_cd8_t_cell_alr",0.078,0.756410256410256,FALSE
"l3_klrf1_gzmb_cd27_em_cd8_t_cell_alr","l1_dc_alr",0.078,0.358974358974359,FALSE
"l3_klrf1_gzmb_cd27_em_cd8_t_cell_alt_alr","l3_sox4_naive_cd4_t_cell_alr",0.078,0.705128205128205,FALSE
"l3_isg_naive_b_cell_alr","l3_isg_cd16_monocyte_alr",0.078,0.282051282051282,FALSE
"l3_isg_naive_cd4_t_cell_alr","cmv",0.078,0,FALSE
"l3_isg_naive_cd4_t_cell_alr","l3_type_2_polarized_memory_b_cell_alr",0.078,0.243589743589744,FALSE
"l3_sox4_naive_cd4_t_cell_alr","l3_klrf1_gzmb_cd27_em_cd8_t_cell_alt_alr",0.078,0.294871794871795,FALSE
"l3_isg_naive_cd8_t_cell_alr","l3_klrf1_gzmb_cd27_em_cd8_t_cell_alr",0.078,0.243589743589744,FALSE
"l3_gzmk_memory_cd4_treg_alr","l2_cd56bright_nk_cell_alr",0.078,0.455128205128205,FALSE
"l3_klrb1_memory_cd4_treg_alr","l2_cd8aa_alr",0.078,0.628205128205128,FALSE
"l3_klrb1_memory_cd4_treg_alr","l1_monocyte_alr",0.078,0.5,FALSE
"l3_klrb1_memory_cd8_treg_alr","l3_proliferating_t_cell",0.078,0.564102564102564,FALSE
"l3_klrb1_memory_cd8_treg_alr","l2_effector_b_cell_alr",0.078,0.564102564102564,FALSE
"l3_memory_cd8_treg_alr","l3_cdc1",0.078,0.666666666666667,FALSE
"l3_naive_cd4_treg_alr","l3_cdc1",0.078,0.41025641025641,FALSE
"l3_naive_cd4_treg_alr","l2_memory_cd8_t_cell_alr",0.078,0.41025641025641,FALSE
"l1_dc_alr","l3_klrf1_gzmb_cd27_em_cd8_t_cell_alr",0.078,0.641025641025641,FALSE
"l1_monocyte_alr","l3_klrb1_memory_cd4_treg_alr",0.078,0.5,FALSE
"l1_nk_cell_alr","l3_isg_cdc2_alr",0.078,0.358974358974359,FALSE
"l1_erythrocyte_alr","l2_memory_b_cell_alr",0.078,0.628205128205128,FALSE
"l1_ilc_alr","l3_proliferating_t_cell",0.078,0.217948717948718,FALSE
"l1_ilc_alr","l2_cd56bright_nk_cell_alr",0.078,0.525641025641026,FALSE
"l1_progenitor_cell_alr","l2_cdc1_alr",0.078,0.525641025641026,FALSE
"l2_platelet","l2_gdt_alr",0.077,0.103896103896104,FALSE
"l3_baeomap_cell","l3_cd95_memory_b_cell_alr",0.077,0.454545454545455,FALSE
"l2_gdt_alr","l2_platelet",0.077,0.896103896103896,FALSE
"l3_cd95_memory_b_cell_alr","l3_baeomap_cell",0.077,0.545454545454545,FALSE
"cmv","l3_sox4_vd1_gdt_alr",0.077,1,FALSE
"l2_erythrocyte","l3_c1q_cd16_monocyte_alr",0.077,0.623376623376623,FALSE
"l3_asdc","l3_gzmk_memory_cd4_treg_alr",0.077,0.383116883116883,FALSE
"l3_cd8aa","l2_asdc_alr",0.077,0.623376623376623,FALSE
"l3_cdc1","l2_memory_cd8_t_cell_alr",0.077,0.246753246753247,FALSE
"l3_cdc1","l3_klrb1_memory_cd4_treg_alr",0.077,0.480519480519481,FALSE
"l3_erythrocyte","l2_effector_b_cell_alr",0.077,0.246753246753247,FALSE
"l3_plasma_cell","l3_gzmk_memory_cd4_treg_alr",0.077,0.415584415584416,FALSE
"l3_platelet","l3_sox4_naive_cd8_t_cell_alr",0.077,0.480519480519481,FALSE
"l3_proliferating_t_cell","l3_early_memory_b_cell_alr",0.077,0.38961038961039,FALSE
"l3_transitional_b_cell","l2_pdc_alr",0.077,0.285714285714286,FALSE
"l3_transitional_b_cell","l3_activated_memory_b_cell_alr",0.077,0.311688311688312,FALSE
"l3_baeomap_cell","l3_il1b_cd14_monocyte_alr",0.077,0.532467532467533,FALSE
"l3_baeomap_cell","l3_isg_cd56dim_nk_cell_alr",0.077,0.805194805194805,FALSE
"l2_effector_b_cell_alr","l3_erythrocyte",0.077,0.753246753246753,FALSE
"l2_effector_b_cell_alr","l3_isg_cd16_monocyte_alr",0.077,0.441558441558442,FALSE
"l2_memory_b_cell_alr","l3_naive_cd4_treg_alr",0.077,0.597402597402597,FALSE
"l2_plasma_cell_alr","l2_mait_alr",0.077,0.350649350649351,FALSE
"l2_asdc_alr","l3_cd8aa",0.077,0.376623376623377,FALSE
"l2_pdc_alr","l3_transitional_b_cell",0.077,0.714285714285714,FALSE
"l2_cd16_monocyte_alr","l2_cd56bright_nk_cell_alr",0.077,0.74025974025974,FALSE
"l2_intermediate_monocyte_alr","l3_clp_cell_alr",0.077,0.480519480519481,FALSE
"l2_cd56bright_nk_cell_alr","l2_cd16_monocyte_alr",0.077,0.25974025974026,FALSE
"l2_cd8aa_alr","l3_activated_memory_b_cell_alr",0.077,0.298701298701299,FALSE
"l2_mait_alr","l2_plasma_cell_alr",0.077,0.649350649350649,FALSE
"l2_mait_alr","l3_isg_naive_b_cell_alr",0.077,0.779220779220779,FALSE
"l2_mait_alr","l1_ilc_alr",0.077,0.766233766233766,FALSE
"l2_memory_cd8_t_cell_alr","l3_cdc1",0.077,0.753246753246753,FALSE
"l2_memory_cd8_t_cell_alr","l3_adaptive_nk_cell_alr",0.077,0.402597402597403,FALSE
"l2_memory_cd8_t_cell_alr","l3_isg_mait_alr",0.077,0.623376623376623,FALSE
"l2_proliferating_t_cell_alr","l3_klrb1_memory_cd8_treg_alr",0.077,0.38961038961039,FALSE
"l2_treg_alr","l3_isg_cd16_monocyte_alr",0.077,0.487012987012987,FALSE
"l3_il1b_cd14_monocyte_alr","l3_baeomap_cell",0.077,0.467532467532468,FALSE
"l3_il1b_cd14_monocyte_alr","l1_dc_alr",0.077,0.480519480519481,FALSE
"l3_c1q_cd16_monocyte_alr","l2_erythrocyte",0.077,0.376623376623377,FALSE
"l3_isg_cd16_monocyte_alr","l2_effector_b_cell_alr",0.077,0.558441558441558,FALSE
"l3_isg_cd16_monocyte_alr","l2_treg_alr",0.077,0.512987012987013,FALSE
"l3_isg_cd16_monocyte_alr","l1_nk_cell_alr",0.077,0.558441558441558,FALSE
"l3_isg_cd56dim_nk_cell_alr","l3_baeomap_cell",0.077,0.194805194805195,FALSE
"l3_adaptive_nk_cell_alr","l2_memory_cd8_t_cell_alr",0.077,0.597402597402597,FALSE
"l3_klrf1_effector_vd1_gdt_alr","l3_cd95_memory_b_cell_alr",0.077,0.363636363636364,FALSE
"l3_klrf1_effector_vd1_gdt_alr","l1_ilc_alr",0.077,0.558441558441558,FALSE
"l3_klrf1_effector_vd1_gdt_alr","l1_progenitor_cell_alr",0.077,0.506493506493507,FALSE
"l3_naive_vd1_gdt_alr","l3_cd4_mait_alr",0.077,0.12987012987013,FALSE
"l3_sox4_vd1_gdt_alr","cmv",0.077,0,FALSE
"l3_cd4_mait_alr","l3_naive_vd1_gdt_alr",0.077,0.87012987012987,FALSE
"l3_isg_mait_alr","l2_memory_cd8_t_cell_alr",0.077,0.376623376623377,FALSE
"l3_activated_memory_b_cell_alr","l3_transitional_b_cell",0.077,0.688311688311688,FALSE
"l3_activated_memory_b_cell_alr","l2_cd8aa_alr",0.077,0.701298701298701,FALSE
"l3_cd95_memory_b_cell_alr","l3_klrf1_effector_vd1_gdt_alr",0.077,0.636363636363636,FALSE
"l3_cd95_memory_b_cell_alr","l3_klrf1_gzmb_cd27_em_cd8_t_cell_alr",0.077,0.61038961038961,FALSE
"l3_early_memory_b_cell_alr","l3_proliferating_t_cell",0.077,0.61038961038961,FALSE
"l3_isg_memory_cd4_t_cell_alr","l1_dc_alr",0.077,0.493506493506494,FALSE
"l3_gzmb_cd27_em_cd4_t_cell_alr","l3_isg_naive_b_cell_alr",0.077,0.727272727272727,FALSE
"l3_klrf1_gzmb_cd27_em_cd8_t_cell_alr","l3_cd95_memory_b_cell_alr",0.077,0.38961038961039,FALSE
"l3_isg_naive_b_cell_alr","l2_mait_alr",0.077,0.220779220779221,FALSE
"l3_isg_naive_b_cell_alr","l3_gzmb_cd27_em_cd4_t_cell_alr",0.077,0.272727272727273,FALSE
"l3_isg_naive_cd8_t_cell_alr","l3_naive_cd4_treg_alr",0.077,0.467532467532468,FALSE
"l3_isg_naive_cd8_t_cell_alr","l1_nk_cell_alr",0.077,0.285714285714286,FALSE
"l3_sox4_naive_cd8_t_cell_alr","l3_platelet",0.077,0.51948051948052,FALSE
"l3_clp_cell_alr","l2_intermediate_monocyte_alr",0.077,0.51948051948052,FALSE
"l3_gzmk_memory_cd4_treg_alr","l3_asdc",0.077,0.616883116883117,FALSE
"l3_gzmk_memory_cd4_treg_alr","l3_plasma_cell",0.077,0.584415584415584,FALSE
"l3_klrb1_memory_cd4_treg_alr","l3_cdc1",0.077,0.51948051948052,FALSE
"l3_klrb1_memory_cd8_treg_alr","l2_proliferating_t_cell_alr",0.077,0.61038961038961,FALSE
"l3_naive_cd4_treg_alr","l2_memory_b_cell_alr",0.077,0.402597402597403,FALSE
"l3_naive_cd4_treg_alr","l3_isg_naive_cd8_t_cell_alr",0.077,0.532467532467533,FALSE
"l1_dc_alr","l3_il1b_cd14_monocyte_alr",0.077,0.51948051948052,FALSE
"l1_dc_alr","l3_isg_memory_cd4_t_cell_alr",0.077,0.506493506493507,FALSE
"l1_nk_cell_alr","l3_isg_cd16_monocyte_alr",0.077,0.441558441558442,FALSE
"l1_nk_cell_alr","l3_isg_naive_cd8_t_cell_alr",0.077,0.714285714285714,FALSE
"l1_ilc_alr","l2_mait_alr",0.077,0.233766233766234,FALSE
"l1_ilc_alr","l3_klrf1_effector_vd1_gdt_alr",0.077,0.441558441558442,FALSE
"l1_progenitor_cell_alr","l3_klrf1_effector_vd1_gdt_alr",0.077,0.493506493506494,FALSE
"l3_erythrocyte","l3_gzmk_cd56dim_nk_cell_alr",0.076,0.546052631578947,FALSE
"l2_gdt_alr","l1_progenitor_cell_alr",0.076,0.552631578947368,FALSE
"l2_proliferating_t_cell_alr","l3_c1q_cd16_monocyte_alr",0.076,0.539473684210526,FALSE
"l3_c1q_cd16_monocyte_alr","l2_proliferating_t_cell_alr",0.076,0.460526315789474,FALSE
"l3_gzmk_cd56dim_nk_cell_alr","l3_erythrocyte",0.076,0.453947368421053,FALSE
"l3_isg_cd56dim_nk_cell_alr","l1_dc_alr",0.076,0.447368421052632,FALSE
"l1_dc_alr","l3_isg_cd56dim_nk_cell_alr",0.076,0.552631578947368,FALSE
"l1_progenitor_cell_alr","l2_gdt_alr",0.076,0.447368421052632,FALSE
"sex","l3_erythrocyte",0.076,1,FALSE
"l2_erythrocyte","l3_cd8aa",0.076,0.197368421052632,FALSE
"l3_asdc","l3_adaptive_nk_cell_alr",0.076,0.565789473684211,FALSE
"l3_asdc","l3_sox4_vd1_gdt_alr",0.076,0.342105263157895,FALSE
"l3_cd8aa","l2_erythrocyte",0.076,0.802631578947368,FALSE
"l3_dn_t_cell","l3_gzmb_cd27_em_cd4_t_cell_alr",0.076,0.486842105263158,FALSE
"l3_erythrocyte","sex",0.076,0,FALSE
"l3_erythrocyte","l2_mait_alr",0.076,0.263157894736842,FALSE
"l3_ilc","l3_c1q_cd16_monocyte_alr",0.076,0.565789473684211,FALSE
"l3_plasma_cell","l2_mait_alr",0.076,0.342105263157895,FALSE
"l3_plasma_cell","l3_gzmb_vd2_gdt_alr",0.076,0.473684210526316,FALSE
"l3_platelet","l3_klrb1_memory_cd4_treg_alr",0.076,0.355263157894737,FALSE
"l3_proliferating_t_cell","l3_klrf1_effector_vd1_gdt_alt_alr",0.076,0.631578947368421,FALSE
"l3_baeomap_cell","l2_proliferating_t_cell_alr",0.076,0.697368421052632,FALSE
"l3_baeomap_cell","l3_naive_cd4_treg_alr",0.076,0.618421052631579,FALSE
"l2_cdc1_alr","l3_naive_vd1_gdt_alr",0.076,0.513157894736842,FALSE
"l2_cdc1_alr","l3_isg_memory_cd8_t_cell_alr",0.076,0.394736842105263,FALSE
"l2_cdc1_alr","l3_isg_naive_b_cell_alr",0.076,0.644736842105263,FALSE
"l2_pdc_alr","l3_isg_cd14_monocyte_alr",0.076,0.342105263157895,FALSE
"l2_cd56bright_nk_cell_alr","l3_early_memory_b_cell_alr",0.076,0.493421052631579,FALSE
"l2_proliferating_nk_cell_alr","l2_treg_alr",0.076,0.355263157894737,FALSE
"l2_mait_alr","l3_erythrocyte",0.076,0.736842105263158,FALSE
"l2_mait_alr","l3_plasma_cell",0.076,0.657894736842105,FALSE
"l2_mait_alr","l3_isg_cd16_monocyte_alr",0.076,0.605263157894737,FALSE
"l2_naive_cd8_t_cell_alr","l3_cd95_memory_b_cell_alr",0.076,0.315789473684211,FALSE
"l2_proliferating_t_cell_alr","l3_baeomap_cell",0.076,0.302631578947368,FALSE
"l2_treg_alr","l2_proliferating_nk_cell_alr",0.076,0.644736842105263,FALSE
"l2_treg_alr","l3_gzmk_cd56dim_nk_cell_alr",0.076,0.355263157894737,FALSE
"l3_isg_cd14_monocyte_alr","l2_pdc_alr",0.076,0.657894736842105,FALSE
"l3_isg_cd14_monocyte_alr","l3_klrf1_effector_vd1_gdt_alt_alr",0.076,0.657894736842105,FALSE
"l3_c1q_cd16_monocyte_alr","l3_ilc",0.076,0.434210526315789,FALSE
"l3_isg_cd16_monocyte_alr","l2_mait_alr",0.076,0.394736842105263,FALSE
"l3_gzmk_cd56dim_nk_cell_alr","l2_treg_alr",0.076,0.644736842105263,FALSE
"l3_adaptive_nk_cell_alr","l3_asdc",0.076,0.434210526315789,FALSE
"l3_isg_cdc2_alr","l3_cd27_effector_b_cell_alt_alr",0.076,0.210526315789474,FALSE
"l3_cd27_effector_b_cell_alt_alr","l3_isg_cdc2_alr",0.076,0.789473684210526,FALSE
"l3_gzmb_vd2_gdt_alr","l3_plasma_cell",0.076,0.526315789473684,FALSE
"l3_klrf1_effector_vd1_gdt_alt_alr","l3_proliferating_t_cell",0.076,0.368421052631579,FALSE
"l3_klrf1_effector_vd1_gdt_alt_alr","l3_isg_cd14_monocyte_alr",0.076,0.342105263157895,FALSE
"l3_naive_vd1_gdt_alr","l2_cdc1_alr",0.076,0.486842105263158,FALSE
"l3_sox4_vd1_gdt_alr","l3_asdc",0.076,0.657894736842105,FALSE
"l3_sox4_vd1_gdt_alr","l1_monocyte_alr",0.076,0.394736842105263,FALSE
"l3_cd4_mait_alr","l1_monocyte_alr",0.076,0.578947368421053,FALSE
"l3_isg_mait_alr","l1_nk_cell_alr",0.076,0.276315789473684,FALSE
"l3_cd95_memory_b_cell_alr","l2_naive_cd8_t_cell_alr",0.076,0.684210526315789,FALSE
"l3_early_memory_b_cell_alr","l2_cd56bright_nk_cell_alr",0.076,0.506578947368421,FALSE
"l3_gzmb_cd27_em_cd4_t_cell_alr","l3_dn_t_cell",0.076,0.513157894736842,FALSE
"l3_gzmb_cd27_em_cd4_t_cell_alr","l3_sox4_naive_cd4_t_cell_alr",0.076,0.394736842105263,FALSE
"l3_gzmb_cd27_em_cd4_t_cell_alt_alr","l3_isg_naive_cd4_t_cell_alr",0.076,0.644736842105263,FALSE
"l3_isg_memory_cd8_t_cell_alr","l2_cdc1_alr",0.076,0.605263157894737,FALSE
"l3_gzmk_cd27_em_cd8_t_cell_alt_alr","l3_klrf1_gzmb_cd27_em_cd8_t_cell_alr",0.076,0.407894736842105,FALSE
"l3_klrf1_gzmb_cd27_em_cd8_t_cell_alr","l3_gzmk_cd27_em_cd8_t_cell_alt_alr",0.076,0.592105263157895,FALSE
"l3_klrf1_gzmb_cd27_em_cd8_t_cell_alr","l3_isg_naive_cd4_t_cell_alr",0.076,0.592105263157895,FALSE
"l3_klrf1_gzmb_cd27_em_cd8_t_cell_alr","l3_naive_cd4_treg_alr",0.076,0.473684210526316,FALSE
"l3_isg_naive_b_cell_alr","l2_cdc1_alr",0.076,0.355263157894737,FALSE
"l3_isg_naive_cd4_t_cell_alr","l3_gzmb_cd27_em_cd4_t_cell_alt_alr",0.076,0.355263157894737,FALSE
"l3_isg_naive_cd4_t_cell_alr","l3_klrf1_gzmb_cd27_em_cd8_t_cell_alr",0.076,0.407894736842105,FALSE
"l3_sox4_naive_cd4_t_cell_alr","l3_gzmb_cd27_em_cd4_t_cell_alr",0.076,0.605263157894737,FALSE
"l3_klrb1_memory_cd4_treg_alr","l3_platelet",0.076,0.644736842105263,FALSE
"l3_naive_cd4_treg_alr","l3_baeomap_cell",0.076,0.381578947368421,FALSE
"l3_naive_cd4_treg_alr","l3_klrf1_gzmb_cd27_em_cd8_t_cell_alr",0.076,0.526315789473684,FALSE
"l3_naive_cd4_treg_alr","l1_dc_alr",0.076,0.263157894736842,FALSE
"l1_dc_alr","l3_naive_cd4_treg_alr",0.076,0.736842105263158,FALSE
"l1_monocyte_alr","l3_sox4_vd1_gdt_alr",0.076,0.605263157894737,FALSE
"l1_monocyte_alr","l3_cd4_mait_alr",0.076,0.421052631578947,FALSE
"l1_nk_cell_alr","l3_isg_mait_alr",0.076,0.723684210526316,FALSE
"l3_cd56bright_nk_cell","l3_isg_cdc2_alr",0.075,0.56,FALSE
"l3_erythrocyte","l3_isg_cd14_monocyte_alr",0.075,0.56,FALSE
"l3_plasma_cell","l3_klrf1_gzmb_cd27_em_cd8_t_cell_alr",0.075,0.533333333333333,FALSE
"l3_proliferating_t_cell","l3_gzmk_cd56dim_nk_cell_alr",0.075,0.44,FALSE
"l2_effector_b_cell_alr","l2_memory_cd4_t_cell_alr",0.075,0.546666666666667,FALSE
"l2_effector_b_cell_alr","l1_ilc_alr",0.075,0.666666666666667,FALSE
"l2_asdc_alr","l3_cd95_memory_b_cell_alr",0.075,0.466666666666667,FALSE
"l2_memory_cd4_t_cell_alr","l2_effector_b_cell_alr",0.075,0.453333333333333,FALSE
"l3_isg_cd14_monocyte_alr","l3_erythrocyte",0.075,0.44,FALSE
"l3_gzmk_cd56dim_nk_cell_alr","l3_proliferating_t_cell",0.075,0.56,FALSE
"l3_isg_cdc2_alr","l3_cd56bright_nk_cell",0.075,0.44,FALSE
"l3_gzmb_vd2_gdt_alr","l3_clp_cell_alr",0.075,0.546666666666667,FALSE
"l3_isg_mait_alr","l3_klrf1_gzmb_cd27_memory_cd4_t_cell_alr",0.075,0.106666666666667,FALSE
"l3_cd95_memory_b_cell_alr","l2_asdc_alr",0.075,0.533333333333333,FALSE
"l3_klrf1_gzmb_cd27_memory_cd4_t_cell_alr","l3_isg_mait_alr",0.075,0.893333333333333,FALSE
"l3_klrf1_gzmb_cd27_em_cd8_t_cell_alr","l3_plasma_cell",0.075,0.466666666666667,FALSE
"l3_clp_cell_alr","l3_gzmb_vd2_gdt_alr",0.075,0.453333333333333,FALSE
"l3_gzmk_memory_cd4_treg_alr","l1_progenitor_cell_alr",0.075,0.54,FALSE
"l1_ilc_alr","l2_effector_b_cell_alr",0.075,0.333333333333333,FALSE
"l1_progenitor_cell_alr","l3_gzmk_memory_cd4_treg_alr",0.075,0.46,FALSE
"sex","l2_transitional_b_cell_alr",0.075,1,FALSE
"cmv","l1_b_cell_alr",0.075,1,FALSE
"l2_erythrocyte","l3_cd56bright_nk_cell",0.075,0.133333333333333,FALSE
"l3_asdc","l3_intermediate_monocyte",0.075,0.586666666666667,FALSE
"l3_cd56bright_nk_cell","l2_erythrocyte",0.075,0.866666666666667,FALSE
"l3_cd56bright_nk_cell","l3_naive_vd1_gdt_alr",0.075,0.48,FALSE
"l3_cd8aa","l3_type_2_polarized_memory_b_cell_alr",0.075,0.413333333333333,FALSE
"l3_cdc1","l3_cd95_memory_b_cell_alr",0.075,0.346666666666667,FALSE
"l3_dn_t_cell","l2_cd16_monocyte_alr",0.075,0.526666666666667,FALSE
"l3_intermediate_monocyte","l3_asdc",0.075,0.413333333333333,FALSE
"l3_pdc","l3_cd27_effector_b_cell_alt_alr",0.075,0.493333333333333,FALSE
"l3_pdc","l3_cd4_mait_alr",0.075,0.386666666666667,FALSE
"l3_transitional_b_cell","l3_baeomap_cell",0.075,0.266666666666667,FALSE
"l3_transitional_b_cell","l3_adaptive_nk_cell_alr",0.075,0.64,FALSE
"l3_baeomap_cell","l3_transitional_b_cell",0.075,0.733333333333333,FALSE
"l2_memory_b_cell_alr","l3_clp_cell_alr",0.075,0.6,FALSE
"l2_transitional_b_cell_alr","sex",0.075,0,FALSE
"l2_asdc_alr","l3_isg_naive_b_cell_alr",0.075,0.6,FALSE
"l2_cd16_monocyte_alr","l3_dn_t_cell",0.075,0.473333333333333,FALSE
"l2_cd56bright_nk_cell_alr","l3_gzmk_cd27_em_cd8_t_cell_alt_alr",0.075,0.64,FALSE
"l3_adaptive_nk_cell_alr","l3_transitional_b_cell",0.075,0.36,FALSE
"l3_cd27_effector_b_cell_alt_alr","l3_pdc",0.075,0.506666666666667,FALSE
"l3_klrf1_effector_vd1_gdt_alr","l3_isg_naive_cd4_t_cell_alr",0.075,0.293333333333333,FALSE
"l3_naive_vd1_gdt_alr","l3_cd56bright_nk_cell",0.075,0.52,FALSE
"l3_cd4_mait_alr","l3_pdc",0.075,0.613333333333333,FALSE
"l3_cd95_memory_b_cell_alr","l3_cdc1",0.075,0.653333333333333,FALSE
"l3_type_2_polarized_memory_b_cell_alr","l3_cd8aa",0.075,0.586666666666667,FALSE
"l3_gzmk_cd27_em_cd8_t_cell_alt_alr","l2_cd56bright_nk_cell_alr",0.075,0.36,FALSE
"l3_klrf1_gzmb_cd27_em_cd8_t_cell_alr","l3_memory_cd8_treg_alr",0.075,0.373333333333333,FALSE
"l3_isg_naive_b_cell_alr","l2_asdc_alr",0.075,0.4,FALSE
"l3_isg_naive_cd4_t_cell_alr","l3_klrf1_effector_vd1_gdt_alr",0.075,0.706666666666667,FALSE
"l3_sox4_naive_cd8_t_cell_alr","l3_gzmk_memory_cd4_treg_alr",0.075,0.293333333333333,FALSE
"l3_clp_cell_alr","l2_memory_b_cell_alr",0.075,0.4,FALSE
"l3_gzmk_memory_cd4_treg_alr","l3_sox4_naive_cd8_t_cell_alr",0.075,0.706666666666667,FALSE
"l3_memory_cd8_treg_alr","l3_klrf1_gzmb_cd27_em_cd8_t_cell_alr",0.075,0.626666666666667,FALSE
"l1_b_cell_alr","cmv",0.075,0,FALSE
"l3_asdc","l3_c1q_cd16_monocyte_alr",0.074,0.527027027027027,FALSE
"l3_cdc1","l3_proliferating_nk_cell",0.074,0.54054054054054,FALSE
"l3_cdc1","l2_treg_alr",0.074,0.459459459459459,FALSE
"l3_cdc1","l3_activated_memory_b_cell_alr",0.074,0.54054054054054,FALSE
"l3_ilc","l2_proliferating_nk_cell_alr",0.074,0.472972972972973,FALSE
"l3_ilc","l3_gzmb_vd2_gdt_alr",0.074,0.324324324324324,FALSE
"l3_intermediate_monocyte","l3_isg_cd56dim_nk_cell_alr",0.074,0.445945945945946,FALSE
"l3_proliferating_nk_cell","l3_cdc1",0.074,0.459459459459459,FALSE
"l3_proliferating_t_cell","l2_pdc_alr",0.074,0.554054054054054,FALSE
"l2_memory_b_cell_alr","l3_memory_cd8_treg_alr",0.074,0.527027027027027,FALSE
"l2_asdc_alr","l3_isg_memory_cd8_t_cell_alr",0.074,0.432432432432432,FALSE
"l2_pdc_alr","l3_proliferating_t_cell",0.074,0.445945945945946,FALSE
"l2_pdc_alr","l3_isg_cd16_monocyte_alr",0.074,0.472972972972973,FALSE
"l2_proliferating_nk_cell_alr","l3_ilc",0.074,0.527027027027027,FALSE
"l2_gdt_alr","l1_monocyte_alr",0.074,0.445945945945946,FALSE
"l2_proliferating_t_cell_alr","l3_isg_cd56dim_nk_cell_alr",0.074,0.675675675675676,FALSE
"l2_treg_alr","l3_cdc1",0.074,0.54054054054054,FALSE
"l3_il1b_cd14_monocyte_alr","l1_nk_cell_alr",0.074,0.662162162162162,FALSE
"l3_c1q_cd16_monocyte_alr","l3_asdc",0.074,0.472972972972973,FALSE
"l3_isg_cd16_monocyte_alr","l2_pdc_alr",0.074,0.527027027027027,FALSE
"l3_isg_cd56dim_nk_cell_alr","l3_intermediate_monocyte",0.074,0.554054054054054,FALSE
"l3_isg_cd56dim_nk_cell_alr","l2_proliferating_t_cell_alr",0.074,0.324324324324324,FALSE
"l3_gzmb_vd2_gdt_alr","l3_ilc",0.074,0.675675675675676,FALSE
"l3_activated_memory_b_cell_alr","l3_cdc1",0.074,0.459459459459459,FALSE
"l3_early_memory_b_cell_alr","l3_isg_memory_cd4_t_cell_alr",0.074,0.77027027027027,FALSE
"l3_isg_memory_cd4_t_cell_alr","l3_early_memory_b_cell_alr",0.074,0.22972972972973,FALSE
"l3_isg_memory_cd8_t_cell_alr","l2_asdc_alr",0.074,0.567567567567568,FALSE
"l3_cm_cd8_t_cell_alr","l3_memory_cd8_treg_alr",0.074,0.445945945945946,FALSE
"l3_gzmk_memory_cd4_treg_alr","l1_b_cell_alr",0.074,0.675675675675676,FALSE
"l3_memory_cd8_treg_alr","l2_memory_b_cell_alr",0.074,0.472972972972973,FALSE
"l3_memory_cd8_treg_alr","l3_cm_cd8_t_cell_alr",0.074,0.554054054054054,FALSE
"l1_monocyte_alr","l2_gdt_alr",0.074,0.554054054054054,FALSE
"l1_nk_cell_alr","l3_il1b_cd14_monocyte_alr",0.074,0.337837837837838,FALSE
"l1_b_cell_alr","l3_gzmk_memory_cd4_treg_alr",0.074,0.324324324324324,FALSE
"age_group","l2_plasma_cell_alr",0.074,1,FALSE
"sex","l3_klrb1_memory_cd4_treg_alr",0.074,1,FALSE
"l2_erythrocyte","l3_isg_memory_cd4_t_cell_alr",0.074,0.189189189189189,FALSE
"l2_progenitor_cell","l3_gzmk_memory_cd4_treg_alr",0.074,0.418918918918919,FALSE
"l3_cd56bright_nk_cell","l2_dn_t_cell_alr",0.074,0.635135135135135,FALSE
"l3_cd56bright_nk_cell","l1_b_cell_alr",0.074,0.418918918918919,FALSE
"l3_cd8aa","l3_cd4_mait_alr",0.074,0.405405405405405,FALSE
"l3_dn_t_cell","l3_klrf1_effector_vd1_gdt_alr",0.074,0.621621621621622,FALSE
"l3_erythrocyte","l3_early_memory_b_cell_alr",0.074,0.364864864864865,FALSE
"l3_intermediate_monocyte","l3_type_2_polarized_memory_b_cell_alr",0.074,0.121621621621622,FALSE
"l3_pdc","l3_cd95_memory_b_cell_alr",0.074,0.513513513513513,FALSE
"l3_plasma_cell","l3_isg_cdc2_alr",0.074,0.689189189189189,FALSE
"l3_transitional_b_cell","l3_isg_memory_cd8_t_cell_alr",0.074,0.418918918918919,FALSE
"l2_memory_b_cell_alr","l3_il1b_cd14_monocyte_alr",0.074,0.72972972972973,FALSE
"l2_plasma_cell_alr","age_group",0.074,0,FALSE
"l2_asdc_alr","l3_il1b_cd14_monocyte_alr",0.074,0.418918918918919,FALSE
"l2_cd56bright_nk_cell_alr","l3_isg_memory_cd8_t_cell_alr",0.074,0.486486486486486,FALSE
"l2_proliferating_nk_cell_alr","l3_cd14_cdc2_alr",0.074,0.297297297297297,FALSE
"l2_dn_t_cell_alr","l3_cd56bright_nk_cell",0.074,0.364864864864865,FALSE
"l2_gdt_alr","l3_cm_cd8_t_cell_alr",0.074,0.594594594594595,FALSE
"l2_memory_cd8_t_cell_alr","l3_isg_cd14_monocyte_alr",0.074,0.364864864864865,FALSE
"l3_il1b_cd14_monocyte_alr","l2_memory_b_cell_alr",0.074,0.27027027027027,FALSE
"l3_il1b_cd14_monocyte_alr","l2_asdc_alr",0.074,0.581081081081081,FALSE
"l3_il1b_cd14_monocyte_alr","l3_adaptive_nk_cell_alr",0.074,0.621621621621622,FALSE
"l3_il1b_cd14_monocyte_alr","l3_cd27_effector_b_cell_alt_alr",0.074,0.513513513513513,FALSE
"l3_isg_cd14_monocyte_alr","l2_memory_cd8_t_cell_alr",0.074,0.635135135135135,FALSE
"l3_isg_cd56dim_nk_cell_alr","l3_early_memory_b_cell_alr",0.074,0.202702702702703,FALSE
"l3_adaptive_nk_cell_alr","l3_il1b_cd14_monocyte_alr",0.074,0.378378378378378,FALSE
"l3_cd14_cdc2_alr","l2_proliferating_nk_cell_alr",0.074,0.702702702702703,FALSE
"l3_isg_cdc2_alr","l3_plasma_cell",0.074,0.310810810810811,FALSE
"l3_isg_cdc2_alr","l3_cd95_memory_b_cell_alr",0.074,0.351351351351351,FALSE
"l3_cd27_effector_b_cell_alt_alr","l3_il1b_cd14_monocyte_alr",0.074,0.486486486486486,FALSE
"l3_klrf1_effector_vd1_gdt_alr","l3_dn_t_cell",0.074,0.378378378378378,FALSE
"l3_klrf1_effector_vd1_gdt_alt_alr","l3_gzmk_memory_cd4_treg_alr",0.074,0.310810810810811,FALSE
"l3_sox4_vd1_gdt_alr","l3_gzmb_cd27_em_cd4_t_cell_alr",0.074,0.364864864864865,FALSE
"l3_cd4_mait_alr","l3_cd8aa",0.074,0.594594594594595,FALSE
"l3_cd4_mait_alr","l3_isg_naive_cd4_t_cell_alr",0.074,0.689189189189189,FALSE
"l3_isg_mait_alr","l3_klrf1_gzmb_cd27_em_cd8_t_cell_alr",0.074,0.378378378378378,FALSE
"l3_activated_memory_b_cell_alr","l3_isg_naive_cd8_t_cell_alr",0.074,0.513513513513513,FALSE
"l3_cd95_memory_b_cell_alr","l3_pdc",0.074,0.486486486486486,FALSE
"l3_cd95_memory_b_cell_alr","l3_isg_cdc2_alr",0.074,0.648648648648649,FALSE
"l3_early_memory_b_cell_alr","l3_erythrocyte",0.074,0.635135135135135,FALSE
"l3_early_memory_b_cell_alr","l3_isg_cd56dim_nk_cell_alr",0.074,0.797297297297297,FALSE
"l3_type_2_polarized_memory_b_cell_alr","l3_intermediate_monocyte",0.074,0.878378378378378,FALSE
"l3_type_2_polarized_memory_b_cell_alr","l3_gzmk_cd27_em_cd8_t_cell_alt_alr",0.074,0.72972972972973,FALSE
"l3_isg_memory_cd4_t_cell_alr","l2_erythrocyte",0.074,0.810810810810811,FALSE
"l3_klrf1_gzmb_cd27_memory_cd4_t_cell_alr","l3_sox4_naive_cd8_t_cell_alr",0.074,0.864864864864865,FALSE
"l3_gzmb_cd27_em_cd4_t_cell_alr","l3_sox4_vd1_gdt_alr",0.074,0.635135135135135,FALSE
"l3_gzmb_cd27_em_cd4_t_cell_alr","l3_naive_cd4_treg_alr",0.074,0.418918918918919,FALSE
"l3_isg_memory_cd8_t_cell_alr","l3_transitional_b_cell",0.074,0.581081081081081,FALSE
"l3_isg_memory_cd8_t_cell_alr","l2_cd56bright_nk_cell_alr",0.074,0.513513513513513,FALSE
"l3_cm_cd8_t_cell_alr","l2_gdt_alr",0.074,0.405405405405405,FALSE
"l3_gzmk_cd27_em_cd8_t_cell_alt_alr","l3_type_2_polarized_memory_b_cell_alr",0.074,0.27027027027027,FALSE
"l3_klrf1_gzmb_cd27_em_cd8_t_cell_alr","l3_isg_mait_alr",0.074,0.621621621621622,FALSE
"l3_isg_naive_cd4_t_cell_alr","l3_cd4_mait_alr",0.074,0.310810810810811,FALSE
"l3_isg_naive_cd8_t_cell_alr","l3_activated_memory_b_cell_alr",0.074,0.486486486486486,FALSE
"l3_sox4_naive_cd8_t_cell_alr","l3_klrf1_gzmb_cd27_memory_cd4_t_cell_alr",0.074,0.135135135135135,FALSE
"l3_gzmk_memory_cd4_treg_alr","l2_progenitor_cell",0.074,0.581081081081081,FALSE
"l3_gzmk_memory_cd4_treg_alr","l3_klrf1_effector_vd1_gdt_alt_alr",0.074,0.689189189189189,FALSE
"l3_klrb1_memory_cd4_treg_alr","sex",0.074,0,FALSE
"l3_klrb1_memory_cd4_treg_alr","l1_erythrocyte_alr",0.074,0.608108108108108,FALSE
"l3_klrb1_memory_cd8_treg_alr","l1_nk_cell_alr",0.074,0.621621621621622,FALSE
"l3_naive_cd4_treg_alr","l3_gzmb_cd27_em_cd4_t_cell_alr",0.074,0.581081081081081,FALSE
"l1_nk_cell_alr","l3_klrb1_memory_cd8_treg_alr",0.074,0.378378378378378,FALSE
"l1_b_cell_alr","l3_cd56bright_nk_cell",0.074,0.581081081081081,FALSE
"l1_erythrocyte_alr","l3_klrb1_memory_cd4_treg_alr",0.074,0.391891891891892,FALSE
"l2_erythrocyte","l3_isg_naive_cd4_t_cell_alr",0.073,0.520547945205479,FALSE
"l3_cd8aa","l3_isg_cd14_monocyte_alr",0.073,0.315068493150685,FALSE
"l3_cd8aa","l3_cm_cd8_t_cell_alr",0.073,0.561643835616438,FALSE
"l3_dn_t_cell","l3_isg_cd14_monocyte_alr",0.073,0.438356164383562,FALSE
"l3_ilc","l2_cd56bright_nk_cell_alr",0.073,0.547945205479452,FALSE
"l3_intermediate_monocyte","l3_gzmk_cd27_em_cd8_t_cell_alt_alr",0.073,0.575342465753425,FALSE
"l3_pdc","l2_mait_alr",0.073,0.438356164383562,FALSE
"l3_pdc","l3_isg_cdc2_alr",0.073,0.424657534246575,FALSE
"l3_baeomap_cell","l3_gzmb_vd2_gdt_alr",0.073,0.575342465753425,FALSE
"l2_transitional_b_cell_alr","l3_naive_vd1_gdt_alr",0.073,0.657534246575342,FALSE
"l2_cdc1_alr","l3_isg_cdc2_alr",0.073,0.520547945205479,FALSE
"l2_cd16_monocyte_alr","l1_ilc_alr",0.073,0.671232876712329,FALSE
"l2_cd56bright_nk_cell_alr","l3_ilc",0.073,0.452054794520548,FALSE
"l2_proliferating_nk_cell_alr","l3_naive_vd1_gdt_alr",0.073,0.452054794520548,FALSE
"l2_proliferating_nk_cell_alr","l3_gzmb_cd27_em_cd4_t_cell_alr",0.073,0.315068493150685,FALSE
"l2_gdt_alr","l1_nk_cell_alr",0.073,0.438356164383562,FALSE
"l2_mait_alr","l3_pdc",0.073,0.561643835616438,FALSE
"l2_mait_alr","l3_cd27_effector_b_cell_alt_alr",0.073,0.438356164383562,FALSE
"l2_naive_cd8_t_cell_alr","l3_isg_cdc2_alr",0.073,0.684931506849315,FALSE
"l3_il1b_cd14_monocyte_alr","l3_naive_cd4_treg_alr",0.073,0.561643835616438,FALSE
"l3_isg_cd14_monocyte_alr","l3_cd8aa",0.073,0.684931506849315,FALSE
"l3_isg_cd14_monocyte_alr","l3_dn_t_cell",0.073,0.561643835616438,FALSE
"l3_adaptive_nk_cell_alr","l3_naive_cd4_treg_alr",0.073,0.438356164383562,FALSE
"l3_isg_cdc2_alr","l3_pdc",0.073,0.575342465753425,FALSE
"l3_isg_cdc2_alr","l2_cdc1_alr",0.073,0.479452054794521,FALSE
"l3_isg_cdc2_alr","l2_naive_cd8_t_cell_alr",0.073,0.315068493150685,FALSE
"l3_cd27_effector_b_cell_alt_alr","l2_mait_alr",0.073,0.561643835616438,FALSE
"l3_gzmb_vd2_gdt_alr","l3_baeomap_cell",0.073,0.424657534246575,FALSE
"l3_naive_vd1_gdt_alr","l2_transitional_b_cell_alr",0.073,0.342465753424658,FALSE
"l3_naive_vd1_gdt_alr","l2_proliferating_nk_cell_alr",0.073,0.547945205479452,FALSE
"l3_gzmb_cd27_em_cd4_t_cell_alr","l2_proliferating_nk_cell_alr",0.073,0.684931506849315,FALSE
"l3_cm_cd8_t_cell_alr","l3_cd8aa",0.073,0.438356164383562,FALSE
"l3_gzmk_cd27_em_cd8_t_cell_alt_alr","l3_intermediate_monocyte",0.073,0.424657534246575,FALSE
"l3_isg_naive_cd4_t_cell_alr","l2_erythrocyte",0.073,0.479452054794521,FALSE
"l3_clp_cell_alr","l3_klrb1_memory_cd8_treg_alr",0.073,0.424657534246575,FALSE
"l3_klrb1_memory_cd8_treg_alr","l3_clp_cell_alr",0.073,0.575342465753425,FALSE
"l3_naive_cd4_treg_alr","l3_il1b_cd14_monocyte_alr",0.073,0.438356164383562,FALSE
"l3_naive_cd4_treg_alr","l3_adaptive_nk_cell_alr",0.073,0.561643835616438,FALSE
"l1_nk_cell_alr","l2_gdt_alr",0.073,0.561643835616438,FALSE
"l1_ilc_alr","l2_cd16_monocyte_alr",0.073,0.328767123287671,FALSE
"age_group","l3_klrf1_gzmb_cd27_em_cd8_t_cell_alt_alr",0.073,1,FALSE
"sex","l3_baeomap_cell",0.073,1,FALSE
"l2_platelet","l2_cd16_monocyte_alr",0.073,0.602739726027397,FALSE
"l3_cd8aa","l3_activated_memory_b_cell_alr",0.073,0.26027397260274,FALSE
"l3_cdc1","l3_isg_mait_alr",0.073,0.493150684931507,FALSE
"l3_cdc1","l3_isg_memory_cd8_t_cell_alr",0.073,0.301369863013699,FALSE
"l3_erythrocyte","l2_proliferating_nk_cell_alr",0.073,0.73972602739726,FALSE
"l3_ilc","l2_proliferating_t_cell_alr",0.073,0.301369863013699,FALSE
"l3_baeomap_cell","sex",0.073,0,FALSE
"l2_cd16_monocyte_alr","l2_platelet",0.073,0.397260273972603,FALSE
"l2_proliferating_nk_cell_alr","l3_erythrocyte",0.073,0.26027397260274,FALSE
"l2_proliferating_nk_cell_alr","l3_activated_memory_b_cell_alr",0.073,0.506849315068493,FALSE
"l2_mait_alr","l3_gzmb_cd27_em_cd4_t_cell_alt_alr",0.073,0.602739726027397,FALSE
"l2_memory_cd4_t_cell_alr","l3_klrb1_memory_cd4_treg_alr",0.073,0.602739726027397,FALSE
"l2_naive_cd8_t_cell_alr","l3_adaptive_nk_cell_alr",0.073,0.726027397260274,FALSE
"l2_proliferating_t_cell_alr","l3_ilc",0.073,0.698630136986301,FALSE
"l2_proliferating_t_cell_alr","l3_isg_cd14_monocyte_alr",0.073,0.178082191780822,FALSE
"l3_isg_cd14_monocyte_alr","l2_proliferating_t_cell_alr",0.073,0.821917808219178,FALSE
"l3_isg_cd16_monocyte_alr","l3_adaptive_nk_cell_alr",0.073,0.63013698630137,FALSE
"l3_adaptive_nk_cell_alr","l2_naive_cd8_t_cell_alr",0.073,0.273972602739726,FALSE
"l3_adaptive_nk_cell_alr","l3_isg_cd16_monocyte_alr",0.073,0.36986301369863,FALSE
"l3_isg_mait_alr","l3_cdc1",0.073,0.506849315068493,FALSE
"l3_activated_memory_b_cell_alr","l3_cd8aa",0.073,0.73972602739726,FALSE
"l3_activated_memory_b_cell_alr","l2_proliferating_nk_cell_alr",0.073,0.493150684931507,FALSE
"l3_gzmb_cd27_em_cd4_t_cell_alt_alr","l2_mait_alr",0.073,0.397260273972603,FALSE
"l3_isg_memory_cd8_t_cell_alr","l3_cdc1",0.073,0.698630136986301,FALSE
"l3_klrf1_gzmb_cd27_em_cd8_t_cell_alr","l3_klrb1_memory_cd8_treg_alr",0.073,0.26027397260274,FALSE
"l3_klrf1_gzmb_cd27_em_cd8_t_cell_alt_alr","age_group",0.073,0,FALSE
"l3_klrb1_memory_cd4_treg_alr","l2_memory_cd4_t_cell_alr",0.073,0.397260273972603,FALSE
"l3_klrb1_memory_cd8_treg_alr","l3_klrf1_gzmb_cd27_em_cd8_t_cell_alr",0.073,0.73972602739726,FALSE
"l2_progenitor_cell","l2_mait_alr",0.072,0.430555555555556,FALSE
"l3_cd56bright_nk_cell","l2_memory_b_cell_alr",0.072,0.513888888888889,FALSE
"l3_cdc1","l3_gzmb_cd27_em_cd4_t_cell_alr",0.072,0.694444444444444,FALSE
"l3_plasma_cell","l3_isg_memory_cd8_t_cell_alr",0.072,0.583333333333333,FALSE
"l2_memory_b_cell_alr","l3_cd56bright_nk_cell",0.072,0.486111111111111,FALSE
"l2_transitional_b_cell_alr","l3_klrb1_memory_cd4_treg_alr",0.072,0.652777777777778,FALSE
"l2_cdc1_alr","l3_klrf1_gzmb_cd27_memory_cd4_t_cell_alr",0.072,0.0972222222222222,FALSE
"l2_cdc1_alr","l3_naive_cd4_treg_alr",0.072,0.694444444444444,FALSE
"l2_cd8aa_alr","l3_cm_cd8_t_cell_alr",0.072,0.513888888888889,FALSE
"l2_gdt_alr","l3_isg_naive_cd4_t_cell_alr",0.072,0.680555555555555,FALSE
"l2_mait_alr","l2_progenitor_cell",0.072,0.569444444444444,FALSE
"l2_memory_cd4_t_cell_alr","l3_adaptive_nk_cell_alr",0.072,0.680555555555555,FALSE
"l3_adaptive_nk_cell_alr","l2_memory_cd4_t_cell_alr",0.072,0.319444444444444,FALSE
"l3_adaptive_nk_cell_alr","l3_naive_vd1_gdt_alr",0.072,0.652777777777778,FALSE
"l3_cd27_effector_b_cell_alt_alr","l3_isg_memory_cd8_t_cell_alr",0.072,0.680555555555555,FALSE
"l3_klrf1_effector_vd1_gdt_alt_alr","l3_sox4_naive_cd8_t_cell_alr",0.072,0.472222222222222,FALSE
"l3_naive_vd1_gdt_alr","l3_adaptive_nk_cell_alr",0.072,0.347222222222222,FALSE
"l3_sox4_vd1_gdt_alr","l1_ilc_alr",0.072,0.680555555555555,FALSE
"l3_klrf1_gzmb_cd27_memory_cd4_t_cell_alr","l2_cdc1_alr",0.072,0.902777777777778,FALSE
"l3_gzmb_cd27_em_cd4_t_cell_alr","l3_cdc1",0.072,0.305555555555556,FALSE
"l3_isg_memory_cd8_t_cell_alr","l3_plasma_cell",0.072,0.416666666666667,FALSE
"l3_isg_memory_cd8_t_cell_alr","l3_cd27_effector_b_cell_alt_alr",0.072,0.319444444444444,FALSE
"l3_cm_cd8_t_cell_alr","l2_cd8aa_alr",0.072,0.486111111111111,FALSE
"l3_isg_naive_cd4_t_cell_alr","l2_gdt_alr",0.072,0.319444444444444,FALSE
"l3_sox4_naive_cd8_t_cell_alr","l3_klrf1_effector_vd1_gdt_alt_alr",0.072,0.527777777777778,FALSE
"l3_clp_cell_alr","l3_klrb1_memory_cd4_treg_alr",0.072,0.541666666666667,FALSE
"l3_klrb1_memory_cd4_treg_alr","l2_transitional_b_cell_alr",0.072,0.347222222222222,FALSE
"l3_klrb1_memory_cd4_treg_alr","l3_clp_cell_alr",0.072,0.458333333333333,FALSE
"l3_klrb1_memory_cd4_treg_alr","l1_ilc_alr",0.072,0.777777777777778,FALSE
"l3_naive_cd4_treg_alr","l2_cdc1_alr",0.072,0.305555555555556,FALSE
"l1_ilc_alr","l3_sox4_vd1_gdt_alr",0.072,0.319444444444444,FALSE
"l1_ilc_alr","l3_klrb1_memory_cd4_treg_alr",0.072,0.222222222222222,FALSE
"cmv","l2_ilc",0.072,1,FALSE
"cmv","l1_ilc_alr",0.072,1,FALSE
"l2_ilc","cmv",0.072,0,FALSE
"l3_cdc1","l3_klrf1_gzmb_cd27_memory_cd4_t_cell_alr",0.072,0.180555555555556,FALSE
"l3_proliferating_t_cell","l2_cd16_monocyte_alr",0.072,0.5,FALSE
"l3_transitional_b_cell","l2_asdc_alr",0.072,0.291666666666667,FALSE
"l2_effector_b_cell_alr","l2_cd56bright_nk_cell_alr",0.072,0.722222222222222,FALSE
"l2_asdc_alr","l3_transitional_b_cell",0.072,0.708333333333333,FALSE
"l2_cd16_monocyte_alr","l3_proliferating_t_cell",0.072,0.5,FALSE
"l2_cd56bright_nk_cell_alr","l2_effector_b_cell_alr",0.072,0.277777777777778,FALSE
"l3_il1b_cd14_monocyte_alr","l3_gzmb_vd2_gdt_alr",0.072,0.402777777777778,FALSE
"l3_cd14_cdc2_alr","l3_isg_naive_cd8_t_cell_alr",0.072,0.736111111111111,FALSE
"l3_gzmb_vd2_gdt_alr","l3_il1b_cd14_monocyte_alr",0.072,0.597222222222222,FALSE
"l3_isg_mait_alr","l3_activated_memory_b_cell_alr",0.072,0.638888888888889,FALSE
"l3_activated_memory_b_cell_alr","l3_isg_mait_alr",0.072,0.361111111111111,FALSE
"l3_klrf1_gzmb_cd27_memory_cd4_t_cell_alr","l3_cdc1",0.072,0.819444444444444,FALSE
"l3_gzmk_cd27_em_cd8_t_cell_alt_alr","l3_isg_naive_cd8_t_cell_alr",0.072,0.625,FALSE
"l3_isg_naive_cd8_t_cell_alr","l3_cd14_cdc2_alr",0.072,0.263888888888889,FALSE
"l3_isg_naive_cd8_t_cell_alr","l3_gzmk_cd27_em_cd8_t_cell_alt_alr",0.072,0.375,FALSE
"l1_ilc_alr","cmv",0.072,0,FALSE
"l2_progenitor_cell","l3_isg_naive_cd8_t_cell_alr",0.071,0.788732394366197,FALSE
"l3_asdc","l3_isg_naive_cd8_t_cell_alr",0.071,0.591549295774648,FALSE
"l3_cd8aa","l3_isg_memory_cd8_t_cell_alr",0.071,0.647887323943662,FALSE
"l3_erythrocyte","l3_gzmk_memory_cd4_treg_alr",0.071,0.422535211267606,FALSE
"l3_proliferating_nk_cell","l3_il1b_cd14_monocyte_alr",0.071,0.225352112676056,FALSE
"l3_proliferating_t_cell","l3_isg_cd16_monocyte_alr",0.071,0.422535211267606,FALSE
"l2_effector_b_cell_alr","l2_mait_alr",0.071,0.450704225352113,FALSE
"l2_effector_b_cell_alr","l3_sox4_naive_cd8_t_cell_alr",0.071,0.507042253521127,FALSE
"l2_memory_b_cell_alr","l3_klrf1_effector_vd1_gdt_alr",0.071,0.436619718309859,FALSE
"l2_plasma_cell_alr","l3_gzmb_cd27_em_cd4_t_cell_alt_alr",0.071,0.591549295774648,FALSE
"l2_intermediate_monocyte_alr","l3_cm_cd8_t_cell_alr",0.071,0.676056338028169,FALSE
"l2_cd56bright_nk_cell_alr","l3_gzmb_cd27_em_cd4_t_cell_alr",0.071,0.408450704225352,FALSE
"l2_proliferating_nk_cell_alr","l1_ilc_alr",0.071,0.577464788732394,FALSE
"l2_mait_alr","l2_effector_b_cell_alr",0.071,0.549295774647887,FALSE
"l2_treg_alr","l3_memory_cd8_treg_alr",0.071,0.492957746478873,FALSE
"l3_il1b_cd14_monocyte_alr","l3_proliferating_nk_cell",0.071,0.774647887323944,FALSE
"l3_isg_cd14_monocyte_alr","l3_gzmb_cd27_em_cd4_t_cell_alt_alr",0.071,0.774647887323944,FALSE
"l3_isg_cd16_monocyte_alr","l3_proliferating_t_cell",0.071,0.577464788732394,FALSE
"l3_isg_cd16_monocyte_alr","l1_erythrocyte_alr",0.071,0.591549295774648,FALSE
"l3_adaptive_nk_cell_alr","l3_sox4_vd1_gdt_alr",0.071,0.676056338028169,FALSE
"l3_cd14_cdc2_alr","l3_gzmk_memory_cd4_treg_alr",0.071,0.52112676056338,FALSE
"l3_isg_cdc2_alr","l3_memory_cd8_treg_alr",0.071,0.47887323943662,FALSE
"l3_klrf1_effector_vd1_gdt_alr","l2_memory_b_cell_alr",0.071,0.563380281690141,FALSE
"l3_sox4_vd1_gdt_alr","l3_adaptive_nk_cell_alr",0.071,0.323943661971831,FALSE
"l3_isg_mait_alr","l1_platelet_alr",0.071,0.661971830985915,FALSE
"l3_activated_memory_b_cell_alr","l1_monocyte_alr",0.071,0.577464788732394,FALSE
"l3_activated_memory_b_cell_alr","l1_erythrocyte_alr",0.071,0.464788732394366,FALSE
"l3_isg_memory_cd4_t_cell_alr","l3_gzmk_memory_cd4_treg_alr",0.071,0.330985915492958,FALSE
"l3_klrf1_gzmb_cd27_memory_cd4_t_cell_alr","l3_isg_naive_cd8_t_cell_alr",0.071,0.915492957746479,FALSE
"l3_gzmb_cd27_em_cd4_t_cell_alr","l2_cd56bright_nk_cell_alr",0.071,0.591549295774648,FALSE
"l3_gzmb_cd27_em_cd4_t_cell_alt_alr","l2_plasma_cell_alr",0.071,0.408450704225352,FALSE
"l3_gzmb_cd27_em_cd4_t_cell_alt_alr","l3_isg_cd14_monocyte_alr",0.071,0.225352112676056,FALSE
"l3_isg_memory_cd8_t_cell_alr","l3_cd8aa",0.071,0.352112676056338,FALSE
"l3_isg_memory_cd8_t_cell_alr","l3_isg_naive_b_cell_alr",0.071,0.507042253521127,FALSE
"l3_cm_cd8_t_cell_alr","l2_intermediate_monocyte_alr",0.071,0.323943661971831,FALSE
"l3_isg_naive_b_cell_alr","l3_isg_memory_cd8_t_cell_alr",0.071,0.492957746478873,FALSE
"l3_isg_naive_cd8_t_cell_alr","l2_progenitor_cell",0.071,0.211267605633803,FALSE
"l3_isg_naive_cd8_t_cell_alr","l3_asdc",0.071,0.408450704225352,FALSE
"l3_isg_naive_cd8_t_cell_alr","l3_klrf1_gzmb_cd27_memory_cd4_t_cell_alr",0.071,0.0845070422535211,FALSE
"l3_sox4_naive_cd8_t_cell_alr","l2_effector_b_cell_alr",0.071,0.492957746478873,FALSE
"l3_gzmk_memory_cd4_treg_alr","l3_erythrocyte",0.071,0.577464788732394,FALSE
"l3_gzmk_memory_cd4_treg_alr","l3_cd14_cdc2_alr",0.071,0.47887323943662,FALSE
"l3_gzmk_memory_cd4_treg_alr","l3_isg_memory_cd4_t_cell_alr",0.071,0.669014084507042,FALSE
"l3_memory_cd8_treg_alr","l2_treg_alr",0.071,0.507042253521127,FALSE
"l3_memory_cd8_treg_alr","l3_isg_cdc2_alr",0.071,0.52112676056338,FALSE
"l1_monocyte_alr","l3_activated_memory_b_cell_alr",0.071,0.422535211267606,FALSE
"l1_erythrocyte_alr","l3_isg_cd16_monocyte_alr",0.071,0.408450704225352,FALSE
"l1_erythrocyte_alr","l3_activated_memory_b_cell_alr",0.071,0.535211267605634,FALSE
"l1_ilc_alr","l2_proliferating_nk_cell_alr",0.071,0.422535211267606,FALSE
"l1_platelet_alr","l3_isg_mait_alr",0.071,0.338028169014085,FALSE
"age_group","l3_il1b_cd14_monocyte_alr",0.071,1,FALSE
"age_group","l1_monocyte_alr",0.071,1,FALSE
"l3_cdc1","l3_baeomap_cell",0.071,0.267605633802817,FALSE
"l3_proliferating_nk_cell","l3_clp_cell_alr",0.071,0.394366197183099,FALSE
"l3_baeomap_cell","l3_cdc1",0.071,0.732394366197183,FALSE
"l2_intermediate_monocyte_alr","l2_memory_cd8_t_cell_alr",0.071,0.169014084507042,FALSE
"l2_cd56bright_nk_cell_alr","l2_mait_alr",0.071,0.366197183098592,FALSE
"l2_mait_alr","l2_cd56bright_nk_cell_alr",0.071,0.633802816901408,FALSE
"l2_memory_cd8_t_cell_alr","l2_intermediate_monocyte_alr",0.071,0.830985915492958,FALSE
"l2_memory_cd8_t_cell_alr","l3_klrb1_memory_cd8_treg_alr",0.071,0.154929577464789,FALSE
"l3_il1b_cd14_monocyte_alr","age_group",0.071,0,FALSE
"l3_cd4_mait_alr","l3_isg_memory_cd4_t_cell_alr",0.071,0.746478873239437,FALSE
"l3_activated_memory_b_cell_alr","l3_klrb1_memory_cd8_treg_alr",0.071,0.380281690140845,FALSE
"l3_isg_memory_cd4_t_cell_alr","l3_cd4_mait_alr",0.071,0.253521126760563,FALSE
"l3_clp_cell_alr","l3_proliferating_nk_cell",0.071,0.605633802816901,FALSE
"l3_klrb1_memory_cd8_treg_alr","l2_memory_cd8_t_cell_alr",0.071,0.845070422535211,FALSE
"l3_klrb1_memory_cd8_treg_alr","l3_activated_memory_b_cell_alr",0.071,0.619718309859155,FALSE
"l1_monocyte_alr","age_group",0.071,0,FALSE
"age_group","l2_erythrocyte",0.07,1,FALSE
"cmv","l2_progenitor_cell",0.07,1,FALSE
"l2_erythrocyte","age_group",0.07,0,FALSE
"l2_erythrocyte","l2_memory_cd4_t_cell_alr",0.07,0.171428571428571,FALSE
"l2_erythrocyte","l3_isg_cd56dim_nk_cell_alr",0.07,0.1,FALSE
"l2_progenitor_cell","cmv",0.07,0,FALSE
"l2_progenitor_cell","l3_il1b_cd14_monocyte_alr",0.07,0.2,FALSE
"l3_cd56bright_nk_cell","l3_gzmb_cd27_em_cd4_t_cell_alr",0.07,0.657142857142857,FALSE
"l3_cd8aa","l2_cdc1_alr",0.07,0.685714285714286,FALSE
"l3_cdc1","l3_transitional_b_cell",0.07,0.485714285714286,FALSE
"l3_dn_t_cell","l3_c1q_cd16_monocyte_alr",0.07,0.6,FALSE
"l3_ilc","l3_klrf1_effector_vd1_gdt_alr",0.07,0.528571428571428,FALSE
"l3_intermediate_monocyte","l3_isg_naive_cd8_t_cell_alr",0.07,0.571428571428571,FALSE
"l3_pdc","l3_naive_vd1_gdt_alr",0.07,0.514285714285714,FALSE
"l3_pdc","l3_gzmk_cd27_em_cd8_t_cell_alt_alr",0.07,0.471428571428571,FALSE
"l3_proliferating_t_cell","l2_effector_b_cell_alr",0.07,0.471428571428571,FALSE
"l3_transitional_b_cell","l3_cdc1",0.07,0.514285714285714,FALSE
"l2_effector_b_cell_alr","l3_proliferating_t_cell",0.07,0.528571428571428,FALSE
"l2_asdc_alr","l2_treg_alr",0.07,0.342857142857143,FALSE
"l2_cdc1_alr","l3_cd8aa",0.07,0.314285714285714,FALSE
"l2_memory_cd4_t_cell_alr","l2_erythrocyte",0.07,0.828571428571429,FALSE
"l2_proliferating_t_cell_alr","l3_klrb1_memory_cd4_treg_alr",0.07,0.442857142857143,FALSE
"l2_treg_alr","l2_asdc_alr",0.07,0.657142857142857,FALSE
"l2_treg_alr","l3_gzmb_vd2_gdt_alr",0.07,0.3,FALSE
"l3_il1b_cd14_monocyte_alr","l2_progenitor_cell",0.07,0.8,FALSE
"l3_c1q_cd16_monocyte_alr","l3_dn_t_cell",0.07,0.4,FALSE
"l3_gzmk_cd56dim_nk_cell_alr","l3_cm_cd8_t_cell_alr",0.07,0.542857142857143,FALSE
"l3_isg_cd56dim_nk_cell_alr","l2_erythrocyte",0.07,0.9,FALSE
"l3_gzmb_vd2_gdt_alr","l2_treg_alr",0.07,0.7,FALSE
"l3_klrf1_effector_vd1_gdt_alr","l3_ilc",0.07,0.471428571428571,FALSE
"l3_naive_vd1_gdt_alr","l3_pdc",0.07,0.485714285714286,FALSE
"l3_sox4_vd1_gdt_alr","l3_naive_cd4_treg_alr",0.07,0.3,FALSE
"l3_early_memory_b_cell_alr","l3_klrb1_memory_cd4_treg_alr",0.07,0.557142857142857,FALSE
"l3_gzmb_cd27_em_cd4_t_cell_alr","l3_cd56bright_nk_cell",0.07,0.342857142857143,FALSE
"l3_cm_cd8_t_cell_alr","l3_gzmk_cd56dim_nk_cell_alr",0.07,0.457142857142857,FALSE
"l3_gzmk_cd27_em_cd8_t_cell_alt_alr","l3_pdc",0.07,0.528571428571428,FALSE
"l3_isg_naive_cd8_t_cell_alr","l3_intermediate_monocyte",0.07,0.428571428571428,FALSE
"l3_klrb1_memory_cd4_treg_alr","l2_proliferating_t_cell_alr",0.07,0.557142857142857,FALSE
"l3_klrb1_memory_cd4_treg_alr","l3_early_memory_b_cell_alr",0.07,0.442857142857143,FALSE
"l3_klrb1_memory_cd4_treg_alr","l1_dc_alr",0.07,0.414285714285714,FALSE
"l3_naive_cd4_treg_alr","l3_sox4_vd1_gdt_alr",0.07,0.7,FALSE
"l1_dc_alr","l3_klrb1_memory_cd4_treg_alr",0.07,0.585714285714286,FALSE
"l3_cd56bright_nk_cell","l2_cd8aa_alr",0.07,0.385714285714286,FALSE
"l3_ilc","l2_dn_t_cell_alr",0.07,0.271428571428571,FALSE
"l3_intermediate_monocyte","l3_memory_cd8_treg_alr",0.07,0.157142857142857,FALSE
"l3_pdc","l3_clp_cell_alr",0.07,0.371428571428571,FALSE
"l3_plasma_cell","l3_cd4_mait_alr",0.07,0.271428571428571,FALSE
"l3_baeomap_cell","l2_intermediate_monocyte_alr",0.07,0.742857142857143,FALSE
"l3_baeomap_cell","l2_cd8aa_alr",0.07,0.614285714285714,FALSE
"l2_intermediate_monocyte_alr","l3_baeomap_cell",0.07,0.257142857142857,FALSE
"l2_cd8aa_alr","l3_cd56bright_nk_cell",0.07,0.614285714285714,FALSE
"l2_cd8aa_alr","l3_baeomap_cell",0.07,0.385714285714286,FALSE
"l2_dn_t_cell_alr","l3_ilc",0.07,0.728571428571429,FALSE
"l3_cd4_mait_alr","l3_plasma_cell",0.07,0.728571428571429,FALSE
"l3_clp_cell_alr","l3_pdc",0.07,0.628571428571429,FALSE
"l3_memory_cd8_treg_alr","l3_intermediate_monocyte",0.07,0.842857142857143,FALSE
"sex","l3_pdc",0.069,1,FALSE
"sex","l3_naive_vd1_gdt_alr",0.069,1,FALSE
"cmv","l3_asdc",0.069,1,FALSE
"cmv","l3_baeomap_cell",0.069,1,FALSE
"cmv","l3_naive_cd4_treg_alr",0.069,1,FALSE
"l2_erythrocyte","l2_memory_cd8_t_cell_alr",0.069,0.36231884057971,FALSE
"l2_ilc","l2_effector_b_cell_alr",0.069,0.36231884057971,FALSE
"l3_asdc","cmv",0.069,0,FALSE
"l3_asdc","l3_memory_cd8_treg_alr",0.069,0.304347826086957,FALSE
"l3_cd56bright_nk_cell","l3_sox4_vd1_gdt_alr",0.069,0.420289855072464,FALSE
"l3_pdc","sex",0.069,0,FALSE
"l3_proliferating_nk_cell","l2_proliferating_t_cell_alr",0.069,0.217391304347826,FALSE
"l3_proliferating_nk_cell","l3_cm_cd8_t_cell_alr",0.069,0.405797101449275,FALSE
"l3_proliferating_t_cell","l2_memory_b_cell_alr",0.069,0.449275362318841,FALSE
"l3_transitional_b_cell","l3_isg_cd14_monocyte_alr",0.069,0.304347826086957,FALSE
"l3_baeomap_cell","cmv",0.069,0,FALSE
"l2_effector_b_cell_alr","l2_ilc",0.069,0.63768115942029,FALSE
"l2_effector_b_cell_alr","l2_proliferating_t_cell_alr",0.069,0.63768115942029,FALSE
"l2_memory_b_cell_alr","l3_proliferating_t_cell",0.069,0.550724637681159,FALSE
"l2_memory_b_cell_alr","l3_gzmk_memory_cd4_treg_alr",0.069,0.289855072463768,FALSE
"l2_plasma_cell_alr","l3_isg_cd56dim_nk_cell_alr",0.069,0.36231884057971,FALSE
"l2_plasma_cell_alr","l3_klrf1_gzmb_cd27_em_cd8_t_cell_alt_alr",0.069,0.289855072463768,FALSE
"l2_cdc1_alr","l2_cd16_monocyte_alr",0.069,0.420289855072464,FALSE
"l2_cd16_monocyte_alr","l2_cdc1_alr",0.069,0.579710144927536,FALSE
"l2_intermediate_monocyte_alr","l2_treg_alr",0.069,0.318840579710145,FALSE
"l2_intermediate_monocyte_alr","l3_type_2_polarized_memory_b_cell_alr",0.069,0.289855072463768,FALSE
"l2_cd8aa_alr","l3_isg_mait_alr",0.069,0.797101449275362,FALSE
"l2_cd8aa_alr","l3_gzmk_memory_cd4_treg_alr",0.069,0.391304347826087,FALSE
"l2_memory_cd4_t_cell_alr","l3_klrf1_gzmb_cd27_em_cd8_t_cell_alr",0.069,0.579710144927536,FALSE
"l2_memory_cd8_t_cell_alr","l2_erythrocyte",0.069,0.63768115942029,FALSE
"l2_memory_cd8_t_cell_alr","l3_klrf1_gzmb_cd27_em_cd8_t_cell_alr",0.069,0.536231884057971,FALSE
"l2_proliferating_t_cell_alr","l3_proliferating_nk_cell",0.069,0.782608695652174,FALSE
"l2_proliferating_t_cell_alr","l2_effector_b_cell_alr",0.069,0.36231884057971,FALSE
"l2_treg_alr","l2_intermediate_monocyte_alr",0.069,0.681159420289855,FALSE
"l2_treg_alr","l1_ilc_alr",0.069,0.550724637681159,FALSE
"l3_il1b_cd14_monocyte_alr","l1_erythrocyte_alr",0.069,0.840579710144927,FALSE
"l3_isg_cd14_monocyte_alr","l3_transitional_b_cell",0.069,0.695652173913043,FALSE
"l3_isg_cd14_monocyte_alr","l3_clp_cell_alr",0.069,0.188405797101449,FALSE
"l3_isg_cd14_monocyte_alr","l1_platelet_alr",0.069,0.579710144927536,FALSE
"l3_gzmk_cd56dim_nk_cell_alr","l3_naive_vd1_gdt_alr",0.069,0.463768115942029,FALSE
"l3_isg_cd56dim_nk_cell_alr","l2_plasma_cell_alr",0.069,0.63768115942029,FALSE
"l3_cd14_cdc2_alr","l3_gzmb_vd2_gdt_alr",0.069,0.536231884057971,FALSE
"l3_cd14_cdc2_alr","l3_sox4_naive_cd4_t_cell_alr",0.069,0.702898550724638,FALSE
"l3_gzmb_vd2_gdt_alr","l3_cd14_cdc2_alr",0.069,0.463768115942029,FALSE
"l3_naive_vd1_gdt_alr","sex",0.069,0,FALSE
"l3_naive_vd1_gdt_alr","l3_gzmk_cd56dim_nk_cell_alr",0.069,0.536231884057971,FALSE
"l3_naive_vd1_gdt_alr","l3_cd95_memory_b_cell_alr",0.069,0.347826086956522,FALSE
"l3_sox4_vd1_gdt_alr","l3_cd56bright_nk_cell",0.069,0.579710144927536,FALSE
"l3_isg_mait_alr","l2_cd8aa_alr",0.069,0.202898550724638,FALSE
"l3_isg_mait_alr","l3_memory_cd8_treg_alr",0.069,0.449275362318841,FALSE
"l3_cd95_memory_b_cell_alr","l3_naive_vd1_gdt_alr",0.069,0.652173913043478,FALSE
"l3_type_2_polarized_memory_b_cell_alr","l2_intermediate_monocyte_alr",0.069,0.710144927536232,FALSE
"l3_gzmb_cd27_em_cd4_t_cell_alt_alr","l3_isg_naive_b_cell_alr",0.069,0.449275362318841,FALSE
"l3_cm_cd8_t_cell_alr","l3_proliferating_nk_cell",0.069,0.594202898550725,FALSE
"l3_klrf1_gzmb_cd27_em_cd8_t_cell_alr","l2_memory_cd4_t_cell_alr",0.069,0.420289855072464,FALSE
"l3_klrf1_gzmb_cd27_em_cd8_t_cell_alr","l2_memory_cd8_t_cell_alr",0.069,0.463768115942029,FALSE
"l3_klrf1_gzmb_cd27_em_cd8_t_cell_alt_alr","l2_plasma_cell_alr",0.069,0.710144927536232,FALSE
"l3_isg_naive_b_cell_alr","l3_gzmb_cd27_em_cd4_t_cell_alt_alr",0.069,0.550724637681159,FALSE
"l3_isg_naive_b_cell_alr","l3_clp_cell_alr",0.069,0.36231884057971,FALSE
"l3_sox4_naive_cd4_t_cell_alr","l3_cd14_cdc2_alr",0.069,0.297101449275362,FALSE
"l3_isg_naive_cd8_t_cell_alr","l3_klrb1_memory_cd4_treg_alr",0.069,0.333333333333333,FALSE
"l3_sox4_naive_cd8_t_cell_alr","l1_ilc_alr",0.069,0.768115942028985,FALSE
"l3_clp_cell_alr","l3_isg_cd14_monocyte_alr",0.069,0.811594202898551,FALSE
"l3_clp_cell_alr","l3_isg_naive_b_cell_alr",0.069,0.63768115942029,FALSE
"l3_gzmk_memory_cd4_treg_alr","l2_memory_b_cell_alr",0.069,0.710144927536232,FALSE
"l3_gzmk_memory_cd4_treg_alr","l2_cd8aa_alr",0.069,0.608695652173913,FALSE
"l3_klrb1_memory_cd4_treg_alr","l3_isg_naive_cd8_t_cell_alr",0.069,0.666666666666667,FALSE
"l3_klrb1_memory_cd4_treg_alr","l1_b_cell_alr",0.069,0.420289855072464,FALSE
"l3_memory_cd8_treg_alr","l3_asdc",0.069,0.695652173913043,FALSE
"l3_memory_cd8_treg_alr","l3_isg_mait_alr",0.069,0.550724637681159,FALSE
"l3_naive_cd4_treg_alr","cmv",0.069,0,FALSE
"l1_b_cell_alr","l3_klrb1_memory_cd4_treg_alr",0.069,0.579710144927536,FALSE
"l1_erythrocyte_alr","l3_il1b_cd14_monocyte_alr",0.069,0.159420289855072,FALSE
"l1_ilc_alr","l2_treg_alr",0.069,0.449275362318841,FALSE
"l1_ilc_alr","l3_sox4_naive_cd8_t_cell_alr",0.069,0.231884057971014,FALSE
"l1_platelet_alr","l3_isg_cd14_monocyte_alr",0.069,0.420289855072464,FALSE
"l3_cd56bright_nk_cell","l3_isg_cd16_monocyte_alr",0.069,0.623188405797101,FALSE
"l2_memory_b_cell_alr","l3_isg_cd16_monocyte_alr",0.069,0.623188405797101,FALSE
"l3_isg_cd16_monocyte_alr","l3_cd56bright_nk_cell",0.069,0.376811594202899,FALSE
"l3_isg_cd16_monocyte_alr","l2_memory_b_cell_alr",0.069,0.376811594202899,FALSE
"l3_sox4_vd1_gdt_alr","l3_klrf1_gzmb_cd27_em_cd8_t_cell_alt_alr",0.069,0.144927536231884,FALSE
"l3_klrf1_gzmb_cd27_em_cd8_t_cell_alt_alr","l3_sox4_vd1_gdt_alr",0.069,0.855072463768116,FALSE
"age_group","l2_memory_b_cell_alr",0.068,1,FALSE
"sex","l3_ilc",0.068,1,FALSE
"sex","l2_cdc1_alr",0.068,1,FALSE
"cmv","l1_erythrocyte_alr",0.068,1,FALSE
"l2_erythrocyte","l2_asdc_alr",0.068,0.264705882352941,FALSE
"l3_cd56bright_nk_cell","l2_cdc1_alr",0.068,0.352941176470588,FALSE
"l3_cd56bright_nk_cell","l3_klrb1_memory_cd4_treg_alr",0.068,0.426470588235294,FALSE
"l3_dn_t_cell","l3_cd27_effector_b_cell_alt_alr",0.068,0.647058823529412,FALSE
"l3_dn_t_cell","l3_sox4_naive_cd8_t_cell_alr",0.068,0.441176470588235,FALSE
"l3_ilc","sex",0.068,0,FALSE
"l3_pdc","l3_transitional_b_cell",0.068,0.88235294117647,FALSE
"l3_platelet","l3_isg_mait_alr",0.068,0.397058823529412,FALSE
"l3_proliferating_t_cell","l2_cd56bright_nk_cell_alr",0.068,0.573529411764706,FALSE
"l3_transitional_b_cell","l3_pdc",0.068,0.117647058823529,FALSE
"l3_transitional_b_cell","l2_cd56bright_nk_cell_alr",0.068,0.455882352941176,FALSE
"l2_effector_b_cell_alr","l2_cdc1_alr",0.068,0.485294117647059,FALSE
"l2_memory_b_cell_alr","age_group",0.068,0,FALSE
"l2_memory_b_cell_alr","l3_isg_cdc2_alr",0.068,0.529411764705882,FALSE
"l2_asdc_alr","l2_erythrocyte",0.068,0.735294117647059,FALSE
"l2_asdc_alr","l3_gzmk_memory_cd4_treg_alr",0.068,0.397058823529412,FALSE
"l2_cdc1_alr","sex",0.068,0,FALSE
"l2_cdc1_alr","l3_cd56bright_nk_cell",0.068,0.647058823529412,FALSE
"l2_cdc1_alr","l2_effector_b_cell_alr",0.068,0.514705882352941,FALSE
"l2_cdc1_alr","l3_gzmk_cd27_em_cd8_t_cell_alt_alr",0.068,0.544117647058823,FALSE
"l2_pdc_alr","l3_cm_cd8_t_cell_alr",0.068,0.602941176470588,FALSE
"l2_cd16_monocyte_alr","l2_cd8aa_alr",0.068,0.602941176470588,FALSE
"l2_cd16_monocyte_alr","l3_early_memory_b_cell_alr",0.068,0.426470588235294,FALSE
"l2_cd56bright_nk_cell_alr","l3_proliferating_t_cell",0.068,0.426470588235294,FALSE
"l2_cd56bright_nk_cell_alr","l3_transitional_b_cell",0.068,0.544117647058823,FALSE
"l2_cd8aa_alr","l2_cd16_monocyte_alr",0.068,0.397058823529412,FALSE
"l2_gdt_alr","l3_klrf1_gzmb_cd27_em_cd8_t_cell_alr",0.068,0.63235294117647,FALSE
"l2_treg_alr","l3_early_memory_b_cell_alr",0.068,0.441176470588235,FALSE
"l3_isg_cd16_monocyte_alr","l3_klrf1_effector_vd1_gdt_alt_alr",0.068,0.441176470588235,FALSE
"l3_isg_cd16_monocyte_alr","l3_activated_memory_b_cell_alr",0.068,0.514705882352941,FALSE
"l3_isg_cd16_monocyte_alr","l1_progenitor_cell_alr",0.068,0.764705882352941,FALSE
"l3_isg_cd56dim_nk_cell_alr","l1_erythrocyte_alr",0.068,0.691176470588235,FALSE
"l3_adaptive_nk_cell_alr","l3_isg_memory_cd8_t_cell_alr",0.068,0.5,FALSE
"l3_adaptive_nk_cell_alr","l3_isg_naive_b_cell_alr",0.068,0.617647058823529,FALSE
"l3_isg_cdc2_alr","l2_memory_b_cell_alr",0.068,0.470588235294118,FALSE
"l3_cd27_effector_b_cell_alt_alr","l3_dn_t_cell",0.068,0.352941176470588,FALSE
"l3_cd27_effector_b_cell_alt_alr","l1_monocyte_alr",0.068,0.455882352941176,FALSE
"l3_gzmb_vd2_gdt_alr","l3_klrf1_effector_vd1_gdt_alr",0.068,0.75,FALSE
"l3_gzmb_vd2_gdt_alr","l1_nk_cell_alr",0.068,0.514705882352941,FALSE
"l3_klrf1_effector_vd1_gdt_alr","l3_gzmb_vd2_gdt_alr",0.068,0.25,FALSE
"l3_klrf1_effector_vd1_gdt_alt_alr","l3_isg_cd16_monocyte_alr",0.068,0.558823529411765,FALSE
"l3_klrf1_effector_vd1_gdt_alt_alr","l3_cm_cd8_t_cell_alr",0.068,0.558823529411765,FALSE
"l3_isg_mait_alr","l3_platelet",0.068,0.602941176470588,FALSE
"l3_isg_mait_alr","l3_sox4_naive_cd4_t_cell_alr",0.068,0.323529411764706,FALSE
"l3_activated_memory_b_cell_alr","l3_isg_cd16_monocyte_alr",0.068,0.485294117647059,FALSE
"l3_cd95_memory_b_cell_alr","l3_klrb1_memory_cd8_treg_alr",0.068,0.455882352941176,FALSE
"l3_early_memory_b_cell_alr","l2_cd16_monocyte_alr",0.068,0.573529411764706,FALSE
"l3_early_memory_b_cell_alr","l2_treg_alr",0.068,0.558823529411765,FALSE
"l3_isg_memory_cd4_t_cell_alr","l3_memory_cd8_treg_alr",0.068,0.455882352941176,FALSE
"l3_gzmb_cd27_em_cd4_t_cell_alr","l1_monocyte_alr",0.068,0.455882352941176,FALSE
"l3_isg_memory_cd8_t_cell_alr","l3_adaptive_nk_cell_alr",0.068,0.5,FALSE
"l3_cm_cd8_t_cell_alr","l2_pdc_alr",0.068,0.397058823529412,FALSE
"l3_cm_cd8_t_cell_alr","l3_klrf1_effector_vd1_gdt_alt_alr",0.068,0.441176470588235,FALSE
"l3_cm_cd8_t_cell_alr","l1_nk_cell_alr",0.068,0.411764705882353,FALSE
"l3_gzmk_cd27_em_cd8_t_cell_alt_alr","l2_cdc1_alr",0.068,0.455882352941176,FALSE
"l3_klrf1_gzmb_cd27_em_cd8_t_cell_alr","l2_gdt_alr",0.068,0.367647058823529,FALSE
"l3_klrf1_gzmb_cd27_em_cd8_t_cell_alr","l1_monocyte_alr",0.068,0.382352941176471,FALSE
"l3_isg_naive_b_cell_alr","l3_adaptive_nk_cell_alr",0.068,0.382352941176471,FALSE
"l3_sox4_naive_cd4_t_cell_alr","l3_isg_mait_alr",0.068,0.676470588235294,FALSE
"l3_sox4_naive_cd8_t_cell_alr","l3_dn_t_cell",0.068,0.558823529411765,FALSE
"l3_gzmk_memory_cd4_treg_alr","l2_asdc_alr",0.068,0.602941176470588,FALSE
"l3_klrb1_memory_cd4_treg_alr","l3_cd56bright_nk_cell",0.068,0.573529411764706,FALSE
"l3_klrb1_memory_cd8_treg_alr","l3_cd95_memory_b_cell_alr",0.068,0.544117647058823,FALSE
"l3_memory_cd8_treg_alr","l3_isg_memory_cd4_t_cell_alr",0.068,0.544117647058823,FALSE
"l1_monocyte_alr","l3_cd27_effector_b_cell_alt_alr",0.068,0.544117647058823,FALSE
"l1_monocyte_alr","l3_gzmb_cd27_em_cd4_t_cell_alr",0.068,0.544117647058823,FALSE
"l1_monocyte_alr","l3_klrf1_gzmb_cd27_em_cd8_t_cell_alr",0.068,0.617647058823529,FALSE
"l1_nk_cell_alr","l3_gzmb_vd2_gdt_alr",0.068,0.485294117647059,FALSE
"l1_nk_cell_alr","l3_cm_cd8_t_cell_alr",0.068,0.588235294117647,FALSE
"l1_erythrocyte_alr","cmv",0.068,0,FALSE
"l1_erythrocyte_alr","l3_isg_cd56dim_nk_cell_alr",0.068,0.308823529411765,FALSE
"l1_progenitor_cell_alr","l3_isg_cd16_monocyte_alr",0.068,0.235294117647059,FALSE
"l3_naive_vd1_gdt_alr","l3_klrf1_gzmb_cd27_em_cd8_t_cell_alt_alr",0.068,0.132352941176471,FALSE
"l3_klrf1_gzmb_cd27_em_cd8_t_cell_alt_alr","l3_naive_vd1_gdt_alr",0.068,0.867647058823529,FALSE
"sex","l3_asdc",0.067,1,FALSE
"cmv","l3_cd14_cdc2_alr",0.067,1,FALSE
"l2_ilc","l3_gzmk_memory_cd4_treg_alr",0.067,0.470149253731343,FALSE
"l2_ilc","l1_progenitor_cell_alr",0.067,0.164179104477612,FALSE
"l2_platelet","l3_adaptive_nk_cell_alr",0.067,0.253731343283582,FALSE
"l2_progenitor_cell","l3_transitional_b_cell",0.067,0.462686567164179,FALSE
"l3_asdc","sex",0.067,0,FALSE
"l3_cd56bright_nk_cell","l3_cd27_effector_b_cell_alt_alr",0.067,0.447761194029851,FALSE
"l3_cd56bright_nk_cell","l3_klrf1_effector_vd1_gdt_alr",0.067,0.447761194029851,FALSE
"l3_cd8aa","l2_cd56bright_nk_cell_alr",0.067,0.686567164179104,FALSE
"l3_cdc1","l2_cd16_monocyte_alr",0.067,0.477611940298507,FALSE
"l3_dn_t_cell","l3_klrf1_gzmb_cd27_em_cd8_t_cell_alr",0.067,0.656716417910448,FALSE
"l3_dn_t_cell","l3_klrb1_memory_cd8_treg_alr",0.067,0.567164179104478,FALSE
"l3_pdc","l3_isg_cd16_monocyte_alr",0.067,0.432835820895522,FALSE
"l3_plasma_cell","l3_type_2_polarized_memory_b_cell_alr",0.067,0.343283582089552,FALSE
"l3_plasma_cell","l1_ilc_alr",0.067,0.701492537313433,FALSE
"l3_proliferating_nk_cell","l2_plasma_cell_alr",0.067,0.462686567164179,FALSE
"l3_proliferating_nk_cell","l2_cdc1_alr",0.067,0.582089552238806,FALSE
"l3_proliferating_nk_cell","l2_memory_cd4_t_cell_alr",0.067,0.149253731343284,FALSE
"l3_proliferating_nk_cell","l3_memory_cd8_treg_alr",0.067,0.298507462686567,FALSE
"l3_transitional_b_cell","l2_progenitor_cell",0.067,0.537313432835821,FALSE
"l3_transitional_b_cell","l3_il1b_cd14_monocyte_alr",0.067,0.73134328358209,FALSE
"l2_memory_b_cell_alr","l3_cm_cd8_t_cell_alr",0.067,0.567164179104478,FALSE
"l2_plasma_cell_alr","l3_proliferating_nk_cell",0.067,0.537313432835821,FALSE
"l2_cdc1_alr","l3_proliferating_nk_cell",0.067,0.417910447761194,FALSE
"l2_cd16_monocyte_alr","l3_cdc1",0.067,0.522388059701493,FALSE
"l2_intermediate_monocyte_alr","l3_cd27_effector_b_cell_alt_alr",0.067,0.567164179104478,FALSE
"l2_intermediate_monocyte_alr","l3_klrf1_gzmb_cd27_memory_cd4_t_cell_alr",0.067,0.164179104477612,FALSE
"l2_cd56bright_nk_cell_alr","l3_cd8aa",0.067,0.313432835820896,FALSE
"l2_dn_t_cell_alr","l3_klrf1_gzmb_cd27_em_cd8_t_cell_alt_alr",0.067,0.149253731343284,FALSE
"l2_gdt_alr","l3_gzmk_cd27_em_cd8_t_cell_alt_alr",0.067,0.567164179104478,FALSE
"l2_memory_cd4_t_cell_alr","l3_proliferating_nk_cell",0.067,0.850746268656716,FALSE
"l2_memory_cd8_t_cell_alr","l3_isg_cd56dim_nk_cell_alr",0.067,0.567164179104478,FALSE
"l3_il1b_cd14_monocyte_alr","l3_transitional_b_cell",0.067,0.26865671641791,FALSE
"l3_isg_cd14_monocyte_alr","l3_isg_naive_cd8_t_cell_alr",0.067,0.835820895522388,FALSE
"l3_isg_cd16_monocyte_alr","l3_pdc",0.067,0.567164179104478,FALSE
"l3_isg_cd56dim_nk_cell_alr","l2_memory_cd8_t_cell_alr",0.067,0.432835820895522,FALSE
"l3_adaptive_nk_cell_alr","l2_platelet",0.067,0.746268656716418,FALSE
"l3_cd14_cdc2_alr","cmv",0.067,0,FALSE
"l3_cd27_effector_b_cell_alt_alr","l3_cd56bright_nk_cell",0.067,0.552238805970149,FALSE
"l3_cd27_effector_b_cell_alt_alr","l2_intermediate_monocyte_alr",0.067,0.432835820895522,FALSE
"l3_klrf1_effector_vd1_gdt_alr","l3_cd56bright_nk_cell",0.067,0.552238805970149,FALSE
"l3_naive_vd1_gdt_alr","l1_platelet_alr",0.067,0.626865671641791,FALSE
"l3_isg_mait_alr","l3_clp_cell_alr",0.067,0.358208955223881,FALSE
"l3_type_2_polarized_memory_b_cell_alr","l3_plasma_cell",0.067,0.656716417910448,FALSE
"l3_klrf1_gzmb_cd27_memory_cd4_t_cell_alr","l2_intermediate_monocyte_alr",0.067,0.835820895522388,FALSE
"l3_cm_cd8_t_cell_alr","l2_memory_b_cell_alr",0.067,0.432835820895522,FALSE
"l3_gzmk_cd27_em_cd8_t_cell_alt_alr","l2_gdt_alr",0.067,0.432835820895522,FALSE
"l3_klrf1_gzmb_cd27_em_cd8_t_cell_alr","l3_dn_t_cell",0.067,0.343283582089552,FALSE
"l3_klrf1_gzmb_cd27_em_cd8_t_cell_alt_alr","l2_dn_t_cell_alr",0.067,0.850746268656716,FALSE
"l3_isg_naive_cd8_t_cell_alr","l3_isg_cd14_monocyte_alr",0.067,0.164179104477612,FALSE
"l3_isg_naive_cd8_t_cell_alr","l1_b_cell_alr",0.067,0.432835820895522,FALSE
"l3_clp_cell_alr","l3_isg_mait_alr",0.067,0.641791044776119,FALSE
"l3_gzmk_memory_cd4_treg_alr","l2_ilc",0.067,0.529850746268657,FALSE
"l3_klrb1_memory_cd8_treg_alr","l3_dn_t_cell",0.067,0.432835820895522,FALSE
"l3_memory_cd8_treg_alr","l3_proliferating_nk_cell",0.067,0.701492537313433,FALSE
"l1_b_cell_alr","l3_isg_naive_cd8_t_cell_alr",0.067,0.567164179104478,FALSE
"l1_ilc_alr","l3_plasma_cell",0.067,0.298507462686567,FALSE
"l1_platelet_alr","l3_naive_vd1_gdt_alr",0.067,0.373134328358209,FALSE
"l1_progenitor_cell_alr","l2_ilc",0.067,0.835820895522388,FALSE
"age_group","l3_naive_cd4_treg_alr",0.066,1,FALSE
"sex","l3_klrb1_memory_cd8_treg_alr",0.066,1,FALSE
"l2_ilc","l2_cd8aa_alr",0.066,0.46969696969697,FALSE
"l2_ilc","l2_treg_alr",0.066,0.272727272727273,FALSE
"l2_ilc","l3_cd27_effector_b_cell_alt_alr",0.066,0.681818181818182,FALSE
"l3_asdc","l3_klrf1_gzmb_cd27_em_cd8_t_cell_alr",0.066,0.515151515151515,FALSE
"l3_cd56bright_nk_cell","l2_effector_b_cell_alr",0.066,0.454545454545455,FALSE
"l3_dn_t_cell","l3_gzmb_vd2_gdt_alr",0.066,0.462121212121212,FALSE
"l3_erythrocyte","l3_naive_cd4_treg_alr",0.066,0.46969696969697,FALSE
"l3_plasma_cell","l3_klrf1_effector_vd1_gdt_alt_alr",0.066,0.454545454545455,FALSE
"l3_proliferating_nk_cell","l3_cd95_memory_b_cell_alr",0.066,0.287878787878788,FALSE
"l3_baeomap_cell","l2_pdc_alr",0.066,0.484848484848485,FALSE
"l2_effector_b_cell_alr","l3_cd56bright_nk_cell",0.066,0.545454545454545,FALSE
"l2_effector_b_cell_alr","l3_gzmb_cd27_em_cd4_t_cell_alt_alr",0.066,0.666666666666667,FALSE
"l2_effector_b_cell_alr","l1_nk_cell_alr",0.066,0.515151515151515,FALSE
"l2_memory_b_cell_alr","l2_treg_alr",0.066,0.53030303030303,FALSE
"l2_asdc_alr","l3_gzmk_cd27_em_cd8_t_cell_alt_alr",0.066,0.439393939393939,FALSE
"l2_cdc1_alr","l3_cm_cd8_t_cell_alr",0.066,0.666666666666667,FALSE
"l2_pdc_alr","l3_baeomap_cell",0.066,0.515151515151515,FALSE
"l2_intermediate_monocyte_alr","l3_isg_mait_alr",0.066,0.5,FALSE
"l2_cd8aa_alr","l2_ilc",0.066,0.53030303030303,FALSE
"l2_mait_alr","l3_isg_cd56dim_nk_cell_alr",0.066,0.636363636363636,FALSE
"l2_memory_cd4_t_cell_alr","l1_progenitor_cell_alr",0.066,0.681818181818182,FALSE
"l2_treg_alr","l2_ilc",0.066,0.727272727272727,FALSE
"l2_treg_alr","l2_memory_b_cell_alr",0.066,0.46969696969697,FALSE
"l3_isg_cd16_monocyte_alr","l3_klrf1_gzmb_cd27_em_cd8_t_cell_alr",0.066,0.53030303030303,FALSE
"l3_gzmk_cd56dim_nk_cell_alr","l3_memory_cd8_treg_alr",0.066,0.53030303030303,FALSE
"l3_isg_cd56dim_nk_cell_alr","l2_mait_alr",0.066,0.363636363636364,FALSE
"l3_isg_cd56dim_nk_cell_alr","l3_cd95_memory_b_cell_alr",0.066,0.409090909090909,FALSE
"l3_adaptive_nk_cell_alr","l3_sox4_naive_cd8_t_cell_alr",0.066,0.333333333333333,FALSE
"l3_cd27_effector_b_cell_alt_alr","l2_ilc",0.066,0.318181818181818,FALSE
"l3_gzmb_vd2_gdt_alr","l3_dn_t_cell",0.066,0.537878787878788,FALSE
"l3_gzmb_vd2_gdt_alr","l1_ilc_alr",0.066,0.636363636363636,FALSE
"l3_klrf1_effector_vd1_gdt_alr","l1_monocyte_alr",0.066,0.46969696969697,FALSE
"l3_klrf1_effector_vd1_gdt_alt_alr","l3_plasma_cell",0.066,0.545454545454545,FALSE
"l3_klrf1_effector_vd1_gdt_alt_alr","l3_gzmb_cd27_em_cd4_t_cell_alr",0.066,0.560606060606061,FALSE
"l3_isg_mait_alr","l2_intermediate_monocyte_alr",0.066,0.5,FALSE
"l3_isg_mait_alr","l3_gzmk_memory_cd4_treg_alr",0.066,0.212121212121212,FALSE
"l3_cd95_memory_b_cell_alr","l3_proliferating_nk_cell",0.066,0.712121212121212,FALSE
"l3_cd95_memory_b_cell_alr","l3_isg_cd56dim_nk_cell_alr",0.066,0.590909090909091,FALSE
"l3_cd95_memory_b_cell_alr","l1_ilc_alr",0.066,0.75,FALSE
"l3_gzmb_cd27_em_cd4_t_cell_alr","l3_klrf1_effector_vd1_gdt_alt_alr",0.066,0.439393939393939,FALSE
"l3_gzmb_cd27_em_cd4_t_cell_alt_alr","l2_effector_b_cell_alr",0.066,0.333333333333333,FALSE
"l3_isg_memory_cd8_t_cell_alr","l1_ilc_alr",0.066,0.666666666666667,FALSE
"l3_cm_cd8_t_cell_alr","l2_cdc1_alr",0.066,0.333333333333333,FALSE
"l3_cm_cd8_t_cell_alr","l1_progenitor_cell_alr",0.066,0.560606060606061,FALSE
"l3_gzmk_cd27_em_cd8_t_cell_alt_alr","l2_asdc_alr",0.066,0.560606060606061,FALSE
"l3_klrf1_gzmb_cd27_em_cd8_t_cell_alr","l3_asdc",0.066,0.484848484848485,FALSE
"l3_klrf1_gzmb_cd27_em_cd8_t_cell_alr","l3_isg_cd16_monocyte_alr",0.066,0.46969696969697,FALSE
"l3_klrf1_gzmb_cd27_em_cd8_t_cell_alt_alr","l1_b_cell_alr",0.066,0.606060606060606,FALSE
"l3_sox4_naive_cd8_t_cell_alr","l3_adaptive_nk_cell_alr",0.066,0.666666666666667,FALSE
"l3_gzmk_memory_cd4_treg_alr","l3_isg_mait_alr",0.066,0.787878787878788,FALSE
"l3_klrb1_memory_cd8_treg_alr","sex",0.066,0,FALSE
"l3_memory_cd8_treg_alr","l3_gzmk_cd56dim_nk_cell_alr",0.066,0.46969696969697,FALSE
"l3_naive_cd4_treg_alr","age_group",0.066,0,FALSE
"l3_naive_cd4_treg_alr","l3_erythrocyte",0.066,0.53030303030303,FALSE
"l1_monocyte_alr","l3_klrf1_effector_vd1_gdt_alr",0.066,0.53030303030303,FALSE
"l1_nk_cell_alr","l2_effector_b_cell_alr",0.066,0.484848484848485,FALSE
"l1_b_cell_alr","l3_klrf1_gzmb_cd27_em_cd8_t_cell_alt_alr",0.066,0.393939393939394,FALSE
"l1_ilc_alr","l3_gzmb_vd2_gdt_alr",0.066,0.363636363636364,FALSE
"l1_ilc_alr","l3_cd95_memory_b_cell_alr",0.066,0.25,FALSE
"l1_ilc_alr","l3_isg_memory_cd8_t_cell_alr",0.066,0.333333333333333,FALSE
"l1_progenitor_cell_alr","l2_memory_cd4_t_cell_alr",0.066,0.318181818181818,FALSE
"l1_progenitor_cell_alr","l3_cm_cd8_t_cell_alr",0.066,0.439393939393939,FALSE
"age_group","l3_isg_cd56dim_nk_cell_alr",0.065,1,FALSE
"cmv","l2_cd8aa_alr",0.065,1,FALSE
"cmv","l3_cd4_mait_alr",0.065,1,FALSE
"l2_ilc","l2_memory_cd4_t_cell_alr",0.065,0.169230769230769,FALSE
"l3_cdc1","l3_clp_cell_alr",0.065,0.353846153846154,FALSE
"l3_dn_t_cell","l2_intermediate_monocyte_alr",0.065,0.723076923076923,FALSE
"l3_ilc","l3_proliferating_nk_cell",0.065,0.430769230769231,FALSE
"l3_ilc","l3_early_memory_b_cell_alr",0.065,0.261538461538462,FALSE
"l3_intermediate_monocyte","l3_gzmk_cd56dim_nk_cell_alr",0.065,0.276923076923077,FALSE
"l3_platelet","l3_isg_cd14_monocyte_alr",0.065,0.415384615384615,FALSE
"l3_platelet","l3_cd27_effector_b_cell_alt_alr",0.065,0.461538461538462,FALSE
"l3_proliferating_nk_cell","l3_ilc",0.065,0.569230769230769,FALSE
"l3_proliferating_nk_cell","l3_transitional_b_cell",0.065,0.384615384615385,FALSE
"l3_proliferating_t_cell","l3_sox4_vd1_gdt_alr",0.065,0.553846153846154,FALSE
"l3_transitional_b_cell","l3_proliferating_nk_cell",0.065,0.615384615384615,FALSE
"l3_transitional_b_cell","l3_isg_cd16_monocyte_alr",0.065,0.307692307692308,FALSE
"l2_effector_b_cell_alr","l2_proliferating_nk_cell_alr",0.065,0.738461538461539,FALSE
"l2_effector_b_cell_alr","l1_progenitor_cell_alr",0.065,0.507692307692308,FALSE
"l2_memory_b_cell_alr","l3_gzmb_cd27_em_cd4_t_cell_alr",0.065,0.569230769230769,FALSE
"l2_memory_b_cell_alr","l3_klrf1_gzmb_cd27_em_cd8_t_cell_alr",0.065,0.415384615384615,FALSE
"l2_plasma_cell_alr","l2_dn_t_cell_alr",0.065,0.215384615384615,FALSE
"l2_plasma_cell_alr","l3_il1b_cd14_monocyte_alr",0.065,0.415384615384615,FALSE
"l2_plasma_cell_alr","l3_cd4_mait_alr",0.065,0.284615384615385,FALSE
"l2_plasma_cell_alr","l3_clp_cell_alr",0.065,0.276923076923077,FALSE
"l2_plasma_cell_alr","l3_naive_cd4_treg_alr",0.065,0.553846153846154,FALSE
"l2_transitional_b_cell_alr","l3_isg_naive_cd8_t_cell_alr",0.065,0.553846153846154,FALSE
"l2_asdc_alr","l1_progenitor_cell_alr",0.065,0.6,FALSE
"l2_cdc1_alr","l3_klrf1_effector_vd1_gdt_alt_alr",0.065,0.738461538461539,FALSE
"l2_cdc1_alr","l3_sox4_vd1_gdt_alr",0.065,0.446153846153846,FALSE
"l2_cd16_monocyte_alr","l3_sox4_naive_cd4_t_cell_alr",0.065,0.553846153846154,FALSE
"l2_intermediate_monocyte_alr","l3_dn_t_cell",0.065,0.276923076923077,FALSE
"l2_proliferating_nk_cell_alr","l2_effector_b_cell_alr",0.065,0.261538461538462,FALSE
"l2_proliferating_nk_cell_alr","l3_gzmk_memory_cd4_treg_alr",0.065,0.323076923076923,FALSE
"l2_cd8aa_alr","cmv",0.065,0,FALSE
"l2_dn_t_cell_alr","l2_plasma_cell_alr",0.065,0.784615384615384,FALSE
"l2_gdt_alr","l3_gzmb_cd27_em_cd4_t_cell_alt_alr",0.065,0.538461538461539,FALSE
"l2_memory_cd4_t_cell_alr","l2_ilc",0.065,0.830769230769231,FALSE
"l2_proliferating_t_cell_alr","l3_activated_memory_b_cell_alr",0.065,0.169230769230769,FALSE
"l3_il1b_cd14_monocyte_alr","l2_plasma_cell_alr",0.065,0.584615384615385,FALSE
"l3_isg_cd14_monocyte_alr","l3_platelet",0.065,0.584615384615385,FALSE
"l3_c1q_cd16_monocyte_alr","l3_klrb1_memory_cd4_treg_alr",0.065,0.476923076923077,FALSE
"l3_isg_cd16_monocyte_alr","l3_transitional_b_cell",0.065,0.692307692307692,FALSE
"l3_isg_cd16_monocyte_alr","l3_early_memory_b_cell_alr",0.065,0.384615384615385,FALSE
"l3_gzmk_cd56dim_nk_cell_alr","l3_intermediate_monocyte",0.065,0.723076923076923,FALSE
"l3_isg_cd56dim_nk_cell_alr","age_group",0.065,0,FALSE
"l3_cd14_cdc2_alr","l3_isg_memory_cd4_t_cell_alr",0.065,0.615384615384615,FALSE
"l3_isg_cdc2_alr","l3_naive_vd1_gdt_alr",0.065,0.369230769230769,FALSE
"l3_isg_cdc2_alr","l1_monocyte_alr",0.065,0.230769230769231,FALSE
"l3_cd27_effector_b_cell_alt_alr","l3_platelet",0.065,0.538461538461539,FALSE
"l3_klrf1_effector_vd1_gdt_alt_alr","l2_cdc1_alr",0.065,0.261538461538462,FALSE
"l3_naive_vd1_gdt_alr","l3_isg_cdc2_alr",0.065,0.630769230769231,FALSE
"l3_sox4_vd1_gdt_alr","l3_proliferating_t_cell",0.065,0.446153846153846,FALSE
"l3_sox4_vd1_gdt_alr","l2_cdc1_alr",0.065,0.553846153846154,FALSE
"l3_sox4_vd1_gdt_alr","l3_gzmb_cd27_em_cd4_t_cell_alt_alr",0.065,0.446153846153846,FALSE
"l3_cd4_mait_alr","cmv",0.065,0,FALSE
"l3_cd4_mait_alr","l2_plasma_cell_alr",0.065,0.715384615384615,FALSE
"l3_isg_mait_alr","l3_isg_naive_b_cell_alr",0.065,0.476923076923077,FALSE
"l3_isg_mait_alr","l3_klrb1_memory_cd4_treg_alr",0.065,0.384615384615385,FALSE
"l3_activated_memory_b_cell_alr","l2_proliferating_t_cell_alr",0.065,0.830769230769231,FALSE
"l3_early_memory_b_cell_alr","l3_ilc",0.065,0.738461538461539,FALSE
"l3_early_memory_b_cell_alr","l3_isg_cd16_monocyte_alr",0.065,0.615384615384615,FALSE
"l3_isg_memory_cd4_t_cell_alr","l3_cd14_cdc2_alr",0.065,0.384615384615385,FALSE
"l3_gzmb_cd27_em_cd4_t_cell_alr","l2_memory_b_cell_alr",0.065,0.430769230769231,FALSE
"l3_gzmb_cd27_em_cd4_t_cell_alt_alr","l2_gdt_alr",0.065,0.461538461538462,FALSE
"l3_gzmb_cd27_em_cd4_t_cell_alt_alr","l3_sox4_vd1_gdt_alr",0.065,0.553846153846154,FALSE
"l3_klrf1_gzmb_cd27_em_cd8_t_cell_alr","l2_memory_b_cell_alr",0.065,0.584615384615385,FALSE
"l3_isg_naive_b_cell_alr","l3_isg_mait_alr",0.065,0.523076923076923,FALSE
"l3_sox4_naive_cd4_t_cell_alr","l2_cd16_monocyte_alr",0.065,0.446153846153846,FALSE
"l3_isg_naive_cd8_t_cell_alr","l2_transitional_b_cell_alr",0.065,0.446153846153846,FALSE
"l3_sox4_naive_cd8_t_cell_alr","l3_klrb1_memory_cd8_treg_alr",0.065,0.246153846153846,FALSE
"l3_clp_cell_alr","l3_cdc1",0.065,0.646153846153846,FALSE
"l3_clp_cell_alr","l2_plasma_cell_alr",0.065,0.723076923076923,FALSE
"l3_clp_cell_alr","l1_dc_alr",0.065,0.6,FALSE
"l3_gzmk_memory_cd4_treg_alr","l2_proliferating_nk_cell_alr",0.065,0.676923076923077,FALSE
"l3_klrb1_memory_cd4_treg_alr","l3_c1q_cd16_monocyte_alr",0.065,0.523076923076923,FALSE
"l3_klrb1_memory_cd4_treg_alr","l3_isg_mait_alr",0.065,0.615384615384615,FALSE
"l3_klrb1_memory_cd8_treg_alr","l3_sox4_naive_cd8_t_cell_alr",0.065,0.753846153846154,FALSE
"l3_naive_cd4_treg_alr","l2_plasma_cell_alr",0.065,0.446153846153846,FALSE
"l1_dc_alr","l3_clp_cell_alr",0.065,0.4,FALSE
"l1_monocyte_alr","l3_isg_cdc2_alr",0.065,0.769230769230769,FALSE
"l1_progenitor_cell_alr","l2_effector_b_cell_alr",0.065,0.492307692307692,FALSE
"l1_progenitor_cell_alr","l2_asdc_alr",0.065,0.4,FALSE
"l2_platelet","l3_pdc",0.064,0.4375,FALSE
"l3_dn_t_cell","l3_cm_cd8_t_cell_alr",0.064,0.484375,FALSE
"l3_erythrocyte","l3_activated_memory_b_cell_alr",0.064,0.40625,FALSE
"l3_ilc","l3_isg_cdc2_alr",0.064,0.296875,FALSE
"l3_pdc","l2_platelet",0.064,0.5625,FALSE
"l3_proliferating_nk_cell","l2_memory_cd8_t_cell_alr",0.064,0.203125,FALSE
"l3_proliferating_nk_cell","l3_type_2_polarized_memory_b_cell_alr",0.064,0.296875,FALSE
"l3_proliferating_t_cell","l3_gzmk_memory_cd4_treg_alr",0.064,0.28125,FALSE
"l3_transitional_b_cell","l3_cd27_effector_b_cell_alt_alr",0.064,0.28125,FALSE
"l3_transitional_b_cell","l3_isg_naive_cd8_t_cell_alr",0.064,0.265625,FALSE
"l3_transitional_b_cell","l3_sox4_naive_cd8_t_cell_alr",0.064,0.296875,FALSE
"l3_transitional_b_cell","l3_clp_cell_alr",0.064,0.5390625,FALSE
"l3_transitional_b_cell","l3_gzmk_memory_cd4_treg_alr",0.064,0.359375,FALSE
"l3_transitional_b_cell","l1_progenitor_cell_alr",0.064,0.390625,FALSE
"l3_baeomap_cell","l3_gzmb_cd27_em_cd4_t_cell_alt_alr",0.064,0.515625,FALSE
"l2_effector_b_cell_alr","l1_platelet_alr",0.064,0.578125,FALSE
"l2_memory_b_cell_alr","l2_cd56bright_nk_cell_alr",0.064,0.65625,FALSE
"l2_memory_b_cell_alr","l3_sox4_vd1_gdt_alr",0.064,0.6875,FALSE
"l2_transitional_b_cell_alr","l3_gzmb_cd27_em_cd4_t_cell_alt_alr",0.064,0.734375,FALSE
"l2_cdc1_alr","l3_klrf1_effector_vd1_gdt_alr",0.064,0.59375,FALSE
"l2_cd56bright_nk_cell_alr","l2_memory_b_cell_alr",0.064,0.34375,FALSE
"l2_cd56bright_nk_cell_alr","l3_memory_cd8_treg_alr",0.064,0.5078125,FALSE
"l2_cd8aa_alr","l3_isg_cd16_monocyte_alr",0.064,0.390625,FALSE
"l2_dn_t_cell_alr","l3_isg_mait_alr",0.064,0.390625,FALSE
"l2_mait_alr","l3_il1b_cd14_monocyte_alr",0.064,0.46875,FALSE
"l2_memory_cd4_t_cell_alr","l3_isg_cd16_monocyte_alr",0.064,0.578125,FALSE
"l2_memory_cd8_t_cell_alr","l3_proliferating_nk_cell",0.064,0.796875,FALSE
"l2_naive_cd8_t_cell_alr","l3_gzmk_memory_cd4_treg_alr",0.064,0.375,FALSE
"l3_il1b_cd14_monocyte_alr","l2_mait_alr",0.064,0.53125,FALSE
"l3_c1q_cd16_monocyte_alr","l3_gzmk_cd56dim_nk_cell_alr",0.064,0.515625,FALSE
"l3_c1q_cd16_monocyte_alr","l3_cm_cd8_t_cell_alr",0.064,0.375,FALSE
"l3_isg_cd16_monocyte_alr","l2_cd8aa_alr",0.064,0.609375,FALSE
"l3_isg_cd16_monocyte_alr","l2_memory_cd4_t_cell_alr",0.064,0.421875,FALSE
"l3_isg_cd16_monocyte_alr","l3_isg_cdc2_alr",0.064,0.734375,FALSE
"l3_isg_cd16_monocyte_alr","l3_klrf1_gzmb_cd27_memory_cd4_t_cell_alr",0.064,0.296875,FALSE
"l3_gzmk_cd56dim_nk_cell_alr","l3_c1q_cd16_monocyte_alr",0.064,0.484375,FALSE
"l3_isg_cdc2_alr","l3_ilc",0.064,0.703125,FALSE
"l3_isg_cdc2_alr","l3_isg_cd16_monocyte_alr",0.064,0.265625,FALSE
"l3_cd27_effector_b_cell_alt_alr","l3_transitional_b_cell",0.064,0.71875,FALSE
"l3_klrf1_effector_vd1_gdt_alr","l2_cdc1_alr",0.064,0.40625,FALSE
"l3_naive_vd1_gdt_alr","l3_isg_naive_cd8_t_cell_alr",0.064,0.5,FALSE
"l3_sox4_vd1_gdt_alr","l2_memory_b_cell_alr",0.064,0.3125,FALSE
"l3_sox4_vd1_gdt_alr","l3_isg_naive_cd8_t_cell_alr",0.064,0.53125,FALSE
"l3_isg_mait_alr","l2_dn_t_cell_alr",0.064,0.609375,FALSE
"l3_isg_mait_alr","l3_gzmk_cd27_em_cd8_t_cell_alt_alr",0.064,0.328125,FALSE
"l3_activated_memory_b_cell_alr","l3_erythrocyte",0.064,0.59375,FALSE
"l3_cd95_memory_b_cell_alr","l1_erythrocyte_alr",0.064,0.625,FALSE
"l3_type_2_polarized_memory_b_cell_alr","l3_proliferating_nk_cell",0.064,0.703125,FALSE
"l3_klrf1_gzmb_cd27_memory_cd4_t_cell_alr","l3_isg_cd16_monocyte_alr",0.064,0.703125,FALSE
"l3_gzmb_cd27_em_cd4_t_cell_alt_alr","l3_baeomap_cell",0.064,0.484375,FALSE
"l3_gzmb_cd27_em_cd4_t_cell_alt_alr","l2_transitional_b_cell_alr",0.064,0.265625,FALSE
"l3_isg_memory_cd8_t_cell_alr","l1_dc_alr",0.064,0.3125,FALSE
"l3_cm_cd8_t_cell_alr","l3_dn_t_cell",0.064,0.515625,FALSE
"l3_cm_cd8_t_cell_alr","l3_c1q_cd16_monocyte_alr",0.064,0.625,FALSE
"l3_gzmk_cd27_em_cd8_t_cell_alt_alr","l3_isg_mait_alr",0.064,0.671875,FALSE
"l3_gzmk_cd27_em_cd8_t_cell_alt_alr","l1_nk_cell_alr",0.064,0.5,FALSE
"l3_isg_naive_cd8_t_cell_alr","l3_transitional_b_cell",0.064,0.734375,FALSE
"l3_isg_naive_cd8_t_cell_alr","l3_naive_vd1_gdt_alr",0.064,0.5,FALSE
"l3_isg_naive_cd8_t_cell_alr","l3_sox4_vd1_gdt_alr",0.064,0.46875,FALSE
"l3_sox4_naive_cd8_t_cell_alr","l3_transitional_b_cell",0.064,0.703125,FALSE
"l3_clp_cell_alr","l3_transitional_b_cell",0.064,0.4609375,FALSE
"l3_gzmk_memory_cd4_treg_alr","l3_proliferating_t_cell",0.064,0.71875,FALSE
"l3_gzmk_memory_cd4_treg_alr","l3_transitional_b_cell",0.064,0.640625,FALSE
"l3_gzmk_memory_cd4_treg_alr","l2_naive_cd8_t_cell_alr",0.064,0.625,FALSE
"l3_memory_cd8_treg_alr","l2_cd56bright_nk_cell_alr",0.064,0.4921875,FALSE
"l3_memory_cd8_treg_alr","l1_nk_cell_alr",0.064,0.4375,FALSE
"l1_dc_alr","l3_isg_memory_cd8_t_cell_alr",0.064,0.6875,FALSE
"l1_nk_cell_alr","l3_gzmk_cd27_em_cd8_t_cell_alt_alr",0.064,0.5,FALSE
"l1_nk_cell_alr","l3_memory_cd8_treg_alr",0.064,0.5625,FALSE
"l1_erythrocyte_alr","l3_cd95_memory_b_cell_alr",0.064,0.375,FALSE
"l1_platelet_alr","l2_effector_b_cell_alr",0.064,0.421875,FALSE
"l1_progenitor_cell_alr","l3_transitional_b_cell",0.064,0.609375,FALSE
"age_group","l3_klrf1_gzmb_cd27_em_cd8_t_cell_alr",0.063,1,FALSE
"sex","l2_mait_alr",0.063,1,FALSE
"sex","l1_ilc_alr",0.063,1,FALSE
"l2_erythrocyte","l3_activated_memory_b_cell_alr",0.063,0.571428571428571,FALSE
"l2_progenitor_cell","l2_asdc_alr",0.063,0.349206349206349,FALSE
"l3_cdc1","l3_isg_naive_b_cell_alr",0.063,0.523809523809524,FALSE
"l3_dn_t_cell","l3_adaptive_nk_cell_alr",0.063,0.301587301587302,FALSE
"l3_ilc","l3_transitional_b_cell",0.063,0.365079365079365,FALSE
"l3_pdc","l3_klrb1_memory_cd4_treg_alr",0.063,0.333333333333333,FALSE
"l3_proliferating_t_cell","l3_clp_cell_alr",0.063,0.317460317460317,FALSE
"l3_transitional_b_cell","l3_ilc",0.063,0.634920634920635,FALSE
"l2_transitional_b_cell_alr","l3_isg_cd56dim_nk_cell_alr",0.063,0.507936507936508,FALSE
"l2_asdc_alr","l2_progenitor_cell",0.063,0.650793650793651,FALSE
"l2_asdc_alr","l3_cd27_effector_b_cell_alt_alr",0.063,0.341269841269841,FALSE
"l2_asdc_alr","l3_klrf1_gzmb_cd27_em_cd8_t_cell_alt_alr",0.063,0.238095238095238,FALSE
"l2_cdc1_alr","l3_gzmb_cd27_em_cd4_t_cell_alr",0.063,0.53968253968254,FALSE
"l2_pdc_alr","l3_gzmk_cd27_em_cd8_t_cell_alt_alr",0.063,0.563492063492063,FALSE
"l2_cd16_monocyte_alr","l3_isg_memory_cd8_t_cell_alr",0.063,0.650793650793651,FALSE
"l2_intermediate_monocyte_alr","l2_cd56bright_nk_cell_alr",0.063,0.587301587301587,FALSE
"l2_intermediate_monocyte_alr","l3_isg_cd56dim_nk_cell_alr",0.063,0.301587301587302,FALSE
"l2_intermediate_monocyte_alr","l3_gzmk_cd27_em_cd8_t_cell_alt_alr",0.063,0.587301587301587,FALSE
"l2_cd56bright_nk_cell_alr","l2_intermediate_monocyte_alr",0.063,0.412698412698413,FALSE
"l2_cd56bright_nk_cell_alr","l3_sox4_vd1_gdt_alr",0.063,0.333333333333333,FALSE
"l2_proliferating_nk_cell_alr","l3_isg_cdc2_alr",0.063,0.285714285714286,FALSE
"l2_proliferating_nk_cell_alr","l3_klrb1_memory_cd4_treg_alr",0.063,0.46031746031746,FALSE
"l2_cd8aa_alr","l3_isg_naive_b_cell_alr",0.063,0.809523809523809,FALSE
"l2_mait_alr","sex",0.063,0,FALSE
"l2_memory_cd4_t_cell_alr","l3_klrb1_memory_cd8_treg_alr",0.063,0.587301587301587,FALSE
"l2_memory_cd8_t_cell_alr","l3_clp_cell_alr",0.063,0.285714285714286,FALSE
"l3_isg_cd56dim_nk_cell_alr","l2_transitional_b_cell_alr",0.063,0.492063492063492,FALSE
"l3_isg_cd56dim_nk_cell_alr","l2_intermediate_monocyte_alr",0.063,0.698412698412698,FALSE
"l3_isg_cd56dim_nk_cell_alr","l3_gzmb_vd2_gdt_alr",0.063,0.349206349206349,FALSE
"l3_isg_cd56dim_nk_cell_alr","l3_gzmk_cd27_em_cd8_t_cell_alt_alr",0.063,0.26984126984127,FALSE
"l3_adaptive_nk_cell_alr","l3_dn_t_cell",0.063,0.698412698412698,FALSE
"l3_adaptive_nk_cell_alr","l3_gzmb_cd27_em_cd4_t_cell_alr",0.063,0.523809523809524,FALSE
"l3_cd14_cdc2_alr","l1_ilc_alr",0.063,0.650793650793651,FALSE
"l3_isg_cdc2_alr","l2_proliferating_nk_cell_alr",0.063,0.714285714285714,FALSE
"l3_cd27_effector_b_cell_alt_alr","l2_asdc_alr",0.063,0.658730158730159,FALSE
"l3_cd27_effector_b_cell_alt_alr","l1_erythrocyte_alr",0.063,0.507936507936508,FALSE
"l3_gzmb_vd2_gdt_alr","l3_isg_cd56dim_nk_cell_alr",0.063,0.650793650793651,FALSE
"l3_sox4_vd1_gdt_alr","l2_cd56bright_nk_cell_alr",0.063,0.666666666666667,FALSE
"l3_cd4_mait_alr","l3_isg_memory_cd8_t_cell_alr",0.063,0.888888888888889,FALSE
"l3_activated_memory_b_cell_alr","l2_erythrocyte",0.063,0.428571428571429,FALSE
"l3_activated_memory_b_cell_alr","l3_gzmk_cd27_em_cd8_t_cell_alt_alr",0.063,0.587301587301587,FALSE
"l3_gzmb_cd27_em_cd4_t_cell_alr","l2_cdc1_alr",0.063,0.46031746031746,FALSE
"l3_gzmb_cd27_em_cd4_t_cell_alr","l3_adaptive_nk_cell_alr",0.063,0.476190476190476,FALSE
"l3_gzmb_cd27_em_cd4_t_cell_alt_alr","l3_isg_naive_cd8_t_cell_alr",0.063,0.650793650793651,FALSE
"l3_isg_memory_cd8_t_cell_alr","l2_cd16_monocyte_alr",0.063,0.349206349206349,FALSE
"l3_isg_memory_cd8_t_cell_alr","l3_cd4_mait_alr",0.063,0.111111111111111,FALSE
"l3_gzmk_cd27_em_cd8_t_cell_alt_alr","l2_pdc_alr",0.063,0.436507936507937,FALSE
"l3_gzmk_cd27_em_cd8_t_cell_alt_alr","l2_intermediate_monocyte_alr",0.063,0.412698412698413,FALSE
"l3_gzmk_cd27_em_cd8_t_cell_alt_alr","l3_isg_cd56dim_nk_cell_alr",0.063,0.73015873015873,FALSE
"l3_gzmk_cd27_em_cd8_t_cell_alt_alr","l3_activated_memory_b_cell_alr",0.063,0.412698412698413,FALSE
"l3_gzmk_cd27_em_cd8_t_cell_alt_alr","l1_platelet_alr",0.063,0.698412698412698,FALSE
"l3_klrf1_gzmb_cd27_em_cd8_t_cell_alr","age_group",0.063,0,FALSE
"l3_klrf1_gzmb_cd27_em_cd8_t_cell_alt_alr","l2_asdc_alr",0.063,0.761904761904762,FALSE
"l3_klrf1_gzmb_cd27_em_cd8_t_cell_alt_alr","l3_klrb1_memory_cd8_treg_alr",0.063,0.349206349206349,FALSE
"l3_isg_naive_b_cell_alr","l3_cdc1",0.063,0.476190476190476,FALSE
"l3_isg_naive_b_cell_alr","l2_cd8aa_alr",0.063,0.19047619047619,FALSE
"l3_isg_naive_cd8_t_cell_alr","l3_gzmb_cd27_em_cd4_t_cell_alt_alr",0.063,0.349206349206349,FALSE
"l3_isg_naive_cd8_t_cell_alr","l3_clp_cell_alr",0.063,0.317460317460317,FALSE
"l3_clp_cell_alr","l3_proliferating_t_cell",0.063,0.682539682539682,FALSE
"l3_clp_cell_alr","l2_memory_cd8_t_cell_alr",0.063,0.714285714285714,FALSE
"l3_clp_cell_alr","l3_isg_naive_cd8_t_cell_alr",0.063,0.682539682539682,FALSE
"l3_klrb1_memory_cd4_treg_alr","l3_pdc",0.063,0.666666666666667,FALSE
"l3_klrb1_memory_cd4_treg_alr","l2_proliferating_nk_cell_alr",0.063,0.53968253968254,FALSE
"l3_klrb1_memory_cd8_treg_alr","l2_memory_cd4_t_cell_alr",0.063,0.412698412698413,FALSE
"l3_klrb1_memory_cd8_treg_alr","l3_klrf1_gzmb_cd27_em_cd8_t_cell_alt_alr",0.063,0.650793650793651,FALSE
"l3_memory_cd8_treg_alr","l1_b_cell_alr",0.063,0.46031746031746,FALSE
"l1_b_cell_alr","l3_memory_cd8_treg_alr",0.063,0.53968253968254,FALSE
"l1_erythrocyte_alr","l3_cd27_effector_b_cell_alt_alr",0.063,0.492063492063492,FALSE
"l1_ilc_alr","sex",0.063,0,FALSE
"l1_ilc_alr","l3_cd14_cdc2_alr",0.063,0.349206349206349,FALSE
"l1_platelet_alr","l3_gzmk_cd27_em_cd8_t_cell_alt_alr",0.063,0.301587301587302,FALSE
"sex","l3_klrf1_gzmb_cd27_memory_cd4_t_cell_alr",0.062,1,FALSE
"sex","l1_erythrocyte_alr",0.062,1,FALSE
"l2_ilc","l3_isg_memory_cd4_t_cell_alr",0.062,0.17741935483871,FALSE
"l2_progenitor_cell","l3_memory_cd8_treg_alr",0.062,0.637096774193548,FALSE
"l3_asdc","l2_dn_t_cell_alr",0.062,0.274193548387097,FALSE
"l3_asdc","l3_gzmk_cd56dim_nk_cell_alr",0.062,0.661290322580645,FALSE
"l3_cdc1","l3_c1q_cd16_monocyte_alr",0.062,0.435483870967742,FALSE
"l3_cdc1","l3_gzmk_cd27_em_cd8_t_cell_alt_alr",0.062,0.532258064516129,FALSE
"l3_erythrocyte","l3_baeomap_cell",0.062,0.290322580645161,FALSE
"l3_ilc","l3_platelet",0.062,0.483870967741935,FALSE
"l3_ilc","l2_cd16_monocyte_alr",0.062,0.274193548387097,FALSE
"l3_ilc","l3_klrb1_memory_cd4_treg_alr",0.062,0.225806451612903,FALSE
"l3_intermediate_monocyte","l3_klrf1_effector_vd1_gdt_alt_alr",0.062,0.548387096774194,FALSE
"l3_pdc","l2_effector_b_cell_alr",0.062,0.435483870967742,FALSE
"l3_pdc","l2_treg_alr",0.062,0.387096774193548,FALSE
"l3_plasma_cell","l3_isg_cd14_monocyte_alr",0.062,0.419354838709677,FALSE
"l3_platelet","l3_ilc",0.062,0.516129032258065,FALSE
"l3_proliferating_nk_cell","l3_cd4_mait_alr",0.062,0.129032258064516,FALSE
"l3_proliferating_nk_cell","l3_gzmb_cd27_em_cd4_t_cell_alr",0.062,0.338709677419355,FALSE
"l3_proliferating_t_cell","l3_isg_naive_b_cell_alr",0.062,0.532258064516129,FALSE
"l3_transitional_b_cell","l3_gzmb_vd2_gdt_alr",0.062,0.354838709677419,FALSE
"l3_transitional_b_cell","l3_klrf1_effector_vd1_gdt_alr",0.062,0.225806451612903,FALSE
"l3_baeomap_cell","l3_erythrocyte",0.062,0.709677419354839,FALSE
"l2_effector_b_cell_alr","l3_pdc",0.062,0.564516129032258,FALSE
"l2_effector_b_cell_alr","l3_isg_memory_cd4_t_cell_alr",0.062,0.548387096774194,FALSE
"l2_effector_b_cell_alr","l3_memory_cd8_treg_alr",0.062,0.467741935483871,FALSE
"l2_memory_b_cell_alr","l3_gzmk_cd27_em_cd8_t_cell_alt_alr",0.062,0.596774193548387,FALSE
"l2_plasma_cell_alr","l2_treg_alr",0.062,0.419354838709677,FALSE
"l2_plasma_cell_alr","l3_cd27_effector_b_cell_alt_alr",0.062,0.306451612903226,FALSE
"l2_asdc_alr","l3_c1q_cd16_monocyte_alr",0.062,0.596774193548387,FALSE
"l2_asdc_alr","l3_klrf1_gzmb_cd27_memory_cd4_t_cell_alr",0.062,0.145161290322581,FALSE
"l2_cd16_monocyte_alr","l3_ilc",0.062,0.725806451612903,FALSE
"l2_cd16_monocyte_alr","l3_klrf1_gzmb_cd27_memory_cd4_t_cell_alr",0.062,0.241935483870968,FALSE
"l2_proliferating_nk_cell_alr","l3_isg_memory_cd8_t_cell_alr",0.062,0.483870967741935,FALSE
"l2_cd8aa_alr","l3_isg_cd14_monocyte_alr",0.062,0.338709677419355,FALSE
"l2_cd8aa_alr","l3_klrf1_effector_vd1_gdt_alr",0.062,0.548387096774194,FALSE
"l2_dn_t_cell_alr","l3_asdc",0.062,0.725806451612903,FALSE
"l2_dn_t_cell_alr","l3_klrb1_memory_cd8_treg_alr",0.062,0.596774193548387,FALSE
"l2_memory_cd4_t_cell_alr","l3_isg_naive_b_cell_alr",0.062,0.854838709677419,FALSE
"l2_naive_cd8_t_cell_alr","l3_isg_memory_cd4_t_cell_alr",0.062,0.435483870967742,FALSE
"l2_treg_alr","l3_pdc",0.062,0.612903225806452,FALSE
"l2_treg_alr","l2_plasma_cell_alr",0.062,0.580645161290323,FALSE
"l3_il1b_cd14_monocyte_alr","l3_memory_cd8_treg_alr",0.062,0.451612903225806,FALSE
"l3_isg_cd14_monocyte_alr","l3_plasma_cell",0.062,0.580645161290323,FALSE
"l3_isg_cd14_monocyte_alr","l2_cd8aa_alr",0.062,0.661290322580645,FALSE
"l3_c1q_cd16_monocyte_alr","l3_cdc1",0.062,0.564516129032258,FALSE
"l3_c1q_cd16_monocyte_alr","l2_asdc_alr",0.062,0.403225806451613,FALSE
"l3_c1q_cd16_monocyte_alr","l3_cd27_effector_b_cell_alt_alr",0.062,0.5,FALSE
"l3_gzmk_cd56dim_nk_cell_alr","l3_asdc",0.062,0.338709677419355,FALSE
"l3_gzmk_cd56dim_nk_cell_alr","l3_klrb1_memory_cd4_treg_alr",0.062,0.451612903225806,FALSE
"l3_isg_cd56dim_nk_cell_alr","l3_cd27_effector_b_cell_alt_alr",0.062,0.306451612903226,FALSE
"l3_cd27_effector_b_cell_alt_alr","l2_plasma_cell_alr",0.062,0.693548387096774,FALSE
"l3_cd27_effector_b_cell_alt_alr","l3_c1q_cd16_monocyte_alr",0.062,0.5,FALSE
"l3_cd27_effector_b_cell_alt_alr","l3_isg_cd56dim_nk_cell_alr",0.062,0.693548387096774,FALSE
"l3_gzmb_vd2_gdt_alr","l3_transitional_b_cell",0.062,0.645161290322581,FALSE
"l3_klrf1_effector_vd1_gdt_alr","l3_transitional_b_cell",0.062,0.774193548387097,FALSE
"l3_klrf1_effector_vd1_gdt_alr","l2_cd8aa_alr",0.062,0.451612903225806,FALSE
"l3_klrf1_effector_vd1_gdt_alr","l1_erythrocyte_alr",0.062,0.548387096774194,FALSE
"l3_klrf1_effector_vd1_gdt_alr","l1_platelet_alr",0.062,0.564516129032258,FALSE
"l3_klrf1_effector_vd1_gdt_alt_alr","l3_intermediate_monocyte",0.062,0.451612903225806,FALSE
"l3_cd4_mait_alr","l3_proliferating_nk_cell",0.062,0.870967741935484,FALSE
"l3_early_memory_b_cell_alr","l1_progenitor_cell_alr",0.062,0.612903225806452,FALSE
"l3_isg_memory_cd4_t_cell_alr","l2_ilc",0.062,0.82258064516129,FALSE
"l3_isg_memory_cd4_t_cell_alr","l2_effector_b_cell_alr",0.062,0.451612903225806,FALSE
"l3_isg_memory_cd4_t_cell_alr","l2_naive_cd8_t_cell_alr",0.062,0.564516129032258,FALSE
"l3_klrf1_gzmb_cd27_memory_cd4_t_cell_alr","sex",0.062,0,FALSE
"l3_klrf1_gzmb_cd27_memory_cd4_t_cell_alr","l2_asdc_alr",0.062,0.854838709677419,FALSE
"l3_klrf1_gzmb_cd27_memory_cd4_t_cell_alr","l2_cd16_monocyte_alr",0.062,0.758064516129032,FALSE
"l3_gzmb_cd27_em_cd4_t_cell_alr","l3_proliferating_nk_cell",0.062,0.661290322580645,FALSE
"l3_gzmb_cd27_em_cd4_t_cell_alr","l3_gzmk_memory_cd4_treg_alr",0.062,0.241935483870968,FALSE
"l3_isg_memory_cd8_t_cell_alr","l2_proliferating_nk_cell_alr",0.062,0.516129032258065,FALSE
"l3_isg_memory_cd8_t_cell_alr","l3_sox4_naive_cd4_t_cell_alr",0.062,0.338709677419355,FALSE
"l3_gzmk_cd27_em_cd8_t_cell_alt_alr","l3_cdc1",0.062,0.467741935483871,FALSE
"l3_gzmk_cd27_em_cd8_t_cell_alt_alr","l2_memory_b_cell_alr",0.062,0.403225806451613,FALSE
"l3_isg_naive_b_cell_alr","l3_proliferating_t_cell",0.062,0.467741935483871,FALSE
"l3_isg_naive_b_cell_alr","l2_memory_cd4_t_cell_alr",0.062,0.145161290322581,FALSE
"l3_sox4_naive_cd4_t_cell_alr","l3_isg_memory_cd8_t_cell_alr",0.062,0.661290322580645,FALSE
"l3_gzmk_memory_cd4_treg_alr","l3_gzmb_cd27_em_cd4_t_cell_alr",0.062,0.758064516129032,FALSE
"l3_klrb1_memory_cd4_treg_alr","l3_ilc",0.062,0.774193548387097,FALSE
"l3_klrb1_memory_cd4_treg_alr","l3_gzmk_cd56dim_nk_cell_alr",0.062,0.548387096774194,FALSE
"l3_klrb1_memory_cd8_treg_alr","l2_dn_t_cell_alr",0.062,0.403225806451613,FALSE
"l3_memory_cd8_treg_alr","l2_progenitor_cell",0.062,0.362903225806452,FALSE
"l3_memory_cd8_treg_alr","l2_effector_b_cell_alr",0.062,0.532258064516129,FALSE
"l3_memory_cd8_treg_alr","l3_il1b_cd14_monocyte_alr",0.062,0.548387096774194,FALSE
"l1_erythrocyte_alr","sex",0.062,0,FALSE
"l1_erythrocyte_alr","l3_klrf1_effector_vd1_gdt_alr",0.062,0.451612903225806,FALSE
"l1_platelet_alr","l3_klrf1_effector_vd1_gdt_alr",0.062,0.435483870967742,FALSE
"l1_progenitor_cell_alr","l3_early_memory_b_cell_alr",0.062,0.387096774193548,FALSE
"l2_erythrocyte","l3_cd14_cdc2_alr",0.061,0.557377049180328,FALSE
"l2_platelet","l3_asdc",0.061,0.131147540983607,FALSE
"l2_platelet","l2_mait_alr",0.061,0.131147540983607,FALSE
"l2_progenitor_cell","l3_cm_cd8_t_cell_alr",0.061,0.491803278688525,FALSE
"l3_asdc","l2_platelet",0.061,0.868852459016393,FALSE
"l3_cd56bright_nk_cell","l3_cdc1",0.061,0.426229508196721,FALSE
"l3_cd56bright_nk_cell","l3_klrb1_memory_cd8_treg_alr",0.061,0.475409836065574,FALSE
"l3_cd8aa","l3_isg_cdc2_alr",0.061,0.475409836065574,FALSE
"l3_cdc1","l3_cd56bright_nk_cell",0.061,0.573770491803279,FALSE
"l3_ilc","l3_isg_mait_alr",0.061,0.327868852459016,FALSE
"l3_intermediate_monocyte","l3_cd4_mait_alr",0.061,0.180327868852459,FALSE
"l3_platelet","l3_gzmk_cd27_em_cd8_t_cell_alt_alr",0.061,0.409836065573771,FALSE
"l3_transitional_b_cell","l3_type_2_polarized_memory_b_cell_alr",0.061,0.237704918032787,FALSE
"l3_baeomap_cell","l3_isg_memory_cd4_t_cell_alr",0.061,0.590163934426229,FALSE
"l2_effector_b_cell_alr","l2_pdc_alr",0.061,0.590163934426229,FALSE
"l2_effector_b_cell_alr","l3_sox4_vd1_gdt_alr",0.061,0.721311475409836,FALSE
"l2_memory_b_cell_alr","l2_proliferating_t_cell_alr",0.061,0.508196721311475,FALSE
"l2_memory_b_cell_alr","l1_platelet_alr",0.061,0.491803278688525,FALSE
"l2_plasma_cell_alr","l3_naive_vd1_gdt_alr",0.061,0.278688524590164,FALSE
"l2_transitional_b_cell_alr","l3_sox4_naive_cd4_t_cell_alr",0.061,0.377049180327869,FALSE
"l2_pdc_alr","l2_effector_b_cell_alr",0.061,0.409836065573771,FALSE
"l2_cd16_monocyte_alr","l3_isg_cd56dim_nk_cell_alr",0.061,0.754098360655738,FALSE
"l2_intermediate_monocyte_alr","l3_activated_memory_b_cell_alr",0.061,0.557377049180328,FALSE
"l2_intermediate_monocyte_alr","l3_isg_memory_cd8_t_cell_alr",0.061,0.622950819672131,FALSE
"l2_cd8aa_alr","l3_c1q_cd16_monocyte_alr",0.061,0.590163934426229,FALSE
"l2_dn_t_cell_alr","l3_adaptive_nk_cell_alr",0.061,0.295081967213115,FALSE
"l2_mait_alr","l2_platelet",0.061,0.868852459016393,FALSE
"l2_memory_cd8_t_cell_alr","l3_isg_naive_b_cell_alr",0.061,0.442622950819672,FALSE
"l2_proliferating_t_cell_alr","l2_memory_b_cell_alr",0.061,0.491803278688525,FALSE
"l2_proliferating_t_cell_alr","l3_gzmk_cd27_em_cd8_t_cell_alt_alr",0.061,0.688524590163935,FALSE
"l3_il1b_cd14_monocyte_alr","l1_monocyte_alr",0.061,0.459016393442623,FALSE
"l3_c1q_cd16_monocyte_alr","l2_cd8aa_alr",0.061,0.409836065573771,FALSE
"l3_isg_cd56dim_nk_cell_alr","l2_cd16_monocyte_alr",0.061,0.245901639344262,FALSE
"l3_adaptive_nk_cell_alr","l2_dn_t_cell_alr",0.061,0.704918032786885,FALSE
"l3_adaptive_nk_cell_alr","l3_klrb1_memory_cd4_treg_alr",0.061,0.459016393442623,FALSE
"l3_cd14_cdc2_alr","l2_erythrocyte",0.061,0.442622950819672,FALSE
"l3_isg_cdc2_alr","l3_cd8aa",0.061,0.524590163934426,FALSE
"l3_isg_cdc2_alr","l3_sox4_naive_cd4_t_cell_alr",0.061,0.409836065573771,FALSE
"l3_cd27_effector_b_cell_alt_alr","l1_b_cell_alr",0.061,0.459016393442623,FALSE
"l3_naive_vd1_gdt_alr","l2_plasma_cell_alr",0.061,0.721311475409836,FALSE
"l3_sox4_vd1_gdt_alr","l2_effector_b_cell_alr",0.061,0.278688524590164,FALSE
"l3_cd4_mait_alr","l3_intermediate_monocyte",0.061,0.819672131147541,FALSE
"l3_isg_mait_alr","l3_ilc",0.061,0.672131147540984,FALSE
"l3_activated_memory_b_cell_alr","l2_intermediate_monocyte_alr",0.061,0.442622950819672,FALSE
"l3_type_2_polarized_memory_b_cell_alr","l3_transitional_b_cell",0.061,0.762295081967213,FALSE
"l3_type_2_polarized_memory_b_cell_alr","l3_klrf1_gzmb_cd27_em_cd8_t_cell_alr",0.061,0.754098360655738,FALSE
"l3_isg_memory_cd4_t_cell_alr","l3_baeomap_cell",0.061,0.409836065573771,FALSE
"l3_isg_memory_cd8_t_cell_alr","l2_intermediate_monocyte_alr",0.061,0.377049180327869,FALSE
"l3_cm_cd8_t_cell_alr","l2_progenitor_cell",0.061,0.508196721311475,FALSE
"l3_gzmk_cd27_em_cd8_t_cell_alt_alr","l3_platelet",0.061,0.590163934426229,FALSE
"l3_gzmk_cd27_em_cd8_t_cell_alt_alr","l2_proliferating_t_cell_alr",0.061,0.311475409836066,FALSE
"l3_klrf1_gzmb_cd27_em_cd8_t_cell_alr","l3_type_2_polarized_memory_b_cell_alr",0.061,0.245901639344262,FALSE
"l3_isg_naive_b_cell_alr","l2_memory_cd8_t_cell_alr",0.061,0.557377049180328,FALSE
"l3_sox4_naive_cd4_t_cell_alr","l2_transitional_b_cell_alr",0.061,0.622950819672131,FALSE
"l3_sox4_naive_cd4_t_cell_alr","l3_isg_cdc2_alr",0.061,0.590163934426229,FALSE
"l3_isg_naive_cd8_t_cell_alr","l3_sox4_naive_cd8_t_cell_alr",0.061,0.327868852459016,FALSE
"l3_sox4_naive_cd8_t_cell_alr","l3_isg_naive_cd8_t_cell_alr",0.061,0.672131147540984,FALSE
"l3_klrb1_memory_cd4_treg_alr","l3_adaptive_nk_cell_alr",0.061,0.540983606557377,FALSE
"l3_klrb1_memory_cd8_treg_alr","l3_cd56bright_nk_cell",0.061,0.524590163934426,FALSE
"l1_monocyte_alr","l3_il1b_cd14_monocyte_alr",0.061,0.540983606557377,FALSE
"l1_b_cell_alr","l3_cd27_effector_b_cell_alt_alr",0.061,0.540983606557377,FALSE
"l1_platelet_alr","l2_memory_b_cell_alr",0.061,0.508196721311475,FALSE
"l3_cd56bright_nk_cell","l3_isg_naive_b_cell_alr",0.06,0.416666666666667,FALSE
"l3_ilc","l3_plasma_cell",0.06,0.416666666666667,FALSE
"l3_plasma_cell","l3_ilc",0.06,0.583333333333333,FALSE
"l3_isg_cd14_monocyte_alr","l3_sox4_vd1_gdt_alr",0.06,0.583333333333333,FALSE
"l3_sox4_vd1_gdt_alr","l3_isg_cd14_monocyte_alr",0.06,0.416666666666667,FALSE
"l3_isg_naive_b_cell_alr","l3_cd56bright_nk_cell",0.06,0.583333333333333,FALSE
"cmv","l2_cdc1_alr",0.06,1,FALSE
"l2_ilc","l2_plasma_cell_alr",0.06,0.266666666666667,FALSE
"l2_progenitor_cell","l3_isg_memory_cd8_t_cell_alr",0.06,0.716666666666667,FALSE
"l3_asdc","l2_intermediate_monocyte_alr",0.06,0.666666666666667,FALSE
"l3_asdc","l3_cd14_cdc2_alr",0.06,0.316666666666667,FALSE
"l3_asdc","l3_klrf1_effector_vd1_gdt_alr",0.06,0.733333333333333,FALSE
"l3_cd8aa","l3_cd27_effector_b_cell_alt_alr",0.06,0.5,FALSE
"l3_dn_t_cell","l3_klrf1_gzmb_cd27_memory_cd4_t_cell_alr",0.06,0.116666666666667,FALSE
"l3_ilc","l3_naive_vd1_gdt_alr",0.06,0.266666666666667,FALSE
"l3_ilc","l3_isg_memory_cd8_t_cell_alr",0.06,0.466666666666667,FALSE
"l3_plasma_cell","l3_il1b_cd14_monocyte_alr",0.06,0.483333333333333,FALSE
"l3_proliferating_nk_cell","l2_mait_alr",0.06,0.383333333333333,FALSE
"l3_proliferating_nk_cell","l3_cd14_cdc2_alr",0.06,0.283333333333333,FALSE
"l3_proliferating_nk_cell","l3_cd27_effector_b_cell_alt_alr",0.06,0.466666666666667,FALSE
"l3_proliferating_t_cell","l3_activated_memory_b_cell_alr",0.06,0.483333333333333,FALSE
"l3_transitional_b_cell","l2_intermediate_monocyte_alr",0.06,0.25,FALSE
"l3_transitional_b_cell","l1_ilc_alr",0.06,0.733333333333333,FALSE
"l2_memory_b_cell_alr","l1_progenitor_cell_alr",0.06,0.5,FALSE
"l2_plasma_cell_alr","l2_ilc",0.06,0.733333333333333,FALSE
"l2_cdc1_alr","cmv",0.06,0,FALSE
"l2_cd16_monocyte_alr","l1_erythrocyte_alr",0.06,0.733333333333333,FALSE
"l2_intermediate_monocyte_alr","l3_asdc",0.06,0.333333333333333,FALSE
"l2_intermediate_monocyte_alr","l3_transitional_b_cell",0.06,0.75,FALSE
"l2_intermediate_monocyte_alr","l3_cd95_memory_b_cell_alr",0.06,0.383333333333333,FALSE
"l2_intermediate_monocyte_alr","l3_gzmk_memory_cd4_treg_alr",0.06,0.333333333333333,FALSE
"l2_dn_t_cell_alr","l3_early_memory_b_cell_alr",0.06,0.333333333333333,FALSE
"l2_mait_alr","l3_proliferating_nk_cell",0.06,0.616666666666667,FALSE
"l2_naive_cd8_t_cell_alr","l3_clp_cell_alr",0.06,0.466666666666667,FALSE
"l3_il1b_cd14_monocyte_alr","l3_plasma_cell",0.06,0.516666666666667,FALSE
"l3_il1b_cd14_monocyte_alr","l3_isg_naive_cd4_t_cell_alr",0.06,0.316666666666667,FALSE
"l3_c1q_cd16_monocyte_alr","l3_cd4_mait_alr",0.06,0.25,FALSE
"l3_isg_cd16_monocyte_alr","l3_klrb1_memory_cd4_treg_alr",0.06,0.483333333333333,FALSE
"l3_cd14_cdc2_alr","l3_asdc",0.06,0.683333333333333,FALSE
"l3_cd14_cdc2_alr","l3_proliferating_nk_cell",0.06,0.716666666666667,FALSE
"l3_isg_cdc2_alr","l3_sox4_naive_cd8_t_cell_alr",0.06,0.3,FALSE
"l3_cd27_effector_b_cell_alt_alr","l3_cd8aa",0.06,0.5,FALSE
"l3_cd27_effector_b_cell_alt_alr","l3_proliferating_nk_cell",0.06,0.533333333333333,FALSE
"l3_klrf1_effector_vd1_gdt_alr","l3_asdc",0.06,0.266666666666667,FALSE
"l3_naive_vd1_gdt_alr","l3_ilc",0.06,0.733333333333333,FALSE
"l3_cd4_mait_alr","l3_c1q_cd16_monocyte_alr",0.06,0.75,FALSE
"l3_cd4_mait_alr","l3_sox4_naive_cd8_t_cell_alr",0.06,0.683333333333333,FALSE
"l3_activated_memory_b_cell_alr","l3_proliferating_t_cell",0.06,0.516666666666667,FALSE
"l3_cd95_memory_b_cell_alr","l2_intermediate_monocyte_alr",0.06,0.616666666666667,FALSE
"l3_early_memory_b_cell_alr","l2_dn_t_cell_alr",0.06,0.666666666666667,FALSE
"l3_early_memory_b_cell_alr","l3_naive_cd4_treg_alr",0.06,0.55,FALSE
"l3_klrf1_gzmb_cd27_memory_cd4_t_cell_alr","l3_dn_t_cell",0.06,0.883333333333333,FALSE
"l3_isg_memory_cd8_t_cell_alr","l2_progenitor_cell",0.06,0.283333333333333,FALSE
"l3_isg_memory_cd8_t_cell_alr","l3_ilc",0.06,0.533333333333333,FALSE
"l3_isg_naive_cd4_t_cell_alr","l3_il1b_cd14_monocyte_alr",0.06,0.683333333333333,FALSE
"l3_sox4_naive_cd8_t_cell_alr","l3_isg_cdc2_alr",0.06,0.7,FALSE
"l3_sox4_naive_cd8_t_cell_alr","l3_cd4_mait_alr",0.06,0.316666666666667,FALSE
"l3_clp_cell_alr","l2_naive_cd8_t_cell_alr",0.06,0.533333333333333,FALSE
"l3_gzmk_memory_cd4_treg_alr","l2_intermediate_monocyte_alr",0.06,0.666666666666667,FALSE
"l3_klrb1_memory_cd4_treg_alr","l3_isg_cd16_monocyte_alr",0.06,0.516666666666667,FALSE
"l3_naive_cd4_treg_alr","l3_early_memory_b_cell_alr",0.06,0.45,FALSE
"l1_erythrocyte_alr","l2_cd16_monocyte_alr",0.06,0.266666666666667,FALSE
"l1_ilc_alr","l3_transitional_b_cell",0.06,0.266666666666667,FALSE
"l1_progenitor_cell_alr","l2_memory_b_cell_alr",0.06,0.5,FALSE
"l3_cd8aa","l3_klrf1_effector_vd1_gdt_alr",0.059,0.593220338983051,FALSE
"l3_cdc1","l3_klrf1_effector_vd1_gdt_alr",0.059,0.576271186440678,FALSE
"l3_erythrocyte","l3_isg_mait_alr",0.059,0.711864406779661,FALSE
"l3_intermediate_monocyte","l3_gzmb_vd2_gdt_alr",0.059,0.406779661016949,FALSE
"l3_pdc","l3_sox4_vd1_gdt_alr",0.059,0.576271186440678,FALSE
"l3_transitional_b_cell","l3_klrf1_gzmb_cd27_memory_cd4_t_cell_alr",0.059,0.0338983050847458,FALSE
"l3_baeomap_cell","l3_adaptive_nk_cell_alr",0.059,0.576271186440678,FALSE
"l3_adaptive_nk_cell_alr","l3_baeomap_cell",0.059,0.423728813559322,FALSE
"l3_gzmb_vd2_gdt_alr","l3_intermediate_monocyte",0.059,0.593220338983051,FALSE
"l3_klrf1_effector_vd1_gdt_alr","l3_cd8aa",0.059,0.406779661016949,FALSE
"l3_klrf1_effector_vd1_gdt_alr","l3_cdc1",0.059,0.423728813559322,FALSE
"l3_klrf1_effector_vd1_gdt_alr","l3_klrb1_memory_cd4_treg_alr",0.059,0.288135593220339,FALSE
"l3_sox4_vd1_gdt_alr","l3_pdc",0.059,0.423728813559322,FALSE
"l3_cd4_mait_alr","l3_activated_memory_b_cell_alr",0.059,0.711864406779661,FALSE
"l3_isg_mait_alr","l3_erythrocyte",0.059,0.288135593220339,FALSE
"l3_activated_memory_b_cell_alr","l3_cd4_mait_alr",0.059,0.288135593220339,FALSE
"l3_klrf1_gzmb_cd27_memory_cd4_t_cell_alr","l3_transitional_b_cell",0.059,0.966101694915254,FALSE
"l3_klrb1_memory_cd4_treg_alr","l3_klrf1_effector_vd1_gdt_alr",0.059,0.711864406779661,FALSE
"cmv","l3_isg_mait_alr",0.059,1,FALSE
"l2_erythrocyte","l2_proliferating_t_cell_alr",0.059,0.338983050847458,FALSE
"l2_ilc","l2_proliferating_nk_cell_alr",0.059,0.305084745762712,FALSE
"l2_ilc","l3_klrb1_memory_cd8_treg_alr",0.059,0.313559322033898,FALSE
"l2_progenitor_cell","l2_memory_b_cell_alr",0.059,0.508474576271186,FALSE
"l3_asdc","l3_il1b_cd14_monocyte_alr",0.059,0.559322033898305,FALSE
"l3_cd56bright_nk_cell","l2_mait_alr",0.059,0.474576271186441,FALSE
"l3_erythrocyte","l3_naive_vd1_gdt_alr",0.059,0.491525423728814,FALSE
"l3_erythrocyte","l3_gzmk_cd27_em_cd8_t_cell_alt_alr",0.059,0.508474576271186,FALSE
"l3_intermediate_monocyte","l2_treg_alr",0.059,0.254237288135593,FALSE
"l3_intermediate_monocyte","l3_isg_cdc2_alr",0.059,0.203389830508475,FALSE
"l3_pdc","l3_isg_cd14_monocyte_alr",0.059,0.559322033898305,FALSE
"l3_platelet","l3_cd14_cdc2_alr",0.059,0.322033898305085,FALSE
"l3_proliferating_t_cell","l3_gzmk_cd27_em_cd8_t_cell_alt_alr",0.059,0.76271186440678,FALSE
"l2_memory_b_cell_alr","l2_progenitor_cell",0.059,0.491525423728814,FALSE
"l2_plasma_cell_alr","l1_ilc_alr",0.059,0.610169491525424,FALSE
"l2_pdc_alr","l3_c1q_cd16_monocyte_alr",0.059,0.559322033898305,FALSE
"l2_pdc_alr","l3_sox4_naive_cd8_t_cell_alr",0.059,0.508474576271186,FALSE
"l2_proliferating_nk_cell_alr","l2_ilc",0.059,0.694915254237288,FALSE
"l2_proliferating_nk_cell_alr","l3_type_2_polarized_memory_b_cell_alr",0.059,0.220338983050847,FALSE
"l2_mait_alr","l3_cd56bright_nk_cell",0.059,0.525423728813559,FALSE
"l2_memory_cd8_t_cell_alr","l3_il1b_cd14_monocyte_alr",0.059,0.508474576271186,FALSE
"l2_proliferating_t_cell_alr","l2_erythrocyte",0.059,0.661016949152542,FALSE
"l2_treg_alr","l3_intermediate_monocyte",0.059,0.745762711864407,FALSE
"l3_il1b_cd14_monocyte_alr","l3_asdc",0.059,0.440677966101695,FALSE
"l3_il1b_cd14_monocyte_alr","l2_memory_cd8_t_cell_alr",0.059,0.491525423728814,FALSE
"l3_isg_cd14_monocyte_alr","l3_pdc",0.059,0.440677966101695,FALSE
"l3_isg_cd14_monocyte_alr","l3_early_memory_b_cell_alr",0.059,0.372881355932203,FALSE
"l3_isg_cd14_monocyte_alr","l3_klrf1_gzmb_cd27_memory_cd4_t_cell_alr",0.059,0.220338983050847,FALSE
"l3_c1q_cd16_monocyte_alr","l2_pdc_alr",0.059,0.440677966101695,FALSE
"l3_c1q_cd16_monocyte_alr","l1_dc_alr",0.059,0.220338983050847,FALSE
"l3_cd14_cdc2_alr","l3_platelet",0.059,0.677966101694915,FALSE
"l3_isg_cdc2_alr","l3_intermediate_monocyte",0.059,0.796610169491526,FALSE
"l3_naive_vd1_gdt_alr","l3_erythrocyte",0.059,0.508474576271186,FALSE
"l3_naive_vd1_gdt_alr","l3_isg_naive_cd4_t_cell_alr",0.059,0.372881355932203,FALSE
"l3_isg_mait_alr","cmv",0.059,0,FALSE
"l3_early_memory_b_cell_alr","l3_isg_cd14_monocyte_alr",0.059,0.627118644067797,FALSE
"l3_type_2_polarized_memory_b_cell_alr","l2_proliferating_nk_cell_alr",0.059,0.779661016949153,FALSE
"l3_type_2_polarized_memory_b_cell_alr","l1_progenitor_cell_alr",0.059,0.389830508474576,FALSE
"l3_klrf1_gzmb_cd27_memory_cd4_t_cell_alr","l3_isg_cd14_monocyte_alr",0.059,0.779661016949153,FALSE
"l3_gzmk_cd27_em_cd8_t_cell_alt_alr","l3_erythrocyte",0.059,0.491525423728814,FALSE
"l3_gzmk_cd27_em_cd8_t_cell_alt_alr","l3_proliferating_t_cell",0.059,0.23728813559322,FALSE
"l3_isg_naive_cd4_t_cell_alr","l3_naive_vd1_gdt_alr",0.059,0.627118644067797,FALSE
"l3_isg_naive_cd4_t_cell_alr","l3_gzmk_memory_cd4_treg_alr",0.059,0.355932203389831,FALSE
"l3_sox4_naive_cd8_t_cell_alr","l2_pdc_alr",0.059,0.491525423728814,FALSE
"l3_gzmk_memory_cd4_treg_alr","l3_isg_naive_cd4_t_cell_alr",0.059,0.64406779661017,FALSE
"l3_klrb1_memory_cd8_treg_alr","l2_ilc",0.059,0.686440677966102,FALSE
"l1_dc_alr","l3_c1q_cd16_monocyte_alr",0.059,0.779661016949153,FALSE
"l1_ilc_alr","l2_plasma_cell_alr",0.059,0.389830508474576,FALSE
"l1_progenitor_cell_alr","l3_type_2_polarized_memory_b_cell_alr",0.059,0.610169491525424,FALSE
"age_group","l3_klrb1_memory_cd8_treg_alr",0.058,1,FALSE
"cmv","l1_dc_alr",0.058,1,FALSE
"l2_erythrocyte","l3_isg_cdc2_alr",0.058,0.603448275862069,FALSE
"l2_erythrocyte","l3_isg_memory_cd8_t_cell_alr",0.058,0.431034482758621,FALSE
"l3_cdc1","l2_proliferating_nk_cell_alr",0.058,0.706896551724138,FALSE
"l3_dn_t_cell","l3_gzmk_cd56dim_nk_cell_alr",0.058,0.706896551724138,FALSE
"l3_ilc","l3_cd95_memory_b_cell_alr",0.058,0.396551724137931,FALSE
"l2_plasma_cell_alr","l3_klrf1_effector_vd1_gdt_alt_alr",0.058,0.293103448275862,FALSE
"l2_asdc_alr","l3_klrf1_effector_vd1_gdt_alr",0.058,0.706896551724138,FALSE
"l2_proliferating_nk_cell_alr","l3_cdc1",0.058,0.293103448275862,FALSE
"l2_cd8aa_alr","l3_cd14_cdc2_alr",0.058,0.396551724137931,FALSE
"l2_naive_cd8_t_cell_alr","l3_gzmk_cd27_em_cd8_t_cell_alt_alr",0.058,0.603448275862069,FALSE
"l3_gzmk_cd56dim_nk_cell_alr","l3_dn_t_cell",0.058,0.293103448275862,FALSE
"l3_cd14_cdc2_alr","l2_cd8aa_alr",0.058,0.603448275862069,FALSE
"l3_isg_cdc2_alr","l2_erythrocyte",0.058,0.396551724137931,FALSE
"l3_klrf1_effector_vd1_gdt_alr","l2_asdc_alr",0.058,0.293103448275862,FALSE
"l3_klrf1_effector_vd1_gdt_alt_alr","l2_plasma_cell_alr",0.058,0.706896551724138,FALSE
"l3_naive_vd1_gdt_alr","l3_gzmk_cd27_em_cd8_t_cell_alt_alr",0.058,0.568965517241379,FALSE
"l3_cd95_memory_b_cell_alr","l3_ilc",0.058,0.603448275862069,FALSE
"l3_early_memory_b_cell_alr","l3_gzmb_cd27_em_cd4_t_cell_alt_alr",0.058,0.431034482758621,FALSE
"l3_gzmb_cd27_em_cd4_t_cell_alt_alr","l3_early_memory_b_cell_alr",0.058,0.568965517241379,FALSE
"l3_isg_memory_cd8_t_cell_alr","l2_erythrocyte",0.058,0.568965517241379,FALSE
"l3_cm_cd8_t_cell_alr","l1_erythrocyte_alr",0.058,0.396551724137931,FALSE
"l3_gzmk_cd27_em_cd8_t_cell_alt_alr","l2_naive_cd8_t_cell_alr",0.058,0.396551724137931,FALSE
"l3_gzmk_cd27_em_cd8_t_cell_alt_alr","l3_naive_vd1_gdt_alr",0.058,0.431034482758621,FALSE
"l3_sox4_naive_cd8_t_cell_alr","l1_platelet_alr",0.058,0.431034482758621,FALSE
"l3_klrb1_memory_cd8_treg_alr","age_group",0.058,0,FALSE
"l1_dc_alr","cmv",0.058,0,FALSE
"l1_erythrocyte_alr","l3_cm_cd8_t_cell_alr",0.058,0.603448275862069,FALSE
"l1_platelet_alr","l3_sox4_naive_cd8_t_cell_alr",0.058,0.568965517241379,FALSE
"l2_erythrocyte","l3_gzmk_cd56dim_nk_cell_alr",0.058,0.620689655172414,FALSE
"l2_ilc","l3_cd14_cdc2_alr",0.058,0.336206896551724,FALSE
"l3_cd56bright_nk_cell","l3_isg_cd14_monocyte_alr",0.058,0.344827586206897,FALSE
"l3_dn_t_cell","l3_cd4_mait_alr",0.058,0.344827586206897,FALSE
"l3_baeomap_cell","l3_isg_cdc2_alr",0.058,0.793103448275862,FALSE
"l2_memory_b_cell_alr","l2_cdc1_alr",0.058,0.482758620689655,FALSE
"l2_cdc1_alr","l2_memory_b_cell_alr",0.058,0.517241379310345,FALSE
"l2_intermediate_monocyte_alr","l3_klrb1_memory_cd8_treg_alr",0.058,0.362068965517241,FALSE
"l2_cd8aa_alr","l3_cd4_mait_alr",0.058,0.327586206896552,FALSE
"l2_cd8aa_alr","l3_clp_cell_alr",0.058,0.482758620689655,FALSE
"l2_dn_t_cell_alr","l3_isg_cd16_monocyte_alr",0.058,0.327586206896552,FALSE
"l3_isg_cd14_monocyte_alr","l3_cd56bright_nk_cell",0.058,0.655172413793103,FALSE
"l3_isg_cd16_monocyte_alr","l2_dn_t_cell_alr",0.058,0.672413793103448,FALSE
"l3_isg_cd16_monocyte_alr","l3_type_2_polarized_memory_b_cell_alr",0.058,0.456896551724138,FALSE
"l3_isg_cd16_monocyte_alr","l3_gzmk_cd27_em_cd8_t_cell_alt_alr",0.058,0.517241379310345,FALSE
"l3_gzmk_cd56dim_nk_cell_alr","l2_erythrocyte",0.058,0.379310344827586,FALSE
"l3_gzmk_cd56dim_nk_cell_alr","l3_sox4_vd1_gdt_alr",0.058,0.517241379310345,FALSE
"l3_isg_cd56dim_nk_cell_alr","l3_activated_memory_b_cell_alr",0.058,0.448275862068966,FALSE
"l3_isg_cd56dim_nk_cell_alr","l3_naive_cd4_treg_alr",0.058,0.517241379310345,FALSE
"l3_cd14_cdc2_alr","l2_ilc",0.058,0.663793103448276,FALSE
"l3_isg_cdc2_alr","l3_baeomap_cell",0.058,0.206896551724138,FALSE
"l3_isg_cdc2_alr","l3_early_memory_b_cell_alr",0.058,0.379310344827586,FALSE
"l3_cd27_effector_b_cell_alt_alr","l3_isg_mait_alr",0.058,0.655172413793103,FALSE
"l3_sox4_vd1_gdt_alr","l3_gzmk_cd56dim_nk_cell_alr",0.058,0.482758620689655,FALSE
"l3_cd4_mait_alr","l3_dn_t_cell",0.058,0.655172413793103,FALSE
"l3_cd4_mait_alr","l2_cd8aa_alr",0.058,0.672413793103448,FALSE
"l3_cd4_mait_alr","l3_isg_naive_cd8_t_cell_alr",0.058,0.758620689655172,FALSE
"l3_isg_mait_alr","l3_cd27_effector_b_cell_alt_alr",0.058,0.344827586206897,FALSE
"l3_activated_memory_b_cell_alr","l3_isg_cd56dim_nk_cell_alr",0.058,0.551724137931035,FALSE
"l3_early_memory_b_cell_alr","l3_isg_cdc2_alr",0.058,0.620689655172414,FALSE
"l3_type_2_polarized_memory_b_cell_alr","l3_isg_cd16_monocyte_alr",0.058,0.543103448275862,FALSE
"l3_isg_memory_cd8_t_cell_alr","l1_nk_cell_alr",0.058,0.620689655172414,FALSE
"l3_gzmk_cd27_em_cd8_t_cell_alt_alr","l3_isg_cd16_monocyte_alr",0.058,0.482758620689655,FALSE
"l3_isg_naive_cd8_t_cell_alr","l3_cd4_mait_alr",0.058,0.241379310344828,FALSE
"l3_clp_cell_alr","l2_cd8aa_alr",0.058,0.517241379310345,FALSE
"l3_klrb1_memory_cd8_treg_alr","l2_intermediate_monocyte_alr",0.058,0.637931034482759,FALSE
"l3_naive_cd4_treg_alr","l3_isg_cd56dim_nk_cell_alr",0.058,0.482758620689655,FALSE
"l1_nk_cell_alr","l3_isg_memory_cd8_t_cell_alr",0.058,0.379310344827586,FALSE
"cmv","l3_transitional_b_cell",0.057,1,FALSE
"l2_platelet","l3_baeomap_cell",0.057,0.403508771929825,FALSE
"l2_platelet","l2_cd8aa_alr",0.057,0.140350877192982,FALSE
"l2_progenitor_cell","l3_pdc",0.057,0.701754385964912,FALSE
"l3_intermediate_monocyte","l3_gzmk_memory_cd4_treg_alr",0.057,0.280701754385965,FALSE
"l3_pdc","l2_progenitor_cell",0.057,0.298245614035088,FALSE
"l3_transitional_b_cell","cmv",0.057,0,FALSE
"l3_baeomap_cell","l2_platelet",0.057,0.596491228070175,FALSE
"l2_asdc_alr","l2_cd16_monocyte_alr",0.057,0.403508771929825,FALSE
"l2_cd16_monocyte_alr","l2_asdc_alr",0.057,0.596491228070175,FALSE
"l2_cd56bright_nk_cell_alr","l3_isg_mait_alr",0.057,0.56140350877193,FALSE
"l2_cd8aa_alr","l2_platelet",0.057,0.859649122807018,FALSE
"l3_il1b_cd14_monocyte_alr","l3_sox4_vd1_gdt_alr",0.057,0.578947368421053,FALSE
"l3_c1q_cd16_monocyte_alr","l3_sox4_naive_cd8_t_cell_alr",0.057,0.701754385964912,FALSE
"l3_adaptive_nk_cell_alr","l3_isg_naive_cd4_t_cell_alr",0.057,0.403508771929825,FALSE
"l3_isg_cdc2_alr","l3_sox4_vd1_gdt_alr",0.057,0.429824561403509,FALSE
"l3_sox4_vd1_gdt_alr","l3_il1b_cd14_monocyte_alr",0.057,0.421052631578947,FALSE
"l3_sox4_vd1_gdt_alr","l3_isg_cdc2_alr",0.057,0.570175438596491,FALSE
"l3_isg_mait_alr","l2_cd56bright_nk_cell_alr",0.057,0.43859649122807,FALSE
"l3_activated_memory_b_cell_alr","l3_sox4_naive_cd4_t_cell_alr",0.057,0.578947368421053,FALSE
"l3_cd95_memory_b_cell_alr","l3_isg_naive_cd4_t_cell_alr",0.057,0.43859649122807,FALSE
"l3_isg_naive_cd4_t_cell_alr","l3_adaptive_nk_cell_alr",0.057,0.596491228070175,FALSE
"l3_isg_naive_cd4_t_cell_alr","l3_cd95_memory_b_cell_alr",0.057,0.56140350877193,FALSE
"l3_sox4_naive_cd4_t_cell_alr","l3_activated_memory_b_cell_alr",0.057,0.421052631578947,FALSE
"l3_sox4_naive_cd8_t_cell_alr","l3_c1q_cd16_monocyte_alr",0.057,0.298245614035088,FALSE
"l3_gzmk_memory_cd4_treg_alr","l3_intermediate_monocyte",0.057,0.719298245614035,FALSE
"l2_erythrocyte","l3_isg_cd16_monocyte_alr",0.057,0.350877192982456,FALSE
"l2_ilc","l3_sox4_naive_cd8_t_cell_alr",0.057,0.105263157894737,FALSE
"l2_platelet","l2_memory_cd8_t_cell_alr",0.057,0.192982456140351,FALSE
"l3_erythrocyte","l2_cd16_monocyte_alr",0.057,0.350877192982456,FALSE
"l3_erythrocyte","l3_il1b_cd14_monocyte_alr",0.057,0.350877192982456,FALSE
"l3_intermediate_monocyte","l3_klrb1_memory_cd4_treg_alr",0.057,0.368421052631579,FALSE
"l3_pdc","l2_memory_b_cell_alr",0.057,0.543859649122807,FALSE
"l2_memory_b_cell_alr","l3_pdc",0.057,0.456140350877193,FALSE
"l2_transitional_b_cell_alr","l3_gzmb_cd27_em_cd4_t_cell_alr",0.057,0.666666666666667,FALSE
"l2_pdc_alr","l3_gzmb_cd27_em_cd4_t_cell_alr",0.057,0.526315789473684,FALSE
"l2_cd16_monocyte_alr","l3_erythrocyte",0.057,0.649122807017544,FALSE
"l2_memory_cd8_t_cell_alr","l2_platelet",0.057,0.807017543859649,FALSE
"l3_il1b_cd14_monocyte_alr","l3_erythrocyte",0.057,0.649122807017544,FALSE
"l3_isg_cd16_monocyte_alr","l2_erythrocyte",0.057,0.649122807017544,FALSE
"l3_isg_cdc2_alr","l3_isg_memory_cd8_t_cell_alr",0.057,0.649122807017544,FALSE
"l3_cd27_effector_b_cell_alt_alr","l3_isg_memory_cd4_t_cell_alr",0.057,0.666666666666667,FALSE
"l3_cd27_effector_b_cell_alt_alr","l1_platelet_alr",0.057,0.473684210526316,FALSE
"l3_naive_vd1_gdt_alr","l3_isg_naive_b_cell_alr",0.057,0.631578947368421,FALSE
"l3_cd95_memory_b_cell_alr","l1_nk_cell_alr",0.057,0.526315789473684,FALSE
"l3_isg_memory_cd4_t_cell_alr","l3_cd27_effector_b_cell_alt_alr",0.057,0.333333333333333,FALSE
"l3_gzmb_cd27_em_cd4_t_cell_alr","l2_transitional_b_cell_alr",0.057,0.333333333333333,FALSE
"l3_gzmb_cd27_em_cd4_t_cell_alr","l2_pdc_alr",0.057,0.473684210526316,FALSE
"l3_isg_memory_cd8_t_cell_alr","l3_isg_cdc2_alr",0.057,0.350877192982456,FALSE
"l3_gzmk_cd27_em_cd8_t_cell_alt_alr","l1_erythrocyte_alr",0.057,0.315789473684211,FALSE
"l3_isg_naive_b_cell_alr","l3_naive_vd1_gdt_alr",0.057,0.368421052631579,FALSE
"l3_isg_naive_cd8_t_cell_alr","l1_erythrocyte_alr",0.057,0.456140350877193,FALSE
"l3_sox4_naive_cd8_t_cell_alr","l2_ilc",0.057,0.894736842105263,FALSE
"l3_clp_cell_alr","l3_naive_cd4_treg_alr",0.057,0.649122807017544,FALSE
"l3_klrb1_memory_cd4_treg_alr","l3_intermediate_monocyte",0.057,0.631578947368421,FALSE
"l3_naive_cd4_treg_alr","l3_clp_cell_alr",0.057,0.350877192982456,FALSE
"l1_nk_cell_alr","l3_cd95_memory_b_cell_alr",0.057,0.473684210526316,FALSE
"l1_erythrocyte_alr","l3_gzmk_cd27_em_cd8_t_cell_alt_alr",0.057,0.684210526315789,FALSE
"l1_erythrocyte_alr","l3_isg_naive_cd8_t_cell_alr",0.057,0.543859649122807,FALSE
"l1_platelet_alr","l3_cd27_effector_b_cell_alt_alr",0.057,0.526315789473684,FALSE
"l2_progenitor_cell","l3_gzmb_vd2_gdt_alr",0.056,0.625,FALSE
"l3_gzmb_vd2_gdt_alr","l2_progenitor_cell",0.056,0.375,FALSE
"age_group","l3_gzmk_cd56dim_nk_cell_alr",0.056,1,FALSE
"sex","l3_naive_cd4_treg_alr",0.056,1,FALSE
"cmv","l3_clp_cell_alr",0.056,1,FALSE
"l3_cd56bright_nk_cell","l3_isg_memory_cd8_t_cell_alr",0.056,0.571428571428571,FALSE
"l3_baeomap_cell","l3_isg_naive_b_cell_alr",0.056,0.553571428571429,FALSE
"l2_cdc1_alr","l2_proliferating_t_cell_alr",0.056,0.589285714285714,FALSE
"l2_cd8aa_alr","l3_cd27_effector_b_cell_alt_alr",0.056,0.446428571428571,FALSE
"l2_proliferating_t_cell_alr","l2_cdc1_alr",0.056,0.410714285714286,FALSE
"l3_isg_cd14_monocyte_alr","l3_cd27_effector_b_cell_alt_alr",0.056,0.589285714285714,FALSE
"l3_isg_cd14_monocyte_alr","l3_klrb1_memory_cd4_treg_alr",0.056,0.589285714285714,FALSE
"l3_gzmk_cd56dim_nk_cell_alr","age_group",0.056,0,FALSE
"l3_cd27_effector_b_cell_alt_alr","l2_cd8aa_alr",0.056,0.553571428571429,FALSE
"l3_cd27_effector_b_cell_alt_alr","l3_isg_cd14_monocyte_alr",0.056,0.410714285714286,FALSE
"l3_naive_vd1_gdt_alr","l3_isg_memory_cd4_t_cell_alr",0.056,0.267857142857143,FALSE
"l3_activated_memory_b_cell_alr","l3_klrf1_gzmb_cd27_memory_cd4_t_cell_alr",0.056,0.285714285714286,FALSE
"l3_isg_memory_cd4_t_cell_alr","l3_naive_vd1_gdt_alr",0.056,0.732142857142857,FALSE
"l3_klrf1_gzmb_cd27_memory_cd4_t_cell_alr","l3_activated_memory_b_cell_alr",0.056,0.714285714285714,FALSE
"l3_isg_memory_cd8_t_cell_alr","l3_cd56bright_nk_cell",0.056,0.428571428571429,FALSE
"l3_isg_memory_cd8_t_cell_alr","l3_sox4_naive_cd8_t_cell_alr",0.056,0.607142857142857,FALSE
"l3_isg_naive_b_cell_alr","l3_baeomap_cell",0.056,0.446428571428571,FALSE
"l3_sox4_naive_cd8_t_cell_alr","l3_isg_memory_cd8_t_cell_alr",0.056,0.392857142857143,FALSE
"l3_clp_cell_alr","cmv",0.056,0,FALSE
"l3_klrb1_memory_cd4_treg_alr","l3_isg_cd14_monocyte_alr",0.056,0.410714285714286,FALSE
"l3_klrb1_memory_cd8_treg_alr","l1_erythrocyte_alr",0.056,0.75,FALSE
"l3_naive_cd4_treg_alr","sex",0.056,0,FALSE
"l1_erythrocyte_alr","l3_klrb1_memory_cd8_treg_alr",0.056,0.25,FALSE
"l2_platelet","l3_isg_naive_cd4_t_cell_alr",0.056,0.196428571428571,FALSE
"l2_platelet","l3_sox4_naive_cd8_t_cell_alr",0.056,0.321428571428571,FALSE
"l3_asdc","l3_gzmk_cd27_em_cd8_t_cell_alt_alr",0.056,0.535714285714286,FALSE
"l3_cd56bright_nk_cell","l3_cd95_memory_b_cell_alr",0.056,0.535714285714286,FALSE
"l3_ilc","l3_klrf1_effector_vd1_gdt_alt_alr",0.056,0.339285714285714,FALSE
"l3_ilc","l3_sox4_naive_cd8_t_cell_alr",0.056,0.232142857142857,FALSE
"l3_intermediate_monocyte","l3_cd95_memory_b_cell_alr",0.056,0.357142857142857,FALSE
"l2_cd56bright_nk_cell_alr","l3_type_2_polarized_memory_b_cell_alr",0.056,0.339285714285714,FALSE
"l3_gzmb_vd2_gdt_alr","l3_gzmb_cd27_em_cd4_t_cell_alt_alr",0.056,0.642857142857143,FALSE
"l3_klrf1_effector_vd1_gdt_alt_alr","l3_ilc",0.056,0.660714285714286,FALSE
"l3_cd95_memory_b_cell_alr","l3_cd56bright_nk_cell",0.056,0.464285714285714,FALSE
"l3_cd95_memory_b_cell_alr","l3_intermediate_monocyte",0.056,0.642857142857143,FALSE
"l3_type_2_polarized_memory_b_cell_alr","l2_cd56bright_nk_cell_alr",0.056,0.660714285714286,FALSE
"l3_gzmb_cd27_em_cd4_t_cell_alt_alr","l3_gzmb_vd2_gdt_alr",0.056,0.357142857142857,FALSE
"l3_gzmb_cd27_em_cd4_t_cell_alt_alr","l3_clp_cell_alr",0.056,0.464285714285714,FALSE
"l3_gzmk_cd27_em_cd8_t_cell_alt_alr","l3_asdc",0.056,0.464285714285714,FALSE
"l3_isg_naive_cd4_t_cell_alr","l2_platelet",0.056,0.803571428571429,FALSE
"l3_sox4_naive_cd8_t_cell_alr","l2_platelet",0.056,0.678571428571429,FALSE
"l3_sox4_naive_cd8_t_cell_alr","l3_ilc",0.056,0.767857142857143,FALSE
"l3_sox4_naive_cd8_t_cell_alr","l1_erythrocyte_alr",0.056,0.678571428571429,FALSE
"l3_clp_cell_alr","l3_gzmb_cd27_em_cd4_t_cell_alt_alr",0.056,0.535714285714286,FALSE
"l1_erythrocyte_alr","l3_sox4_naive_cd8_t_cell_alr",0.056,0.321428571428571,FALSE
"l2_memory_b_cell_alr","l3_klrf1_gzmb_cd27_em_cd8_t_cell_alt_alr",0.055,0.363636363636364,FALSE
"l3_isg_cdc2_alr","l3_klrf1_gzmb_cd27_em_cd8_t_cell_alr",0.055,0.363636363636364,FALSE
"l3_klrf1_gzmb_cd27_em_cd8_t_cell_alr","l3_isg_cdc2_alr",0.055,0.636363636363636,FALSE
"l3_klrf1_gzmb_cd27_em_cd8_t_cell_alt_alr","l2_memory_b_cell_alr",0.055,0.636363636363636,FALSE
"age_group","l3_activated_memory_b_cell_alr",0.055,1,FALSE
"sex","l1_b_cell_alr",0.055,1,FALSE
"l2_erythrocyte","l2_cd56bright_nk_cell_alr",0.055,0.254545454545455,FALSE
"l2_erythrocyte","l2_treg_alr",0.055,0.454545454545455,FALSE
"l3_asdc","l3_transitional_b_cell",0.055,0.472727272727273,FALSE
"l3_asdc","l3_isg_cd16_monocyte_alr",0.055,0.509090909090909,FALSE
"l3_platelet","l3_klrf1_effector_vd1_gdt_alr",0.055,0.290909090909091,FALSE
"l3_transitional_b_cell","l3_asdc",0.055,0.527272727272727,FALSE
"l3_transitional_b_cell","l3_isg_cdc2_alr",0.055,0.509090909090909,FALSE
"l2_effector_b_cell_alr","l3_isg_naive_cd8_t_cell_alr",0.055,0.836363636363636,FALSE
"l2_plasma_cell_alr","l2_cd8aa_alr",0.055,0.4,FALSE
"l2_transitional_b_cell_alr","l3_isg_cdc2_alr",0.055,0.490909090909091,FALSE
"l2_cdc1_alr","l3_klrb1_memory_cd8_treg_alr",0.055,0.472727272727273,FALSE
"l2_intermediate_monocyte_alr","l3_naive_cd4_treg_alr",0.055,0.4,FALSE
"l2_cd56bright_nk_cell_alr","l2_erythrocyte",0.055,0.745454545454545,FALSE
"l2_cd8aa_alr","l2_plasma_cell_alr",0.055,0.6,FALSE
"l2_dn_t_cell_alr","l3_klrf1_effector_vd1_gdt_alr",0.055,0.545454545454545,FALSE
"l2_gdt_alr","l3_isg_cdc2_alr",0.055,0.6,FALSE
"l2_memory_cd8_t_cell_alr","l3_gzmk_cd56dim_nk_cell_alr",0.055,0.418181818181818,FALSE
"l2_proliferating_t_cell_alr","l3_early_memory_b_cell_alr",0.055,0.236363636363636,FALSE
"l2_treg_alr","l2_erythrocyte",0.055,0.545454545454545,FALSE
"l3_isg_cd16_monocyte_alr","l3_asdc",0.055,0.490909090909091,FALSE
"l3_isg_cd16_monocyte_alr","l3_sox4_naive_cd4_t_cell_alr",0.055,0.490909090909091,FALSE
"l3_gzmk_cd56dim_nk_cell_alr","l2_memory_cd8_t_cell_alr",0.055,0.581818181818182,FALSE
"l3_isg_cd56dim_nk_cell_alr","l3_naive_vd1_gdt_alr",0.055,0.6,FALSE
"l3_isg_cd56dim_nk_cell_alr","l3_klrf1_gzmb_cd27_em_cd8_t_cell_alt_alr",0.055,0.454545454545455,FALSE
"l3_cd14_cdc2_alr","l3_cd27_effector_b_cell_alt_alr",0.055,0.436363636363636,FALSE
"l3_isg_cdc2_alr","l3_transitional_b_cell",0.055,0.490909090909091,FALSE
"l3_isg_cdc2_alr","l2_transitional_b_cell_alr",0.055,0.509090909090909,FALSE
"l3_isg_cdc2_alr","l2_gdt_alr",0.055,0.4,FALSE
"l3_isg_cdc2_alr","l3_cm_cd8_t_cell_alr",0.055,0.454545454545455,FALSE
"l3_isg_cdc2_alr","l3_gzmk_cd27_em_cd8_t_cell_alt_alr",0.055,0.418181818181818,FALSE
"l3_isg_cdc2_alr","l3_klrf1_gzmb_cd27_em_cd8_t_cell_alt_alr",0.055,0.290909090909091,FALSE
"l3_cd27_effector_b_cell_alt_alr","l3_cd14_cdc2_alr",0.055,0.563636363636364,FALSE
"l3_klrf1_effector_vd1_gdt_alr","l3_platelet",0.055,0.709090909090909,FALSE
"l3_klrf1_effector_vd1_gdt_alr","l2_dn_t_cell_alr",0.055,0.454545454545455,FALSE
"l3_naive_vd1_gdt_alr","l3_isg_cd56dim_nk_cell_alr",0.055,0.4,FALSE
"l3_activated_memory_b_cell_alr","age_group",0.055,0,FALSE
"l3_early_memory_b_cell_alr","l2_proliferating_t_cell_alr",0.055,0.763636363636364,FALSE
"l3_early_memory_b_cell_alr","l1_ilc_alr",0.055,0.709090909090909,FALSE
"l3_type_2_polarized_memory_b_cell_alr","l3_gzmk_memory_cd4_treg_alr",0.055,0.272727272727273,FALSE
"l3_isg_memory_cd4_t_cell_alr","l3_klrf1_gzmb_cd27_em_cd8_t_cell_alr",0.055,0.509090909090909,FALSE
"l3_cm_cd8_t_cell_alr","l3_isg_cdc2_alr",0.055,0.545454545454545,FALSE
"l3_gzmk_cd27_em_cd8_t_cell_alt_alr","l3_isg_cdc2_alr",0.055,0.581818181818182,FALSE
"l3_klrf1_gzmb_cd27_em_cd8_t_cell_alr","l3_isg_memory_cd4_t_cell_alr",0.055,0.490909090909091,FALSE
"l3_klrf1_gzmb_cd27_em_cd8_t_cell_alt_alr","l3_isg_cd56dim_nk_cell_alr",0.055,0.545454545454545,FALSE
"l3_klrf1_gzmb_cd27_em_cd8_t_cell_alt_alr","l3_isg_cdc2_alr",0.055,0.709090909090909,FALSE
"l3_sox4_naive_cd4_t_cell_alr","l3_isg_cd16_monocyte_alr",0.055,0.509090909090909,FALSE
"l3_isg_naive_cd8_t_cell_alr","l2_effector_b_cell_alr",0.055,0.163636363636364,FALSE
"l3_gzmk_memory_cd4_treg_alr","l3_type_2_polarized_memory_b_cell_alr",0.055,0.727272727272727,FALSE
"l3_klrb1_memory_cd8_treg_alr","l2_cdc1_alr",0.055,0.527272727272727,FALSE
"l3_naive_cd4_treg_alr","l2_intermediate_monocyte_alr",0.055,0.6,FALSE
"l1_b_cell_alr","sex",0.055,0,FALSE
"l1_ilc_alr","l3_early_memory_b_cell_alr",0.055,0.290909090909091,FALSE
"l3_proliferating_t_cell","l3_klrb1_memory_cd4_treg_alr",0.055,0.345454545454546,FALSE
"l2_plasma_cell_alr","l2_cd16_monocyte_alr",0.055,0.327272727272727,FALSE
"l2_cd16_monocyte_alr","l2_plasma_cell_alr",0.055,0.672727272727273,FALSE
"l3_klrb1_memory_cd4_treg_alr","l3_proliferating_t_cell",0.055,0.654545454545455,FALSE
"l2_erythrocyte","l3_asdc",0.054,0.537037037037037,FALSE
"l3_asdc","l2_erythrocyte",0.054,0.462962962962963,FALSE
"l3_cd8aa","l3_isg_naive_cd8_t_cell_alr",0.054,0.648148148148148,FALSE
"l3_transitional_b_cell","l3_klrf1_gzmb_cd27_em_cd8_t_cell_alt_alr",0.054,0.222222222222222,FALSE
"l3_baeomap_cell","l1_erythrocyte_alr",0.054,0.62962962962963,FALSE
"l2_cdc1_alr","l3_isg_cd14_monocyte_alr",0.054,0.611111111111111,FALSE
"l2_mait_alr","l3_isg_cdc2_alr",0.054,0.648148148148148,FALSE
"l2_treg_alr","l3_sox4_vd1_gdt_alr",0.054,0.777777777777778,FALSE
"l3_isg_cd14_monocyte_alr","l2_cdc1_alr",0.054,0.388888888888889,FALSE
"l3_isg_cdc2_alr","l2_mait_alr",0.054,0.351851851851852,FALSE
"l3_sox4_vd1_gdt_alr","l2_treg_alr",0.054,0.222222222222222,FALSE
"l3_sox4_vd1_gdt_alr","l3_isg_memory_cd4_t_cell_alr",0.054,0.351851851851852,FALSE
"l3_isg_memory_cd4_t_cell_alr","l3_sox4_vd1_gdt_alr",0.054,0.648148148148148,FALSE
"l3_klrf1_gzmb_cd27_em_cd8_t_cell_alt_alr","l3_transitional_b_cell",0.054,0.777777777777778,FALSE
"l3_isg_naive_cd8_t_cell_alr","l3_cd8aa",0.054,0.351851851851852,FALSE
"l1_erythrocyte_alr","l3_baeomap_cell",0.054,0.37037037037037,FALSE
"cmv","l2_dn_t_cell_alr",0.054,1,FALSE
"l2_erythrocyte","l3_transitional_b_cell",0.054,0.685185185185185,FALSE
"l3_cdc1","l2_proliferating_t_cell_alr",0.054,0.444444444444444,FALSE
"l3_erythrocyte","l3_isg_cd56dim_nk_cell_alr",0.054,0.314814814814815,FALSE
"l3_plasma_cell","l2_proliferating_nk_cell_alr",0.054,0.481481481481481,FALSE
"l3_proliferating_nk_cell","l3_isg_memory_cd8_t_cell_alr",0.054,0.444444444444444,FALSE
"l3_transitional_b_cell","l2_erythrocyte",0.054,0.314814814814815,FALSE
"l2_effector_b_cell_alr","l3_isg_memory_cd8_t_cell_alr",0.054,0.555555555555556,FALSE
"l2_plasma_cell_alr","l3_klrf1_gzmb_cd27_memory_cd4_t_cell_alr",0.054,0.111111111111111,FALSE
"l2_pdc_alr","l3_il1b_cd14_monocyte_alr",0.054,0.425925925925926,FALSE
"l2_proliferating_nk_cell_alr","l3_plasma_cell",0.054,0.518518518518518,FALSE
"l2_proliferating_nk_cell_alr","l3_isg_mait_alr",0.054,0.407407407407407,FALSE
"l2_dn_t_cell_alr","cmv",0.054,0,FALSE
"l2_proliferating_t_cell_alr","l3_cdc1",0.054,0.555555555555556,FALSE
"l2_proliferating_t_cell_alr","l3_gzmk_memory_cd4_treg_alr",0.054,0.259259259259259,FALSE
"l2_treg_alr","l3_isg_cdc2_alr",0.054,0.592592592592593,FALSE
"l2_treg_alr","l3_isg_naive_cd8_t_cell_alr",0.054,0.814814814814815,FALSE
"l3_il1b_cd14_monocyte_alr","l2_pdc_alr",0.054,0.574074074074074,FALSE
"l3_isg_cd14_monocyte_alr","l3_type_2_polarized_memory_b_cell_alr",0.054,0.268518518518519,FALSE
"l3_gzmk_cd56dim_nk_cell_alr","l3_sox4_naive_cd4_t_cell_alr",0.054,0.444444444444444,FALSE
"l3_isg_cd56dim_nk_cell_alr","l3_erythrocyte",0.054,0.685185185185185,FALSE
"l3_isg_cd56dim_nk_cell_alr","l1_monocyte_alr",0.054,0.296296296296296,FALSE
"l3_isg_cdc2_alr","l2_treg_alr",0.054,0.407407407407407,FALSE
"l3_cd27_effector_b_cell_alt_alr","l3_isg_naive_cd4_t_cell_alr",0.054,0.555555555555556,FALSE
"l3_gzmb_vd2_gdt_alr","l3_isg_naive_b_cell_alr",0.054,0.833333333333333,FALSE
"l3_klrf1_effector_vd1_gdt_alr","l1_dc_alr",0.054,0.240740740740741,FALSE
"l3_naive_vd1_gdt_alr","l1_ilc_alr",0.054,0.555555555555556,FALSE
"l3_isg_mait_alr","l2_proliferating_nk_cell_alr",0.054,0.592592592592593,FALSE
"l3_activated_memory_b_cell_alr","l3_isg_naive_b_cell_alr",0.054,0.722222222222222,FALSE
"l3_type_2_polarized_memory_b_cell_alr","l3_isg_cd14_monocyte_alr",0.054,0.731481481481482,FALSE
"l3_klrf1_gzmb_cd27_memory_cd4_t_cell_alr","l2_plasma_cell_alr",0.054,0.888888888888889,FALSE
"l3_isg_memory_cd8_t_cell_alr","l3_proliferating_nk_cell",0.054,0.555555555555556,FALSE
"l3_isg_memory_cd8_t_cell_alr","l2_effector_b_cell_alr",0.054,0.444444444444444,FALSE
"l3_isg_naive_b_cell_alr","l3_gzmb_vd2_gdt_alr",0.054,0.166666666666667,FALSE
"l3_isg_naive_b_cell_alr","l3_activated_memory_b_cell_alr",0.054,0.277777777777778,FALSE
"l3_isg_naive_cd4_t_cell_alr","l3_cd27_effector_b_cell_alt_alr",0.054,0.444444444444444,FALSE
"l3_sox4_naive_cd4_t_cell_alr","l3_gzmk_cd56dim_nk_cell_alr",0.054,0.555555555555556,FALSE
"l3_isg_naive_cd8_t_cell_alr","l2_treg_alr",0.054,0.185185185185185,FALSE
"l3_gzmk_memory_cd4_treg_alr","l2_proliferating_t_cell_alr",0.054,0.740740740740741,FALSE
"l3_gzmk_memory_cd4_treg_alr","l1_erythrocyte_alr",0.054,0.583333333333333,FALSE
"l1_dc_alr","l3_klrf1_effector_vd1_gdt_alr",0.054,0.759259259259259,FALSE
"l1_monocyte_alr","l3_isg_cd56dim_nk_cell_alr",0.054,0.703703703703704,FALSE
"l1_erythrocyte_alr","l3_gzmk_memory_cd4_treg_alr",0.054,0.416666666666667,FALSE
"l1_ilc_alr","l3_naive_vd1_gdt_alr",0.054,0.444444444444444,FALSE
"l3_asdc","l2_treg_alr",0.054,0.333333333333333,FALSE
"l2_treg_alr","l3_asdc",0.054,0.666666666666667,FALSE
"l3_isg_naive_b_cell_alr","l3_gzmk_memory_cd4_treg_alr",0.054,0.333333333333333,FALSE
"l3_gzmk_memory_cd4_treg_alr","l3_isg_naive_b_cell_alr",0.054,0.666666666666667,FALSE
"l3_gzmk_memory_cd4_treg_alr","l1_dc_alr",0.054,0.666666666666667,FALSE
"l1_dc_alr","l3_gzmk_memory_cd4_treg_alr",0.054,0.333333333333333,FALSE
"l3_plasma_cell","l3_naive_cd4_treg_alr",0.053,0.471698113207547,FALSE
"l3_proliferating_nk_cell","l3_isg_cd56dim_nk_cell_alr",0.053,0.471698113207547,FALSE
"l2_memory_b_cell_alr","l3_gzmb_cd27_em_cd4_t_cell_alt_alr",0.053,0.641509433962264,FALSE
"l2_plasma_cell_alr","l3_klrf1_gzmb_cd27_em_cd8_t_cell_alr",0.053,0.39622641509434,FALSE
"l2_cdc1_alr","l3_c1q_cd16_monocyte_alr",0.053,0.641509433962264,FALSE
"l2_dn_t_cell_alr","l3_naive_cd4_treg_alr",0.053,0.60377358490566,FALSE
"l3_c1q_cd16_monocyte_alr","l2_cdc1_alr",0.053,0.358490566037736,FALSE
"l3_isg_cd56dim_nk_cell_alr","l3_proliferating_nk_cell",0.053,0.528301886792453,FALSE
"l3_activated_memory_b_cell_alr","l1_nk_cell_alr",0.053,0.39622641509434,FALSE
"l3_gzmb_cd27_em_cd4_t_cell_alt_alr","l2_memory_b_cell_alr",0.053,0.358490566037736,FALSE
"l3_klrf1_gzmb_cd27_em_cd8_t_cell_alr","l2_plasma_cell_alr",0.053,0.60377358490566,FALSE
"l3_naive_cd4_treg_alr","l3_plasma_cell",0.053,0.528301886792453,FALSE
"l3_naive_cd4_treg_alr","l2_dn_t_cell_alr",0.053,0.39622641509434,FALSE
"l1_nk_cell_alr","l3_activated_memory_b_cell_alr",0.053,0.60377358490566,FALSE
"l2_ilc","l2_memory_b_cell_alr",0.053,0.254716981132075,FALSE
"l2_ilc","l3_c1q_cd16_monocyte_alr",0.053,0.433962264150943,FALSE
"l2_platelet","l2_transitional_b_cell_alr",0.053,0.150943396226415,FALSE
"l2_platelet","l2_pdc_alr",0.053,0.584905660377358,FALSE
"l2_platelet","l3_c1q_cd16_monocyte_alr",0.053,0.415094339622641,FALSE
"l2_platelet","l3_cm_cd8_t_cell_alr",0.053,0.584905660377358,FALSE
"l2_progenitor_cell","l2_effector_b_cell_alr",0.053,0.679245283018868,FALSE
"l3_cd8aa","l3_isg_cd56dim_nk_cell_alr",0.053,0.433962264150943,FALSE
"l3_intermediate_monocyte","l3_cm_cd8_t_cell_alr",0.053,0.566037735849057,FALSE
"l3_pdc","l3_sox4_naive_cd8_t_cell_alr",0.053,0.566037735849057,FALSE
"l3_proliferating_nk_cell","l3_gzmb_vd2_gdt_alr",0.053,0.283018867924528,FALSE
"l2_effector_b_cell_alr","l2_progenitor_cell",0.053,0.320754716981132,FALSE
"l2_memory_b_cell_alr","l2_ilc",0.053,0.745283018867925,FALSE
"l2_memory_b_cell_alr","l3_klrb1_memory_cd8_treg_alr",0.053,0.283018867924528,FALSE
"l2_plasma_cell_alr","l3_klrb1_memory_cd8_treg_alr",0.053,0.320754716981132,FALSE
"l2_transitional_b_cell_alr","l2_platelet",0.053,0.849056603773585,FALSE
"l2_asdc_alr","l2_dn_t_cell_alr",0.053,0.30188679245283,FALSE
"l2_pdc_alr","l2_platelet",0.053,0.415094339622641,FALSE
"l2_intermediate_monocyte_alr","l3_gzmb_vd2_gdt_alr",0.053,0.415094339622641,FALSE
"l2_cd56bright_nk_cell_alr","l3_c1q_cd16_monocyte_alr",0.053,0.415094339622641,FALSE
"l2_dn_t_cell_alr","l2_asdc_alr",0.053,0.69811320754717,FALSE
"l2_proliferating_t_cell_alr","l3_gzmk_cd56dim_nk_cell_alr",0.053,0.490566037735849,FALSE
"l3_isg_cd14_monocyte_alr","l3_gzmb_vd2_gdt_alr",0.053,0.188679245283019,FALSE
"l3_c1q_cd16_monocyte_alr","l2_ilc",0.053,0.566037735849057,FALSE
"l3_c1q_cd16_monocyte_alr","l2_platelet",0.053,0.584905660377358,FALSE
"l3_c1q_cd16_monocyte_alr","l2_cd56bright_nk_cell_alr",0.053,0.584905660377358,FALSE
"l3_gzmk_cd56dim_nk_cell_alr","l2_proliferating_t_cell_alr",0.053,0.509433962264151,FALSE
"l3_gzmk_cd56dim_nk_cell_alr","l3_isg_cdc2_alr",0.053,0.566037735849057,FALSE
"l3_isg_cd56dim_nk_cell_alr","l3_cd8aa",0.053,0.566037735849057,FALSE
"l3_cd14_cdc2_alr","l1_platelet_alr",0.053,0.679245283018868,FALSE
"l3_isg_cdc2_alr","l3_gzmk_cd56dim_nk_cell_alr",0.053,0.433962264150943,FALSE
"l3_gzmb_vd2_gdt_alr","l3_proliferating_nk_cell",0.053,0.716981132075472,FALSE
"l3_gzmb_vd2_gdt_alr","l2_intermediate_monocyte_alr",0.053,0.584905660377358,FALSE
"l3_gzmb_vd2_gdt_alr","l3_isg_cd14_monocyte_alr",0.053,0.811320754716981,FALSE
"l3_gzmb_vd2_gdt_alr","l3_isg_mait_alr",0.053,0.566037735849057,FALSE
"l3_isg_mait_alr","l3_gzmb_vd2_gdt_alr",0.053,0.433962264150943,FALSE
"l3_cm_cd8_t_cell_alr","l2_platelet",0.053,0.415094339622641,FALSE
"l3_cm_cd8_t_cell_alr","l3_intermediate_monocyte",0.053,0.433962264150943,FALSE
"l3_sox4_naive_cd8_t_cell_alr","l3_pdc",0.053,0.433962264150943,FALSE
"l3_klrb1_memory_cd8_treg_alr","l2_memory_b_cell_alr",0.053,0.716981132075472,FALSE
"l3_klrb1_memory_cd8_treg_alr","l2_plasma_cell_alr",0.053,0.679245283018868,FALSE
"l1_platelet_alr","l3_cd14_cdc2_alr",0.053,0.320754716981132,FALSE
"l2_progenitor_cell","l3_sox4_naive_cd8_t_cell_alr",0.052,0.365384615384615,FALSE
"l3_cdc1","l3_intermediate_monocyte",0.052,0.519230769230769,FALSE
"l3_dn_t_cell","l3_naive_vd1_gdt_alr",0.052,0.673076923076923,FALSE
"l3_intermediate_monocyte","l3_cdc1",0.052,0.480769230769231,FALSE
"l3_plasma_cell","l2_cd16_monocyte_alr",0.052,0.442307692307692,FALSE
"l3_platelet","l3_isg_cd56dim_nk_cell_alr",0.052,0.365384615384615,FALSE
"l2_cdc1_alr","l2_dn_t_cell_alr",0.052,0.519230769230769,FALSE
"l2_cd16_monocyte_alr","l3_plasma_cell",0.052,0.557692307692308,FALSE
"l2_proliferating_nk_cell_alr","l2_mait_alr",0.052,0.365384615384615,FALSE
"l2_dn_t_cell_alr","l2_cdc1_alr",0.052,0.480769230769231,FALSE
"l2_mait_alr","l2_proliferating_nk_cell_alr",0.052,0.634615384615385,FALSE
"l2_memory_cd8_t_cell_alr","l3_isg_naive_cd8_t_cell_alr",0.052,0.653846153846154,FALSE
"l3_c1q_cd16_monocyte_alr","l3_activated_memory_b_cell_alr",0.052,0.442307692307692,FALSE
"l3_isg_cd56dim_nk_cell_alr","l3_platelet",0.052,0.634615384615385,FALSE
"l3_isg_cdc2_alr","l3_gzmb_vd2_gdt_alr",0.052,0.346153846153846,FALSE
"l3_gzmb_vd2_gdt_alr","l3_isg_cdc2_alr",0.052,0.653846153846154,FALSE
"l3_klrf1_effector_vd1_gdt_alt_alr","l3_isg_naive_b_cell_alr",0.052,0.615384615384615,FALSE
"l3_naive_vd1_gdt_alr","l3_dn_t_cell",0.052,0.326923076923077,FALSE
"l3_naive_vd1_gdt_alr","l1_erythrocyte_alr",0.052,0.557692307692308,FALSE
"l3_activated_memory_b_cell_alr","l3_c1q_cd16_monocyte_alr",0.052,0.557692307692308,FALSE
"l3_cd95_memory_b_cell_alr","l3_isg_naive_b_cell_alr",0.052,0.615384615384615,FALSE
"l3_isg_naive_b_cell_alr","l3_klrf1_effector_vd1_gdt_alt_alr",0.052,0.384615384615385,FALSE
"l3_isg_naive_b_cell_alr","l3_cd95_memory_b_cell_alr",0.052,0.384615384615385,FALSE
"l3_isg_naive_cd8_t_cell_alr","l2_memory_cd8_t_cell_alr",0.052,0.346153846153846,FALSE
"l3_sox4_naive_cd8_t_cell_alr","l2_progenitor_cell",0.052,0.634615384615385,FALSE
"l1_erythrocyte_alr","l3_naive_vd1_gdt_alr",0.052,0.442307692307692,FALSE
"age_group","l1_b_cell_alr",0.052,1,FALSE
"sex","l2_dn_t_cell_alr",0.052,1,FALSE
"l2_erythrocyte","l3_memory_cd8_treg_alr",0.052,0.423076923076923,FALSE
"l3_asdc","l3_clp_cell_alr",0.052,0.423076923076923,FALSE
"l2_asdc_alr","l3_isg_cd16_monocyte_alr",0.052,0.692307692307692,FALSE
"l2_cdc1_alr","l3_sox4_naive_cd8_t_cell_alr",0.052,0.576923076923077,FALSE
"l2_intermediate_monocyte_alr","l2_mait_alr",0.052,0.307692307692308,FALSE
"l2_dn_t_cell_alr","sex",0.052,0,FALSE
"l2_dn_t_cell_alr","l3_naive_vd1_gdt_alr",0.052,0.711538461538462,FALSE
"l2_mait_alr","l2_intermediate_monocyte_alr",0.052,0.692307692307692,FALSE
"l3_isg_cd16_monocyte_alr","l2_asdc_alr",0.052,0.307692307692308,FALSE
"l3_cd14_cdc2_alr","l3_cm_cd8_t_cell_alr",0.052,0.5,FALSE
"l3_naive_vd1_gdt_alr","l2_dn_t_cell_alr",0.052,0.288461538461538,FALSE
"l3_cd95_memory_b_cell_alr","l1_platelet_alr",0.052,0.711538461538462,FALSE
"l3_cm_cd8_t_cell_alr","l3_cd14_cdc2_alr",0.052,0.5,FALSE
"l3_sox4_naive_cd8_t_cell_alr","l2_cdc1_alr",0.052,0.423076923076923,FALSE
"l3_clp_cell_alr","l3_asdc",0.052,0.576923076923077,FALSE
"l3_memory_cd8_treg_alr","l2_erythrocyte",0.052,0.576923076923077,FALSE
"l1_b_cell_alr","age_group",0.052,0,FALSE
"l1_platelet_alr","l3_cd95_memory_b_cell_alr",0.052,0.288461538461538,FALSE
"l3_cd56bright_nk_cell","l3_gzmk_memory_cd4_treg_alr",0.051,0.313725490196078,FALSE
"l3_cd8aa","l3_baeomap_cell",0.051,0.450980392156863,FALSE
"l3_erythrocyte","l3_ilc",0.051,0.411764705882353,FALSE
"l3_erythrocyte","l3_memory_cd8_treg_alr",0.051,0.450980392156863,FALSE
"l3_ilc","l3_erythrocyte",0.051,0.588235294117647,FALSE
"l3_ilc","l2_plasma_cell_alr",0.051,0.549019607843137,FALSE
"l3_pdc","l3_gzmk_cd56dim_nk_cell_alr",0.051,0.588235294117647,FALSE
"l3_baeomap_cell","l3_cd8aa",0.051,0.549019607843137,FALSE
"l2_memory_b_cell_alr","l2_memory_cd4_t_cell_alr",0.051,0.431372549019608,FALSE
"l2_plasma_cell_alr","l3_ilc",0.051,0.450980392156863,FALSE
"l2_plasma_cell_alr","l2_proliferating_nk_cell_alr",0.051,0.588235294117647,FALSE
"l2_plasma_cell_alr","l3_c1q_cd16_monocyte_alr",0.051,0.588235294117647,FALSE
"l2_plasma_cell_alr","l3_isg_cd16_monocyte_alr",0.051,0.686274509803922,FALSE
"l2_asdc_alr","l3_gzmk_cd56dim_nk_cell_alr",0.051,0.549019607843137,FALSE
"l2_asdc_alr","l3_klrf1_gzmb_cd27_em_cd8_t_cell_alr",0.051,0.588235294117647,FALSE
"l2_intermediate_monocyte_alr","l3_isg_naive_cd8_t_cell_alr",0.051,0.352941176470588,FALSE
"l2_proliferating_nk_cell_alr","l2_plasma_cell_alr",0.051,0.411764705882353,FALSE
"l2_dn_t_cell_alr","l3_gzmb_vd2_gdt_alr",0.051,0.372549019607843,FALSE
"l2_memory_cd4_t_cell_alr","l2_memory_b_cell_alr",0.051,0.568627450980392,FALSE
"l3_c1q_cd16_monocyte_alr","l2_plasma_cell_alr",0.051,0.411764705882353,FALSE
"l3_c1q_cd16_monocyte_alr","l3_isg_naive_cd8_t_cell_alr",0.051,0.568627450980392,FALSE
"l3_isg_cd16_monocyte_alr","l2_plasma_cell_alr",0.051,0.313725490196078,FALSE
"l3_gzmk_cd56dim_nk_cell_alr","l3_pdc",0.051,0.411764705882353,FALSE
"l3_gzmk_cd56dim_nk_cell_alr","l2_asdc_alr",0.051,0.450980392156863,FALSE
"l3_gzmb_vd2_gdt_alr","l2_dn_t_cell_alr",0.051,0.627450980392157,FALSE
"l3_sox4_vd1_gdt_alr","l3_gzmk_cd27_em_cd8_t_cell_alt_alr",0.051,0.509803921568627,FALSE
"l3_activated_memory_b_cell_alr","l1_b_cell_alr",0.051,0.450980392156863,FALSE
"l3_cd95_memory_b_cell_alr","l3_isg_memory_cd4_t_cell_alr",0.051,0.647058823529412,FALSE
"l3_isg_memory_cd4_t_cell_alr","l3_cd95_memory_b_cell_alr",0.051,0.352941176470588,FALSE
"l3_cm_cd8_t_cell_alr","l3_isg_naive_b_cell_alr",0.051,0.490196078431373,FALSE
"l3_gzmk_cd27_em_cd8_t_cell_alt_alr","l3_sox4_vd1_gdt_alr",0.051,0.490196078431373,FALSE
"l3_klrf1_gzmb_cd27_em_cd8_t_cell_alr","l2_asdc_alr",0.051,0.411764705882353,FALSE
"l3_klrf1_gzmb_cd27_em_cd8_t_cell_alr","l3_sox4_naive_cd4_t_cell_alr",0.051,0.627450980392157,FALSE
"l3_isg_naive_b_cell_alr","l3_cm_cd8_t_cell_alr",0.051,0.509803921568627,FALSE
"l3_sox4_naive_cd4_t_cell_alr","l3_klrf1_gzmb_cd27_em_cd8_t_cell_alr",0.051,0.372549019607843,FALSE
"l3_isg_naive_cd8_t_cell_alr","l2_intermediate_monocyte_alr",0.051,0.647058823529412,FALSE
"l3_isg_naive_cd8_t_cell_alr","l3_c1q_cd16_monocyte_alr",0.051,0.431372549019608,FALSE
"l3_gzmk_memory_cd4_treg_alr","l3_cd56bright_nk_cell",0.051,0.686274509803922,FALSE
"l3_memory_cd8_treg_alr","l3_erythrocyte",0.051,0.549019607843137,FALSE
"l1_b_cell_alr","l3_activated_memory_b_cell_alr",0.051,0.549019607843137,FALSE
"l3_intermediate_monocyte","l2_mait_alr",0.051,0.274509803921569,FALSE
"l2_mait_alr","l3_intermediate_monocyte",0.051,0.725490196078431,FALSE
"l3_early_memory_b_cell_alr","l1_erythrocyte_alr",0.051,0.745098039215686,FALSE
"l3_cm_cd8_t_cell_alr","l1_ilc_alr",0.051,0.705882352941177,FALSE
"l3_isg_naive_b_cell_alr","l1_dc_alr",0.051,0.294117647058824,FALSE
"l1_dc_alr","l3_isg_naive_b_cell_alr",0.051,0.705882352941177,FALSE
"l1_erythrocyte_alr","l3_early_memory_b_cell_alr",0.051,0.254901960784314,FALSE
"l1_ilc_alr","l3_cm_cd8_t_cell_alr",0.051,0.294117647058824,FALSE
"sex","l2_erythrocyte",0.05,1,FALSE
"l2_erythrocyte","sex",0.05,0,FALSE
"l2_ilc","l3_klrf1_effector_vd1_gdt_alr",0.05,0.4,FALSE
"l2_ilc","l3_type_2_polarized_memory_b_cell_alr",0.05,0.53,FALSE
"l2_platelet","l3_clp_cell_alr",0.05,0.65,FALSE
"l2_progenitor_cell","l3_type_2_polarized_memory_b_cell_alr",0.05,0.46,FALSE
"l3_cd8aa","l3_cd14_cdc2_alr",0.05,0.58,FALSE
"l3_cdc1","l2_effector_b_cell_alr",0.05,0.42,FALSE
"l3_cdc1","l2_dn_t_cell_alr",0.05,0.36,FALSE
"l3_dn_t_cell","l3_isg_cdc2_alr",0.05,0.53,FALSE
"l3_intermediate_monocyte","l3_transitional_b_cell",0.05,0.56,FALSE
"l3_plasma_cell","l2_dn_t_cell_alr",0.05,0.36,FALSE
"l3_transitional_b_cell","l3_intermediate_monocyte",0.05,0.44,FALSE
"l2_effector_b_cell_alr","l3_cdc1",0.05,0.58,FALSE
"l2_cd16_monocyte_alr","l2_dn_t_cell_alr",0.05,0.56,FALSE
"l2_dn_t_cell_alr","l3_cdc1",0.05,0.64,FALSE
"l2_dn_t_cell_alr","l3_plasma_cell",0.05,0.64,FALSE
"l2_dn_t_cell_alr","l2_cd16_monocyte_alr",0.05,0.44,FALSE
"l2_gdt_alr","l3_cd14_cdc2_alr",0.05,0.2,FALSE
"l2_proliferating_t_cell_alr","l3_cd27_effector_b_cell_alt_alr",0.05,0.56,FALSE
"l2_treg_alr","l1_progenitor_cell_alr",0.05,0.66,FALSE
"l3_isg_cd14_monocyte_alr","l3_naive_vd1_gdt_alr",0.05,0.7,FALSE
"l3_isg_cd14_monocyte_alr","l3_sox4_naive_cd8_t_cell_alr",0.05,0.5,FALSE
"l3_isg_cd16_monocyte_alr","l3_naive_vd1_gdt_alr",0.05,0.7,FALSE
"l3_gzmk_cd56dim_nk_cell_alr","l1_monocyte_alr",0.05,0.5,FALSE
"l3_cd14_cdc2_alr","l3_cd8aa",0.05,0.42,FALSE
"l3_cd14_cdc2_alr","l2_gdt_alr",0.05,0.8,FALSE
"l3_isg_cdc2_alr","l3_dn_t_cell",0.05,0.47,FALSE
"l3_isg_cdc2_alr","l3_cd4_mait_alr",0.05,0.24,FALSE
"l3_isg_cdc2_alr","l1_dc_alr",0.05,0.5,FALSE
"l3_cd27_effector_b_cell_alt_alr","l2_proliferating_t_cell_alr",0.05,0.44,FALSE
"l3_cd27_effector_b_cell_alt_alr","l1_dc_alr",0.05,0.43,FALSE
"l3_klrf1_effector_vd1_gdt_alr","l2_ilc",0.05,0.6,FALSE
"l3_naive_vd1_gdt_alr","l3_isg_cd14_monocyte_alr",0.05,0.3,FALSE
"l3_naive_vd1_gdt_alr","l3_isg_cd16_monocyte_alr",0.05,0.3,FALSE
"l3_cd4_mait_alr","l3_isg_cdc2_alr",0.05,0.76,FALSE
"l3_type_2_polarized_memory_b_cell_alr","l2_ilc",0.05,0.47,FALSE
"l3_type_2_polarized_memory_b_cell_alr","l2_progenitor_cell",0.05,0.54,FALSE
"l3_klrf1_gzmb_cd27_em_cd8_t_cell_alr","l3_isg_naive_b_cell_alr",0.05,0.56,FALSE
"l3_isg_naive_b_cell_alr","l3_klrf1_gzmb_cd27_em_cd8_t_cell_alr",0.05,0.44,FALSE
"l3_sox4_naive_cd8_t_cell_alr","l3_isg_cd14_monocyte_alr",0.05,0.5,FALSE
"l3_clp_cell_alr","l2_platelet",0.05,0.35,FALSE
"l3_memory_cd8_treg_alr","l1_erythrocyte_alr",0.05,0.56,FALSE
"l1_dc_alr","l3_isg_cdc2_alr",0.05,0.5,FALSE
"l1_dc_alr","l3_cd27_effector_b_cell_alt_alr",0.05,0.57,FALSE
"l1_monocyte_alr","l3_gzmk_cd56dim_nk_cell_alr",0.05,0.5,FALSE
"l1_erythrocyte_alr","l3_memory_cd8_treg_alr",0.05,0.44,FALSE
"l1_progenitor_cell_alr","l2_treg_alr",0.05,0.34,FALSE
"l3_transitional_b_cell","l3_gzmk_cd56dim_nk_cell_alr",0.05,0.74,FALSE
"l3_gzmk_cd56dim_nk_cell_alr","l3_transitional_b_cell",0.05,0.26,FALSE
"l3_klrf1_gzmb_cd27_em_cd8_t_cell_alt_alr","l3_isg_naive_b_cell_alr",0.05,0.74,FALSE
"l3_isg_naive_b_cell_alr","l3_klrf1_gzmb_cd27_em_cd8_t_cell_alt_alr",0.05,0.26,FALSE
"age_group","l2_effector_b_cell_alr",0.049,1,FALSE
"age_group","l3_klrb1_memory_cd4_treg_alr",0.049,1,FALSE
"l2_erythrocyte","l3_cd27_effector_b_cell_alt_alr",0.049,0.714285714285714,FALSE
"l2_erythrocyte","l3_sox4_vd1_gdt_alr",0.049,0.387755102040816,FALSE
"l2_erythrocyte","l3_early_memory_b_cell_alr",0.049,0.612244897959184,FALSE
"l2_progenitor_cell","l3_cdc1",0.049,0.612244897959184,FALSE
"l2_progenitor_cell","l3_klrf1_gzmb_cd27_em_cd8_t_cell_alt_alr",0.049,0.530612244897959,FALSE
"l3_cdc1","l2_progenitor_cell",0.049,0.387755102040816,FALSE
"l3_ilc","l3_isg_cd14_monocyte_alr",0.049,0.469387755102041,FALSE
"l2_effector_b_cell_alr","age_group",0.049,0,FALSE
"l2_memory_b_cell_alr","l3_isg_memory_cd8_t_cell_alr",0.049,0.612244897959184,FALSE
"l2_pdc_alr","l3_klrf1_effector_vd1_gdt_alt_alr",0.049,0.551020408163265,FALSE
"l2_intermediate_monocyte_alr","l3_sox4_naive_cd8_t_cell_alr",0.049,0.408163265306122,FALSE
"l2_naive_cd8_t_cell_alr","l3_isg_cd56dim_nk_cell_alr",0.049,0.530612244897959,FALSE
"l3_isg_cd14_monocyte_alr","l3_ilc",0.049,0.530612244897959,FALSE
"l3_c1q_cd16_monocyte_alr","l1_nk_cell_alr",0.049,0.530612244897959,FALSE
"l3_isg_cd56dim_nk_cell_alr","l2_naive_cd8_t_cell_alr",0.049,0.469387755102041,FALSE
"l3_cd27_effector_b_cell_alt_alr","l2_erythrocyte",0.049,0.285714285714286,FALSE
"l3_klrf1_effector_vd1_gdt_alt_alr","l2_pdc_alr",0.049,0.448979591836735,FALSE
"l3_sox4_vd1_gdt_alr","l2_erythrocyte",0.049,0.612244897959184,FALSE
"l3_early_memory_b_cell_alr","l2_erythrocyte",0.049,0.387755102040816,FALSE
"l3_gzmb_cd27_em_cd4_t_cell_alr","l3_isg_naive_cd4_t_cell_alr",0.049,0.428571428571429,FALSE
"l3_gzmb_cd27_em_cd4_t_cell_alr","l1_nk_cell_alr",0.049,0.653061224489796,FALSE
"l3_isg_memory_cd8_t_cell_alr","l2_memory_b_cell_alr",0.049,0.387755102040816,FALSE
"l3_klrf1_gzmb_cd27_em_cd8_t_cell_alt_alr","l2_progenitor_cell",0.049,0.469387755102041,FALSE
"l3_klrf1_gzmb_cd27_em_cd8_t_cell_alt_alr","l1_progenitor_cell_alr",0.049,0.489795918367347,FALSE
"l3_isg_naive_b_cell_alr","l3_naive_cd4_treg_alr",0.049,0.530612244897959,FALSE
"l3_isg_naive_cd4_t_cell_alr","l3_gzmb_cd27_em_cd4_t_cell_alr",0.049,0.571428571428571,FALSE
"l3_sox4_naive_cd8_t_cell_alr","l2_intermediate_monocyte_alr",0.049,0.591836734693878,FALSE
"l3_sox4_naive_cd8_t_cell_alr","l1_progenitor_cell_alr",0.049,0.551020408163265,FALSE
"l3_klrb1_memory_cd4_treg_alr","age_group",0.049,0,FALSE
"l3_klrb1_memory_cd4_treg_alr","l1_platelet_alr",0.049,0.775510204081633,FALSE
"l3_naive_cd4_treg_alr","l3_isg_naive_b_cell_alr",0.049,0.469387755102041,FALSE
"l1_nk_cell_alr","l3_c1q_cd16_monocyte_alr",0.049,0.469387755102041,FALSE
"l1_nk_cell_alr","l3_gzmb_cd27_em_cd4_t_cell_alr",0.049,0.346938775510204,FALSE
"l1_platelet_alr","l3_klrb1_memory_cd4_treg_alr",0.049,0.224489795918367,FALSE
"l1_progenitor_cell_alr","l3_klrf1_gzmb_cd27_em_cd8_t_cell_alt_alr",0.049,0.510204081632653,FALSE
"l1_progenitor_cell_alr","l3_sox4_naive_cd8_t_cell_alr",0.049,0.448979591836735,FALSE
"cmv","l3_cd8aa",0.048,1,FALSE
"l2_erythrocyte","l2_transitional_b_cell_alr",0.048,0.125,FALSE
"l2_ilc","l2_memory_cd8_t_cell_alr",0.048,0.229166666666667,FALSE
"l2_ilc","l3_memory_cd8_treg_alr",0.048,0.520833333333333,FALSE
"l2_progenitor_cell","l3_isg_cd14_monocyte_alr",0.048,0.479166666666667,FALSE
"l2_progenitor_cell","l3_c1q_cd16_monocyte_alr",0.048,0.520833333333333,FALSE
"l2_progenitor_cell","l3_early_memory_b_cell_alr",0.048,0.395833333333333,FALSE
"l3_cd8aa","cmv",0.048,0,FALSE
"l3_erythrocyte","l3_cd4_mait_alr",0.048,0.291666666666667,FALSE
"l3_intermediate_monocyte","l3_clp_cell_alr",0.048,0.125,FALSE
"l3_plasma_cell","l3_gzmb_cd27_em_cd4_t_cell_alt_alr",0.048,0.5,FALSE
"l2_plasma_cell_alr","l3_type_2_polarized_memory_b_cell_alr",0.048,0.416666666666667,FALSE
"l2_transitional_b_cell_alr","l2_erythrocyte",0.048,0.875,FALSE
"l2_intermediate_monocyte_alr","l3_naive_vd1_gdt_alr",0.048,0.5625,FALSE
"l2_cd56bright_nk_cell_alr","l3_cd95_memory_b_cell_alr",0.048,0.479166666666667,FALSE
"l2_dn_t_cell_alr","l3_c1q_cd16_monocyte_alr",0.048,0.375,FALSE
"l2_memory_cd8_t_cell_alr","l2_ilc",0.048,0.770833333333333,FALSE
"l3_isg_cd14_monocyte_alr","l2_progenitor_cell",0.048,0.520833333333333,FALSE
"l3_c1q_cd16_monocyte_alr","l2_progenitor_cell",0.048,0.479166666666667,FALSE
"l3_c1q_cd16_monocyte_alr","l2_dn_t_cell_alr",0.048,0.625,FALSE
"l3_naive_vd1_gdt_alr","l2_intermediate_monocyte_alr",0.048,0.4375,FALSE
"l3_cd4_mait_alr","l3_erythrocyte",0.048,0.708333333333333,FALSE
"l3_activated_memory_b_cell_alr","l1_progenitor_cell_alr",0.048,0.479166666666667,FALSE
"l3_cd95_memory_b_cell_alr","l2_cd56bright_nk_cell_alr",0.048,0.520833333333333,FALSE
"l3_early_memory_b_cell_alr","l2_progenitor_cell",0.048,0.604166666666667,FALSE
"l3_early_memory_b_cell_alr","l3_isg_naive_b_cell_alr",0.048,0.729166666666667,FALSE
"l3_type_2_polarized_memory_b_cell_alr","l2_plasma_cell_alr",0.048,0.583333333333333,FALSE
"l3_gzmb_cd27_em_cd4_t_cell_alt_alr","l3_plasma_cell",0.048,0.5,FALSE
"l3_isg_memory_cd8_t_cell_alr","l1_monocyte_alr",0.048,0.3125,FALSE
"l3_klrf1_gzmb_cd27_em_cd8_t_cell_alr","l3_clp_cell_alr",0.048,0.458333333333333,FALSE
"l3_isg_naive_b_cell_alr","l3_early_memory_b_cell_alr",0.048,0.270833333333333,FALSE
"l3_clp_cell_alr","l3_intermediate_monocyte",0.048,0.875,FALSE
"l3_clp_cell_alr","l3_klrf1_gzmb_cd27_em_cd8_t_cell_alr",0.048,0.541666666666667,FALSE
"l3_memory_cd8_treg_alr","l2_ilc",0.048,0.479166666666667,FALSE
"l3_naive_cd4_treg_alr","l1_erythrocyte_alr",0.048,0.5,FALSE
"l1_monocyte_alr","l3_isg_memory_cd8_t_cell_alr",0.048,0.6875,FALSE
"l1_erythrocyte_alr","l3_naive_cd4_treg_alr",0.048,0.5,FALSE
"l1_progenitor_cell_alr","l3_activated_memory_b_cell_alr",0.048,0.520833333333333,FALSE
"l2_erythrocyte","l3_klrb1_memory_cd4_treg_alr",0.047,0.595744680851064,FALSE
"l2_platelet","l3_isg_cd14_monocyte_alr",0.047,0.319148936170213,FALSE
"l2_platelet","l3_klrf1_effector_vd1_gdt_alr",0.047,0.340425531914894,FALSE
"l3_cdc1","l3_klrf1_effector_vd1_gdt_alt_alr",0.047,0.553191489361702,FALSE
"l3_cdc1","l3_isg_naive_cd8_t_cell_alr",0.047,0.702127659574468,FALSE
"l3_cdc1","l1_progenitor_cell_alr",0.047,0.468085106382979,FALSE
"l3_intermediate_monocyte","l3_naive_vd1_gdt_alr",0.047,0.382978723404255,FALSE
"l3_plasma_cell","l3_gzmk_cd27_em_cd8_t_cell_alt_alr",0.047,0.659574468085106,FALSE
"l2_plasma_cell_alr","l3_isg_cd14_monocyte_alr",0.047,0.531914893617021,FALSE
"l2_cd8aa_alr","l3_gzmk_cd56dim_nk_cell_alr",0.047,0.446808510638298,FALSE
"l2_dn_t_cell_alr","l3_cd4_mait_alr",0.047,0.170212765957447,FALSE
"l2_dn_t_cell_alr","l3_gzmk_cd27_em_cd8_t_cell_alt_alr",0.047,0.531914893617021,FALSE
"l3_il1b_cd14_monocyte_alr","l3_cd4_mait_alr",0.047,0.25531914893617,FALSE
"l3_isg_cd14_monocyte_alr","l2_platelet",0.047,0.680851063829787,FALSE
"l3_isg_cd14_monocyte_alr","l2_plasma_cell_alr",0.047,0.468085106382979,FALSE
"l3_gzmk_cd56dim_nk_cell_alr","l2_cd8aa_alr",0.047,0.553191489361702,FALSE
"l3_isg_cd56dim_nk_cell_alr","l3_sox4_naive_cd8_t_cell_alr",0.047,0.468085106382979,FALSE
"l3_klrf1_effector_vd1_gdt_alr","l2_platelet",0.047,0.659574468085106,FALSE
"l3_klrf1_effector_vd1_gdt_alt_alr","l3_cdc1",0.047,0.446808510638298,FALSE
"l3_naive_vd1_gdt_alr","l3_intermediate_monocyte",0.047,0.617021276595745,FALSE
"l3_sox4_vd1_gdt_alr","l3_activated_memory_b_cell_alr",0.047,0.382978723404255,FALSE
"l3_cd4_mait_alr","l2_dn_t_cell_alr",0.047,0.829787234042553,FALSE
"l3_cd4_mait_alr","l3_il1b_cd14_monocyte_alr",0.047,0.74468085106383,FALSE
"l3_activated_memory_b_cell_alr","l3_sox4_vd1_gdt_alr",0.047,0.617021276595745,FALSE
"l3_gzmk_cd27_em_cd8_t_cell_alt_alr","l3_plasma_cell",0.047,0.340425531914894,FALSE
"l3_gzmk_cd27_em_cd8_t_cell_alt_alr","l2_dn_t_cell_alr",0.047,0.468085106382979,FALSE
"l3_isg_naive_cd8_t_cell_alr","l3_cdc1",0.047,0.297872340425532,FALSE
"l3_isg_naive_cd8_t_cell_alr","l1_progenitor_cell_alr",0.047,0.297872340425532,FALSE
"l3_sox4_naive_cd8_t_cell_alr","l3_isg_cd56dim_nk_cell_alr",0.047,0.531914893617021,FALSE
"l3_klrb1_memory_cd4_treg_alr","l2_erythrocyte",0.047,0.404255319148936,FALSE
"l1_progenitor_cell_alr","l3_cdc1",0.047,0.531914893617021,FALSE
"l1_progenitor_cell_alr","l3_isg_naive_cd8_t_cell_alr",0.047,0.702127659574468,FALSE
"sex","l3_memory_cd8_treg_alr",0.046,1,FALSE
"l2_progenitor_cell","l3_activated_memory_b_cell_alr",0.046,0.532608695652174,FALSE
"l3_asdc","l2_proliferating_t_cell_alr",0.046,0.369565217391304,FALSE
"l3_asdc","l3_isg_cd14_monocyte_alr",0.046,0.456521739130435,FALSE
"l3_cd8aa","l3_c1q_cd16_monocyte_alr",0.046,0.543478260869565,FALSE
"l3_erythrocyte","l3_clp_cell_alr",0.046,0.391304347826087,FALSE
"l3_ilc","l3_cm_cd8_t_cell_alr",0.046,0.434782608695652,FALSE
"l3_intermediate_monocyte","l3_isg_memory_cd8_t_cell_alr",0.046,0.369565217391304,FALSE
"l3_transitional_b_cell","l3_isg_mait_alr",0.046,0.391304347826087,FALSE
"l2_transitional_b_cell_alr","l1_progenitor_cell_alr",0.046,0.58695652173913,FALSE
"l2_asdc_alr","l3_isg_cd14_monocyte_alr",0.046,0.521739130434783,FALSE
"l2_asdc_alr","l3_isg_mait_alr",0.046,0.565217391304348,FALSE
"l2_cd8aa_alr","l3_isg_cdc2_alr",0.046,0.478260869565217,FALSE
"l2_gdt_alr","l3_isg_cd16_monocyte_alr",0.046,0.478260869565217,FALSE
"l2_memory_cd8_t_cell_alr","l3_memory_cd8_treg_alr",0.046,0.282608695652174,FALSE
"l2_proliferating_t_cell_alr","l3_asdc",0.046,0.630434782608696,FALSE
"l2_proliferating_t_cell_alr","l3_clp_cell_alr",0.046,0.282608695652174,FALSE
"l3_isg_cd14_monocyte_alr","l3_asdc",0.046,0.543478260869565,FALSE
"l3_isg_cd14_monocyte_alr","l2_asdc_alr",0.046,0.478260869565217,FALSE
"l3_c1q_cd16_monocyte_alr","l3_cd8aa",0.046,0.456521739130435,FALSE
"l3_isg_cd16_monocyte_alr","l2_gdt_alr",0.046,0.521739130434783,FALSE
"l3_isg_cdc2_alr","l2_cd8aa_alr",0.046,0.521739130434783,FALSE
"l3_isg_mait_alr","l3_transitional_b_cell",0.046,0.608695652173913,FALSE
"l3_isg_mait_alr","l2_asdc_alr",0.046,0.434782608695652,FALSE
"l3_activated_memory_b_cell_alr","l2_progenitor_cell",0.046,0.467391304347826,FALSE
"l3_activated_memory_b_cell_alr","l3_isg_memory_cd4_t_cell_alr",0.046,0.5,FALSE
"l3_isg_memory_cd4_t_cell_alr","l3_activated_memory_b_cell_alr",0.046,0.5,FALSE
"l3_isg_memory_cd8_t_cell_alr","l3_intermediate_monocyte",0.046,0.630434782608696,FALSE
"l3_isg_memory_cd8_t_cell_alr","l1_progenitor_cell_alr",0.046,0.239130434782609,FALSE
"l3_cm_cd8_t_cell_alr","l3_ilc",0.046,0.565217391304348,FALSE
"l3_gzmk_cd27_em_cd8_t_cell_alt_alr","l3_isg_naive_cd4_t_cell_alr",0.046,0.630434782608696,FALSE
"l3_isg_naive_cd4_t_cell_alr","l3_gzmk_cd27_em_cd8_t_cell_alt_alr",0.046,0.369565217391304,FALSE
"l3_clp_cell_alr","l3_erythrocyte",0.046,0.608695652173913,FALSE
"l3_clp_cell_alr","l2_proliferating_t_cell_alr",0.046,0.717391304347826,FALSE
"l3_gzmk_memory_cd4_treg_alr","l1_platelet_alr",0.046,0.695652173913043,FALSE
"l3_memory_cd8_treg_alr","sex",0.046,0,FALSE
"l3_memory_cd8_treg_alr","l2_memory_cd8_t_cell_alr",0.046,0.717391304347826,FALSE
"l1_platelet_alr","l3_gzmk_memory_cd4_treg_alr",0.046,0.304347826086957,FALSE
"l1_progenitor_cell_alr","l2_transitional_b_cell_alr",0.046,0.41304347826087,FALSE
"l1_progenitor_cell_alr","l3_isg_memory_cd8_t_cell_alr",0.046,0.760869565217391,FALSE
"l2_ilc","l2_gdt_alr",0.045,0.222222222222222,FALSE
"l2_gdt_alr","l2_ilc",0.045,0.777777777777778,FALSE
"l2_erythrocyte","l3_cd95_memory_b_cell_alr",0.045,0.511111111111111,FALSE
"l2_erythrocyte","l3_klrb1_memory_cd8_treg_alr",0.045,0.4,FALSE
"l2_platelet","l3_cd8aa",0.045,0.2,FALSE
"l3_cd8aa","l2_platelet",0.045,0.8,FALSE
"l3_cd8aa","l2_plasma_cell_alr",0.045,0.555555555555556,FALSE
"l3_ilc","l3_gzmb_cd27_em_cd4_t_cell_alr",0.045,0.288888888888889,FALSE
"l3_intermediate_monocyte","l3_cd27_effector_b_cell_alt_alr",0.045,0.488888888888889,FALSE
"l3_pdc","l3_gzmb_cd27_em_cd4_t_cell_alr",0.045,0.422222222222222,FALSE
"l3_plasma_cell","l3_baeomap_cell",0.045,0.533333333333333,FALSE
"l3_proliferating_nk_cell","l3_activated_memory_b_cell_alr",0.045,0.355555555555556,FALSE
"l3_transitional_b_cell","l3_klrf1_effector_vd1_gdt_alt_alr",0.045,0.4,FALSE
"l3_baeomap_cell","l3_plasma_cell",0.045,0.466666666666667,FALSE
"l2_plasma_cell_alr","l3_cd8aa",0.045,0.444444444444444,FALSE
"l2_asdc_alr","l3_activated_memory_b_cell_alr",0.045,0.533333333333333,FALSE
"l2_cd16_monocyte_alr","l3_gzmb_cd27_em_cd4_t_cell_alr",0.045,0.622222222222222,FALSE
"l2_gdt_alr","l3_isg_cd14_monocyte_alr",0.045,0.511111111111111,FALSE
"l3_il1b_cd14_monocyte_alr","l3_isg_naive_b_cell_alr",0.045,0.511111111111111,FALSE
"l3_isg_cd14_monocyte_alr","l2_gdt_alr",0.045,0.488888888888889,FALSE
"l3_isg_cd14_monocyte_alr","l3_klrb1_memory_cd8_treg_alr",0.045,0.444444444444444,FALSE
"l3_isg_cd56dim_nk_cell_alr","l3_sox4_naive_cd4_t_cell_alr",0.045,0.511111111111111,FALSE
"l3_cd14_cdc2_alr","l3_klrf1_effector_vd1_gdt_alr",0.045,0.577777777777778,FALSE
"l3_cd27_effector_b_cell_alt_alr","l3_intermediate_monocyte",0.045,0.511111111111111,FALSE
"l3_klrf1_effector_vd1_gdt_alr","l3_cd14_cdc2_alr",0.045,0.422222222222222,FALSE
"l3_klrf1_effector_vd1_gdt_alt_alr","l3_transitional_b_cell",0.045,0.6,FALSE
"l3_isg_mait_alr","l3_isg_naive_cd4_t_cell_alr",0.045,0.377777777777778,FALSE
"l3_activated_memory_b_cell_alr","l3_proliferating_nk_cell",0.045,0.644444444444444,FALSE
"l3_activated_memory_b_cell_alr","l2_asdc_alr",0.045,0.466666666666667,FALSE
"l3_activated_memory_b_cell_alr","l3_isg_naive_cd4_t_cell_alr",0.045,0.6,FALSE
"l3_cd95_memory_b_cell_alr","l2_erythrocyte",0.045,0.488888888888889,FALSE
"l3_isg_memory_cd4_t_cell_alr","l3_klrf1_gzmb_cd27_memory_cd4_t_cell_alr",0.045,0.244444444444444,FALSE
"l3_isg_memory_cd4_t_cell_alr","l3_sox4_naive_cd4_t_cell_alr",0.045,0.6,FALSE
"l3_isg_memory_cd4_t_cell_alr","l3_sox4_naive_cd8_t_cell_alr",0.045,0.511111111111111,FALSE
"l3_klrf1_gzmb_cd27_memory_cd4_t_cell_alr","l3_isg_memory_cd4_t_cell_alr",0.045,0.755555555555556,FALSE
"l3_gzmb_cd27_em_cd4_t_cell_alr","l3_ilc",0.045,0.711111111111111,FALSE
"l3_gzmb_cd27_em_cd4_t_cell_alr","l3_pdc",0.045,0.577777777777778,FALSE
"l3_gzmb_cd27_em_cd4_t_cell_alr","l2_cd16_monocyte_alr",0.045,0.377777777777778,FALSE
"l3_isg_naive_b_cell_alr","l3_il1b_cd14_monocyte_alr",0.045,0.488888888888889,FALSE
"l3_isg_naive_b_cell_alr","l3_sox4_naive_cd4_t_cell_alr",0.045,0.333333333333333,FALSE
"l3_isg_naive_cd4_t_cell_alr","l3_isg_mait_alr",0.045,0.622222222222222,FALSE
"l3_isg_naive_cd4_t_cell_alr","l3_activated_memory_b_cell_alr",0.045,0.4,FALSE
"l3_sox4_naive_cd4_t_cell_alr","l3_isg_cd56dim_nk_cell_alr",0.045,0.488888888888889,FALSE
"l3_sox4_naive_cd4_t_cell_alr","l3_isg_memory_cd4_t_cell_alr",0.045,0.4,FALSE
"l3_sox4_naive_cd4_t_cell_alr","l3_isg_naive_b_cell_alr",0.045,0.666666666666667,FALSE
"l3_sox4_naive_cd8_t_cell_alr","l3_isg_memory_cd4_t_cell_alr",0.045,0.488888888888889,FALSE
"l3_klrb1_memory_cd8_treg_alr","l2_erythrocyte",0.045,0.6,FALSE
"l3_klrb1_memory_cd8_treg_alr","l3_isg_cd14_monocyte_alr",0.045,0.555555555555556,FALSE
"l3_klrb1_memory_cd8_treg_alr","l1_progenitor_cell_alr",0.045,0.688888888888889,FALSE
"l1_progenitor_cell_alr","l3_klrb1_memory_cd8_treg_alr",0.045,0.311111111111111,FALSE
"l2_erythrocyte","l2_memory_b_cell_alr",0.044,0.409090909090909,FALSE
"l2_erythrocyte","l3_type_2_polarized_memory_b_cell_alr",0.044,0.5,FALSE
"l3_asdc","l3_pdc",0.044,0.613636363636364,FALSE
"l3_asdc","l2_memory_b_cell_alr",0.044,0.477272727272727,FALSE
"l3_pdc","l3_asdc",0.044,0.386363636363636,FALSE
"l3_plasma_cell","l3_isg_cd16_monocyte_alr",0.044,0.431818181818182,FALSE
"l3_proliferating_nk_cell","l3_isg_cd14_monocyte_alr",0.044,0.113636363636364,FALSE
"l2_memory_b_cell_alr","l2_erythrocyte",0.044,0.590909090909091,FALSE
"l2_memory_b_cell_alr","l3_asdc",0.044,0.522727272727273,FALSE
"l2_memory_b_cell_alr","l2_pdc_alr",0.044,0.704545454545455,FALSE
"l2_memory_b_cell_alr","l3_isg_naive_cd8_t_cell_alr",0.044,0.681818181818182,FALSE
"l2_pdc_alr","l2_memory_b_cell_alr",0.044,0.295454545454545,FALSE
"l2_pdc_alr","l3_gzmk_cd56dim_nk_cell_alr",0.044,0.636363636363636,FALSE
"l2_cd56bright_nk_cell_alr","l3_isg_naive_cd8_t_cell_alr",0.044,0.477272727272727,FALSE
"l2_dn_t_cell_alr","l3_cd14_cdc2_alr",0.044,0.340909090909091,FALSE
"l3_isg_cd14_monocyte_alr","l3_proliferating_nk_cell",0.044,0.886363636363636,FALSE
"l3_isg_cd16_monocyte_alr","l3_plasma_cell",0.044,0.568181818181818,FALSE
"l3_gzmk_cd56dim_nk_cell_alr","l2_pdc_alr",0.044,0.363636363636364,FALSE
"l3_gzmk_cd56dim_nk_cell_alr","l3_isg_memory_cd8_t_cell_alr",0.044,0.5,FALSE
"l3_cd14_cdc2_alr","l2_dn_t_cell_alr",0.044,0.659090909090909,FALSE
"l3_gzmb_vd2_gdt_alr","l1_progenitor_cell_alr",0.044,0.568181818181818,FALSE
"l3_type_2_polarized_memory_b_cell_alr","l2_erythrocyte",0.044,0.5,FALSE
"l3_isg_memory_cd8_t_cell_alr","l3_gzmk_cd56dim_nk_cell_alr",0.044,0.5,FALSE
"l3_gzmk_cd27_em_cd8_t_cell_alt_alr","l1_progenitor_cell_alr",0.044,0.363636363636364,FALSE
"l3_isg_naive_cd8_t_cell_alr","l2_memory_b_cell_alr",0.044,0.318181818181818,FALSE
"l3_isg_naive_cd8_t_cell_alr","l2_cd56bright_nk_cell_alr",0.044,0.522727272727273,FALSE
"l1_progenitor_cell_alr","l3_gzmb_vd2_gdt_alr",0.044,0.431818181818182,FALSE
"l1_progenitor_cell_alr","l3_gzmk_cd27_em_cd8_t_cell_alt_alr",0.044,0.636363636363636,FALSE
"l2_ilc","l3_sox4_naive_cd4_t_cell_alr",0.043,0.325581395348837,FALSE
"l3_sox4_naive_cd4_t_cell_alr","l2_ilc",0.043,0.674418604651163,FALSE
"age_group","l2_platelet",0.043,1,FALSE
"cmv","l2_transitional_b_cell_alr",0.043,1,FALSE
"l2_ilc","l3_gzmb_vd2_gdt_alr",0.043,0.697674418604651,FALSE
"l2_platelet","age_group",0.043,0,FALSE
"l3_asdc","l3_proliferating_t_cell",0.043,0.255813953488372,FALSE
"l3_asdc","l3_cd4_mait_alr",0.043,0.511627906976744,FALSE
"l3_asdc","l3_isg_mait_alr",0.043,0.604651162790698,FALSE
"l3_cd8aa","l3_dn_t_cell",0.043,0.558139534883721,FALSE
"l3_cd8aa","l3_klrf1_gzmb_cd27_em_cd8_t_cell_alr",0.043,0.511627906976744,FALSE
"l3_cdc1","l3_sox4_naive_cd8_t_cell_alr",0.043,0.604651162790698,FALSE
"l3_dn_t_cell","l3_cd8aa",0.043,0.441860465116279,FALSE
"l3_dn_t_cell","l2_asdc_alr",0.043,0.511627906976744,FALSE
"l3_intermediate_monocyte","l2_plasma_cell_alr",0.043,0.534883720930233,FALSE
"l3_plasma_cell","l3_klrb1_memory_cd8_treg_alr",0.043,0.395348837209302,FALSE
"l3_proliferating_t_cell","l3_asdc",0.043,0.744186046511628,FALSE
"l2_plasma_cell_alr","l3_intermediate_monocyte",0.043,0.465116279069767,FALSE
"l2_plasma_cell_alr","l3_gzmk_cd27_em_cd8_t_cell_alt_alr",0.043,0.441860465116279,FALSE
"l2_transitional_b_cell_alr","cmv",0.043,0,FALSE
"l2_asdc_alr","l3_dn_t_cell",0.043,0.488372093023256,FALSE
"l2_proliferating_t_cell_alr","l3_isg_cd16_monocyte_alr",0.043,0.348837209302326,FALSE
"l3_isg_cd16_monocyte_alr","l2_proliferating_t_cell_alr",0.043,0.651162790697674,FALSE
"l3_gzmb_vd2_gdt_alr","l2_ilc",0.043,0.302325581395349,FALSE
"l3_cd4_mait_alr","l3_asdc",0.043,0.488372093023256,FALSE
"l3_isg_mait_alr","l3_asdc",0.043,0.395348837209302,FALSE
"l3_klrf1_gzmb_cd27_memory_cd4_t_cell_alr","l3_memory_cd8_treg_alr",0.043,0.697674418604651,FALSE
"l3_gzmk_cd27_em_cd8_t_cell_alt_alr","l2_plasma_cell_alr",0.043,0.558139534883721,FALSE
"l3_klrf1_gzmb_cd27_em_cd8_t_cell_alr","l3_cd8aa",0.043,0.488372093023256,FALSE
"l3_isg_naive_cd4_t_cell_alr","l3_klrb1_memory_cd8_treg_alr",0.043,0.302325581395349,FALSE
"l3_isg_naive_cd8_t_cell_alr","l1_ilc_alr",0.043,0.511627906976744,FALSE
"l3_sox4_naive_cd8_t_cell_alr","l3_cdc1",0.043,0.395348837209302,FALSE
"l3_klrb1_memory_cd8_treg_alr","l3_plasma_cell",0.043,0.604651162790698,FALSE
"l3_klrb1_memory_cd8_treg_alr","l3_isg_naive_cd4_t_cell_alr",0.043,0.697674418604651,FALSE
"l3_memory_cd8_treg_alr","l3_klrf1_gzmb_cd27_memory_cd4_t_cell_alr",0.043,0.302325581395349,FALSE
"l1_ilc_alr","l3_isg_naive_cd8_t_cell_alr",0.043,0.488372093023256,FALSE
"sex","l3_transitional_b_cell",0.042,1,FALSE
"sex","l3_gzmk_memory_cd4_treg_alr",0.042,1,FALSE
"l3_transitional_b_cell","sex",0.042,0,FALSE
"l2_asdc_alr","l3_cd4_mait_alr",0.042,0.333333333333333,FALSE
"l2_proliferating_nk_cell_alr","l3_memory_cd8_treg_alr",0.042,0.5,FALSE
"l3_isg_cd14_monocyte_alr","l1_progenitor_cell_alr",0.042,0.19047619047619,FALSE
"l3_gzmk_cd56dim_nk_cell_alr","l1_platelet_alr",0.042,0.5,FALSE
"l3_cd4_mait_alr","l2_asdc_alr",0.042,0.666666666666667,FALSE
"l3_isg_memory_cd8_t_cell_alr","l3_klrb1_memory_cd8_treg_alr",0.042,0.238095238095238,FALSE
"l3_gzmk_memory_cd4_treg_alr","sex",0.042,0,FALSE
"l3_klrb1_memory_cd8_treg_alr","l3_isg_memory_cd8_t_cell_alr",0.042,0.761904761904762,FALSE
"l3_memory_cd8_treg_alr","l2_proliferating_nk_cell_alr",0.042,0.5,FALSE
"l1_platelet_alr","l3_gzmk_cd56dim_nk_cell_alr",0.042,0.5,FALSE
"l1_progenitor_cell_alr","l3_isg_cd14_monocyte_alr",0.042,0.80952380952381,FALSE
"l3_cd56bright_nk_cell","l3_cd8aa",0.042,0.380952380952381,FALSE
"l3_cd8aa","l3_cd56bright_nk_cell",0.042,0.619047619047619,FALSE
"l3_cdc1","l2_intermediate_monocyte_alr",0.042,0.571428571428572,FALSE
"l3_ilc","l3_gzmk_cd27_em_cd8_t_cell_alt_alr",0.042,0.380952380952381,FALSE
"l3_pdc","l3_naive_cd4_treg_alr",0.042,0.642857142857143,FALSE
"l3_platelet","l3_isg_naive_cd8_t_cell_alr",0.042,0.452380952380952,FALSE
"l3_proliferating_nk_cell","l3_proliferating_t_cell",0.042,0.261904761904762,FALSE
"l3_proliferating_t_cell","l3_proliferating_nk_cell",0.042,0.738095238095238,FALSE
"l3_proliferating_t_cell","l2_asdc_alr",0.042,0.619047619047619,FALSE
"l2_transitional_b_cell_alr","l3_gzmk_cd27_em_cd8_t_cell_alt_alr",0.042,0.880952380952381,FALSE
"l2_asdc_alr","l3_proliferating_t_cell",0.042,0.380952380952381,FALSE
"l2_asdc_alr","l2_proliferating_t_cell_alr",0.042,0.452380952380952,FALSE
"l2_cd16_monocyte_alr","l3_cd27_effector_b_cell_alt_alr",0.042,0.523809523809524,FALSE
"l2_intermediate_monocyte_alr","l3_cdc1",0.042,0.428571428571429,FALSE
"l2_proliferating_t_cell_alr","l2_asdc_alr",0.042,0.547619047619048,FALSE
"l3_gzmk_cd56dim_nk_cell_alr","l3_isg_mait_alr",0.042,0.642857142857143,FALSE
"l3_cd27_effector_b_cell_alt_alr","l2_cd16_monocyte_alr",0.042,0.476190476190476,FALSE
"l3_isg_mait_alr","l3_gzmk_cd56dim_nk_cell_alr",0.042,0.357142857142857,FALSE
"l3_gzmk_cd27_em_cd8_t_cell_alt_alr","l3_ilc",0.042,0.619047619047619,FALSE
"l3_gzmk_cd27_em_cd8_t_cell_alt_alr","l2_transitional_b_cell_alr",0.042,0.119047619047619,FALSE
"l3_isg_naive_cd8_t_cell_alr","l3_platelet",0.042,0.547619047619048,FALSE
"l3_naive_cd4_treg_alr","l3_pdc",0.042,0.357142857142857,FALSE
"age_group","l3_memory_cd8_treg_alr",0.041,1,FALSE
"l3_ilc","l3_clp_cell_alr",0.041,0.390243902439024,FALSE
"l3_plasma_cell","l3_proliferating_nk_cell",0.041,0.414634146341463,FALSE
"l3_proliferating_nk_cell","l3_plasma_cell",0.041,0.585365853658537,FALSE
"l2_cdc1_alr","l3_isg_cd16_monocyte_alr",0.041,0.414634146341463,FALSE
"l2_gdt_alr","l3_isg_memory_cd4_t_cell_alr",0.041,0.390243902439024,FALSE
"l3_isg_cd16_monocyte_alr","l2_cdc1_alr",0.041,0.585365853658537,FALSE
"l3_isg_cdc2_alr","l3_isg_naive_cd8_t_cell_alr",0.041,0.414634146341463,FALSE
"l3_isg_memory_cd4_t_cell_alr","l2_gdt_alr",0.041,0.609756097560976,FALSE
"l3_isg_naive_cd8_t_cell_alr","l3_isg_cdc2_alr",0.041,0.585365853658537,FALSE
"l3_clp_cell_alr","l3_ilc",0.041,0.609756097560976,FALSE
"l3_memory_cd8_treg_alr","age_group",0.041,0,FALSE
"l2_erythrocyte","l3_cm_cd8_t_cell_alr",0.041,0.634146341463415,FALSE
"l2_platelet","l2_proliferating_t_cell_alr",0.041,0.365853658536585,FALSE
"l2_platelet","l3_isg_memory_cd8_t_cell_alr",0.041,0.463414634146341,FALSE
"l2_platelet","l3_klrb1_memory_cd8_treg_alr",0.041,0.0975609756097561,FALSE
"l3_plasma_cell","l3_isg_mait_alr",0.041,0.560975609756098,FALSE
"l3_transitional_b_cell","l2_proliferating_nk_cell_alr",0.041,0.634146341463415,FALSE
"l3_transitional_b_cell","l3_c1q_cd16_monocyte_alr",0.041,0.536585365853659,FALSE
"l2_proliferating_nk_cell_alr","l3_transitional_b_cell",0.041,0.365853658536585,FALSE
"l2_proliferating_t_cell_alr","l2_platelet",0.041,0.634146341463415,FALSE
"l3_c1q_cd16_monocyte_alr","l3_transitional_b_cell",0.041,0.463414634146341,FALSE
"l3_isg_mait_alr","l3_plasma_cell",0.041,0.439024390243902,FALSE
"l3_isg_memory_cd8_t_cell_alr","l2_platelet",0.041,0.536585365853659,FALSE
"l3_cm_cd8_t_cell_alr","l2_erythrocyte",0.041,0.365853658536585,FALSE
"l3_gzmk_cd27_em_cd8_t_cell_alt_alr","l1_ilc_alr",0.041,0.536585365853659,FALSE
"l3_klrb1_memory_cd8_treg_alr","l2_platelet",0.041,0.902439024390244,FALSE
"l1_ilc_alr","l3_gzmk_cd27_em_cd8_t_cell_alt_alr",0.041,0.463414634146341,FALSE
"cmv","l3_klrb1_memory_cd4_treg_alr",0.04,1,FALSE
"cmv","l3_memory_cd8_treg_alr",0.04,1,FALSE
"l2_erythrocyte","l2_dn_t_cell_alr",0.04,0.425,FALSE
"l2_ilc","l3_pdc",0.04,0.275,FALSE
"l2_ilc","l2_transitional_b_cell_alr",0.04,0.3,FALSE
"l2_platelet","l3_early_memory_b_cell_alr",0.04,0.325,FALSE
"l2_progenitor_cell","l3_gzmk_cd27_em_cd8_t_cell_alt_alr",0.04,0.725,FALSE
"l3_asdc","l3_dn_t_cell",0.04,0.475,FALSE
"l3_cdc1","l3_pdc",0.04,0.475,FALSE
"l3_cdc1","l3_klrb1_memory_cd8_treg_alr",0.04,0.325,FALSE
"l3_dn_t_cell","l3_asdc",0.04,0.525,FALSE
"l3_dn_t_cell","l2_proliferating_nk_cell_alr",0.04,0.625,FALSE
"l3_pdc","l2_ilc",0.04,0.725,FALSE
"l3_pdc","l3_cdc1",0.04,0.525,FALSE
"l3_proliferating_t_cell","l3_isg_cdc2_alr",0.04,0.7,FALSE
"l2_transitional_b_cell_alr","l2_ilc",0.04,0.7,FALSE
"l2_asdc_alr","l3_klrf1_effector_vd1_gdt_alt_alr",0.04,0.65,FALSE
"l2_proliferating_nk_cell_alr","l3_dn_t_cell",0.04,0.375,FALSE
"l2_proliferating_nk_cell_alr","l2_dn_t_cell_alr",0.04,0.375,FALSE
"l2_proliferating_nk_cell_alr","l3_clp_cell_alr",0.04,0.6,FALSE
"l2_dn_t_cell_alr","l2_erythrocyte",0.04,0.575,FALSE
"l2_dn_t_cell_alr","l2_proliferating_nk_cell_alr",0.04,0.625,FALSE
"l2_dn_t_cell_alr","l3_isg_cd14_monocyte_alr",0.04,0.325,FALSE
"l3_il1b_cd14_monocyte_alr","l3_sox4_naive_cd4_t_cell_alr",0.04,0.475,FALSE
"l3_isg_cd14_monocyte_alr","l2_dn_t_cell_alr",0.04,0.675,FALSE
"l3_isg_cdc2_alr","l3_proliferating_t_cell",0.04,0.3,FALSE
"l3_gzmb_vd2_gdt_alr","l3_isg_memory_cd8_t_cell_alr",0.04,0.575,FALSE
"l3_klrf1_effector_vd1_gdt_alt_alr","l2_asdc_alr",0.04,0.35,FALSE
"l3_early_memory_b_cell_alr","l2_platelet",0.04,0.675,FALSE
"l3_isg_memory_cd8_t_cell_alr","l3_gzmb_vd2_gdt_alr",0.04,0.425,FALSE
"l3_gzmk_cd27_em_cd8_t_cell_alt_alr","l2_progenitor_cell",0.04,0.275,FALSE
"l3_isg_naive_cd4_t_cell_alr","l3_clp_cell_alr",0.04,0.5,FALSE
"l3_sox4_naive_cd4_t_cell_alr","l3_il1b_cd14_monocyte_alr",0.04,0.525,FALSE
"l3_clp_cell_alr","l2_proliferating_nk_cell_alr",0.04,0.4,FALSE
"l3_clp_cell_alr","l3_isg_naive_cd4_t_cell_alr",0.04,0.5,FALSE
"l3_klrb1_memory_cd4_treg_alr","cmv",0.04,0,FALSE
"l3_klrb1_memory_cd8_treg_alr","l3_cdc1",0.04,0.675,FALSE
"l3_memory_cd8_treg_alr","cmv",0.04,0,FALSE
"cmv","l3_klrb1_memory_cd8_treg_alr",0.039,1,FALSE
"l2_erythrocyte","l3_naive_cd4_treg_alr",0.039,0.282051282051282,FALSE
"l2_ilc","l2_pdc_alr",0.039,0.282051282051282,FALSE
"l2_platelet","l3_klrb1_memory_cd4_treg_alr",0.039,0.41025641025641,FALSE
"l3_cd8aa","l3_isg_mait_alr",0.039,0.58974358974359,FALSE
"l3_platelet","l3_gzmk_cd56dim_nk_cell_alr",0.039,0.512820512820513,FALSE
"l3_platelet","l3_gzmk_memory_cd4_treg_alr",0.039,0.179487179487179,FALSE
"l3_transitional_b_cell","l2_treg_alr",0.039,0.205128205128205,FALSE
"l3_transitional_b_cell","l3_klrb1_memory_cd4_treg_alr",0.039,0.551282051282051,FALSE
"l2_pdc_alr","l2_ilc",0.039,0.717948717948718,FALSE
"l2_dn_t_cell_alr","l3_klrf1_gzmb_cd27_em_cd8_t_cell_alr",0.039,0.564102564102564,FALSE
"l2_treg_alr","l3_transitional_b_cell",0.039,0.794871794871795,FALSE
"l3_isg_cd14_monocyte_alr","l3_activated_memory_b_cell_alr",0.039,0.41025641025641,FALSE
"l3_gzmk_cd56dim_nk_cell_alr","l3_platelet",0.039,0.487179487179487,FALSE
"l3_cd4_mait_alr","l1_dc_alr",0.039,0.846153846153846,FALSE
"l3_isg_mait_alr","l3_cd8aa",0.039,0.41025641025641,FALSE
"l3_activated_memory_b_cell_alr","l3_isg_cd14_monocyte_alr",0.039,0.58974358974359,FALSE
"l3_klrf1_gzmb_cd27_em_cd8_t_cell_alr","l2_dn_t_cell_alr",0.039,0.435897435897436,FALSE
"l3_clp_cell_alr","l1_nk_cell_alr",0.039,0.641025641025641,FALSE
"l3_gzmk_memory_cd4_treg_alr","l3_platelet",0.039,0.82051282051282,FALSE
"l3_klrb1_memory_cd4_treg_alr","l2_platelet",0.039,0.58974358974359,FALSE
"l3_klrb1_memory_cd4_treg_alr","l3_transitional_b_cell",0.039,0.448717948717949,FALSE
"l3_klrb1_memory_cd8_treg_alr","cmv",0.039,0,FALSE
"l3_naive_cd4_treg_alr","l2_erythrocyte",0.039,0.717948717948718,FALSE
"l1_dc_alr","l3_cd4_mait_alr",0.039,0.153846153846154,FALSE
"l1_nk_cell_alr","l3_clp_cell_alr",0.039,0.358974358974359,FALSE
"l2_platelet","l2_memory_b_cell_alr",0.038,0.447368421052632,FALSE
"l3_erythrocyte","l3_platelet",0.038,0.447368421052632,FALSE
"l3_intermediate_monocyte","l3_plasma_cell",0.038,0.447368421052632,FALSE
"l3_plasma_cell","l3_intermediate_monocyte",0.038,0.552631578947368,FALSE
"l3_platelet","l3_erythrocyte",0.038,0.552631578947368,FALSE
"l2_memory_b_cell_alr","l2_platelet",0.038,0.552631578947368,FALSE
"l2_memory_cd8_t_cell_alr","l3_cd27_effector_b_cell_alt_alr",0.038,0.552631578947368,FALSE
"l3_cd27_effector_b_cell_alt_alr","l2_memory_cd8_t_cell_alr",0.038,0.447368421052632,FALSE
"l3_cd8aa","l3_gzmk_cd56dim_nk_cell_alr",0.038,0.631578947368421,FALSE
"l3_transitional_b_cell","l3_memory_cd8_treg_alr",0.038,0.421052631578947,FALSE
"l2_proliferating_nk_cell_alr","l3_cd95_memory_b_cell_alr",0.038,0.394736842105263,FALSE
"l2_dn_t_cell_alr","l3_isg_naive_b_cell_alr",0.038,0.342105263157895,FALSE
"l3_gzmk_cd56dim_nk_cell_alr","l3_cd8aa",0.038,0.368421052631579,FALSE
"l3_adaptive_nk_cell_alr","l3_isg_mait_alr",0.038,0.394736842105263,FALSE
"l3_isg_mait_alr","l3_adaptive_nk_cell_alr",0.038,0.605263157894737,FALSE
"l3_cd95_memory_b_cell_alr","l2_proliferating_nk_cell_alr",0.038,0.605263157894737,FALSE
"l3_isg_naive_b_cell_alr","l2_dn_t_cell_alr",0.038,0.657894736842105,FALSE
"l3_memory_cd8_treg_alr","l3_transitional_b_cell",0.038,0.578947368421053,FALSE
"l3_asdc","l2_effector_b_cell_alr",0.037,0.432432432432432,FALSE
"l2_effector_b_cell_alr","l3_asdc",0.037,0.567567567567568,FALSE
"l2_proliferating_t_cell_alr","l3_isg_cdc2_alr",0.037,0.54054054054054,FALSE
"l3_isg_cdc2_alr","l2_proliferating_t_cell_alr",0.037,0.459459459459459,FALSE
"l2_ilc","l3_klrf1_gzmb_cd27_em_cd8_t_cell_alt_alr",0.037,0.486486486486486,FALSE
"l3_plasma_cell","l2_intermediate_monocyte_alr",0.037,0.702702702702703,FALSE
"l2_intermediate_monocyte_alr","l3_plasma_cell",0.037,0.297297297297297,FALSE
"l3_gzmb_cd27_em_cd4_t_cell_alr","l3_isg_memory_cd8_t_cell_alr",0.037,0.594594594594595,FALSE
"l3_isg_memory_cd8_t_cell_alr","l3_gzmb_cd27_em_cd4_t_cell_alr",0.037,0.405405405405405,FALSE
"l3_klrf1_gzmb_cd27_em_cd8_t_cell_alt_alr","l2_ilc",0.037,0.513513513513513,FALSE
"l2_erythrocyte","l3_isg_naive_cd8_t_cell_alr",0.036,0.527777777777778,FALSE
"l3_cd8aa","l3_isg_naive_b_cell_alr",0.036,0.583333333333333,FALSE
"l3_cdc1","l3_dn_t_cell",0.036,0.416666666666667,FALSE
"l3_dn_t_cell","l3_cdc1",0.036,0.583333333333333,FALSE
"l3_dn_t_cell","l2_cdc1_alr",0.036,0.444444444444444,FALSE
"l3_ilc","l3_isg_naive_cd8_t_cell_alr",0.036,0.541666666666667,FALSE
"l3_plasma_cell","l3_c1q_cd16_monocyte_alr",0.036,0.416666666666667,FALSE
"l3_baeomap_cell","l2_plasma_cell_alr",0.036,0.527777777777778,FALSE
"l2_plasma_cell_alr","l3_baeomap_cell",0.036,0.472222222222222,FALSE
"l2_cdc1_alr","l3_dn_t_cell",0.036,0.555555555555555,FALSE
"l3_c1q_cd16_monocyte_alr","l3_plasma_cell",0.036,0.583333333333333,FALSE
"l3_isg_naive_b_cell_alr","l3_cd8aa",0.036,0.416666666666667,FALSE
"l3_isg_naive_cd8_t_cell_alr","l2_erythrocyte",0.036,0.472222222222222,FALSE
"l3_isg_naive_cd8_t_cell_alr","l3_ilc",0.036,0.458333333333333,FALSE
"l3_gzmk_memory_cd4_treg_alr","l1_monocyte_alr",0.036,0.555555555555555,FALSE
"l1_monocyte_alr","l3_gzmk_memory_cd4_treg_alr",0.036,0.444444444444444,FALSE
"l2_erythrocyte","l3_klrf1_effector_vd1_gdt_alr",0.036,0.5,FALSE
"l2_ilc","l3_transitional_b_cell",0.036,0.5,FALSE
"l2_platelet","l3_type_2_polarized_memory_b_cell_alr",0.036,0.611111111111111,FALSE
"l3_transitional_b_cell","l2_ilc",0.036,0.5,FALSE
"l3_transitional_b_cell","l3_gzmk_cd27_em_cd8_t_cell_alt_alr",0.036,0.5,FALSE
"l3_isg_cd16_monocyte_alr","l3_klrb1_memory_cd8_treg_alr",0.036,0.25,FALSE
"l3_klrf1_effector_vd1_gdt_alr","l2_erythrocyte",0.036,0.5,FALSE
"l3_type_2_polarized_memory_b_cell_alr","l2_platelet",0.036,0.388888888888889,FALSE
"l3_gzmk_cd27_em_cd8_t_cell_alt_alr","l3_transitional_b_cell",0.036,0.5,FALSE
"l3_klrb1_memory_cd8_treg_alr","l3_isg_cd16_monocyte_alr",0.036,0.75,FALSE
"sex","l1_progenitor_cell_alr",0.035,1,FALSE
"l2_erythrocyte","l3_sox4_naive_cd8_t_cell_alr",0.035,0.657142857142857,FALSE
"l3_asdc","l3_klrf1_effector_vd1_gdt_alt_alr",0.035,0.657142857142857,FALSE
"l2_plasma_cell_alr","l2_intermediate_monocyte_alr",0.035,0.514285714285714,FALSE
"l2_asdc_alr","l3_clp_cell_alr",0.035,0.542857142857143,FALSE
"l2_intermediate_monocyte_alr","l2_plasma_cell_alr",0.035,0.485714285714286,FALSE
"l3_klrf1_effector_vd1_gdt_alt_alr","l3_asdc",0.035,0.342857142857143,FALSE
"l3_sox4_naive_cd8_t_cell_alr","l2_erythrocyte",0.035,0.342857142857143,FALSE
"l3_clp_cell_alr","l2_asdc_alr",0.035,0.457142857142857,FALSE
"l1_progenitor_cell_alr","sex",0.035,0,FALSE
"l2_erythrocyte","l3_baeomap_cell",0.035,0.257142857142857,FALSE
"l3_baeomap_cell","l2_erythrocyte",0.035,0.742857142857143,FALSE
"l2_dn_t_cell_alr","l3_isg_cdc2_alr",0.035,0.371428571428571,FALSE
"l2_proliferating_t_cell_alr","l3_isg_naive_b_cell_alr",0.035,0.257142857142857,FALSE
"l3_isg_cdc2_alr","l2_dn_t_cell_alr",0.035,0.628571428571429,FALSE
"l3_isg_naive_b_cell_alr","l2_proliferating_t_cell_alr",0.035,0.742857142857143,FALSE
"l2_ilc","l3_naive_cd4_treg_alr",0.034,0.794117647058823,FALSE
"l2_platelet","l2_effector_b_cell_alr",0.034,0.441176470588235,FALSE
"l2_effector_b_cell_alr","l2_platelet",0.034,0.558823529411765,FALSE
"l3_isg_cd14_monocyte_alr","l3_gzmk_cd27_em_cd8_t_cell_alt_alr",0.034,0.647058823529412,FALSE
"l3_isg_cd14_monocyte_alr","l3_klrf1_gzmb_cd27_em_cd8_t_cell_alr",0.034,0.5,FALSE
"l3_isg_cd14_monocyte_alr","l1_ilc_alr",0.034,0.735294117647059,FALSE
"l3_gzmk_cd27_em_cd8_t_cell_alt_alr","l3_isg_cd14_monocyte_alr",0.034,0.352941176470588,FALSE
"l3_klrf1_gzmb_cd27_em_cd8_t_cell_alr","l3_isg_cd14_monocyte_alr",0.034,0.5,FALSE
"l3_naive_cd4_treg_alr","l2_ilc",0.034,0.205882352941176,FALSE
"l1_ilc_alr","l3_isg_cd14_monocyte_alr",0.034,0.264705882352941,FALSE
"l2_erythrocyte","l3_isg_cd14_monocyte_alr",0.033,0.606060606060606,FALSE
"l2_erythrocyte","l1_progenitor_cell_alr",0.033,0.272727272727273,FALSE
"l2_platelet","l3_cdc1",0.033,0.181818181818182,FALSE
"l2_platelet","l3_transitional_b_cell",0.033,0.272727272727273,FALSE
"l2_platelet","l3_gzmk_cd27_em_cd8_t_cell_alt_alr",0.033,0.484848484848485,FALSE
"l2_progenitor_cell","l3_klrb1_memory_cd8_treg_alr",0.033,0.303030303030303,FALSE
"l3_cdc1","l2_platelet",0.033,0.818181818181818,FALSE
"l3_transitional_b_cell","l2_platelet",0.033,0.727272727272727,FALSE
"l2_effector_b_cell_alr","l2_asdc_alr",0.033,0.575757575757576,FALSE
"l2_asdc_alr","l2_effector_b_cell_alr",0.033,0.424242424242424,FALSE
"l3_isg_cd14_monocyte_alr","l2_erythrocyte",0.033,0.393939393939394,FALSE
"l3_gzmk_cd27_em_cd8_t_cell_alt_alr","l2_platelet",0.033,0.515151515151515,FALSE
"l3_isg_naive_cd8_t_cell_alr","l1_platelet_alr",0.033,0.454545454545455,FALSE
"l3_klrb1_memory_cd8_treg_alr","l2_progenitor_cell",0.033,0.696969696969697,FALSE
"l1_platelet_alr","l3_isg_naive_cd8_t_cell_alr",0.033,0.545454545454545,FALSE
"l1_progenitor_cell_alr","l2_erythrocyte",0.033,0.727272727272727,FALSE
"sex","l2_ilc",0.032,1,FALSE
"l2_ilc","sex",0.032,0,FALSE
"l2_ilc","l2_naive_cd8_t_cell_alr",0.032,0.53125,FALSE
"l2_ilc","l3_klrb1_memory_cd4_treg_alr",0.032,0.375,FALSE
"l2_platelet","l3_klrf1_gzmb_cd27_em_cd8_t_cell_alt_alr",0.032,0.28125,FALSE
"l2_naive_cd8_t_cell_alr","l2_ilc",0.032,0.46875,FALSE
"l3_klrf1_gzmb_cd27_em_cd8_t_cell_alt_alr","l2_platelet",0.032,0.71875,FALSE
"l3_klrb1_memory_cd4_treg_alr","l2_ilc",0.032,0.625,FALSE
"sex","l2_progenitor_cell",0.031,1,FALSE
"l2_ilc","l3_isg_cd14_monocyte_alr",0.031,0.483870967741935,FALSE
"l2_progenitor_cell","sex",0.031,0,FALSE
"l3_isg_cd14_monocyte_alr","l2_ilc",0.031,0.516129032258065,FALSE
"l3_clp_cell_alr","l1_ilc_alr",0.031,0.548387096774194,FALSE
"l1_ilc_alr","l3_clp_cell_alr",0.031,0.451612903225806,FALSE
"l3_clp_cell_alr","l1_erythrocyte_alr",0.03,0.583333333333333,FALSE
"l1_erythrocyte_alr","l3_clp_cell_alr",0.03,0.416666666666667,FALSE
"l2_ilc","l3_early_memory_b_cell_alr",0.03,0.333333333333333,FALSE
"l2_platelet","l3_sox4_vd1_gdt_alr",0.03,0.6,FALSE
"l3_c1q_cd16_monocyte_alr","l1_progenitor_cell_alr",0.03,0.633333333333333,FALSE
"l3_sox4_vd1_gdt_alr","l2_platelet",0.03,0.4,FALSE
"l3_early_memory_b_cell_alr","l2_ilc",0.03,0.666666666666667,FALSE
"l1_progenitor_cell_alr","l3_c1q_cd16_monocyte_alr",0.03,0.366666666666667,FALSE
"l2_dn_t_cell_alr","l3_cd27_effector_b_cell_alt_alr",0.029,0.586206896551724,FALSE
"l3_cd27_effector_b_cell_alt_alr","l2_dn_t_cell_alr",0.029,0.413793103448276,FALSE
"l2_erythrocyte","l3_clp_cell_alr",0.029,0.379310344827586,FALSE
"l2_ilc","l2_cd56bright_nk_cell_alr",0.029,0.344827586206897,FALSE
"l2_platelet","l3_gzmk_cd56dim_nk_cell_alr",0.029,0.344827586206897,FALSE
"l2_cd56bright_nk_cell_alr","l2_ilc",0.029,0.655172413793103,FALSE
"l3_gzmk_cd56dim_nk_cell_alr","l2_platelet",0.029,0.655172413793103,FALSE
"l3_clp_cell_alr","l2_erythrocyte",0.029,0.620689655172414,FALSE
"l2_platelet","l3_isg_naive_cd8_t_cell_alr",0.028,0.571428571428571,FALSE
"l3_isg_naive_cd8_t_cell_alr","l2_platelet",0.028,0.428571428571429,FALSE
"l2_ilc","l2_cd16_monocyte_alr",0.028,0.535714285714286,FALSE
"l2_ilc","l3_isg_memory_cd8_t_cell_alr",0.028,0.535714285714286,FALSE
"l2_cd16_monocyte_alr","l2_ilc",0.028,0.464285714285714,FALSE
"l3_isg_memory_cd8_t_cell_alr","l2_ilc",0.028,0.464285714285714,FALSE
"l2_ilc","l3_cd8aa",0.027,0.407407407407407,FALSE
"l2_ilc","l3_cd95_memory_b_cell_alr",0.027,0.592592592592593,FALSE
"l3_cd8aa","l2_ilc",0.027,0.592592592592593,FALSE
"l2_cd8aa_alr","l3_klrf1_gzmb_cd27_em_cd8_t_cell_alr",0.027,0.555555555555556,FALSE
"l3_cd95_memory_b_cell_alr","l2_ilc",0.027,0.407407407407407,FALSE
"l3_klrf1_gzmb_cd27_em_cd8_t_cell_alr","l2_cd8aa_alr",0.027,0.444444444444444,FALSE
"l2_erythrocyte","l2_cd16_monocyte_alr",0.026,0.269230769230769,FALSE
"l2_erythrocyte","l3_gzmk_cd27_em_cd8_t_cell_alt_alr",0.026,0.692307692307692,FALSE
"l2_cd16_monocyte_alr","l2_erythrocyte",0.026,0.730769230769231,FALSE
"l3_gzmk_cd27_em_cd8_t_cell_alt_alr","l2_erythrocyte",0.026,0.307692307692308,FALSE
"age_group","l2_ilc",0.025,1,FALSE
"l2_ilc","age_group",0.025,0,FALSE
"l2_ilc","l3_naive_vd1_gdt_alr",0.025,0.68,FALSE
"l2_platelet","l3_gzmk_memory_cd4_treg_alr",0.025,0.36,FALSE
"l3_naive_vd1_gdt_alr","l2_ilc",0.025,0.32,FALSE
"l3_gzmk_memory_cd4_treg_alr","l2_platelet",0.025,0.64,FALSE
"l2_erythrocyte","l3_klrf1_gzmb_cd27_em_cd8_t_cell_alt_alr",0.024,0.25,FALSE
"l3_asdc","l3_cdc1",0.024,0.458333333333333,FALSE
"l3_cdc1","l3_asdc",0.024,0.541666666666667,FALSE
"l3_klrf1_gzmb_cd27_em_cd8_t_cell_alt_alr","l2_erythrocyte",0.024,0.75,FALSE
"l2_ilc","l3_clp_cell_alr",0.023,0.478260869565217,FALSE
"l2_dn_t_cell_alr","l3_gzmk_cd56dim_nk_cell_alr",0.023,0.391304347826087,FALSE
"l3_gzmk_cd56dim_nk_cell_alr","l2_dn_t_cell_alr",0.023,0.608695652173913,FALSE
"l3_clp_cell_alr","l2_ilc",0.023,0.521739130434783,FALSE
"l2_ilc","l2_progenitor_cell",0.022,0.5,FALSE
"l2_ilc","l3_cm_cd8_t_cell_alr",0.022,0.409090909090909,FALSE
"l2_ilc","l3_isg_naive_cd8_t_cell_alr",0.022,0.545454545454546,FALSE
"l2_progenitor_cell","l2_ilc",0.022,0.5,FALSE
"l3_cm_cd8_t_cell_alr","l2_ilc",0.022,0.590909090909091,FALSE
"l3_isg_naive_cd8_t_cell_alr","l2_ilc",0.022,0.454545454545455,FALSE
"l2_ilc","l3_sox4_vd1_gdt_alr",0.021,0.523809523809524,FALSE
"l2_platelet","l3_cd14_cdc2_alr",0.021,0.380952380952381,FALSE
"l3_cd14_cdc2_alr","l2_platelet",0.021,0.619047619047619,FALSE
"l3_sox4_vd1_gdt_alr","l2_ilc",0.021,0.476190476190476,FALSE
"l2_ilc","l2_proliferating_t_cell_alr",0.02,0.2,FALSE
"l2_proliferating_t_cell_alr","l2_ilc",0.02,0.8,FALSE
"l2_platelet","l2_progenitor_cell",0.019,0.631578947368421,FALSE
"l2_progenitor_cell","l2_platelet",0.019,0.368421052631579,FALSE
"l2_erythrocyte","l3_gzmk_memory_cd4_treg_alr",0.018,0.333333333333333,FALSE
"l2_ilc","l2_platelet",0.018,0.555555555555555,FALSE
"l2_platelet","l2_ilc",0.018,0.444444444444444,FALSE
"l3_gzmk_memory_cd4_treg_alr","l2_erythrocyte",0.018,0.666666666666667,FALSE
"l2_erythrocyte","l3_naive_vd1_gdt_alr",0.018,0.5,FALSE
"l2_platelet","l3_naive_vd1_gdt_alr",0.018,0.5,FALSE
"l2_platelet","l3_cd95_memory_b_cell_alr",0.018,0.5,FALSE
"l3_naive_vd1_gdt_alr","l2_erythrocyte",0.018,0.5,FALSE
"l3_naive_vd1_gdt_alr","l2_platelet",0.018,0.5,FALSE
"l3_cd95_memory_b_cell_alr","l2_platelet",0.018,0.5,FALSE
"l2_ilc","l3_gzmk_cd27_em_cd8_t_cell_alt_alr",0.017,0.352941176470588,FALSE
"l2_platelet","l3_cd27_effector_b_cell_alt_alr",0.017,0.647058823529412,FALSE
"l3_cd27_effector_b_cell_alt_alr","l2_platelet",0.017,0.352941176470588,FALSE
"l3_gzmk_cd27_em_cd8_t_cell_alt_alr","l2_ilc",0.017,0.647058823529412,FALSE
"l2_erythrocyte","l2_progenitor_cell",0.014,0.428571428571429,FALSE
"l2_progenitor_cell","l2_erythrocyte",0.014,0.571428571428571,FALSE
"l2_erythrocyte","l2_platelet",0.013,0.461538461538462,FALSE
"l2_platelet","l2_erythrocyte",0.013,0.538461538461538,FALSE
"l2_erythrocyte","l2_ilc",0.011,0.454545454545455,FALSE
"l2_ilc","l2_erythrocyte",0.011,0.545454545454546,FALSE
"age_group","sex",0,0,FALSE
"age_group","cmv",0,0,FALSE
"sex","age_group",0,0,FALSE
"sex","cmv",0,0,FALSE
"cmv","age_group",0,0,FALSE
"cmv","sex",0,0,FALSE
"l2_erythrocyte","l3_erythrocyte",0,0,FALSE
"l2_ilc","l3_ilc",0,0,FALSE
"l2_platelet","l3_platelet",0,0,FALSE
"l3_erythrocyte","l2_erythrocyte",0,0,FALSE
"l3_ilc","l2_ilc",0,0,FALSE
"l3_platelet","l2_platelet",0,0,FALSE
