"from","to","strength","direction","in_final_dag"
"age_group","GDF15",1,1,TRUE
"sex","LEP",1,1,TRUE
"weight","hdl",1,0.99,TRUE
"weight","LEP",1,1,TRUE
"hematocrit","hemoglobin",1,1,TRUE
"hematocrit","rbc",1,1,TRUE
"mpv","platelets",1,0.98,TRUE
"rdw","rbc",1,1,TRUE
"albumin","calcium",1,1,TRUE
"albumin","protein",1,1,TRUE
"alt","ast",1,0.99,TRUE
"chloride","co2",1,0.535,TRUE
"globulin","protein",1,1,TRUE
"hdl","total_chol",1,1,TRUE
"hdl","triglycerides",1,0.98,TRUE
"ldl","total_chol",1,1,TRUE
"triglycerides","total_chol",1,1,TRUE
"CXCL9","CXCL10",1,0.985,TRUE
"CXCL9","IFNG",1,0.895,TRUE
"CXCL9","PDCD1",1,0.855,TRUE
"CXCL10","CXCL11",1,0.96,TRUE
"IL7","VEGFA",1,0.97,TRUE
"CCL11","CCL2",1,0.51,TRUE
"TNFRSF1A","HAVCR2",1,0.94,TRUE
"TNFRSF1B","HAVCR2",1,0.96,TRUE
"GZMA","CD8A",1,0.74,TRUE
"GZMA","LAG3",1,0.99,TRUE
"sex","crp",0.99,1,TRUE
"alt","weight",0.99,0.565656565656566,TRUE
"chloride","sodium",0.99,0.636363636363636,TRUE
"potassium","calcium",0.99,0.97979797979798,TRUE
"IFNG","TNF",0.99,0.797979797979798,TRUE
"GZMA","GZMB",0.99,0.565656565656566,TRUE
"MMP12","protein",0.99,0.868686868686869,TRUE
"bun","albumin",0.98,0.816326530612245,TRUE
"ldl","triglycerides",0.98,1,TRUE
"IL1RN","IL6",0.98,0.795918367346939,TRUE
"IL1RN","alk_phos",0.97,0.938144329896907,TRUE
"TNFRSF1A","TNFRSF1B",0.97,0.969072164948454,TRUE
"VEGFA","triglycerides",0.97,1,TRUE
"creatinine","bun",0.96,0.9375,TRUE
"IL10","protein",0.96,1,TRUE
"GDF15","TNFRSF1A",0.96,0.989583333333333,TRUE
"IL1RN","CCL4",0.95,0.71578947368421,TRUE
"age_group","total_chol",0.95,1,TRUE
"IL6","mpv",0.95,0.757894736842105,TRUE
"CCL11","CCL8",0.95,1,TRUE
"sex","creatinine",0.94,1,TRUE
"rdw","weight",0.94,0.553191489361702,TRUE
"bun","FGF21",0.93,0.838709677419355,TRUE
"hemoglobin","hematocrit",1,0,FALSE
"platelets","mpv",1,0.02,FALSE
"rbc","hematocrit",1,0,FALSE
"rbc","rdw",1,0,FALSE
"ast","alt",1,0.01,FALSE
"calcium","albumin",1,0,FALSE
"co2","chloride",1,0.465,FALSE
"protein","albumin",1,0,FALSE
"protein","globulin",1,0,FALSE
"hdl","weight",1,0.01,FALSE
"total_chol","hdl",1,0,FALSE
"total_chol","ldl",1,0,FALSE
"total_chol","triglycerides",1,0,FALSE
"triglycerides","hdl",1,0.02,FALSE
"CXCL10","CXCL9",1,0.015,FALSE
"CXCL11","CXCL10",1,0.04,FALSE
"IFNG","CXCL9",1,0.105,FALSE
"CCL2","CCL11",1,0.49,FALSE
"GDF15","age_group",1,0,FALSE
"CD8A","GZMA",1,0.26,FALSE
"VEGFA","IL7",1,0.03,FALSE
"PDCD1","CXCL9",1,0.145,FALSE
"LAG3","GZMA",1,0.01,FALSE
"HAVCR2","TNFRSF1A",1,0.06,FALSE
"HAVCR2","TNFRSF1B",1,0.04,FALSE
"LEP","sex",1,0,FALSE
"LEP","weight",1,0,FALSE
"weight","alt",0.99,0.434343434343434,FALSE
"calcium","potassium",0.99,0.0202020202020202,FALSE
"protein","MMP12",0.99,0.131313131313131,FALSE
"sodium","chloride",0.99,0.363636363636364,FALSE
"crp","sex",0.99,0,FALSE
"TNF","IFNG",0.99,0.202020202020202,FALSE
"GZMB","GZMA",0.99,0.434343434343434,FALSE
"albumin","bun",0.98,0.183673469387755,FALSE
"triglycerides","ldl",0.98,0,FALSE
"IL6","IL1RN",0.98,0.204081632653061,FALSE
"alk_phos","IL1RN",0.97,0.0618556701030928,FALSE
"triglycerides","VEGFA",0.97,0,FALSE
"TNFRSF1B","TNFRSF1A",0.97,0.0309278350515464,FALSE
"bun","creatinine",0.96,0.0625,FALSE
"protein","IL10",0.96,0,FALSE
"TNFRSF1A","GDF15",0.96,0.0104166666666667,FALSE
"CCL4","IL1RN",0.95,0.28421052631579,FALSE
"mpv","IL6",0.95,0.242105263157895,FALSE
"total_chol","age_group",0.95,0,FALSE
"CCL8","CCL11",0.95,0,FALSE
"weight","rdw",0.94,0.446808510638298,FALSE
"creatinine","sex",0.94,0,FALSE
"FGF21","bun",0.93,0.161290322580645,FALSE
"basophils","hemoglobin",0.92,0.0543478260869565,FALSE
"eosinophils","ast",0.92,1,FALSE
"hemoglobin","basophils",0.92,0.945652173913043,FALSE
"ast","eosinophils",0.92,0,FALSE
"CXCL8","CD8A",0.92,0.58695652173913,FALSE
"IL1RN","LEP",0.92,0,FALSE
"CD8A","CXCL8",0.92,0.41304347826087,FALSE
"LEP","IL1RN",0.92,1,FALSE
"FGF21","CHI3L1",0.92,0.554347826086957,FALSE
"CHI3L1","FGF21",0.92,0.445652173913043,FALSE
"CCL4","GZMB",0.9,1,FALSE
"GZMB","CCL4",0.9,0,FALSE
"creatinine","IL7",0.89,0.0112359550561798,FALSE
"IL7","creatinine",0.89,0.98876404494382,FALSE
"basophils","platelets",0.88,0.0795454545454545,FALSE
"platelets","basophils",0.88,0.920454545454545,FALSE
"lymphocytes","IL15",0.88,0.488636363636364,FALSE
"IL15","lymphocytes",0.88,0.511363636363636,FALSE
"IGFBP7","TNFRSF1A",0.88,0.147727272727273,FALSE
"TNFRSF1A","IGFBP7",0.88,0.852272727272727,FALSE
"IL18","IL1RN",0.87,0.931034482758621,FALSE
"IL1RN","IL18",0.87,0.0689655172413793,FALSE
"GDF15","FGF21",0.87,0.988505747126437,FALSE
"FGF21","GDF15",0.87,0.0114942528735632,FALSE
"sex","hematocrit",0.86,1,FALSE
"hematocrit","sex",0.86,0,FALSE
"platelets","esr",0.86,0.430232558139535,FALSE
"esr","platelets",0.86,0.569767441860465,FALSE
"CXCL10","IL1RN",0.86,0.13953488372093,FALSE
"IL1RN","CXCL10",0.86,0.86046511627907,FALSE
"globulin","esr",0.85,0.0470588235294118,FALSE
"esr","globulin",0.85,0.952941176470588,FALSE
"CXCL9","GZMA",0.85,0.941176470588235,FALSE
"GZMA","CXCL9",0.85,0.0588235294117647,FALSE
"age_group","IL10",0.85,1,FALSE
"IL10","age_group",0.85,0,FALSE
"glucose","IL10",0.84,0.547619047619048,FALSE
"IL10","glucose",0.84,0.452380952380952,FALSE
"eosinophils","IL18",0.83,0.204819277108434,FALSE
"hemoglobin","IL18",0.83,0.939759036144578,FALSE
"IL18","eosinophils",0.83,0.795180722891566,FALSE
"IL18","hemoglobin",0.83,0.0602409638554217,FALSE
"sex","esr",0.83,1,FALSE
"sex","HAVCR2",0.83,1,FALSE
"esr","sex",0.83,0,FALSE
"CXCL11","VEGFA",0.83,0.168674698795181,FALSE
"VEGFA","CXCL11",0.83,0.831325301204819,FALSE
"HAVCR2","sex",0.83,0,FALSE
"CXCL9","KLRD1",0.82,0.975609756097561,FALSE
"KLRD1","CXCL9",0.82,0.024390243902439,FALSE
"eosinophils","LEP",0.82,0,FALSE
"LEP","eosinophils",0.82,1,FALSE
"IL18","PDCD1",0.81,0.0740740740740741,FALSE
"PDCD1","IL18",0.81,0.925925925925926,FALSE
"lymphocytes","rbc",0.8,0.3125,FALSE
"neutrophils","CXCL8",0.8,0.7875,FALSE
"rbc","lymphocytes",0.8,0.6875,FALSE
"CXCL8","neutrophils",0.8,0.2125,FALSE
"IGFBP7","LAG3",0.8,0.1875,FALSE
"LAG3","IGFBP7",0.8,0.8125,FALSE
"age_group","glucose",0.78,1,FALSE
"glucose","age_group",0.78,0,FALSE
"TNFRSF1B","PDCD1",0.78,0.833333333333333,FALSE
"PDCD1","TNFRSF1B",0.78,0.166666666666667,FALSE
"CXCL8","MMP12",0.78,0.730769230769231,FALSE
"MMP12","CXCL8",0.78,0.269230769230769,FALSE
"neutrophils","crp",0.77,0.025974025974026,FALSE
"potassium","CD8A",0.77,0.0194805194805195,FALSE
"crp","neutrophils",0.77,0.974025974025974,FALSE
"CD8A","potassium",0.77,0.98051948051948,FALSE
"weight","CCL8",0.76,1,FALSE
"hematocrit","TNF",0.76,1,FALSE
"bun","protein",0.76,0.973684210526316,FALSE
"protein","bun",0.76,0.0263157894736842,FALSE
"TNF","hematocrit",0.76,0,FALSE
"CXCL9","TNFRSF1B",0.76,0.0263157894736842,FALSE
"IL1RN","CCL2",0.76,0.986842105263158,FALSE
"CCL2","IL1RN",0.76,0.0131578947368421,FALSE
"CCL3","TNFRSF1B",0.76,0.0526315789473684,FALSE
"CCL8","weight",0.76,0,FALSE
"TNFRSF1B","CXCL9",0.76,0.973684210526316,FALSE
"TNFRSF1B","CCL3",0.76,0.947368421052632,FALSE
"neutrophils","CCL2",0.75,0.733333333333333,FALSE
"calcium","esr",0.75,0,FALSE
"esr","calcium",0.75,1,FALSE
"CCL2","neutrophils",0.75,0.266666666666667,FALSE
"neutrophils","sodium",0.74,0.621621621621622,FALSE
"chloride","potassium",0.74,0.777027027027027,FALSE
"potassium","chloride",0.74,0.222972972972973,FALSE
"sodium","neutrophils",0.74,0.378378378378378,FALSE
"CXCL8","CCL4",0.74,0.364864864864865,FALSE
"CCL4","CXCL8",0.74,0.635135135135135,FALSE
"age_group","alk_phos",0.73,1,FALSE
"eosinophils","hemoglobin",0.73,0.0136986301369863,FALSE
"hemoglobin","eosinophils",0.73,0.986301369863014,FALSE
"hemoglobin","monocytes",0.73,1,FALSE
"monocytes","hemoglobin",0.73,0,FALSE
"alk_phos","age_group",0.73,0,FALSE
"CXCL8","CCL11",0.73,0.452054794520548,FALSE
"CXCL9","CCL3",0.73,0.73972602739726,FALSE
"CCL3","CXCL9",0.73,0.26027397260274,FALSE
"CCL11","CXCL8",0.73,0.547945205479452,FALSE
"age_group","hdl",0.72,1,FALSE
"rdw","LAG3",0.72,0.375,FALSE
"co2","KLRD1",0.72,0.972222222222222,FALSE
"crp","VEGFA",0.72,1,FALSE
"hdl","age_group",0.72,0,FALSE
"KLRD1","co2",0.72,0.0277777777777778,FALSE
"VEGFA","crp",0.72,0,FALSE
"LAG3","rdw",0.72,0.625,FALSE
"CXCL11","GZMB",0.71,0.225352112676056,FALSE
"GZMB","CXCL11",0.71,0.774647887323944,FALSE
"chloride","HAVCR2",0.71,1,FALSE
"CD8A","PDCD1",0.71,0.126760563380282,FALSE
"PDCD1","CD8A",0.71,0.873239436619718,FALSE
"HAVCR2","chloride",0.71,0,FALSE
"weight","IL6",0.69,0.971014492753623,FALSE
"alk_phos","ldl",0.69,0.956521739130435,FALSE
"ldl","alk_phos",0.69,0.0434782608695652,FALSE
"triglycerides","IGFBP7",0.69,0.971014492753623,FALSE
"IL6","weight",0.69,0.0289855072463768,FALSE
"IGFBP7","triglycerides",0.69,0.0289855072463768,FALSE
"rbc","creatinine",0.69,0,FALSE
"creatinine","rbc",0.69,1,FALSE
"globulin","KLRD1",0.69,0.463768115942029,FALSE
"KLRD1","globulin",0.69,0.536231884057971,FALSE
"t_bili","IL7",0.68,0.485294117647059,FALSE
"IL7","t_bili",0.68,0.514705882352941,FALSE
"platelets","IL10",0.67,0.0149253731343284,FALSE
"IL10","platelets",0.67,0.985074626865672,FALSE
"HAVCR2","CD274",0.67,1,FALSE
"CD274","HAVCR2",0.67,0,FALSE
"wbc","sodium",0.67,0.552238805970149,FALSE
"sodium","wbc",0.67,0.447761194029851,FALSE
"weight","CCL3",0.66,0.409090909090909,FALSE
"lymphocytes","KLRD1",0.66,0.939393939393939,FALSE
"platelets","VEGFA",0.66,0.0454545454545454,FALSE
"CXCL8","CCL2",0.66,0.75,FALSE
"CCL2","CXCL8",0.66,0.25,FALSE
"CCL3","weight",0.66,0.590909090909091,FALSE
"KLRD1","lymphocytes",0.66,0.0606060606060606,FALSE
"VEGFA","platelets",0.66,0.954545454545454,FALSE
"hematocrit","alt",0.65,0.784615384615385,FALSE
"alt","hematocrit",0.65,0.215384615384615,FALSE
"TNF","CXCL10",0.65,0.246153846153846,FALSE
"CXCL10","TNF",0.65,0.753846153846154,FALSE
"IL18","HAVCR2",0.65,0.415384615384615,FALSE
"HAVCR2","IL18",0.65,0.584615384615385,FALSE
"lymphocytes","CCL3",0.64,0.25,FALSE
"albumin","CD274",0.64,0.609375,FALSE
"creatinine","IL18",0.64,0.984375,FALSE
"IL18","creatinine",0.64,0.015625,FALSE
"CCL3","lymphocytes",0.64,0.75,FALSE
"CD274","albumin",0.64,0.390625,FALSE
"hemoglobin","rbc",0.63,0,FALSE
"rbc","hemoglobin",0.63,1,FALSE
"bun","CD8A",0.63,0.761904761904762,FALSE
"potassium","protein",0.63,1,FALSE
"protein","potassium",0.63,0,FALSE
"hdl","IL6",0.63,0.968253968253968,FALSE
"IL6","hdl",0.63,0.0317460317460317,FALSE
"CD8A","bun",0.63,0.238095238095238,FALSE
"eosinophils","LAG3",0.62,0.983870967741935,FALSE
"CXCL9","CCL4",0.62,0.790322580645161,FALSE
"CCL4","CXCL9",0.62,0.209677419354839,FALSE
"LAG3","eosinophils",0.62,0.0161290322580645,FALSE
"sex","IGFBP7",0.61,1,FALSE
"crp","IL6",0.61,0.327868852459016,FALSE
"IL6","crp",0.61,0.672131147540984,FALSE
"FGF21","LEP",0.61,0.262295081967213,FALSE
"IGFBP7","sex",0.61,0,FALSE
"LEP","FGF21",0.61,0.737704918032787,FALSE
"age_group","CCL11",0.6,1,FALSE
"co2","IGFBP7",0.6,0.516666666666667,FALSE
"IL6","CCL8",0.6,0.966666666666667,FALSE
"CCL8","IL6",0.6,0.0333333333333333,FALSE
"CCL11","age_group",0.6,0,FALSE
"IGFBP7","co2",0.6,0.483333333333333,FALSE
"hematocrit","albumin",0.59,0.915254237288135,FALSE
"albumin","hematocrit",0.59,0.0847457627118644,FALSE
"lymphocytes","platelets",0.58,0.0344827586206897,FALSE
"platelets","lymphocytes",0.58,0.96551724137931,FALSE
"weight","bun",0.58,0.379310344827586,FALSE
"eosinophils","glucose",0.58,0.0172413793103448,FALSE
"bun","weight",0.58,0.620689655172414,FALSE
"glucose","eosinophils",0.58,0.982758620689655,FALSE
"hemoglobin","IFNG",0.57,0.0175438596491228,FALSE
"alt","IL1RN",0.57,0.947368421052632,FALSE
"CXCL10","IGFBP7",0.57,0.964912280701754,FALSE
"IFNG","hemoglobin",0.57,0.982456140350877,FALSE
"IL1RN","alt",0.57,0.0526315789473684,FALSE
"CCL11","VEGFA",0.57,0.701754385964912,FALSE
"IGFBP7","CXCL10",0.57,0.0350877192982456,FALSE
"VEGFA","CCL11",0.57,0.298245614035088,FALSE
"crp","IL15",0.56,0.964285714285714,FALSE
"CXCL11","GZMA",0.56,0.517857142857143,FALSE
"IL15","crp",0.56,0.0357142857142857,FALSE
"GZMA","CXCL11",0.56,0.482142857142857,FALSE
"weight","potassium",0.55,0.454545454545455,FALSE
"rdw","IGFBP7",0.55,0.872727272727273,FALSE
"ast","globulin",0.55,0.218181818181818,FALSE
"globulin","ast",0.55,0.781818181818182,FALSE
"globulin","FGF21",0.55,0.872727272727273,FALSE
"potassium","weight",0.55,0.545454545454545,FALSE
"FGF21","globulin",0.55,0.127272727272727,FALSE
"IGFBP7","rdw",0.55,0.127272727272727,FALSE
"hemoglobin","CD8A",0.55,0.854545454545455,FALSE
"CD8A","hemoglobin",0.55,0.145454545454545,FALSE
"glucose","sodium",0.54,0.407407407407407,FALSE
"glucose","CCL3",0.54,0.888888888888889,FALSE
"protein","ldl",0.54,0.12962962962963,FALSE
"sodium","glucose",0.54,0.592592592592593,FALSE
"esr","IL1RN",0.54,0.944444444444444,FALSE
"ldl","protein",0.54,0.87037037037037,FALSE
"CXCL8","VEGFA",0.54,0.0925925925925926,FALSE
"IL1RN","esr",0.54,0.0555555555555556,FALSE
"CCL3","glucose",0.54,0.111111111111111,FALSE
"VEGFA","CXCL8",0.54,0.907407407407407,FALSE
"monocytes","mpv",0.53,0.386792452830189,FALSE
"mpv","monocytes",0.53,0.613207547169811,FALSE
"wbc","globulin",0.52,0.346153846153846,FALSE
"albumin","LEP",0.52,0,FALSE
"globulin","wbc",0.52,0.653846153846154,FALSE
"CCL2","MMP12",0.52,0.615384615384615,FALSE
"MMP12","CCL2",0.52,0.384615384615385,FALSE
"LEP","albumin",0.52,1,FALSE
"sex","platelets",0.51,1,FALSE
"platelets","sex",0.51,0,FALSE
"creatinine","IGFBP7",0.51,0.980392156862745,FALSE
"IGFBP7","creatinine",0.51,0.0196078431372549,FALSE
"hematocrit","sodium",0.5,1,FALSE
"globulin","TNF",0.5,0.12,FALSE
"sodium","hematocrit",0.5,0,FALSE
"TNF","globulin",0.5,0.88,FALSE
"age_group","bun",0.49,1,FALSE
"neutrophils","GZMA",0.49,0.510204081632653,FALSE
"bun","age_group",0.49,0,FALSE
"potassium","PDCD1",0.49,0.857142857142857,FALSE
"sodium","CXCL11",0.49,0.591836734693878,FALSE
"CXCL11","sodium",0.49,0.408163265306122,FALSE
"GZMA","neutrophils",0.49,0.489795918367347,FALSE
"PDCD1","potassium",0.49,0.142857142857143,FALSE
"hemoglobin","wbc",0.48,0.979166666666667,FALSE
"hemoglobin","glucose",0.48,0.916666666666667,FALSE
"monocytes","ldl",0.48,0.208333333333333,FALSE
"wbc","hemoglobin",0.48,0.0208333333333333,FALSE
"wbc","CXCL8",0.48,0.0833333333333333,FALSE
"glucose","hemoglobin",0.48,0.0833333333333333,FALSE
"potassium","sodium",0.48,0.104166666666667,FALSE
"sodium","potassium",0.48,0.895833333333333,FALSE
"ldl","monocytes",0.48,0.791666666666667,FALSE
"CXCL8","wbc",0.48,0.916666666666667,FALSE
"IL15","GDF15",0.48,0.0208333333333333,FALSE
"CCL3","CCL4",0.48,0.5625,FALSE
"CCL4","CCL3",0.48,0.4375,FALSE
"GDF15","IL15",0.48,0.979166666666667,FALSE
"weight","glucose",0.47,0.531914893617021,FALSE
"neutrophils","IL1RN",0.47,0,FALSE
"glucose","weight",0.47,0.468085106382979,FALSE
"IL1RN","neutrophils",0.47,1,FALSE
"CCL8","GZMA",0.47,0.106382978723404,FALSE
"GZMA","CCL8",0.47,0.893617021276596,FALSE
"chloride","crp",0.46,0.217391304347826,FALSE
"crp","chloride",0.46,0.782608695652174,FALSE
"wbc","creatinine",0.45,0.155555555555556,FALSE
"creatinine","wbc",0.45,0.844444444444444,FALSE
"IL7","CCL11",0.45,0.933333333333333,FALSE
"CCL11","IL7",0.45,0.0666666666666667,FALSE
"neutrophils","globulin",0.44,0.386363636363636,FALSE
"globulin","neutrophils",0.44,0.613636363636364,FALSE
"rbc","CCL4",0.44,0.977272727272727,FALSE
"wbc","IL1RN",0.44,0.0454545454545455,FALSE
"alt","IL18",0.44,1,FALSE
"IL6","TNFRSF1A",0.44,0.136363636363636,FALSE
"IL18","alt",0.44,0,FALSE
"IL1RN","wbc",0.44,0.954545454545454,FALSE
"CCL4","rbc",0.44,0.0227272727272727,FALSE
"TNFRSF1A","IL6",0.44,0.863636363636364,FALSE
"FGF21","CD274",0.44,0.659090909090909,FALSE
"KLRD1","VEGFA",0.44,0.931818181818182,FALSE
"VEGFA","KLRD1",0.44,0.0681818181818182,FALSE
"CD274","FGF21",0.44,0.340909090909091,FALSE
"t_bili","IGFBP7",0.43,0.232558139534884,FALSE
"IGFBP7","t_bili",0.43,0.767441860465116,FALSE
"hemoglobin","CXCL8",0.43,0.953488372093023,FALSE
"CXCL8","hemoglobin",0.43,0.0465116279069767,FALSE
"CCL4","LAG3",0.43,0.953488372093023,FALSE
"TNFRSF1A","VEGFA",0.43,0.976744186046512,FALSE
"VEGFA","TNFRSF1A",0.43,0.0232558139534884,FALSE
"LAG3","CCL4",0.43,0.0465116279069767,FALSE
"esr","crp",0.42,0.0714285714285714,FALSE
"crp","esr",0.42,0.928571428571428,FALSE
"TNF","PDCD1",0.42,0.0714285714285714,FALSE
"PDCD1","TNF",0.42,0.928571428571428,FALSE
"monocytes","sodium",0.42,0.0952380952380952,FALSE
"sodium","monocytes",0.42,0.904761904761905,FALSE
"hemoglobin","albumin",0.41,0.975609756097561,FALSE
"albumin","hemoglobin",0.41,0.024390243902439,FALSE
"ast","CCL3",0.41,0.0975609756097561,FALSE
"CCL3","ast",0.41,0.902439024390244,FALSE
"mpv","GZMB",0.4,0.1,FALSE
"GZMB","mpv",0.4,0.9,FALSE
"total_chol","CCL8",0.39,0,FALSE
"CXCL11","CCL4",0.39,0.743589743589744,FALSE
"CCL4","CXCL11",0.39,0.256410256410256,FALSE
"CCL8","total_chol",0.39,1,FALSE
"weight","hemoglobin",0.38,0.5,FALSE
"hemoglobin","weight",0.38,0.5,FALSE
"hemoglobin","platelets",0.38,1,FALSE
"platelets","hemoglobin",0.38,0,FALSE
"creatinine","VEGFA",0.38,1,FALSE
"sodium","IL7",0.38,0.157894736842105,FALSE
"hdl","PDCD1",0.38,0.631578947368421,FALSE
"IL18","IL10",0.38,0.631578947368421,FALSE
"IL10","IL18",0.38,0.368421052631579,FALSE
"IL10","FGF21",0.38,0.947368421052632,FALSE
"IL7","sodium",0.38,0.842105263157895,FALSE
"FGF21","IL10",0.38,0.0526315789473684,FALSE
"VEGFA","creatinine",0.38,0,FALSE
"PDCD1","hdl",0.38,0.368421052631579,FALSE
"PDCD1","LEP",0.38,0,FALSE
"LEP","PDCD1",0.38,1,FALSE
"VEGFA","CD274",0.37,0.891891891891892,FALSE
"CD274","VEGFA",0.37,0.108108108108108,FALSE
"monocytes","creatinine",0.36,0.0555555555555556,FALSE
"creatinine","monocytes",0.36,0.944444444444444,FALSE
"weight","crp",0.36,0.972222222222222,FALSE
"eosinophils","crp",0.36,0,FALSE
"hematocrit","CXCL11",0.36,1,FALSE
"wbc","CCL2",0.36,0.0833333333333333,FALSE
"albumin","glucose",0.36,0.0277777777777778,FALSE
"glucose","albumin",0.36,0.972222222222222,FALSE
"crp","weight",0.36,0.0277777777777778,FALSE
"crp","eosinophils",0.36,1,FALSE
"crp","IL18",0.36,0,FALSE
"crp","TNFRSF1A",0.36,0,FALSE
"CXCL9","MMP12",0.36,0.555555555555556,FALSE
"CXCL11","hematocrit",0.36,0,FALSE
"IL18","crp",0.36,1,FALSE
"CCL2","wbc",0.36,0.916666666666667,FALSE
"CCL3","FGF21",0.36,0.388888888888889,FALSE
"FGF21","CCL3",0.36,0.611111111111111,FALSE
"TNFRSF1A","crp",0.36,1,FALSE
"MMP12","CXCL9",0.36,0.444444444444444,FALSE
"ast","IL18",0.35,0.0285714285714286,FALSE
"IL18","ast",0.35,0.971428571428571,FALSE
"CXCL9","CD274",0.35,0.914285714285714,FALSE
"CCL11","MMP12",0.35,0.114285714285714,FALSE
"MMP12","CCL11",0.35,0.885714285714286,FALSE
"CD274","CXCL9",0.35,0.0857142857142857,FALSE
"hemoglobin","alt",0.34,1,FALSE
"alk_phos","IL6",0.34,0.0294117647058824,FALSE
"alt","hemoglobin",0.34,0,FALSE
"creatinine","KLRD1",0.34,0.941176470588235,FALSE
"globulin","IL7",0.34,0.5,FALSE
"esr","GZMA",0.34,0.970588235294118,FALSE
"IL6","alk_phos",0.34,0.970588235294118,FALSE
"IL7","globulin",0.34,0.5,FALSE
"GZMA","esr",0.34,0.0294117647058824,FALSE
"KLRD1","creatinine",0.34,0.0588235294117647,FALSE
"weight","FGF21",0.33,0.939393939393939,FALSE
"neutrophils","ast",0.33,0.757575757575758,FALSE
"ast","neutrophils",0.33,0.242424242424242,FALSE
"sodium","CCL3",0.33,0.848484848484849,FALSE
"IL15","KLRD1",0.33,0.787878787878788,FALSE
"CCL3","sodium",0.33,0.151515151515152,FALSE
"FGF21","weight",0.33,0.0606060606060606,FALSE
"KLRD1","IL15",0.33,0.212121212121212,FALSE
"platelets","CHI3L1",0.32,0.1875,FALSE
"bun","MMP12",0.32,0.96875,FALSE
"potassium","CCL3",0.32,0.75,FALSE
"CCL3","potassium",0.32,0.25,FALSE
"CHI3L1","platelets",0.32,0.8125,FALSE
"MMP12","bun",0.32,0.03125,FALSE
"basophils","CXCL8",0.31,0,FALSE
"eosinophils","globulin",0.31,0.838709677419355,FALSE
"neutrophils","co2",0.31,0.032258064516129,FALSE
"wbc","crp",0.31,0,FALSE
"alt","KLRD1",0.31,0.580645161290323,FALSE
"co2","neutrophils",0.31,0.967741935483871,FALSE
"globulin","eosinophils",0.31,0.161290322580645,FALSE
"globulin","CXCL11",0.31,0,FALSE
"crp","wbc",0.31,1,FALSE
"IL6","CXCL8",0.31,0.870967741935484,FALSE
"CXCL8","basophils",0.31,1,FALSE
"CXCL8","IL6",0.31,0.129032258064516,FALSE
"CXCL11","globulin",0.31,1,FALSE
"CCL4","GZMA",0.31,1,FALSE
"GZMA","CCL4",0.31,0,FALSE
"KLRD1","alt",0.31,0.419354838709677,FALSE
"albumin","IL6",0.3,0.433333333333333,FALSE
"alk_phos","HAVCR2",0.3,0.333333333333333,FALSE
"IL6","albumin",0.3,0.566666666666667,FALSE
"IL1RN","VEGFA",0.3,0.933333333333333,FALSE
"VEGFA","IL1RN",0.3,0.0666666666666667,FALSE
"HAVCR2","alk_phos",0.3,0.666666666666667,FALSE
"platelets","GZMB",0.3,1,FALSE
"ast","calcium",0.3,1,FALSE
"calcium","ast",0.3,0,FALSE
"esr","hdl",0.3,0,FALSE
"hdl","esr",0.3,1,FALSE
"IGFBP7","LEP",0.3,0,FALSE
"GZMB","platelets",0.3,0,FALSE
"LEP","IGFBP7",0.3,1,FALSE
"platelets","GDF15",0.29,0.0689655172413793,FALSE
"alt","CCL3",0.29,0.793103448275862,FALSE
"alt","IGFBP7",0.29,0.931034482758621,FALSE
"CXCL8","CHI3L1",0.29,0.96551724137931,FALSE
"IL15","TNFRSF1A",0.29,0.0344827586206897,FALSE
"CCL3","alt",0.29,0.206896551724138,FALSE
"GDF15","platelets",0.29,0.931034482758621,FALSE
"CHI3L1","CXCL8",0.29,0.0344827586206897,FALSE
"IGFBP7","alt",0.29,0.0689655172413793,FALSE
"TNFRSF1A","IL15",0.29,0.96551724137931,FALSE
"age_group","IGFBP7",0.29,1,FALSE
"hemoglobin","neutrophils",0.29,0.862068965517241,FALSE
"lymphocytes","hdl",0.29,0.275862068965517,FALSE
"neutrophils","hemoglobin",0.29,0.137931034482759,FALSE
"hdl","lymphocytes",0.29,0.724137931034483,FALSE
"CHI3L1","TNFRSF1A",0.29,0,FALSE
"IGFBP7","age_group",0.29,0,FALSE
"TNFRSF1A","CHI3L1",0.29,1,FALSE
"cmv","alk_phos",0.28,1,FALSE
"lymphocytes","rdw",0.28,0,FALSE
"rdw","lymphocytes",0.28,1,FALSE
"rbc","crp",0.28,1,FALSE
"wbc","co2",0.28,0.25,FALSE
"alk_phos","cmv",0.28,0,FALSE
"co2","wbc",0.28,0.75,FALSE
"crp","rbc",0.28,0,FALSE
"CXCL9","CHI3L1",0.28,0.964285714285714,FALSE
"IL7","CHI3L1",0.28,0.964285714285714,FALSE
"IL15","FGF21",0.28,0.0357142857142857,FALSE
"FGF21","IL15",0.28,0.964285714285714,FALSE
"CHI3L1","CXCL9",0.28,0.0357142857142857,FALSE
"CHI3L1","IL7",0.28,0.0357142857142857,FALSE
"cmv","TNF",0.27,1,FALSE
"t_bili","IL10",0.27,0.444444444444444,FALSE
"TNF","cmv",0.27,0,FALSE
"CXCL10","CCL3",0.27,0.962962962962963,FALSE
"IL10","t_bili",0.27,0.555555555555555,FALSE
"CCL3","CXCL10",0.27,0.037037037037037,FALSE
"age_group","CXCL11",0.26,1,FALSE
"lymphocytes","CXCL11",0.26,0.730769230769231,FALSE
"chloride","protein",0.26,1,FALSE
"co2","crp",0.26,0.692307692307692,FALSE
"protein","chloride",0.26,0,FALSE
"crp","co2",0.26,0.307692307692308,FALSE
"CXCL11","age_group",0.26,0,FALSE
"CXCL11","lymphocytes",0.26,0.269230769230769,FALSE
"age_group","rdw",0.25,1,FALSE
"sex","CHI3L1",0.25,1,FALSE
"mpv","CCL4",0.25,1,FALSE
"rdw","age_group",0.25,0,FALSE
"globulin","IL6",0.25,0.8,FALSE
"glucose","potassium",0.25,0.68,FALSE
"potassium","glucose",0.25,0.32,FALSE
"IL6","globulin",0.25,0.2,FALSE
"IL15","PDCD1",0.25,0.16,FALSE
"CCL4","mpv",0.25,0,FALSE
"CHI3L1","sex",0.25,0,FALSE
"PDCD1","IL15",0.25,0.84,FALSE
"hemoglobin","rdw",0.24,0.833333333333333,FALSE
"rdw","hemoglobin",0.24,0.166666666666667,FALSE
"t_bili","LAG3",0.24,0.958333333333333,FALSE
"LAG3","t_bili",0.24,0.0416666666666667,FALSE
"eosinophils","platelets",0.24,0.333333333333333,FALSE
"platelets","eosinophils",0.24,0.666666666666667,FALSE
"calcium","TNFRSF1A",0.24,0.125,FALSE
"chloride","IL7",0.24,0.25,FALSE
"IL7","chloride",0.24,0.75,FALSE
"CCL8","GDF15",0.24,1,FALSE
"GDF15","CCL8",0.24,0,FALSE
"TNFRSF1A","calcium",0.24,0.875,FALSE
"PDCD1","LAG3",0.24,0.791666666666667,FALSE
"LAG3","PDCD1",0.24,0.208333333333333,FALSE
"basophils","CXCL11",0.23,1,FALSE
"lymphocytes","LEP",0.23,0,FALSE
"neutrophils","creatinine",0.23,0.260869565217391,FALSE
"neutrophils","KLRD1",0.23,0.304347826086957,FALSE
"wbc","ast",0.23,0.434782608695652,FALSE
"wbc","IL6",0.23,0,FALSE
"ast","wbc",0.23,0.565217391304348,FALSE
"ast","crp",0.23,0,FALSE
"creatinine","neutrophils",0.23,0.739130434782609,FALSE
"crp","ast",0.23,1,FALSE
"IL6","wbc",0.23,1,FALSE
"CXCL11","basophils",0.23,0,FALSE
"IFNG","KLRD1",0.23,0.956521739130435,FALSE
"IL7","CCL4",0.23,0.391304347826087,FALSE
"CCL4","IL7",0.23,0.608695652173913,FALSE
"KLRD1","neutrophils",0.23,0.695652173913043,FALSE
"KLRD1","IFNG",0.23,0.0434782608695652,FALSE
"LEP","lymphocytes",0.23,1,FALSE
"bun","CCL11",0.23,0.91304347826087,FALSE
"co2","sodium",0.23,0.347826086956522,FALSE
"sodium","co2",0.23,0.652173913043478,FALSE
"CXCL9","GZMB",0.23,0.91304347826087,FALSE
"CCL8","CHI3L1",0.23,0.652173913043478,FALSE
"CCL11","bun",0.23,0.0869565217391304,FALSE
"CHI3L1","CCL8",0.23,0.347826086956522,FALSE
"GZMB","CXCL9",0.23,0.0869565217391304,FALSE
"weight","KLRD1",0.22,0.772727272727273,FALSE
"KLRD1","weight",0.22,0.227272727272727,FALSE
"platelets","potassium",0.22,0.545454545454545,FALSE
"platelets","IL7",0.22,0.0909090909090909,FALSE
"wbc","hdl",0.22,0,FALSE
"globulin","IL18",0.22,0.727272727272727,FALSE
"potassium","platelets",0.22,0.454545454545455,FALSE
"t_bili","CCL11",0.22,0.181818181818182,FALSE
"hdl","wbc",0.22,1,FALSE
"IL18","globulin",0.22,0.272727272727273,FALSE
"IL7","platelets",0.22,0.909090909090909,FALSE
"CCL11","t_bili",0.22,0.818181818181818,FALSE
"age_group","CD8A",0.21,1,FALSE
"rdw","TNFRSF1B",0.21,0.285714285714286,FALSE
"rbc","KLRD1",0.21,0.0952380952380952,FALSE
"alk_phos","KLRD1",0.21,1,FALSE
"bun","TNFRSF1B",0.21,1,FALSE
"TNFRSF1B","rdw",0.21,0.714285714285714,FALSE
"TNFRSF1B","bun",0.21,0,FALSE
"CD8A","age_group",0.21,0,FALSE
"GZMA","KLRD1",0.21,1,FALSE
"KLRD1","rbc",0.21,0.904761904761905,FALSE
"KLRD1","alk_phos",0.21,0,FALSE
"KLRD1","GZMA",0.21,0,FALSE
"weight","albumin",0.2,0.75,FALSE
"basophils","KLRD1",0.2,0.5,FALSE
"neutrophils","IL7",0.2,0.25,FALSE
"albumin","weight",0.2,0.25,FALSE
"bun","GDF15",0.2,0,FALSE
"potassium","IFNG",0.2,0.6,FALSE
"protein","CCL2",0.2,1,FALSE
"protein","FGF21",0.2,1,FALSE
"ldl","IL1RN",0.2,0.15,FALSE
"total_chol","CXCL8",0.2,0,FALSE
"CXCL8","total_chol",0.2,1,FALSE
"CXCL10","IL18",0.2,0.05,FALSE
"CXCL10","GZMB",0.2,1,FALSE
"IFNG","potassium",0.2,0.4,FALSE
"IL18","CXCL10",0.2,0.95,FALSE
"IL1RN","ldl",0.2,0.85,FALSE
"IL7","neutrophils",0.2,0.75,FALSE
"CCL2","protein",0.2,0,FALSE
"GDF15","bun",0.2,1,FALSE
"FGF21","protein",0.2,0,FALSE
"CHI3L1","IGFBP7",0.2,0.15,FALSE
"IGFBP7","CHI3L1",0.2,0.85,FALSE
"GZMB","CXCL10",0.2,0,FALSE
"KLRD1","basophils",0.2,0.5,FALSE
"IFNG","CCL4",0.2,0.9,FALSE
"CCL4","IFNG",0.2,0.1,FALSE
"hematocrit","mpv",0.19,0.947368421052632,FALSE
"mpv","hematocrit",0.19,0.0526315789473684,FALSE
"rbc","TNF",0.19,0,FALSE
"globulin","GZMA",0.19,0.789473684210526,FALSE
"crp","CCL11",0.19,0.947368421052632,FALSE
"TNF","rbc",0.19,1,FALSE
"CXCL10","IL15",0.19,0.578947368421053,FALSE
"IL15","CXCL10",0.19,0.421052631578947,FALSE
"CCL11","crp",0.19,0.0526315789473684,FALSE
"GZMA","globulin",0.19,0.210526315789474,FALSE
"eosinophils","CCL11",0.18,0.944444444444444,FALSE
"CCL11","eosinophils",0.18,0.0555555555555556,FALSE
"eosinophils","CCL2",0.18,1,FALSE
"total_chol","IGFBP7",0.18,1,FALSE
"IL1RN","TNFRSF1B",0.18,0.111111111111111,FALSE
"CCL2","eosinophils",0.18,0,FALSE
"IGFBP7","total_chol",0.18,0,FALSE
"TNFRSF1B","IL1RN",0.18,0.888888888888889,FALSE
"VEGFA","LEP",0.18,0,FALSE
"LEP","VEGFA",0.18,1,FALSE
"basophils","IFNG",0.17,0.411764705882353,FALSE
"hematocrit","esr",0.17,0.176470588235294,FALSE
"hemoglobin","IL15",0.17,0,FALSE
"rdw","GZMA",0.17,1,FALSE
"rbc","TNFRSF1A",0.17,0,FALSE
"bun","TNFRSF1A",0.17,0.176470588235294,FALSE
"protein","CXCL11",0.17,1,FALSE
"esr","hematocrit",0.17,0.823529411764706,FALSE
"esr","CHI3L1",0.17,0.235294117647059,FALSE
"esr","CD8A",0.17,0,FALSE
"CXCL11","protein",0.17,0,FALSE
"IFNG","basophils",0.17,0.588235294117647,FALSE
"IL15","hemoglobin",0.17,1,FALSE
"GDF15","CD274",0.17,1,FALSE
"CHI3L1","esr",0.17,0.764705882352941,FALSE
"TNFRSF1A","rbc",0.17,1,FALSE
"TNFRSF1A","bun",0.17,0.823529411764706,FALSE
"CD8A","esr",0.17,1,FALSE
"GZMA","rdw",0.17,0,FALSE
"CD274","GDF15",0.17,0,FALSE
"eosinophils","hematocrit",0.17,0.352941176470588,FALSE
"hematocrit","eosinophils",0.17,0.647058823529412,FALSE
"glucose","crp",0.17,0.470588235294118,FALSE
"glucose","CXCL10",0.17,0.529411764705882,FALSE
"crp","glucose",0.17,0.529411764705882,FALSE
"CXCL8","IL7",0.17,0.470588235294118,FALSE
"CXCL9","CCL11",0.17,0.294117647058824,FALSE
"CXCL10","glucose",0.17,0.470588235294118,FALSE
"IL7","CXCL8",0.17,0.529411764705882,FALSE
"IL15","CD274",0.17,0.117647058823529,FALSE
"CCL11","CXCL9",0.17,0.705882352941177,FALSE
"CD274","IL15",0.17,0.882352941176471,FALSE
"age_group","t_bili",0.16,1,FALSE
"hemoglobin","TNFRSF1A",0.16,0.5625,FALSE
"creatinine","CCL4",0.16,0.9375,FALSE
"t_bili","age_group",0.16,0,FALSE
"crp","KLRD1",0.16,0.5625,FALSE
"CXCL8","GZMA",0.16,0.5,FALSE
"IL18","GDF15",0.16,0,FALSE
"CCL4","creatinine",0.16,0.0625,FALSE
"CCL4","MMP12",0.16,0.375,FALSE
"GDF15","IL18",0.16,1,FALSE
"CHI3L1","MMP12",0.16,0.125,FALSE
"TNFRSF1A","hemoglobin",0.16,0.4375,FALSE
"TNFRSF1A","LEP",0.16,0,FALSE
"GZMA","CXCL8",0.16,0.5,FALSE
"KLRD1","crp",0.16,0.4375,FALSE
"MMP12","CCL4",0.16,0.625,FALSE
"MMP12","CHI3L1",0.16,0.875,FALSE
"LEP","TNFRSF1A",0.16,1,FALSE
"hematocrit","IL1RN",0.15,0.666666666666667,FALSE
"neutrophils","IL6",0.15,0.0666666666666667,FALSE
"wbc","LAG3",0.15,0.0666666666666667,FALSE
"IL6","neutrophils",0.15,0.933333333333333,FALSE
"TNF","TNFRSF1B",0.15,0.666666666666667,FALSE
"IL1RN","hematocrit",0.15,0.333333333333333,FALSE
"TNFRSF1B","TNF",0.15,0.333333333333333,FALSE
"CD8A","KLRD1",0.15,0.466666666666667,FALSE
"KLRD1","CD8A",0.15,0.533333333333333,FALSE
"LAG3","wbc",0.15,0.933333333333333,FALSE
"age_group","ldl",0.15,1,FALSE
"age_group","CCL4",0.15,1,FALSE
"sex","CXCL11",0.15,1,FALSE
"basophils","mpv",0.15,0.633333333333333,FALSE
"mpv","basophils",0.15,0.366666666666667,FALSE
"wbc","GZMA",0.15,0.266666666666667,FALSE
"creatinine","IL1RN",0.15,1,FALSE
"glucose","CXCL8",0.15,1,FALSE
"ldl","age_group",0.15,0,FALSE
"CXCL8","glucose",0.15,0,FALSE
"CXCL11","sex",0.15,0,FALSE
"IL1RN","creatinine",0.15,0,FALSE
"CCL4","age_group",0.15,0,FALSE
"CCL4","CCL11",0.15,0,FALSE
"CCL11","CCL4",0.15,1,FALSE
"CHI3L1","TNFRSF1B",0.15,0,FALSE
"TNFRSF1B","CHI3L1",0.15,1,FALSE
"GZMA","wbc",0.15,0.733333333333333,FALSE
"age_group","TNF",0.14,1,FALSE
"eosinophils","IL10",0.14,0.0714285714285714,FALSE
"monocytes","platelets",0.14,0,FALSE
"monocytes","total_chol",0.14,0,FALSE
"platelets","monocytes",0.14,1,FALSE
"rdw","LEP",0.14,0.0714285714285714,FALSE
"wbc","bun",0.14,0.571428571428571,FALSE
"wbc","triglycerides",0.14,0,FALSE
"wbc","CCL3",0.14,0.0714285714285714,FALSE
"albumin","sodium",0.14,0.357142857142857,FALSE
"alk_phos","ast",0.14,1,FALSE
"ast","alk_phos",0.14,0,FALSE
"bun","wbc",0.14,0.428571428571428,FALSE
"globulin","LEP",0.14,0.642857142857143,FALSE
"sodium","albumin",0.14,0.642857142857143,FALSE
"hdl","GZMA",0.14,0.928571428571428,FALSE
"ldl","IL6",0.14,1,FALSE
"total_chol","monocytes",0.14,1,FALSE
"triglycerides","wbc",0.14,1,FALSE
"IL6","ldl",0.14,0,FALSE
"TNF","age_group",0.14,0,FALSE
"TNF","CXCL11",0.14,0.0714285714285714,FALSE
"TNF","FGF21",0.14,1,FALSE
"CXCL10","CCL2",0.14,1,FALSE
"CXCL11","TNF",0.14,0.928571428571428,FALSE
"IFNG","MMP12",0.14,1,FALSE
"IL18","VEGFA",0.14,0.714285714285714,FALSE
"IL10","eosinophils",0.14,0.928571428571428,FALSE
"IL10","CCL2",0.14,0.928571428571428,FALSE
"IL1RN","CD274",0.14,0.428571428571428,FALSE
"IL15","TNFRSF1B",0.14,0.785714285714286,FALSE
"CCL2","CXCL10",0.14,0,FALSE
"CCL2","IL10",0.14,0.0714285714285714,FALSE
"CCL2","TNFRSF1A",0.14,0.428571428571428,FALSE
"CCL3","wbc",0.14,0.928571428571428,FALSE
"CCL11","GDF15",0.14,0.5,FALSE
"GDF15","CCL11",0.14,0.5,FALSE
"FGF21","TNF",0.14,0,FALSE
"CHI3L1","GZMB",0.14,0.214285714285714,FALSE
"TNFRSF1A","CCL2",0.14,0.571428571428571,FALSE
"TNFRSF1B","IL15",0.14,0.214285714285714,FALSE
"GZMA","hdl",0.14,0.0714285714285714,FALSE
"GZMB","CHI3L1",0.14,0.785714285714286,FALSE
"MMP12","IFNG",0.14,0,FALSE
"VEGFA","IL18",0.14,0.285714285714286,FALSE
"HAVCR2","LEP",0.14,0,FALSE
"CD274","IL1RN",0.14,0.571428571428571,FALSE
"LEP","rdw",0.14,0.928571428571428,FALSE
"LEP","globulin",0.14,0.357142857142857,FALSE
"LEP","HAVCR2",0.14,1,FALSE
"weight","eosinophils",0.14,0.142857142857143,FALSE
"eosinophils","weight",0.14,0.857142857142857,FALSE
"hemoglobin","mpv",0.14,0.857142857142857,FALSE
"mpv","hemoglobin",0.14,0.142857142857143,FALSE
"IL1RN","TNFRSF1A",0.14,0.857142857142857,FALSE
"TNFRSF1A","IL1RN",0.14,0.142857142857143,FALSE
"sex","VEGFA",0.13,1,FALSE
"basophils","PDCD1",0.13,1,FALSE
"eosinophils","calcium",0.13,0.307692307692308,FALSE
"hematocrit","CCL4",0.13,1,FALSE
"hematocrit","GZMB",0.13,0.923076923076923,FALSE
"lymphocytes","creatinine",0.13,0,FALSE
"neutrophils","glucose",0.13,0.692307692307692,FALSE
"wbc","IL7",0.13,0,FALSE
"ast","CCL2",0.13,0,FALSE
"bun","CCL3",0.13,0.769230769230769,FALSE
"calcium","eosinophils",0.13,0.692307692307692,FALSE
"calcium","total_chol",0.13,0,FALSE
"creatinine","lymphocytes",0.13,1,FALSE
"glucose","neutrophils",0.13,0.307692307692308,FALSE
"ldl","GZMB",0.13,0.923076923076923,FALSE
"total_chol","calcium",0.13,1,FALSE
"total_chol","IL15",0.13,1,FALSE
"IL7","wbc",0.13,1,FALSE
"IL15","total_chol",0.13,0,FALSE
"IL15","LEP",0.13,1,FALSE
"CCL2","ast",0.13,1,FALSE
"CCL2","LAG3",0.13,0.769230769230769,FALSE
"CCL3","bun",0.13,0.230769230769231,FALSE
"CCL4","hematocrit",0.13,0,FALSE
"CCL4","IGFBP7",0.13,1,FALSE
"CCL4","VEGFA",0.13,0.153846153846154,FALSE
"GDF15","TNFRSF1B",0.13,0.769230769230769,FALSE
"IGFBP7","CCL4",0.13,0,FALSE
"TNFRSF1B","GDF15",0.13,0.230769230769231,FALSE
"TNFRSF1B","VEGFA",0.13,0.923076923076923,FALSE
"GZMB","hematocrit",0.13,0.0769230769230769,FALSE
"GZMB","ldl",0.13,0.0769230769230769,FALSE
"VEGFA","sex",0.13,0,FALSE
"VEGFA","CCL4",0.13,0.846153846153846,FALSE
"VEGFA","TNFRSF1B",0.13,0.0769230769230769,FALSE
"PDCD1","basophils",0.13,0,FALSE
"LAG3","CCL2",0.13,0.230769230769231,FALSE
"LEP","IL15",0.13,0,FALSE
"albumin","CXCL10",0.12,0.166666666666667,FALSE
"alt","calcium",0.12,0.833333333333333,FALSE
"calcium","alt",0.12,0.166666666666667,FALSE
"globulin","VEGFA",0.12,0.166666666666667,FALSE
"sodium","CXCL8",0.12,0.583333333333333,FALSE
"CXCL8","sodium",0.12,0.416666666666667,FALSE
"CXCL10","albumin",0.12,0.833333333333333,FALSE
"IL10","CD8A",0.12,0.416666666666667,FALSE
"CD8A","IL10",0.12,0.583333333333333,FALSE
"VEGFA","globulin",0.12,0.833333333333333,FALSE
"weight","creatinine",0.12,0.333333333333333,FALSE
"hematocrit","chloride",0.12,0.916666666666667,FALSE
"hemoglobin","potassium",0.12,0.0833333333333333,FALSE
"hemoglobin","CCL4",0.12,0.5,FALSE
"platelets","wbc",0.12,1,FALSE
"rdw","albumin",0.12,1,FALSE
"wbc","platelets",0.12,0,FALSE
"wbc","CD8A",0.12,0.75,FALSE
"wbc","VEGFA",0.12,0,FALSE
"albumin","rdw",0.12,0,FALSE
"albumin","GDF15",0.12,0,FALSE
"alt","TNFRSF1A",0.12,0,FALSE
"bun","hdl",0.12,0,FALSE
"calcium","globulin",0.12,0,FALSE
"chloride","hematocrit",0.12,0.0833333333333333,FALSE
"co2","LEP",0.12,0,FALSE
"creatinine","weight",0.12,0.666666666666667,FALSE
"creatinine","GDF15",0.12,1,FALSE
"globulin","calcium",0.12,1,FALSE
"potassium","hemoglobin",0.12,0.916666666666667,FALSE
"protein","CCL3",0.12,0.0833333333333333,FALSE
"crp","IGFBP7",0.12,0.25,FALSE
"hdl","bun",0.12,1,FALSE
"total_chol","TNF",0.12,0,FALSE
"TNF","total_chol",0.12,1,FALSE
"TNF","IL15",0.12,0.916666666666667,FALSE
"TNF","IGFBP7",0.12,0.5,FALSE
"CXCL10","LEP",0.12,0,FALSE
"IFNG","CHI3L1",0.12,1,FALSE
"IL18","CCL3",0.12,0.25,FALSE
"IL15","TNF",0.12,0.0833333333333333,FALSE
"CCL3","protein",0.12,0.916666666666667,FALSE
"CCL3","IL18",0.12,0.75,FALSE
"CCL3","LEP",0.12,0,FALSE
"CCL4","hemoglobin",0.12,0.5,FALSE
"GDF15","albumin",0.12,1,FALSE
"GDF15","creatinine",0.12,0,FALSE
"GDF15","IGFBP7",0.12,0.0833333333333333,FALSE
"CHI3L1","IFNG",0.12,0,FALSE
"IGFBP7","crp",0.12,0.75,FALSE
"IGFBP7","TNF",0.12,0.5,FALSE
"IGFBP7","GDF15",0.12,0.916666666666667,FALSE
"TNFRSF1A","alt",0.12,1,FALSE
"CD8A","wbc",0.12,0.25,FALSE
"VEGFA","wbc",0.12,1,FALSE
"LEP","co2",0.12,1,FALSE
"LEP","CXCL10",0.12,1,FALSE
"LEP","CCL3",0.12,1,FALSE
"hemoglobin","GZMA",0.11,0.363636363636364,FALSE
"creatinine","TNFRSF1A",0.11,0.636363636363636,FALSE
"protein","GZMA",0.11,0.636363636363636,FALSE
"TNFRSF1A","creatinine",0.11,0.363636363636364,FALSE
"GZMA","hemoglobin",0.11,0.636363636363636,FALSE
"GZMA","protein",0.11,0.363636363636364,FALSE
"age_group","neutrophils",0.11,1,FALSE
"age_group","CD274",0.11,1,FALSE
"sex","rdw",0.11,1,FALSE
"cmv","t_bili",0.11,1,FALSE
"weight","chloride",0.11,0.0909090909090909,FALSE
"eosinophils","albumin",0.11,1,FALSE
"hematocrit","lymphocytes",0.11,0.818181818181818,FALSE
"lymphocytes","hematocrit",0.11,0.181818181818182,FALSE
"neutrophils","age_group",0.11,0,FALSE
"neutrophils","triglycerides",0.11,0,FALSE
"neutrophils","CCL3",0.11,0.272727272727273,FALSE
"platelets","protein",0.11,0.181818181818182,FALSE
"platelets","TNFRSF1A",0.11,1,FALSE
"platelets","KLRD1",0.11,0,FALSE
"rdw","sex",0.11,0,FALSE
"rdw","PDCD1",0.11,0.818181818181818,FALSE
"rbc","LAG3",0.11,1,FALSE
"albumin","eosinophils",0.11,0,FALSE
"alt","LAG3",0.11,1,FALSE
"ast","esr",0.11,0.181818181818182,FALSE
"ast","hdl",0.11,0,FALSE
"chloride","weight",0.11,0.909090909090909,FALSE
"glucose","IGFBP7",0.11,0.181818181818182,FALSE
"potassium","LAG3",0.11,0,FALSE
"protein","platelets",0.11,0.818181818181818,FALSE
"t_bili","cmv",0.11,0,FALSE
"t_bili","IL6",0.11,0.272727272727273,FALSE
"esr","ast",0.11,0.818181818181818,FALSE
"crp","CCL3",0.11,0.909090909090909,FALSE
"hdl","ast",0.11,1,FALSE
"hdl","ldl",0.11,0.727272727272727,FALSE
"ldl","hdl",0.11,0.272727272727273,FALSE
"triglycerides","neutrophils",0.11,1,FALSE
"IL6","t_bili",0.11,0.727272727272727,FALSE
"TNF","CCL8",0.11,0.727272727272727,FALSE
"CXCL8","CXCL11",0.11,0.545454545454545,FALSE
"CXCL8","PDCD1",0.11,0.272727272727273,FALSE
"CXCL11","CXCL8",0.11,0.454545454545455,FALSE
"IL18","IGFBP7",0.11,0.909090909090909,FALSE
"IL10","IGFBP7",0.11,0.727272727272727,FALSE
"IL1RN","CCL3",0.11,0.909090909090909,FALSE
"IL7","FGF21",0.11,0.909090909090909,FALSE
"IL7","IGFBP7",0.11,0.727272727272727,FALSE
"IL15","MMP12",0.11,0.545454545454545,FALSE
"CCL2","GZMA",0.11,0,FALSE
"CCL3","neutrophils",0.11,0.727272727272727,FALSE
"CCL3","crp",0.11,0.0909090909090909,FALSE
"CCL3","IL1RN",0.11,0.0909090909090909,FALSE
"CCL8","TNF",0.11,0.272727272727273,FALSE
"FGF21","IL7",0.11,0.0909090909090909,FALSE
"CHI3L1","VEGFA",0.11,0.181818181818182,FALSE
"IGFBP7","glucose",0.11,0.818181818181818,FALSE
"IGFBP7","IL18",0.11,0.0909090909090909,FALSE
"IGFBP7","IL10",0.11,0.272727272727273,FALSE
"IGFBP7","IL7",0.11,0.272727272727273,FALSE
"TNFRSF1A","platelets",0.11,0,FALSE
"TNFRSF1A","PDCD1",0.11,1,FALSE
"GZMA","CCL2",0.11,1,FALSE
"KLRD1","platelets",0.11,1,FALSE
"MMP12","IL15",0.11,0.454545454545455,FALSE
"VEGFA","CHI3L1",0.11,0.818181818181818,FALSE
"VEGFA","PDCD1",0.11,0.0909090909090909,FALSE
"PDCD1","rdw",0.11,0.181818181818182,FALSE
"PDCD1","CXCL8",0.11,0.727272727272727,FALSE
"PDCD1","TNFRSF1A",0.11,0,FALSE
"PDCD1","VEGFA",0.11,0.909090909090909,FALSE
"LAG3","rbc",0.11,0,FALSE
"LAG3","alt",0.11,0,FALSE
"LAG3","potassium",0.11,1,FALSE
"CD274","age_group",0.11,0,FALSE
"age_group","PDCD1",0.1,1,FALSE
"age_group","LAG3",0.1,1,FALSE
"sex","CD274",0.1,1,FALSE
"basophils","alt",0.1,0.4,FALSE
"hematocrit","CXCL8",0.1,1,FALSE
"monocytes","CCL3",0.1,1,FALSE
"monocytes","CCL11",0.1,1,FALSE
"mpv","triglycerides",0.1,0.6,FALSE
"rdw","CCL11",0.1,0.8,FALSE
"wbc","LEP",0.1,0,FALSE
"alt","basophils",0.1,0.6,FALSE
"esr","FGF21",0.1,0.8,FALSE
"crp","IFNG",0.1,0,FALSE
"total_chol","TNFRSF1A",0.1,0.5,FALSE
"triglycerides","mpv",0.1,0.4,FALSE
"IL6","CXCL9",0.1,0.4,FALSE
"IL6","LEP",0.1,0,FALSE
"CXCL8","hematocrit",0.1,0,FALSE
"CXCL9","IL6",0.1,0.6,FALSE
"IFNG","crp",0.1,1,FALSE
"IL15","GZMA",0.1,0.6,FALSE
"CCL3","monocytes",0.1,0,FALSE
"CCL4","PDCD1",0.1,0.6,FALSE
"CCL11","monocytes",0.1,0,FALSE
"CCL11","rdw",0.1,0.2,FALSE
"CCL11","IGFBP7",0.1,0.4,FALSE
"FGF21","esr",0.1,0.2,FALSE
"IGFBP7","CCL11",0.1,0.6,FALSE
"TNFRSF1A","total_chol",0.1,0.5,FALSE
"GZMA","IL15",0.1,0.4,FALSE
"PDCD1","age_group",0.1,0,FALSE
"PDCD1","CCL4",0.1,0.4,FALSE
"LAG3","age_group",0.1,0,FALSE
"CD274","sex",0.1,0,FALSE
"LEP","wbc",0.1,1,FALSE
"LEP","IL6",0.1,1,FALSE
"weight","MMP12",0.1,0.9,FALSE
"eosinophils","co2",0.1,0.1,FALSE
"eosinophils","IL15",0.1,0.9,FALSE
"mpv","potassium",0.1,0.9,FALSE
"platelets","globulin",0.1,0.9,FALSE
"alt","IL6",0.1,0.9,FALSE
"co2","eosinophils",0.1,0.9,FALSE
"globulin","platelets",0.1,0.1,FALSE
"potassium","mpv",0.1,0.1,FALSE
"IL6","alt",0.1,0.1,FALSE
"IL15","eosinophils",0.1,0.1,FALSE
"MMP12","weight",0.1,0.1,FALSE
"basophils","GZMA",0.09,0.777777777777778,FALSE
"neutrophils","CD8A",0.09,0.777777777777778,FALSE
"bun","globulin",0.09,0.222222222222222,FALSE
"globulin","bun",0.09,0.777777777777778,FALSE
"CXCL11","IL7",0.09,0.222222222222222,FALSE
"IL7","CXCL11",0.09,0.777777777777778,FALSE
"CD8A","neutrophils",0.09,0.222222222222222,FALSE
"GZMA","basophils",0.09,0.222222222222222,FALSE
"eosinophils","creatinine",0.09,0.333333333333333,FALSE
"hematocrit","t_bili",0.09,0,FALSE
"hemoglobin","alk_phos",0.09,0,FALSE
"lymphocytes","GDF15",0.09,0,FALSE
"monocytes","CXCL11",0.09,0,FALSE
"platelets","calcium",0.09,0.333333333333333,FALSE
"platelets","co2",0.09,0.111111111111111,FALSE
"alk_phos","hemoglobin",0.09,1,FALSE
"alk_phos","CHI3L1",0.09,1,FALSE
"bun","IL15",0.09,0.444444444444444,FALSE
"calcium","platelets",0.09,0.666666666666667,FALSE
"chloride","PDCD1",0.09,0.666666666666667,FALSE
"co2","platelets",0.09,0.888888888888889,FALSE
"creatinine","eosinophils",0.09,0.666666666666667,FALSE
"creatinine","esr",0.09,0.333333333333333,FALSE
"creatinine","crp",0.09,1,FALSE
"globulin","triglycerides",0.09,0,FALSE
"t_bili","hematocrit",0.09,1,FALSE
"esr","creatinine",0.09,0.666666666666667,FALSE
"crp","creatinine",0.09,0,FALSE
"hdl","CCL8",0.09,1,FALSE
"hdl","GDF15",0.09,0,FALSE
"ldl","IL15",0.09,0.111111111111111,FALSE
"triglycerides","globulin",0.09,1,FALSE
"IL6","LAG3",0.09,0.666666666666667,FALSE
"CXCL9","VEGFA",0.09,0.333333333333333,FALSE
"CXCL11","monocytes",0.09,1,FALSE
"IFNG","FGF21",0.09,1,FALSE
"IL18","TNFRSF1A",0.09,0.333333333333333,FALSE
"IL1RN","CHI3L1",0.09,0.666666666666667,FALSE
"IL7","CCL8",0.09,0.555555555555556,FALSE
"IL15","bun",0.09,0.555555555555556,FALSE
"IL15","ldl",0.09,0.888888888888889,FALSE
"CCL2","CCL8",0.09,1,FALSE
"CCL8","hdl",0.09,0,FALSE
"CCL8","IL7",0.09,0.444444444444444,FALSE
"CCL8","CCL2",0.09,0,FALSE
"CCL11","TNFRSF1A",0.09,0.888888888888889,FALSE
"GDF15","lymphocytes",0.09,1,FALSE
"GDF15","hdl",0.09,1,FALSE
"FGF21","IFNG",0.09,0,FALSE
"CHI3L1","alk_phos",0.09,0,FALSE
"CHI3L1","IL1RN",0.09,0.333333333333333,FALSE
"CHI3L1","GZMA",0.09,0,FALSE
"CHI3L1","LAG3",0.09,0,FALSE
"TNFRSF1A","IL18",0.09,0.666666666666667,FALSE
"TNFRSF1A","CCL11",0.09,0.111111111111111,FALSE
"GZMA","CHI3L1",0.09,1,FALSE
"GZMA","LEP",0.09,0,FALSE
"VEGFA","CXCL9",0.09,0.666666666666667,FALSE
"PDCD1","chloride",0.09,0.333333333333333,FALSE
"LAG3","IL6",0.09,0.333333333333333,FALSE
"LAG3","CHI3L1",0.09,1,FALSE
"LAG3","HAVCR2",0.09,0.111111111111111,FALSE
"HAVCR2","LAG3",0.09,0.888888888888889,FALSE
"LEP","GZMA",0.09,1,FALSE
"age_group","esr",0.08,1,FALSE
"cmv","glucose",0.08,1,FALSE
"basophils","crp",0.08,0.625,FALSE
"eosinophils","alk_phos",0.08,0,FALSE
"eosinophils","IL6",0.08,1,FALSE
"eosinophils","CCL3",0.08,0,FALSE
"hematocrit","wbc",0.08,0.875,FALSE
"hematocrit","CCL3",0.08,1,FALSE
"hemoglobin","IL1RN",0.08,1,FALSE
"hemoglobin","IL7",0.08,0,FALSE
"hemoglobin","VEGFA",0.08,0.875,FALSE
"hemoglobin","PDCD1",0.08,0.125,FALSE
"lymphocytes","TNFRSF1A",0.08,0.25,FALSE
"monocytes","esr",0.08,0.625,FALSE
"mpv","LEP",0.08,0,FALSE
"neutrophils","bun",0.08,0.75,FALSE
"neutrophils","IL18",0.08,0.125,FALSE
"platelets","GZMA",0.08,0.75,FALSE
"rbc","alk_phos",0.08,0,FALSE
"rbc","calcium",0.08,1,FALSE
"wbc","hematocrit",0.08,0.125,FALSE
"wbc","glucose",0.08,0.375,FALSE
"alk_phos","eosinophils",0.08,1,FALSE
"alk_phos","rbc",0.08,1,FALSE
"ast","glucose",0.08,0.125,FALSE
"bun","neutrophils",0.08,0.25,FALSE
"bun","TNF",0.08,0,FALSE
"calcium","rbc",0.08,0,FALSE
"chloride","glucose",0.08,0.375,FALSE
"chloride","CD8A",0.08,1,FALSE
"chloride","GZMA",0.08,0.875,FALSE
"co2","protein",0.08,1,FALSE
"creatinine","CCL2",0.08,1,FALSE
"globulin","potassium",0.08,0.25,FALSE
"globulin","CXCL10",0.08,1,FALSE
"glucose","cmv",0.08,0,FALSE
"glucose","wbc",0.08,0.625,FALSE
"glucose","ast",0.08,0.875,FALSE
"glucose","chloride",0.08,0.625,FALSE
"glucose","IL6",0.08,1,FALSE
"potassium","globulin",0.08,0.75,FALSE
"protein","co2",0.08,0,FALSE
"t_bili","FGF21",0.08,0.875,FALSE
"esr","age_group",0.08,0,FALSE
"esr","monocytes",0.08,0.375,FALSE
"esr","IL6",0.08,0.5,FALSE
"crp","basophils",0.08,0.375,FALSE
"hdl","CXCL11",0.08,0.75,FALSE
"hdl","IGFBP7",0.08,0.875,FALSE
"hdl","TNFRSF1A",0.08,1,FALSE
"triglycerides","IL1RN",0.08,0.75,FALSE
"IL6","eosinophils",0.08,0,FALSE
"IL6","glucose",0.08,0,FALSE
"IL6","esr",0.08,0.5,FALSE
"IL6","CD274",0.08,0.125,FALSE
"TNF","bun",0.08,1,FALSE
"CXCL8","CCL8",0.08,0.75,FALSE
"CXCL8","FGF21",0.08,0.875,FALSE
"CXCL10","globulin",0.08,0,FALSE
"CXCL11","hdl",0.08,0.25,FALSE
"CXCL11","PDCD1",0.08,0.5,FALSE
"IFNG","LAG3",0.08,0,FALSE
"IL18","neutrophils",0.08,0.875,FALSE
"IL1RN","hemoglobin",0.08,0,FALSE
"IL1RN","triglycerides",0.08,0.25,FALSE
"IL7","hemoglobin",0.08,1,FALSE
"IL15","LAG3",0.08,0.75,FALSE
"CCL2","creatinine",0.08,0,FALSE
"CCL3","eosinophils",0.08,1,FALSE
"CCL3","hematocrit",0.08,0,FALSE
"CCL3","KLRD1",0.08,0.625,FALSE
"CCL8","CXCL8",0.08,0.25,FALSE
"GDF15","CHI3L1",0.08,1,FALSE
"FGF21","t_bili",0.08,0.125,FALSE
"FGF21","CXCL8",0.08,0.125,FALSE
"CHI3L1","GDF15",0.08,0,FALSE
"IGFBP7","hdl",0.08,0.125,FALSE
"TNFRSF1A","lymphocytes",0.08,0.75,FALSE
"TNFRSF1A","hdl",0.08,0,FALSE
"CD8A","chloride",0.08,0,FALSE
"GZMA","platelets",0.08,0.25,FALSE
"GZMA","chloride",0.08,0.125,FALSE
"KLRD1","CCL3",0.08,0.375,FALSE
"VEGFA","hemoglobin",0.08,0.125,FALSE
"PDCD1","hemoglobin",0.08,0.875,FALSE
"PDCD1","CXCL11",0.08,0.5,FALSE
"LAG3","IFNG",0.08,1,FALSE
"LAG3","IL15",0.08,0.25,FALSE
"CD274","IL6",0.08,0.875,FALSE
"LEP","mpv",0.08,1,FALSE
"age_group","wbc",0.07,1,FALSE
"age_group","CCL2",0.07,1,FALSE
"sex","CCL4",0.07,1,FALSE
"weight","protein",0.07,1,FALSE
"weight","t_bili",0.07,0,FALSE
"weight","CCL11",0.07,1,FALSE
"basophils","alk_phos",0.07,0.571428571428571,FALSE
"hematocrit","rdw",0.07,1,FALSE
"hematocrit","calcium",0.07,1,FALSE
"hemoglobin","sodium",0.07,0,FALSE
"mpv","crp",0.07,0,FALSE
"neutrophils","protein",0.07,0.714285714285714,FALSE
"platelets","CXCL11",0.07,0.285714285714286,FALSE
"rdw","hematocrit",0.07,0,FALSE
"wbc","age_group",0.07,0,FALSE
"alk_phos","basophils",0.07,0.428571428571428,FALSE
"alk_phos","globulin",0.07,0,FALSE
"alt","globulin",0.07,0.714285714285714,FALSE
"alt","TNF",0.07,1,FALSE
"ast","TNFRSF1A",0.07,0,FALSE
"calcium","hematocrit",0.07,0,FALSE
"chloride","globulin",0.07,0,FALSE
"chloride","VEGFA",0.07,0.714285714285714,FALSE
"co2","VEGFA",0.07,1,FALSE
"creatinine","CCL8",0.07,1,FALSE
"globulin","alk_phos",0.07,1,FALSE
"globulin","alt",0.07,0.285714285714286,FALSE
"globulin","chloride",0.07,1,FALSE
"glucose","IL1RN",0.07,0.714285714285714,FALSE
"protein","weight",0.07,0,FALSE
"protein","neutrophils",0.07,0.285714285714286,FALSE
"sodium","hemoglobin",0.07,1,FALSE
"sodium","crp",0.07,0.714285714285714,FALSE
"sodium","CCL11",0.07,0.714285714285714,FALSE
"t_bili","weight",0.07,1,FALSE
"crp","mpv",0.07,1,FALSE
"crp","sodium",0.07,0.285714285714286,FALSE
"triglycerides","FGF21",0.07,0.714285714285714,FALSE
"triglycerides","GZMA",0.07,1,FALSE
"TNF","alt",0.07,0,FALSE
"TNF","GZMA",0.07,0,FALSE
"CXCL11","platelets",0.07,0.714285714285714,FALSE
"IFNG","CCL2",0.07,1,FALSE
"IL18","CHI3L1",0.07,1,FALSE
"IL18","CD8A",0.07,1,FALSE
"IL1RN","glucose",0.07,0.285714285714286,FALSE
"CCL2","age_group",0.07,0,FALSE
"CCL2","IFNG",0.07,0,FALSE
"CCL3","MMP12",0.07,0.571428571428571,FALSE
"CCL3","PDCD1",0.07,0.285714285714286,FALSE
"CCL4","sex",0.07,0,FALSE
"CCL8","creatinine",0.07,0,FALSE
"CCL11","weight",0.07,0,FALSE
"CCL11","sodium",0.07,0.285714285714286,FALSE
"FGF21","triglycerides",0.07,0.285714285714286,FALSE
"CHI3L1","IL18",0.07,0,FALSE
"TNFRSF1A","ast",0.07,1,FALSE
"CD8A","IL18",0.07,0,FALSE
"GZMA","triglycerides",0.07,0,FALSE
"GZMA","TNF",0.07,1,FALSE
"GZMB","VEGFA",0.07,1,FALSE
"MMP12","CCL3",0.07,0.428571428571428,FALSE
"VEGFA","chloride",0.07,0.285714285714286,FALSE
"VEGFA","co2",0.07,0,FALSE
"VEGFA","GZMB",0.07,0,FALSE
"PDCD1","CCL3",0.07,0.714285714285714,FALSE
"PDCD1","CD274",0.07,1,FALSE
"CD274","PDCD1",0.07,0,FALSE
"albumin","KLRD1",0.07,0.857142857142857,FALSE
"ast","ldl",0.07,0.142857142857143,FALSE
"calcium","t_bili",0.07,0.857142857142857,FALSE
"t_bili","calcium",0.07,0.142857142857143,FALSE
"crp","CCL8",0.07,0.857142857142857,FALSE
"ldl","ast",0.07,0.857142857142857,FALSE
"ldl","FGF21",0.07,0.142857142857143,FALSE
"IL6","TNF",0.07,0.857142857142857,FALSE
"TNF","IL6",0.07,0.142857142857143,FALSE
"CXCL11","IL10",0.07,0.857142857142857,FALSE
"IL10","CXCL11",0.07,0.142857142857143,FALSE
"CCL8","crp",0.07,0.142857142857143,FALSE
"FGF21","ldl",0.07,0.857142857142857,FALSE
"GZMA","PDCD1",0.07,0.142857142857143,FALSE
"KLRD1","albumin",0.07,0.142857142857143,FALSE
"KLRD1","LEP",0.07,0.857142857142857,FALSE
"PDCD1","GZMA",0.07,0.857142857142857,FALSE
"LEP","KLRD1",0.07,0.142857142857143,FALSE
"weight","TNFRSF1A",0.06,0.166666666666667,FALSE
"basophils","GZMB",0.06,0.166666666666667,FALSE
"platelets","crp",0.06,0.166666666666667,FALSE
"platelets","CD8A",0.06,0.833333333333333,FALSE
"platelets","PDCD1",0.06,0.833333333333333,FALSE
"alk_phos","CCL3",0.06,0.833333333333333,FALSE
"chloride","CXCL11",0.06,0.166666666666667,FALSE
"creatinine","CD8A",0.06,0.166666666666667,FALSE
"crp","platelets",0.06,0.833333333333333,FALSE
"ldl","HAVCR2",0.06,0.166666666666667,FALSE
"IL6","CCL2",0.06,0.833333333333333,FALSE
"IL6","GZMA",0.06,0.833333333333333,FALSE
"CXCL11","chloride",0.06,0.833333333333333,FALSE
"IL18","TNFRSF1B",0.06,0.833333333333333,FALSE
"IL7","PDCD1",0.06,0.833333333333333,FALSE
"CCL2","IL6",0.06,0.166666666666667,FALSE
"CCL3","alk_phos",0.06,0.166666666666667,FALSE
"TNFRSF1A","weight",0.06,0.833333333333333,FALSE
"TNFRSF1B","IL18",0.06,0.166666666666667,FALSE
"CD8A","platelets",0.06,0.166666666666667,FALSE
"CD8A","creatinine",0.06,0.833333333333333,FALSE
"GZMA","IL6",0.06,0.166666666666667,FALSE
"GZMB","basophils",0.06,0.833333333333333,FALSE
"PDCD1","platelets",0.06,0.166666666666667,FALSE
"PDCD1","IL7",0.06,0.166666666666667,FALSE
"HAVCR2","ldl",0.06,0.833333333333333,FALSE
"cmv","CXCL11",0.06,1,FALSE
"basophils","MMP12",0.06,0,FALSE
"hematocrit","bun",0.06,0.333333333333333,FALSE
"hematocrit","glucose",0.06,0.333333333333333,FALSE
"hematocrit","hdl",0.06,0,FALSE
"monocytes","LEP",0.06,0.333333333333333,FALSE
"neutrophils","CCL8",0.06,0.333333333333333,FALSE
"neutrophils","LAG3",0.06,0,FALSE
"platelets","rdw",0.06,0,FALSE
"platelets","alt",0.06,0,FALSE
"platelets","TNFRSF1B",0.06,0,FALSE
"rdw","platelets",0.06,1,FALSE
"rbc","albumin",0.06,1,FALSE
"rbc","sodium",0.06,0,FALSE
"albumin","rbc",0.06,0,FALSE
"alk_phos","bun",0.06,1,FALSE
"alk_phos","VEGFA",0.06,1,FALSE
"alk_phos","LAG3",0.06,1,FALSE
"alt","platelets",0.06,1,FALSE
"alt","glucose",0.06,0.333333333333333,FALSE
"bun","hematocrit",0.06,0.666666666666667,FALSE
"bun","alk_phos",0.06,0,FALSE
"calcium","CCL2",0.06,1,FALSE
"co2","CXCL10",0.06,1,FALSE
"creatinine","TNF",0.06,1,FALSE
"globulin","GDF15",0.06,0,FALSE
"glucose","hematocrit",0.06,0.666666666666667,FALSE
"glucose","alt",0.06,0.666666666666667,FALSE
"glucose","CCL11",0.06,1,FALSE
"protein","sodium",0.06,0.5,FALSE
"protein","triglycerides",0.06,1,FALSE
"sodium","rbc",0.06,1,FALSE
"sodium","protein",0.06,0.5,FALSE
"sodium","t_bili",0.06,0,FALSE
"t_bili","sodium",0.06,1,FALSE
"esr","LEP",0.06,0,FALSE
"crp","IL1RN",0.06,0,FALSE
"hdl","hematocrit",0.06,1,FALSE
"hdl","CCL11",0.06,1,FALSE
"total_chol","TNFRSF1B",0.06,0.5,FALSE
"triglycerides","protein",0.06,0,FALSE
"triglycerides","CXCL10",0.06,1,FALSE
"triglycerides","IL18",0.06,0.5,FALSE
"triglycerides","CD8A",0.06,1,FALSE
"IL6","CHI3L1",0.06,0.333333333333333,FALSE
"TNF","creatinine",0.06,0,FALSE
"CXCL8","IL18",0.06,0,FALSE
"CXCL9","CCL8",0.06,0.333333333333333,FALSE
"CXCL10","co2",0.06,0,FALSE
"CXCL10","triglycerides",0.06,0,FALSE
"CXCL11","cmv",0.06,0,FALSE
"IL18","triglycerides",0.06,0.5,FALSE
"IL18","CXCL8",0.06,1,FALSE
"IL10","KLRD1",0.06,0.333333333333333,FALSE
"IL1RN","crp",0.06,1,FALSE
"IL1RN","IL15",0.06,0.666666666666667,FALSE
"IL15","IL1RN",0.06,0.333333333333333,FALSE
"IL15","CCL2",0.06,1,FALSE
"CCL2","calcium",0.06,0,FALSE
"CCL2","IL15",0.06,0,FALSE
"CCL2","IGFBP7",0.06,0.666666666666667,FALSE
"CCL2","LEP",0.06,0,FALSE
"CCL8","neutrophils",0.06,0.666666666666667,FALSE
"CCL8","CXCL9",0.06,0.666666666666667,FALSE
"CCL11","glucose",0.06,0,FALSE
"CCL11","hdl",0.06,0,FALSE
"GDF15","globulin",0.06,1,FALSE
"CHI3L1","IL6",0.06,0.666666666666667,FALSE
"CHI3L1","LEP",0.06,0,FALSE
"IGFBP7","CCL2",0.06,0.333333333333333,FALSE
"TNFRSF1B","platelets",0.06,1,FALSE
"TNFRSF1B","total_chol",0.06,0.5,FALSE
"CD8A","triglycerides",0.06,0,FALSE
"KLRD1","IL10",0.06,0.666666666666667,FALSE
"MMP12","basophils",0.06,1,FALSE
"VEGFA","alk_phos",0.06,0,FALSE
"VEGFA","HAVCR2",0.06,0,FALSE
"LAG3","neutrophils",0.06,1,FALSE
"LAG3","alk_phos",0.06,0,FALSE
"HAVCR2","VEGFA",0.06,1,FALSE
"LEP","monocytes",0.06,0.666666666666667,FALSE
"LEP","esr",0.06,1,FALSE
"LEP","CCL2",0.06,1,FALSE
"LEP","CHI3L1",0.06,1,FALSE
"sex","CCL3",0.05,1,FALSE
"cmv","total_chol",0.05,1,FALSE
"cmv","IL10",0.05,1,FALSE
"cmv","KLRD1",0.05,1,FALSE
"weight","IGFBP7",0.05,0.8,FALSE
"basophils","calcium",0.05,0,FALSE
"hematocrit","triglycerides",0.05,0.4,FALSE
"hemoglobin","TNF",0.05,1,FALSE
"hemoglobin","CXCL11",0.05,1,FALSE
"hemoglobin","LEP",0.05,0,FALSE
"lymphocytes","IFNG",0.05,0.6,FALSE
"lymphocytes","CCL11",0.05,0,FALSE
"monocytes","ast",0.05,0.2,FALSE
"monocytes","IL10",0.05,1,FALSE
"monocytes","IL1RN",0.05,0.2,FALSE
"monocytes","CD8A",0.05,0,FALSE
"monocytes","LAG3",0.05,0.8,FALSE
"mpv","CCL8",0.05,1,FALSE
"mpv","LAG3",0.05,0.2,FALSE
"neutrophils","hdl",0.05,0,FALSE
"neutrophils","IL10",0.05,0,FALSE
"platelets","creatinine",0.05,0.2,FALSE
"platelets","TNF",0.05,0.6,FALSE
"platelets","LEP",0.05,0,FALSE
"rbc","ast",0.05,1,FALSE
"wbc","esr",0.05,0.2,FALSE
"albumin","TNFRSF1A",0.05,0.2,FALSE
"albumin","CD8A",0.05,0.8,FALSE
"alk_phos","CXCL8",0.05,1,FALSE
"alt","chloride",0.05,1,FALSE
"alt","total_chol",0.05,0.4,FALSE
"ast","monocytes",0.05,0.8,FALSE
"ast","rbc",0.05,0,FALSE
"ast","triglycerides",0.05,0,FALSE
"ast","KLRD1",0.05,0.4,FALSE
"calcium","basophils",0.05,1,FALSE
"calcium","CCL11",0.05,0.2,FALSE
"chloride","alt",0.05,0,FALSE
"chloride","CXCL10",0.05,0.8,FALSE
"chloride","CCL8",0.05,0.8,FALSE
"chloride","GDF15",0.05,0,FALSE
"co2","hdl",0.05,1,FALSE
"creatinine","platelets",0.05,0.8,FALSE
"globulin","CD8A",0.05,0.2,FALSE
"glucose","CXCL9",0.05,1,FALSE
"glucose","CCL2",0.05,0.6,FALSE
"potassium","HAVCR2",0.05,0.6,FALSE
"protein","TNF",0.05,0,FALSE
"protein","KLRD1",0.05,0.4,FALSE
"protein","LAG3",0.05,0,FALSE
"sodium","VEGFA",0.05,0.4,FALSE
"esr","wbc",0.05,0.8,FALSE
"esr","CXCL8",0.05,1,FALSE
"esr","TNFRSF1B",0.05,0.4,FALSE
"crp","LAG3",0.05,0.8,FALSE
"hdl","neutrophils",0.05,1,FALSE
"hdl","co2",0.05,0,FALSE
"hdl","LAG3",0.05,0,FALSE
"total_chol","cmv",0.05,0,FALSE
"total_chol","alt",0.05,0.6,FALSE
"triglycerides","hematocrit",0.05,0.6,FALSE
"triglycerides","ast",0.05,1,FALSE
"triglycerides","GZMB",0.05,1,FALSE
"TNF","hemoglobin",0.05,0,FALSE
"TNF","platelets",0.05,0.4,FALSE
"TNF","protein",0.05,1,FALSE
"CXCL8","alk_phos",0.05,0,FALSE
"CXCL8","esr",0.05,0,FALSE
"CXCL9","glucose",0.05,0,FALSE
"CXCL10","chloride",0.05,0.2,FALSE
"CXCL10","GZMA",0.05,0.8,FALSE
"CXCL11","hemoglobin",0.05,0,FALSE
"IFNG","lymphocytes",0.05,0.4,FALSE
"IFNG","IL18",0.05,1,FALSE
"IFNG","GZMA",0.05,0.4,FALSE
"IL18","IFNG",0.05,0,FALSE
"IL18","GZMA",0.05,0.8,FALSE
"IL10","cmv",0.05,0,FALSE
"IL10","monocytes",0.05,0,FALSE
"IL10","neutrophils",0.05,1,FALSE
"IL10","CCL11",0.05,0.8,FALSE
"IL10","PDCD1",0.05,0.2,FALSE
"IL1RN","monocytes",0.05,0.8,FALSE
"IL15","IGFBP7",0.05,0.8,FALSE
"CCL2","glucose",0.05,0.4,FALSE
"CCL2","VEGFA",0.05,0.2,FALSE
"CCL2","PDCD1",0.05,0.6,FALSE
"CCL3","sex",0.05,0,FALSE
"CCL8","mpv",0.05,0,FALSE
"CCL8","chloride",0.05,0.2,FALSE
"CCL8","LEP",0.05,0,FALSE
"CCL11","lymphocytes",0.05,1,FALSE
"CCL11","calcium",0.05,0.8,FALSE
"CCL11","IL10",0.05,0.2,FALSE
"CCL11","CD8A",0.05,1,FALSE
"CCL11","LEP",0.05,0,FALSE
"GDF15","chloride",0.05,1,FALSE
"FGF21","LAG3",0.05,0.8,FALSE
"IGFBP7","weight",0.05,0.2,FALSE
"IGFBP7","IL15",0.05,0.2,FALSE
"TNFRSF1A","albumin",0.05,0.8,FALSE
"TNFRSF1B","esr",0.05,0.6,FALSE
"CD8A","monocytes",0.05,1,FALSE
"CD8A","albumin",0.05,0.2,FALSE
"CD8A","globulin",0.05,0.8,FALSE
"CD8A","CCL11",0.05,0,FALSE
"CD8A","VEGFA",0.05,0,FALSE
"CD8A","HAVCR2",0.05,0.6,FALSE
"GZMA","CXCL10",0.05,0.2,FALSE
"GZMA","IFNG",0.05,0.6,FALSE
"GZMA","IL18",0.05,0.2,FALSE
"GZMB","triglycerides",0.05,0,FALSE
"KLRD1","cmv",0.05,0,FALSE
"KLRD1","ast",0.05,0.6,FALSE
"KLRD1","protein",0.05,0.6,FALSE
"VEGFA","sodium",0.05,0.6,FALSE
"VEGFA","CCL2",0.05,0.8,FALSE
"VEGFA","CD8A",0.05,1,FALSE
"PDCD1","IL10",0.05,0.8,FALSE
"PDCD1","CCL2",0.05,0.4,FALSE
"LAG3","monocytes",0.05,0.2,FALSE
"LAG3","mpv",0.05,0.8,FALSE
"LAG3","protein",0.05,1,FALSE
"LAG3","crp",0.05,0.2,FALSE
"LAG3","hdl",0.05,1,FALSE
"LAG3","FGF21",0.05,0.2,FALSE
"HAVCR2","potassium",0.05,0.4,FALSE
"HAVCR2","CD8A",0.05,0.4,FALSE
"LEP","hemoglobin",0.05,1,FALSE
"LEP","platelets",0.05,1,FALSE
"LEP","CCL8",0.05,1,FALSE
"LEP","CCL11",0.05,1,FALSE
"age_group","CHI3L1",0.04,1,FALSE
"sex","CXCL9",0.04,1,FALSE
"sex","IL10",0.04,1,FALSE
"cmv","TNFRSF1B",0.04,1,FALSE
"weight","hematocrit",0.04,0,FALSE
"weight","wbc",0.04,0.75,FALSE
"weight","CXCL9",0.04,0,FALSE
"weight","TNFRSF1B",0.04,0.25,FALSE
"basophils","hematocrit",0.04,0,FALSE
"basophils","CCL2",0.04,0.75,FALSE
"eosinophils","GZMA",0.04,1,FALSE
"hematocrit","weight",0.04,1,FALSE
"hematocrit","basophils",0.04,1,FALSE
"hematocrit","CD8A",0.04,1,FALSE
"hematocrit","KLRD1",0.04,1,FALSE
"hemoglobin","calcium",0.04,0.25,FALSE
"hemoglobin","MMP12",0.04,1,FALSE
"lymphocytes","calcium",0.04,1,FALSE
"lymphocytes","CXCL8",0.04,0,FALSE
"lymphocytes","FGF21",0.04,0,FALSE
"lymphocytes","CD8A",0.04,0,FALSE
"monocytes","bun",0.04,0.5,FALSE
"monocytes","IL6",0.04,0,FALSE
"monocytes","CXCL9",0.04,0,FALSE
"mpv","t_bili",0.04,0,FALSE
"mpv","IFNG",0.04,0.25,FALSE
"mpv","IL1RN",0.04,1,FALSE
"neutrophils","CXCL9",0.04,0,FALSE
"neutrophils","CCL4",0.04,0.25,FALSE
"neutrophils","VEGFA",0.04,0.25,FALSE
"platelets","CCL2",0.04,0.75,FALSE
"rdw","crp",0.04,0.25,FALSE
"rbc","wbc",0.04,1,FALSE
"rbc","protein",0.04,0,FALSE
"wbc","weight",0.04,0.25,FALSE
"wbc","rbc",0.04,0,FALSE
"wbc","chloride",0.04,0,FALSE
"albumin","ast",0.04,0.75,FALSE
"albumin","CCL3",0.04,0,FALSE
"alk_phos","creatinine",0.04,0,FALSE
"alt","crp",0.04,0.25,FALSE
"ast","albumin",0.04,0.25,FALSE
"ast","bun",0.04,0,FALSE
"ast","TNF",0.04,0.75,FALSE
"bun","monocytes",0.04,0.5,FALSE
"bun","ast",0.04,1,FALSE
"bun","crp",0.04,0,FALSE
"bun","LEP",0.04,0,FALSE
"calcium","hemoglobin",0.04,0.75,FALSE
"calcium","lymphocytes",0.04,0,FALSE
"calcium","creatinine",0.04,0,FALSE
"calcium","ldl",0.04,0,FALSE
"calcium","GDF15",0.04,0,FALSE
"chloride","wbc",0.04,1,FALSE
"co2","t_bili",0.04,0.375,FALSE
"co2","IL6",0.04,0.5,FALSE
"co2","GZMA",0.04,1,FALSE
"creatinine","alk_phos",0.04,1,FALSE
"creatinine","calcium",0.04,1,FALSE
"creatinine","PDCD1",0.04,1,FALSE
"globulin","PDCD1",0.04,1,FALSE
"potassium","triglycerides",0.04,0,FALSE
"potassium","TNFRSF1A",0.04,0.75,FALSE
"protein","rbc",0.04,1,FALSE
"protein","CD8A",0.04,0,FALSE
"t_bili","mpv",0.04,1,FALSE
"t_bili","co2",0.04,0.625,FALSE
"esr","ldl",0.04,1,FALSE
"crp","rdw",0.04,0.75,FALSE
"crp","alt",0.04,0.75,FALSE
"crp","bun",0.04,1,FALSE
"crp","hdl",0.04,0.5,FALSE
"crp","HAVCR2",0.04,1,FALSE
"hdl","crp",0.04,0.5,FALSE
"ldl","calcium",0.04,1,FALSE
"ldl","esr",0.04,0,FALSE
"ldl","GZMA",0.04,1,FALSE
"total_chol","MMP12",0.04,0,FALSE
"triglycerides","potassium",0.04,1,FALSE
"triglycerides","TNF",0.04,0.75,FALSE
"IL6","monocytes",0.04,1,FALSE
"IL6","co2",0.04,0.5,FALSE
"IL6","CCL11",0.04,0,FALSE
"TNF","ast",0.04,0.25,FALSE
"TNF","triglycerides",0.04,0.25,FALSE
"TNF","HAVCR2",0.04,0.5,FALSE
"CXCL8","lymphocytes",0.04,1,FALSE
"CXCL8","CXCL10",0.04,0,FALSE
"CXCL9","sex",0.04,0,FALSE
"CXCL9","weight",0.04,1,FALSE
"CXCL9","monocytes",0.04,1,FALSE
"CXCL9","neutrophils",0.04,1,FALSE
"CXCL10","CXCL8",0.04,1,FALSE
"CXCL10","CCL4",0.04,0.5,FALSE
"CXCL10","MMP12",0.04,0.25,FALSE
"CXCL10","VEGFA",0.04,0.5,FALSE
"CXCL11","MMP12",0.04,0,FALSE
"IFNG","mpv",0.04,0.75,FALSE
"IL18","IL15",0.04,1,FALSE
"IL10","sex",0.04,0,FALSE
"IL1RN","mpv",0.04,0,FALSE
"IL15","IL18",0.04,0,FALSE
"CCL2","basophils",0.04,0.25,FALSE
"CCL2","platelets",0.04,0.25,FALSE
"CCL2","HAVCR2",0.04,1,FALSE
"CCL3","albumin",0.04,1,FALSE
"CCL3","HAVCR2",0.04,0,FALSE
"CCL4","neutrophils",0.04,0.75,FALSE
"CCL4","CXCL10",0.04,0.5,FALSE
"CCL11","IL6",0.04,1,FALSE
"CCL11","HAVCR2",0.04,0.5,FALSE
"GDF15","calcium",0.04,1,FALSE
"FGF21","lymphocytes",0.04,1,FALSE
"CHI3L1","age_group",0.04,0,FALSE
"CHI3L1","KLRD1",0.04,0.75,FALSE
"TNFRSF1A","potassium",0.04,0.25,FALSE
"TNFRSF1B","cmv",0.04,0,FALSE
"TNFRSF1B","weight",0.04,0.75,FALSE
"TNFRSF1B","CD8A",0.04,0.25,FALSE
"TNFRSF1B","CD274",0.04,1,FALSE
"CD8A","hematocrit",0.04,0,FALSE
"CD8A","lymphocytes",0.04,1,FALSE
"CD8A","protein",0.04,1,FALSE
"CD8A","TNFRSF1B",0.04,0.75,FALSE
"GZMA","eosinophils",0.04,0,FALSE
"GZMA","co2",0.04,0,FALSE
"GZMA","ldl",0.04,0,FALSE
"GZMA","MMP12",0.04,0.25,FALSE
"KLRD1","hematocrit",0.04,0,FALSE
"KLRD1","CHI3L1",0.04,0.25,FALSE
"MMP12","hemoglobin",0.04,0,FALSE
"MMP12","total_chol",0.04,1,FALSE
"MMP12","CXCL10",0.04,0.75,FALSE
"MMP12","CXCL11",0.04,1,FALSE
"MMP12","GZMA",0.04,0.75,FALSE
"VEGFA","neutrophils",0.04,0.75,FALSE
"VEGFA","CXCL10",0.04,0.5,FALSE
"PDCD1","creatinine",0.04,0,FALSE
"PDCD1","globulin",0.04,0,FALSE
"HAVCR2","crp",0.04,0,FALSE
"HAVCR2","TNF",0.04,0.5,FALSE
"HAVCR2","CCL2",0.04,0,FALSE
"HAVCR2","CCL3",0.04,1,FALSE
"HAVCR2","CCL11",0.04,0.5,FALSE
"CD274","TNFRSF1B",0.04,0,FALSE
"LEP","bun",0.04,1,FALSE
"age_group","IL15",0.03,1,FALSE
"sex","weight",0.03,1,FALSE
"cmv","IL7",0.03,1,FALSE
"weight","sex",0.03,0,FALSE
"weight","platelets",0.03,1,FALSE
"weight","TNF",0.03,0,FALSE
"weight","GDF15",0.03,0.666666666666667,FALSE
"weight","CHI3L1",0.03,0.666666666666667,FALSE
"weight","HAVCR2",0.03,0,FALSE
"weight","CD274",0.03,0.666666666666667,FALSE
"basophils","rbc",0.03,0,FALSE
"basophils","LAG3",0.03,1,FALSE
"eosinophils","rbc",0.03,0,FALSE
"eosinophils","CD8A",0.03,1,FALSE
"hematocrit","platelets",0.03,1,FALSE
"hematocrit","crp",0.03,0.666666666666667,FALSE
"hematocrit","IFNG",0.03,1,FALSE
"hematocrit","TNFRSF1A",0.03,0,FALSE
"hematocrit","TNFRSF1B",0.03,0,FALSE
"hemoglobin","CCL8",0.03,0,FALSE
"hemoglobin","GZMB",0.03,0,FALSE
"lymphocytes","co2",0.03,0.333333333333333,FALSE
"lymphocytes","IL10",0.03,1,FALSE
"lymphocytes","GZMA",0.03,0.666666666666667,FALSE
"monocytes","glucose",0.03,0.333333333333333,FALSE
"monocytes","t_bili",0.03,0.333333333333333,FALSE
"monocytes","hdl",0.03,0,FALSE
"monocytes","IL15",0.03,0.666666666666667,FALSE
"monocytes","CCL4",0.03,0.333333333333333,FALSE
"monocytes","GZMB",0.03,0,FALSE
"monocytes","VEGFA",0.03,0,FALSE
"mpv","hdl",0.03,0,FALSE
"mpv","CCL2",0.03,0.666666666666667,FALSE
"mpv","CCL3",0.03,1,FALSE
"neutrophils","LEP",0.03,0,FALSE
"platelets","weight",0.03,0,FALSE
"platelets","hematocrit",0.03,0,FALSE
"platelets","CXCL9",0.03,0,FALSE
"rdw","TNF",0.03,1,FALSE
"rdw","IL1RN",0.03,0.333333333333333,FALSE
"rbc","basophils",0.03,1,FALSE
"rbc","eosinophils",0.03,1,FALSE
"rbc","bun",0.03,0.333333333333333,FALSE
"rbc","chloride",0.03,1,FALSE
"rbc","IL10",0.03,1,FALSE
"wbc","alk_phos",0.03,0.333333333333333,FALSE
"wbc","protein",0.03,0.333333333333333,FALSE
"wbc","TNF",0.03,0.333333333333333,FALSE
"wbc","CXCL11",0.03,0,FALSE
"wbc","CCL4",0.03,0.333333333333333,FALSE
"wbc","KLRD1",0.03,0,FALSE
"albumin","CXCL11",0.03,1,FALSE
"albumin","IL7",0.03,0,FALSE
"albumin","CCL11",0.03,0.333333333333333,FALSE
"albumin","GZMA",0.03,1,FALSE
"alk_phos","wbc",0.03,0.666666666666667,FALSE
"alk_phos","glucose",0.03,1,FALSE
"alk_phos","CCL11",0.03,1,FALSE
"alk_phos","CD274",0.03,1,FALSE
"alt","potassium",0.03,1,FALSE
"alt","t_bili",0.03,1,FALSE
"alt","CD274",0.03,0.666666666666667,FALSE
"ast","IL1RN",0.03,1,FALSE
"ast","GZMA",0.03,0,FALSE
"bun","rbc",0.03,0.666666666666667,FALSE
"bun","chloride",0.03,0.333333333333333,FALSE
"bun","IL1RN",0.03,0,FALSE
"bun","KLRD1",0.03,0.666666666666667,FALSE
"calcium","sodium",0.03,1,FALSE
"calcium","CCL3",0.03,0.666666666666667,FALSE
"chloride","rbc",0.03,0,FALSE
"chloride","bun",0.03,0.666666666666667,FALSE
"chloride","esr",0.03,0,FALSE
"co2","lymphocytes",0.03,0.666666666666667,FALSE
"co2","TNFRSF1A",0.03,0.666666666666667,FALSE
"co2","HAVCR2",0.03,1,FALSE
"co2","CD274",0.03,1,FALSE
"creatinine","globulin",0.03,0.666666666666667,FALSE
"creatinine","TNFRSF1B",0.03,0.333333333333333,FALSE
"globulin","creatinine",0.03,0.333333333333333,FALSE
"globulin","t_bili",0.03,0,FALSE
"globulin","hdl",0.03,0,FALSE
"globulin","IGFBP7",0.03,1,FALSE
"globulin","TNFRSF1B",0.03,0,FALSE
"glucose","monocytes",0.03,0.666666666666667,FALSE
"glucose","alk_phos",0.03,0,FALSE
"glucose","t_bili",0.03,0.333333333333333,FALSE
"potassium","alt",0.03,0,FALSE
"potassium","GZMA",0.03,0.666666666666667,FALSE
"protein","wbc",0.03,0.666666666666667,FALSE
"protein","total_chol",0.03,1,FALSE
"protein","IL18",0.03,0,FALSE
"sodium","calcium",0.03,0,FALSE
"sodium","esr",0.03,0.333333333333333,FALSE
"sodium","CD8A",0.03,1,FALSE
"sodium","KLRD1",0.03,0,FALSE
"t_bili","monocytes",0.03,0.666666666666667,FALSE
"t_bili","alt",0.03,0,FALSE
"t_bili","globulin",0.03,1,FALSE
"t_bili","glucose",0.03,0.666666666666667,FALSE
"t_bili","esr",0.03,0,FALSE
"t_bili","IFNG",0.03,0,FALSE
"t_bili","VEGFA",0.03,0.333333333333333,FALSE
"esr","chloride",0.03,1,FALSE
"esr","sodium",0.03,0.666666666666667,FALSE
"esr","t_bili",0.03,1,FALSE
"esr","total_chol",0.03,0.333333333333333,FALSE
"esr","IGFBP7",0.03,0.333333333333333,FALSE
"esr","LAG3",0.03,0,FALSE
"crp","hematocrit",0.03,0.333333333333333,FALSE
"crp","LEP",0.03,0,FALSE
"hdl","monocytes",0.03,1,FALSE
"hdl","mpv",0.03,1,FALSE
"hdl","globulin",0.03,1,FALSE
"hdl","IL1RN",0.03,0.333333333333333,FALSE
"hdl","IL15",0.03,1,FALSE
"hdl","TNFRSF1B",0.03,1,FALSE
"ldl","CCL2",0.03,0,FALSE
"ldl","TNFRSF1A",0.03,1,FALSE
"total_chol","protein",0.03,0,FALSE
"total_chol","esr",0.03,0.666666666666667,FALSE
"triglycerides","IL15",0.03,0.333333333333333,FALSE
"triglycerides","KLRD1",0.03,1,FALSE
"IL6","IL18",0.03,0.333333333333333,FALSE
"IL6","GDF15",0.03,0,FALSE
"IL6","TNFRSF1B",0.03,1,FALSE
"IL6","CD8A",0.03,1,FALSE
"TNF","weight",0.03,1,FALSE
"TNF","rdw",0.03,0,FALSE
"TNF","wbc",0.03,0.666666666666667,FALSE
"TNF","CCL2",0.03,1,FALSE
"CXCL8","CXCL9",0.03,0,FALSE
"CXCL8","GDF15",0.03,0,FALSE
"CXCL8","TNFRSF1B",0.03,0.333333333333333,FALSE
"CXCL9","platelets",0.03,1,FALSE
"CXCL9","CXCL8",0.03,1,FALSE
"CXCL10","IL7",0.03,0.333333333333333,FALSE
"CXCL11","wbc",0.03,1,FALSE
"CXCL11","albumin",0.03,0,FALSE
"CXCL11","IL1RN",0.03,0,FALSE
"CXCL11","IL15",0.03,0.333333333333333,FALSE
"CXCL11","CD8A",0.03,1,FALSE
"CXCL11","CD274",0.03,0.333333333333333,FALSE
"IFNG","hematocrit",0.03,0,FALSE
"IFNG","t_bili",0.03,1,FALSE
"IFNG","TNFRSF1B",0.03,1,FALSE
"IL18","protein",0.03,1,FALSE
"IL18","IL6",0.03,0.666666666666667,FALSE
"IL10","lymphocytes",0.03,0,FALSE
"IL10","rbc",0.03,0,FALSE
"IL10","CCL3",0.03,0.333333333333333,FALSE
"IL10","LAG3",0.03,0.666666666666667,FALSE
"IL1RN","rdw",0.03,0.666666666666667,FALSE
"IL1RN","ast",0.03,0,FALSE
"IL1RN","bun",0.03,1,FALSE
"IL1RN","hdl",0.03,0.666666666666667,FALSE
"IL1RN","CXCL11",0.03,1,FALSE
"IL1RN","IGFBP7",0.03,1,FALSE
"IL7","cmv",0.03,0,FALSE
"IL7","albumin",0.03,1,FALSE
"IL7","CXCL10",0.03,0.666666666666667,FALSE
"IL7","CCL2",0.03,1,FALSE
"IL7","GDF15",0.03,1,FALSE
"IL7","GZMB",0.03,0.333333333333333,FALSE
"IL7","KLRD1",0.03,0.333333333333333,FALSE
"IL7","CD274",0.03,0.666666666666667,FALSE
"IL15","age_group",0.03,0,FALSE
"IL15","monocytes",0.03,0.333333333333333,FALSE
"IL15","hdl",0.03,0,FALSE
"IL15","triglycerides",0.03,0.666666666666667,FALSE
"IL15","CXCL11",0.03,0.666666666666667,FALSE
"CCL2","mpv",0.03,0.333333333333333,FALSE
"CCL2","ldl",0.03,1,FALSE
"CCL2","TNF",0.03,0,FALSE
"CCL2","IL7",0.03,0,FALSE
"CCL3","mpv",0.03,0,FALSE
"CCL3","calcium",0.03,0.333333333333333,FALSE
"CCL3","IL10",0.03,0.666666666666667,FALSE
"CCL3","TNFRSF1A",0.03,0.666666666666667,FALSE
"CCL4","monocytes",0.03,0.666666666666667,FALSE
"CCL4","wbc",0.03,0.666666666666667,FALSE
"CCL4","CD8A",0.03,0,FALSE
"CCL4","HAVCR2",0.03,0,FALSE
"CCL8","hemoglobin",0.03,1,FALSE
"CCL11","albumin",0.03,0.666666666666667,FALSE
"CCL11","alk_phos",0.03,0,FALSE
"GDF15","weight",0.03,0.333333333333333,FALSE
"GDF15","IL6",0.03,1,FALSE
"GDF15","CXCL8",0.03,1,FALSE
"GDF15","IL7",0.03,0,FALSE
"GDF15","CD8A",0.03,0,FALSE
"FGF21","CD8A",0.03,1,FALSE
"FGF21","VEGFA",0.03,1,FALSE
"CHI3L1","weight",0.03,0.333333333333333,FALSE
"IGFBP7","globulin",0.03,0,FALSE
"IGFBP7","esr",0.03,0.666666666666667,FALSE
"IGFBP7","IL1RN",0.03,0,FALSE
"IGFBP7","TNFRSF1B",0.03,0,FALSE
"IGFBP7","PDCD1",0.03,0.666666666666667,FALSE
"IGFBP7","HAVCR2",0.03,0,FALSE
"TNFRSF1A","hematocrit",0.03,1,FALSE
"TNFRSF1A","co2",0.03,0.333333333333333,FALSE
"TNFRSF1A","ldl",0.03,0,FALSE
"TNFRSF1A","CCL3",0.03,0.333333333333333,FALSE
"TNFRSF1A","GZMA",0.03,1,FALSE
"TNFRSF1B","hematocrit",0.03,1,FALSE
"TNFRSF1B","creatinine",0.03,0.666666666666667,FALSE
"TNFRSF1B","globulin",0.03,1,FALSE
"TNFRSF1B","hdl",0.03,0,FALSE
"TNFRSF1B","IL6",0.03,0,FALSE
"TNFRSF1B","CXCL8",0.03,0.666666666666667,FALSE
"TNFRSF1B","IFNG",0.03,0,FALSE
"TNFRSF1B","IGFBP7",0.03,1,FALSE
"CD8A","eosinophils",0.03,0,FALSE
"CD8A","sodium",0.03,0,FALSE
"CD8A","IL6",0.03,0,FALSE
"CD8A","CXCL11",0.03,0,FALSE
"CD8A","CCL4",0.03,1,FALSE
"CD8A","GDF15",0.03,1,FALSE
"CD8A","FGF21",0.03,0,FALSE
"CD8A","CD274",0.03,1,FALSE
"GZMA","lymphocytes",0.03,0.333333333333333,FALSE
"GZMA","albumin",0.03,0,FALSE
"GZMA","ast",0.03,1,FALSE
"GZMA","potassium",0.03,0.333333333333333,FALSE
"GZMA","TNFRSF1A",0.03,0,FALSE
"GZMB","hemoglobin",0.03,1,FALSE
"GZMB","monocytes",0.03,1,FALSE
"GZMB","IL7",0.03,0.666666666666667,FALSE
"KLRD1","wbc",0.03,1,FALSE
"KLRD1","bun",0.03,0.333333333333333,FALSE
"KLRD1","sodium",0.03,1,FALSE
"KLRD1","triglycerides",0.03,0,FALSE
"KLRD1","IL7",0.03,0.666666666666667,FALSE
"MMP12","HAVCR2",0.03,0.333333333333333,FALSE
"VEGFA","monocytes",0.03,1,FALSE
"VEGFA","t_bili",0.03,0.666666666666667,FALSE
"VEGFA","FGF21",0.03,0,FALSE
"PDCD1","IGFBP7",0.03,0.333333333333333,FALSE
"LAG3","basophils",0.03,0,FALSE
"LAG3","esr",0.03,1,FALSE
"LAG3","IL10",0.03,0.333333333333333,FALSE
"HAVCR2","weight",0.03,1,FALSE
"HAVCR2","co2",0.03,0,FALSE
"HAVCR2","CCL4",0.03,1,FALSE
"HAVCR2","IGFBP7",0.03,1,FALSE
"HAVCR2","MMP12",0.03,0.666666666666667,FALSE
"CD274","weight",0.03,0.333333333333333,FALSE
"CD274","alk_phos",0.03,0,FALSE
"CD274","alt",0.03,0.333333333333333,FALSE
"CD274","co2",0.03,0,FALSE
"CD274","CXCL11",0.03,0.666666666666667,FALSE
"CD274","IL7",0.03,0.333333333333333,FALSE
"CD274","CD8A",0.03,0,FALSE
"LEP","neutrophils",0.03,1,FALSE
"LEP","crp",0.03,1,FALSE
"age_group","alt",0.02,1,FALSE
"age_group","globulin",0.02,1,FALSE
"age_group","CXCL8",0.02,1,FALSE
"age_group","KLRD1",0.02,1,FALSE
"age_group","MMP12",0.02,1,FALSE
"sex","basophils",0.02,1,FALSE
"sex","albumin",0.02,1,FALSE
"sex","PDCD1",0.02,1,FALSE
"cmv","CCL4",0.02,1,FALSE
"cmv","CD274",0.02,1,FALSE
"weight","lymphocytes",0.02,0.5,FALSE
"weight","mpv",0.02,1,FALSE
"weight","ast",0.02,1,FALSE
"weight","IL15",0.02,0.5,FALSE
"weight","CCL4",0.02,1,FALSE
"weight","VEGFA",0.02,1,FALSE
"basophils","sex",0.02,0,FALSE
"basophils","triglycerides",0.02,0,FALSE
"basophils","CCL8",0.02,1,FALSE
"basophils","FGF21",0.02,0,FALSE
"basophils","CHI3L1",0.02,1,FALSE
"basophils","CD8A",0.02,0.5,FALSE
"eosinophils","rdw",0.02,0,FALSE
"eosinophils","ldl",0.02,1,FALSE
"eosinophils","CXCL9",0.02,0,FALSE
"eosinophils","CXCL11",0.02,1,FALSE
"eosinophils","IGFBP7",0.02,0,FALSE
"hematocrit","MMP12",0.02,1,FALSE
"hemoglobin","bun",0.02,0,FALSE
"hemoglobin","CXCL9",0.02,0.5,FALSE
"hemoglobin","FGF21",0.02,0,FALSE
"hemoglobin","KLRD1",0.02,1,FALSE
"hemoglobin","CD274",0.02,1,FALSE
"lymphocytes","weight",0.02,0.5,FALSE
"lymphocytes","esr",0.02,0.5,FALSE
"lymphocytes","TNF",0.02,0,FALSE
"lymphocytes","CCL4",0.02,0.5,FALSE
"lymphocytes","CCL8",0.02,0,FALSE
"monocytes","rbc",0.02,0,FALSE
"monocytes","co2",0.02,0,FALSE
"monocytes","IGFBP7",0.02,1,FALSE
"monocytes","GZMA",0.02,1,FALSE
"mpv","weight",0.02,0,FALSE
"mpv","protein",0.02,1,FALSE
"mpv","sodium",0.02,0,FALSE
"mpv","KLRD1",0.02,0.5,FALSE
"neutrophils","alk_phos",0.02,0,FALSE
"neutrophils","chloride",0.02,0.5,FALSE
"neutrophils","potassium",0.02,0,FALSE
"neutrophils","ldl",0.02,0.5,FALSE
"platelets","CCL3",0.02,0.5,FALSE
"platelets","CCL4",0.02,0,FALSE
"platelets","CD274",0.02,0.5,FALSE
"rdw","eosinophils",0.02,1,FALSE
"rdw","esr",0.02,0,FALSE
"rdw","IL18",0.02,1,FALSE
"rdw","IL7",0.02,0,FALSE
"rdw","CCL8",0.02,1,FALSE
"rdw","GDF15",0.02,0,FALSE
"rdw","TNFRSF1A",0.02,1,FALSE
"rdw","GZMB",0.02,0,FALSE
"rbc","monocytes",0.02,1,FALSE
"rbc","alt",0.02,1,FALSE
"rbc","ldl",0.02,1,FALSE
"rbc","IL15",0.02,0,FALSE
"rbc","IGFBP7",0.02,1,FALSE
"wbc","albumin",0.02,0,FALSE
"wbc","t_bili",0.02,0,FALSE
"wbc","CXCL9",0.02,0,FALSE
"wbc","IL10",0.02,0.5,FALSE
"wbc","IGFBP7",0.02,0.5,FALSE
"albumin","sex",0.02,0,FALSE
"albumin","wbc",0.02,1,FALSE
"albumin","crp",0.02,0.5,FALSE
"alk_phos","neutrophils",0.02,1,FALSE
"alk_phos","alt",0.02,0.5,FALSE
"alk_phos","calcium",0.02,1,FALSE
"alk_phos","t_bili",0.02,0.5,FALSE
"alk_phos","esr",0.02,1,FALSE
"alk_phos","TNF",0.02,1,FALSE
"alk_phos","GDF15",0.02,0,FALSE
"alt","age_group",0.02,0,FALSE
"alt","rbc",0.02,0,FALSE
"alt","alk_phos",0.02,0.5,FALSE
"alt","protein",0.02,0.5,FALSE
"alt","esr",0.02,0,FALSE
"alt","HAVCR2",0.02,0,FALSE
"ast","weight",0.02,0,FALSE
"ast","IL10",0.02,1,FALSE
"ast","IL15",0.02,0,FALSE
"ast","CCL11",0.02,0,FALSE
"ast","IGFBP7",0.02,1,FALSE
"ast","GZMB",0.02,0,FALSE
"bun","hemoglobin",0.02,1,FALSE
"bun","t_bili",0.02,1,FALSE
"bun","IL18",0.02,0,FALSE
"bun","CCL2",0.02,1,FALSE
"calcium","alk_phos",0.02,0,FALSE
"calcium","glucose",0.02,0,FALSE
"calcium","hdl",0.02,0,FALSE
"calcium","IL15",0.02,0.5,FALSE
"calcium","HAVCR2",0.02,1,FALSE
"chloride","neutrophils",0.02,0.5,FALSE
"chloride","LAG3",0.02,1,FALSE
"chloride","LEP",0.02,0,FALSE
"co2","monocytes",0.02,1,FALSE
"co2","CCL2",0.02,1,FALSE
"creatinine","sodium",0.02,1,FALSE
"creatinine","CXCL9",0.02,0.5,FALSE
"creatinine","IL15",0.02,1,FALSE
"globulin","age_group",0.02,0,FALSE
"globulin","IFNG",0.02,0,FALSE
"globulin","TNFRSF1A",0.02,0,FALSE
"globulin","LAG3",0.02,1,FALSE
"glucose","calcium",0.02,1,FALSE
"potassium","neutrophils",0.02,1,FALSE
"potassium","ldl",0.02,1,FALSE
"potassium","IL1RN",0.02,0.5,FALSE
"potassium","CCL4",0.02,1,FALSE
"potassium","IGFBP7",0.02,0.5,FALSE
"protein","mpv",0.02,0,FALSE
"protein","alt",0.02,0.5,FALSE
"protein","CXCL8",0.02,0,FALSE
"sodium","mpv",0.02,1,FALSE
"sodium","creatinine",0.02,0,FALSE
"sodium","CXCL9",0.02,0.5,FALSE
"sodium","CCL4",0.02,1,FALSE
"t_bili","wbc",0.02,1,FALSE
"t_bili","alk_phos",0.02,0.5,FALSE
"t_bili","bun",0.02,0,FALSE
"t_bili","MMP12",0.02,0,FALSE
"t_bili","HAVCR2",0.02,0,FALSE
"esr","lymphocytes",0.02,0.5,FALSE
"esr","rdw",0.02,1,FALSE
"esr","alk_phos",0.02,0,FALSE
"esr","alt",0.02,1,FALSE
"esr","triglycerides",0.02,0,FALSE
"esr","CCL3",0.02,0.5,FALSE
"esr","CCL8",0.02,1,FALSE
"esr","MMP12",0.02,0.5,FALSE
"esr","VEGFA",0.02,0,FALSE
"esr","CD274",0.02,1,FALSE
"crp","albumin",0.02,0.5,FALSE
"crp","CXCL8",0.02,0,FALSE
"crp","GDF15",0.02,0,FALSE
"crp","TNFRSF1B",0.02,0,FALSE
"hdl","calcium",0.02,1,FALSE
"hdl","CHI3L1",0.02,0.5,FALSE
"hdl","GZMB",0.02,0.5,FALSE
"ldl","eosinophils",0.02,0,FALSE
"ldl","neutrophils",0.02,0.5,FALSE
"ldl","rbc",0.02,0,FALSE
"ldl","potassium",0.02,0,FALSE
"ldl","CHI3L1",0.02,0.5,FALSE
"ldl","LAG3",0.02,1,FALSE
"total_chol","CCL2",0.02,0,FALSE
"total_chol","FGF21",0.02,1,FALSE
"total_chol","CHI3L1",0.02,0,FALSE
"triglycerides","basophils",0.02,1,FALSE
"triglycerides","esr",0.02,1,FALSE
"triglycerides","CXCL8",0.02,1,FALSE
"triglycerides","CXCL11",0.02,1,FALSE
"triglycerides","IL7",0.02,0,FALSE
"IL6","KLRD1",0.02,0.5,FALSE
"TNF","lymphocytes",0.02,1,FALSE
"TNF","alk_phos",0.02,0,FALSE
"TNF","CXCL8",0.02,1,FALSE
"TNF","CXCL9",0.02,0,FALSE
"TNF","IL1RN",0.02,1,FALSE
"TNF","CD8A",0.02,1,FALSE
"TNF","CD274",0.02,1,FALSE
"CXCL8","age_group",0.02,0,FALSE
"CXCL8","protein",0.02,1,FALSE
"CXCL8","crp",0.02,1,FALSE
"CXCL8","triglycerides",0.02,0,FALSE
"CXCL8","TNF",0.02,0,FALSE
"CXCL8","IFNG",0.02,0,FALSE
"CXCL9","eosinophils",0.02,1,FALSE
"CXCL9","hemoglobin",0.02,0.5,FALSE
"CXCL9","wbc",0.02,1,FALSE
"CXCL9","creatinine",0.02,0.5,FALSE
"CXCL9","sodium",0.02,0.5,FALSE
"CXCL9","TNF",0.02,1,FALSE
"CXCL9","IL18",0.02,0.5,FALSE
"CXCL9","IL7",0.02,0.5,FALSE
"CXCL9","GDF15",0.02,0,FALSE
"CXCL9","TNFRSF1A",0.02,0,FALSE
"CXCL9","CD8A",0.02,1,FALSE
"CXCL11","eosinophils",0.02,0,FALSE
"CXCL11","triglycerides",0.02,0,FALSE
"IFNG","globulin",0.02,1,FALSE
"IFNG","CXCL8",0.02,1,FALSE
"IFNG","CCL3",0.02,0.5,FALSE
"IL18","rdw",0.02,0,FALSE
"IL18","bun",0.02,1,FALSE
"IL18","CXCL9",0.02,0.5,FALSE
"IL18","CCL2",0.02,1,FALSE
"IL18","KLRD1",0.02,0.5,FALSE
"IL10","wbc",0.02,0.5,FALSE
"IL10","ast",0.02,0,FALSE
"IL1RN","potassium",0.02,0.5,FALSE
"IL1RN","TNF",0.02,0,FALSE
"IL1RN","CCL11",0.02,0,FALSE
"IL1RN","GZMA",0.02,1,FALSE
"IL1RN","HAVCR2",0.02,0,FALSE
"IL7","rdw",0.02,1,FALSE
"IL7","triglycerides",0.02,1,FALSE
"IL7","CXCL9",0.02,0.5,FALSE
"IL7","CD8A",0.02,1,FALSE
"IL7","GZMA",0.02,0.5,FALSE
"IL15","weight",0.02,0.5,FALSE
"IL15","rbc",0.02,1,FALSE
"IL15","ast",0.02,1,FALSE
"IL15","calcium",0.02,0.5,FALSE
"IL15","creatinine",0.02,0,FALSE
"IL15","HAVCR2",0.02,1,FALSE
"CCL2","bun",0.02,0,FALSE
"CCL2","co2",0.02,0,FALSE
"CCL2","total_chol",0.02,1,FALSE
"CCL2","IL18",0.02,0,FALSE
"CCL2","GDF15",0.02,0,FALSE
"CCL2","FGF21",0.02,0,FALSE
"CCL2","CHI3L1",0.02,1,FALSE
"CCL3","platelets",0.02,0.5,FALSE
"CCL3","esr",0.02,0.5,FALSE
"CCL3","IFNG",0.02,0.5,FALSE
"CCL3","IGFBP7",0.02,1,FALSE
"CCL3","GZMA",0.02,1,FALSE
"CCL3","GZMB",0.02,0,FALSE
"CCL3","VEGFA",0.02,0,FALSE
"CCL4","cmv",0.02,0,FALSE
"CCL4","weight",0.02,0,FALSE
"CCL4","lymphocytes",0.02,0.5,FALSE
"CCL4","platelets",0.02,1,FALSE
"CCL4","potassium",0.02,0,FALSE
"CCL4","sodium",0.02,0,FALSE
"CCL8","basophils",0.02,0,FALSE
"CCL8","lymphocytes",0.02,1,FALSE
"CCL8","rdw",0.02,0,FALSE
"CCL8","esr",0.02,0,FALSE
"CCL8","FGF21",0.02,1,FALSE
"CCL8","HAVCR2",0.02,1,FALSE
"CCL11","ast",0.02,1,FALSE
"CCL11","IL1RN",0.02,1,FALSE
"CCL11","KLRD1",0.02,0,FALSE
"GDF15","rdw",0.02,1,FALSE
"GDF15","alk_phos",0.02,1,FALSE
"GDF15","crp",0.02,1,FALSE
"GDF15","CXCL9",0.02,1,FALSE
"GDF15","CCL2",0.02,1,FALSE
"FGF21","basophils",0.02,1,FALSE
"FGF21","hemoglobin",0.02,1,FALSE
"FGF21","total_chol",0.02,0,FALSE
"FGF21","CCL2",0.02,1,FALSE
"FGF21","CCL8",0.02,0,FALSE
"FGF21","IGFBP7",0.02,1,FALSE
"CHI3L1","basophils",0.02,0,FALSE
"CHI3L1","hdl",0.02,0.5,FALSE
"CHI3L1","ldl",0.02,0.5,FALSE
"CHI3L1","total_chol",0.02,1,FALSE
"CHI3L1","CCL2",0.02,0,FALSE
"IGFBP7","eosinophils",0.02,1,FALSE
"IGFBP7","monocytes",0.02,0,FALSE
"IGFBP7","rbc",0.02,0,FALSE
"IGFBP7","wbc",0.02,0.5,FALSE
"IGFBP7","ast",0.02,0,FALSE
"IGFBP7","potassium",0.02,0.5,FALSE
"IGFBP7","CCL3",0.02,0,FALSE
"IGFBP7","FGF21",0.02,0,FALSE
"IGFBP7","GZMB",0.02,0,FALSE
"IGFBP7","KLRD1",0.02,1,FALSE
"IGFBP7","VEGFA",0.02,0.5,FALSE
"TNFRSF1A","rdw",0.02,0,FALSE
"TNFRSF1A","globulin",0.02,1,FALSE
"TNFRSF1A","CXCL9",0.02,1,FALSE
"TNFRSF1A","CD274",0.02,0,FALSE
"TNFRSF1B","crp",0.02,1,FALSE
"TNFRSF1B","GZMA",0.02,1,FALSE
"TNFRSF1B","MMP12",0.02,0.5,FALSE
"CD8A","basophils",0.02,0.5,FALSE
"CD8A","TNF",0.02,0,FALSE
"CD8A","CXCL9",0.02,0,FALSE
"CD8A","IL7",0.02,0,FALSE
"GZMA","monocytes",0.02,0,FALSE
"GZMA","IL1RN",0.02,0,FALSE
"GZMA","IL7",0.02,0.5,FALSE
"GZMA","CCL3",0.02,0,FALSE
"GZMA","TNFRSF1B",0.02,0,FALSE
"GZMB","rdw",0.02,1,FALSE
"GZMB","ast",0.02,1,FALSE
"GZMB","hdl",0.02,0.5,FALSE
"GZMB","CCL3",0.02,1,FALSE
"GZMB","IGFBP7",0.02,1,FALSE
"GZMB","PDCD1",0.02,0.5,FALSE
"GZMB","LEP",0.02,0,FALSE
"KLRD1","age_group",0.02,0,FALSE
"KLRD1","hemoglobin",0.02,0,FALSE
"KLRD1","mpv",0.02,0.5,FALSE
"KLRD1","IL6",0.02,0.5,FALSE
"KLRD1","IL18",0.02,0.5,FALSE
"KLRD1","CCL11",0.02,1,FALSE
"KLRD1","IGFBP7",0.02,0,FALSE
"MMP12","age_group",0.02,0,FALSE
"MMP12","hematocrit",0.02,0,FALSE
"MMP12","t_bili",0.02,1,FALSE
"MMP12","esr",0.02,0.5,FALSE
"MMP12","TNFRSF1B",0.02,0.5,FALSE
"MMP12","CD274",0.02,1,FALSE
"VEGFA","weight",0.02,0,FALSE
"VEGFA","esr",0.02,1,FALSE
"VEGFA","CCL3",0.02,1,FALSE
"VEGFA","IGFBP7",0.02,0.5,FALSE
"PDCD1","sex",0.02,0,FALSE
"PDCD1","GZMB",0.02,0.5,FALSE
"PDCD1","HAVCR2",0.02,1,FALSE
"LAG3","chloride",0.02,0,FALSE
"LAG3","globulin",0.02,0,FALSE
"LAG3","ldl",0.02,0,FALSE
"HAVCR2","alt",0.02,1,FALSE
"HAVCR2","calcium",0.02,0,FALSE
"HAVCR2","t_bili",0.02,1,FALSE
"HAVCR2","IL1RN",0.02,1,FALSE
"HAVCR2","IL15",0.02,0,FALSE
"HAVCR2","CCL8",0.02,0,FALSE
"HAVCR2","PDCD1",0.02,0,FALSE
"CD274","cmv",0.02,0,FALSE
"CD274","hemoglobin",0.02,0,FALSE
"CD274","platelets",0.02,0.5,FALSE
"CD274","esr",0.02,0,FALSE
"CD274","TNF",0.02,0,FALSE
"CD274","TNFRSF1A",0.02,1,FALSE
"CD274","MMP12",0.02,0,FALSE
"LEP","chloride",0.02,1,FALSE
"LEP","GZMB",0.02,1,FALSE
"age_group","albumin",0.01,1,FALSE
"age_group","chloride",0.01,1,FALSE
"age_group","sodium",0.01,1,FALSE
"age_group","CXCL9",0.01,1,FALSE
"age_group","TNFRSF1A",0.01,1,FALSE
"sex","lymphocytes",0.01,1,FALSE
"sex","alk_phos",0.01,1,FALSE
"sex","total_chol",0.01,1,FALSE
"sex","CXCL8",0.01,1,FALSE
"sex","CXCL10",0.01,1,FALSE
"sex","IL1RN",0.01,1,FALSE
"cmv","lymphocytes",0.01,1,FALSE
"cmv","CCL2",0.01,1,FALSE
"cmv","CCL11",0.01,1,FALSE
"weight","monocytes",0.01,1,FALSE
"weight","rbc",0.01,0,FALSE
"weight","esr",0.01,0,FALSE
"weight","CXCL8",0.01,1,FALSE
"weight","IL18",0.01,1,FALSE
"weight","IL10",0.01,0,FALSE
"basophils","ast",0.01,1,FALSE
"basophils","esr",0.01,0,FALSE
"basophils","hdl",0.01,1,FALSE
"basophils","IL18",0.01,1,FALSE
"basophils","IL7",0.01,1,FALSE
"basophils","CCL11",0.01,0,FALSE
"basophils","IGFBP7",0.01,1,FALSE
"basophils","TNFRSF1A",0.01,1,FALSE
"eosinophils","alt",0.01,1,FALSE
"eosinophils","potassium",0.01,1,FALSE
"eosinophils","CXCL8",0.01,1,FALSE
"eosinophils","CXCL10",0.01,0,FALSE
"eosinophils","IL1RN",0.01,0,FALSE
"eosinophils","PDCD1",0.01,1,FALSE
"eosinophils","HAVCR2",0.01,0,FALSE
"hematocrit","monocytes",0.01,1,FALSE
"hematocrit","creatinine",0.01,0,FALSE
"hematocrit","IL18",0.01,1,FALSE
"hematocrit","CCL2",0.01,0,FALSE
"hematocrit","IGFBP7",0.01,1,FALSE
"hematocrit","VEGFA",0.01,0,FALSE
"hematocrit","HAVCR2",0.01,0,FALSE
"hematocrit","LEP",0.01,0,FALSE
"hemoglobin","lymphocytes",0.01,1,FALSE
"hemoglobin","ast",0.01,0,FALSE
"hemoglobin","chloride",0.01,1,FALSE
"hemoglobin","crp",0.01,0,FALSE
"hemoglobin","ldl",0.01,0,FALSE
"hemoglobin","IL6",0.01,0,FALSE
"hemoglobin","CCL3",0.01,0,FALSE
"hemoglobin","IGFBP7",0.01,1,FALSE
"hemoglobin","TNFRSF1B",0.01,0,FALSE
"hemoglobin","LAG3",0.01,0,FALSE
"lymphocytes","sex",0.01,0,FALSE
"lymphocytes","cmv",0.01,0,FALSE
"lymphocytes","hemoglobin",0.01,0,FALSE
"lymphocytes","mpv",0.01,1,FALSE
"lymphocytes","alk_phos",0.01,0,FALSE
"lymphocytes","alt",0.01,0,FALSE
"lymphocytes","chloride",0.01,1,FALSE
"lymphocytes","globulin",0.01,1,FALSE
"lymphocytes","potassium",0.01,0,FALSE
"lymphocytes","IL6",0.01,1,FALSE
"lymphocytes","CHI3L1",0.01,1,FALSE
"lymphocytes","LAG3",0.01,0,FALSE
"monocytes","weight",0.01,0,FALSE
"monocytes","hematocrit",0.01,0,FALSE
"monocytes","rdw",0.01,0,FALSE
"monocytes","alk_phos",0.01,1,FALSE
"monocytes","alt",0.01,1,FALSE
"monocytes","globulin",0.01,1,FALSE
"monocytes","crp",0.01,0,FALSE
"monocytes","CXCL8",0.01,1,FALSE
"monocytes","CXCL10",0.01,0,FALSE
"monocytes","CCL2",0.01,0,FALSE
"monocytes","TNFRSF1A",0.01,0,FALSE
"monocytes","MMP12",0.01,1,FALSE
"mpv","lymphocytes",0.01,0,FALSE
"mpv","neutrophils",0.01,0,FALSE
"mpv","glucose",0.01,0,FALSE
"mpv","IL10",0.01,0,FALSE
"mpv","IGFBP7",0.01,1,FALSE
"mpv","MMP12",0.01,1,FALSE
"neutrophils","mpv",0.01,1,FALSE
"neutrophils","platelets",0.01,0,FALSE
"neutrophils","alt",0.01,0,FALSE
"neutrophils","esr",0.01,1,FALSE
"neutrophils","GDF15",0.01,0,FALSE
"neutrophils","MMP12",0.01,0,FALSE
"platelets","neutrophils",0.01,1,FALSE
"platelets","chloride",0.01,1,FALSE
"platelets","total_chol",0.01,0,FALSE
"platelets","triglycerides",0.01,0,FALSE
"platelets","IL1RN",0.01,1,FALSE
"platelets","CCL11",0.01,0,FALSE
"platelets","FGF21",0.01,0,FALSE
"platelets","HAVCR2",0.01,0,FALSE
"rdw","monocytes",0.01,1,FALSE
"rdw","wbc",0.01,1,FALSE
"rdw","alt",0.01,0,FALSE
"rdw","glucose",0.01,1,FALSE
"rdw","protein",0.01,1,FALSE
"rdw","t_bili",0.01,1,FALSE
"rdw","ldl",0.01,1,FALSE
"rdw","IL6",0.01,1,FALSE
"rdw","CXCL10",0.01,0,FALSE
"rdw","CXCL11",0.01,0,FALSE
"rdw","CCL4",0.01,1,FALSE
"rdw","MMP12",0.01,0,FALSE
"rdw","HAVCR2",0.01,0,FALSE
"rbc","weight",0.01,1,FALSE
"rbc","t_bili",0.01,1,FALSE
"rbc","hdl",0.01,1,FALSE
"rbc","triglycerides",0.01,1,FALSE
"rbc","CCL2",0.01,1,FALSE
"rbc","TNFRSF1B",0.01,1,FALSE
"rbc","CD8A",0.01,1,FALSE
"rbc","GZMB",0.01,1,FALSE
"wbc","rdw",0.01,0,FALSE
"wbc","IL15",0.01,0,FALSE
"wbc","CCL11",0.01,0,FALSE
"wbc","CHI3L1",0.01,0,FALSE
"albumin","age_group",0.01,0,FALSE
"albumin","co2",0.01,1,FALSE
"albumin","creatinine",0.01,1,FALSE
"albumin","potassium",0.01,1,FALSE
"albumin","esr",0.01,0,FALSE
"albumin","triglycerides",0.01,0,FALSE
"albumin","IFNG",0.01,1,FALSE
"albumin","IL18",0.01,0,FALSE
"albumin","IL10",0.01,1,FALSE
"albumin","IL15",0.01,0,FALSE
"albumin","CCL2",0.01,0,FALSE
"albumin","CCL8",0.01,0,FALSE
"albumin","FGF21",0.01,0,FALSE
"albumin","CHI3L1",0.01,0,FALSE
"albumin","VEGFA",0.01,0,FALSE
"alk_phos","sex",0.01,0,FALSE
"alk_phos","lymphocytes",0.01,1,FALSE
"alk_phos","monocytes",0.01,0,FALSE
"alk_phos","crp",0.01,0,FALSE
"alk_phos","total_chol",0.01,1,FALSE
"alk_phos","IFNG",0.01,0,FALSE
"alk_phos","IL18",0.01,1,FALSE
"alk_phos","TNFRSF1A",0.01,1,FALSE
"alk_phos","TNFRSF1B",0.01,1,FALSE
"alk_phos","GZMA",0.01,1,FALSE
"alk_phos","LEP",0.01,0,FALSE
"alt","eosinophils",0.01,0,FALSE
"alt","lymphocytes",0.01,1,FALSE
"alt","monocytes",0.01,0,FALSE
"alt","neutrophils",0.01,1,FALSE
"alt","rdw",0.01,1,FALSE
"alt","hdl",0.01,0,FALSE
"alt","ldl",0.01,1,FALSE
"alt","CXCL8",0.01,1,FALSE
"alt","CXCL9",0.01,1,FALSE
"alt","CCL11",0.01,1,FALSE
"alt","GDF15",0.01,0,FALSE
"alt","FGF21",0.01,0,FALSE
"alt","GZMA",0.01,1,FALSE
"alt","PDCD1",0.01,1,FALSE
"ast","basophils",0.01,0,FALSE
"ast","hemoglobin",0.01,1,FALSE
"ast","t_bili",0.01,1,FALSE
"ast","IL6",0.01,0,FALSE
"ast","CXCL11",0.01,0,FALSE
"ast","CHI3L1",0.01,0,FALSE
"ast","TNFRSF1B",0.01,0,FALSE
"ast","VEGFA",0.01,0,FALSE
"ast","PDCD1",0.01,1,FALSE
"bun","potassium",0.01,0,FALSE
"bun","esr",0.01,0,FALSE
"bun","triglycerides",0.01,0,FALSE
"bun","CCL4",0.01,0,FALSE
"bun","CHI3L1",0.01,1,FALSE
"bun","IGFBP7",0.01,0,FALSE
"bun","PDCD1",0.01,1,FALSE
"bun","CD274",0.01,1,FALSE
"calcium","co2",0.01,0,FALSE
"calcium","crp",0.01,1,FALSE
"calcium","CXCL9",0.01,0,FALSE
"calcium","IL1RN",0.01,0,FALSE
"calcium","IGFBP7",0.01,0,FALSE
"calcium","TNFRSF1B",0.01,0,FALSE
"calcium","MMP12",0.01,0,FALSE
"calcium","LAG3",0.01,0,FALSE
"chloride","age_group",0.01,0,FALSE
"chloride","hemoglobin",0.01,0,FALSE
"chloride","lymphocytes",0.01,0,FALSE
"chloride","platelets",0.01,0,FALSE
"chloride","creatinine",0.01,0,FALSE
"chloride","hdl",0.01,0,FALSE
"chloride","ldl",0.01,0,FALSE
"chloride","IL6",0.01,1,FALSE
"chloride","CXCL8",0.01,1,FALSE
"chloride","IL18",0.01,1,FALSE
"chloride","IL15",0.01,0,FALSE
"chloride","CCL11",0.01,1,FALSE
"chloride","KLRD1",0.01,1,FALSE
"co2","albumin",0.01,0,FALSE
"co2","calcium",0.01,1,FALSE
"co2","creatinine",0.01,0,FALSE
"co2","CXCL8",0.01,1,FALSE
"co2","IL10",0.01,0,FALSE
"co2","IL15",0.01,0,FALSE
"co2","CCL11",0.01,1,FALSE
"co2","CD8A",0.01,1,FALSE
"creatinine","hematocrit",0.01,1,FALSE
"creatinine","albumin",0.01,0,FALSE
"creatinine","chloride",0.01,1,FALSE
"creatinine","co2",0.01,1,FALSE
"creatinine","CXCL8",0.01,1,FALSE
"creatinine","CXCL11",0.01,1,FALSE
"creatinine","CHI3L1",0.01,1,FALSE
"creatinine","GZMA",0.01,1,FALSE
"creatinine","GZMB",0.01,1,FALSE
"creatinine","MMP12",0.01,0,FALSE
"creatinine","LAG3",0.01,1,FALSE
"creatinine","HAVCR2",0.01,1,FALSE
"globulin","lymphocytes",0.01,0,FALSE
"globulin","monocytes",0.01,0,FALSE
"globulin","sodium",0.01,0,FALSE
"globulin","ldl",0.01,0,FALSE
"globulin","CXCL8",0.01,1,FALSE
"globulin","CXCL9",0.01,1,FALSE
"globulin","CCL8",0.01,0,FALSE
"globulin","CHI3L1",0.01,0,FALSE
"globulin","CD274",0.01,1,FALSE
"glucose","mpv",0.01,1,FALSE
"glucose","rdw",0.01,0,FALSE
"glucose","esr",0.01,0,FALSE
"glucose","total_chol",0.01,1,FALSE
"glucose","IFNG",0.01,0,FALSE
"glucose","IL18",0.01,1,FALSE
"glucose","IL7",0.01,0,FALSE
"glucose","CCL8",0.01,1,FALSE
"glucose","GDF15",0.01,0,FALSE
"glucose","CD8A",0.01,1,FALSE
"glucose","VEGFA",0.01,1,FALSE
"glucose","PDCD1",0.01,0,FALSE
"glucose","CD274",0.01,1,FALSE
"potassium","eosinophils",0.01,0,FALSE
"potassium","lymphocytes",0.01,1,FALSE
"potassium","albumin",0.01,0,FALSE
"potassium","bun",0.01,1,FALSE
"potassium","t_bili",0.01,1,FALSE
"potassium","crp",0.01,0,FALSE
"potassium","TNF",0.01,0,FALSE
"potassium","CXCL9",0.01,0,FALSE
"potassium","CXCL11",0.01,1,FALSE
"potassium","CCL11",0.01,1,FALSE
"potassium","TNFRSF1B",0.01,0,FALSE
"potassium","VEGFA",0.01,1,FALSE
"potassium","CD274",0.01,0,FALSE
"potassium","LEP",0.01,0,FALSE
"protein","rdw",0.01,0,FALSE
"protein","t_bili",0.01,0,FALSE
"protein","crp",0.01,0,FALSE
"protein","IL6",0.01,1,FALSE
"protein","CXCL9",0.01,0,FALSE
"protein","IL15",0.01,0,FALSE
"protein","GZMB",0.01,0,FALSE
"protein","PDCD1",0.01,0,FALSE
"protein","HAVCR2",0.01,1,FALSE
"protein","CD274",0.01,1,FALSE
"protein","LEP",0.01,0,FALSE
"sodium","age_group",0.01,0,FALSE
"sodium","globulin",0.01,1,FALSE
"sodium","CXCL10",0.01,1,FALSE
"sodium","IL18",0.01,1,FALSE
"sodium","IL10",0.01,0,FALSE
"sodium","IL1RN",0.01,0,FALSE
"sodium","TNFRSF1A",0.01,1,FALSE
"sodium","GZMB",0.01,1,FALSE
"sodium","PDCD1",0.01,0,FALSE
"sodium","HAVCR2",0.01,1,FALSE
"t_bili","rdw",0.01,0,FALSE
"t_bili","rbc",0.01,0,FALSE
"t_bili","ast",0.01,0,FALSE
"t_bili","potassium",0.01,0,FALSE
"t_bili","protein",0.01,1,FALSE
"t_bili","hdl",0.01,1,FALSE
"t_bili","total_chol",0.01,1,FALSE
"t_bili","CXCL9",0.01,1,FALSE
"t_bili","CCL8",0.01,1,FALSE
"t_bili","TNFRSF1A",0.01,1,FALSE
"t_bili","LEP",0.01,0,FALSE
"esr","weight",0.01,1,FALSE
"esr","basophils",0.01,1,FALSE
"esr","neutrophils",0.01,0,FALSE
"esr","albumin",0.01,1,FALSE
"esr","bun",0.01,1,FALSE
"esr","glucose",0.01,1,FALSE
"esr","CXCL10",0.01,0,FALSE
"esr","IL18",0.01,0,FALSE
"esr","TNFRSF1A",0.01,0,FALSE
"esr","GZMB",0.01,0,FALSE
"crp","hemoglobin",0.01,1,FALSE
"crp","monocytes",0.01,1,FALSE
"crp","alk_phos",0.01,1,FALSE
"crp","calcium",0.01,0,FALSE
"crp","potassium",0.01,1,FALSE
"crp","protein",0.01,1,FALSE
"crp","total_chol",0.01,1,FALSE
"crp","CXCL10",0.01,1,FALSE
"crp","IL10",0.01,0,FALSE
"hdl","basophils",0.01,0,FALSE
"hdl","rbc",0.01,0,FALSE
"hdl","alt",0.01,1,FALSE
"hdl","chloride",0.01,1,FALSE
"hdl","t_bili",0.01,0,FALSE
"hdl","CXCL8",0.01,1,FALSE
"hdl","CXCL9",0.01,0,FALSE
"hdl","IL10",0.01,1,FALSE
"hdl","CCL4",0.01,1,FALSE
"hdl","FGF21",0.01,1,FALSE
"hdl","CD8A",0.01,1,FALSE
"hdl","VEGFA",0.01,1,FALSE
"ldl","hemoglobin",0.01,1,FALSE
"ldl","rdw",0.01,0,FALSE
"ldl","alt",0.01,0,FALSE
"ldl","chloride",0.01,1,FALSE
"ldl","globulin",0.01,1,FALSE
"ldl","CXCL8",0.01,1,FALSE
"ldl","IL18",0.01,1,FALSE
"ldl","CCL4",0.01,1,FALSE
"ldl","IGFBP7",0.01,1,FALSE
"ldl","TNFRSF1B",0.01,1,FALSE
"total_chol","sex",0.01,0,FALSE
"total_chol","platelets",0.01,1,FALSE
"total_chol","alk_phos",0.01,0,FALSE
"total_chol","glucose",0.01,0,FALSE
"total_chol","t_bili",0.01,0,FALSE
"total_chol","crp",0.01,0,FALSE
"total_chol","IL6",0.01,0,FALSE
"total_chol","IL10",0.01,0,FALSE
"total_chol","IL7",0.01,0,FALSE
"total_chol","CCL4",0.01,1,FALSE
"total_chol","CCL11",0.01,0,FALSE
"total_chol","LAG3",0.01,1,FALSE
"triglycerides","platelets",0.01,1,FALSE
"triglycerides","rbc",0.01,0,FALSE
"triglycerides","albumin",0.01,1,FALSE
"triglycerides","bun",0.01,1,FALSE
"triglycerides","IL6",0.01,1,FALSE
"triglycerides","CD274",0.01,1,FALSE
"IL6","hemoglobin",0.01,1,FALSE
"IL6","lymphocytes",0.01,0,FALSE
"IL6","rdw",0.01,0,FALSE
"IL6","ast",0.01,1,FALSE
"IL6","chloride",0.01,0,FALSE
"IL6","protein",0.01,0,FALSE
"IL6","total_chol",0.01,1,FALSE
"IL6","triglycerides",0.01,0,FALSE
"IL6","IL7",0.01,1,FALSE
"IL6","IL15",0.01,0,FALSE
"IL6","MMP12",0.01,1,FALSE
"TNF","potassium",0.01,1,FALSE
"TNF","CCL3",0.01,0,FALSE
"TNF","CCL4",0.01,0,FALSE
"TNF","CHI3L1",0.01,1,FALSE
"TNF","TNFRSF1A",0.01,1,FALSE
"CXCL8","sex",0.01,0,FALSE
"CXCL8","weight",0.01,0,FALSE
"CXCL8","eosinophils",0.01,0,FALSE
"CXCL8","monocytes",0.01,0,FALSE
"CXCL8","alt",0.01,0,FALSE
"CXCL8","chloride",0.01,0,FALSE
"CXCL8","co2",0.01,0,FALSE
"CXCL8","creatinine",0.01,0,FALSE
"CXCL8","globulin",0.01,0,FALSE
"CXCL8","hdl",0.01,0,FALSE
"CXCL8","ldl",0.01,0,FALSE
"CXCL8","IL1RN",0.01,0,FALSE
"CXCL8","IL15",0.01,0,FALSE
"CXCL8","CCL3",0.01,0,FALSE
"CXCL8","GZMB",0.01,0,FALSE
"CXCL8","KLRD1",0.01,0,FALSE
"CXCL9","age_group",0.01,0,FALSE
"CXCL9","alt",0.01,0,FALSE
"CXCL9","calcium",0.01,1,FALSE
"CXCL9","globulin",0.01,0,FALSE
"CXCL9","potassium",0.01,1,FALSE
"CXCL9","protein",0.01,1,FALSE
"CXCL9","t_bili",0.01,0,FALSE
"CXCL9","hdl",0.01,1,FALSE
"CXCL9","IL1RN",0.01,1,FALSE
"CXCL9","IGFBP7",0.01,0,FALSE
"CXCL9","LAG3",0.01,1,FALSE
"CXCL9","LEP",0.01,0,FALSE
"CXCL10","sex",0.01,0,FALSE
"CXCL10","eosinophils",0.01,1,FALSE
"CXCL10","monocytes",0.01,1,FALSE
"CXCL10","rdw",0.01,1,FALSE
"CXCL10","sodium",0.01,0,FALSE
"CXCL10","esr",0.01,1,FALSE
"CXCL10","crp",0.01,0,FALSE
"CXCL10","CCL8",0.01,1,FALSE
"CXCL10","FGF21",0.01,1,FALSE
"CXCL10","CD8A",0.01,1,FALSE
"CXCL10","PDCD1",0.01,1,FALSE
"CXCL10","LAG3",0.01,0,FALSE
"CXCL11","rdw",0.01,1,FALSE
"CXCL11","ast",0.01,1,FALSE
"CXCL11","creatinine",0.01,0,FALSE
"CXCL11","potassium",0.01,0,FALSE
"CXCL11","IFNG",0.01,1,FALSE
"CXCL11","CCL2",0.01,1,FALSE
"CXCL11","CCL8",0.01,0,FALSE
"CXCL11","CCL11",0.01,0,FALSE
"CXCL11","GDF15",0.01,0,FALSE
"CXCL11","CHI3L1",0.01,0,FALSE
"CXCL11","KLRD1",0.01,0,FALSE
"IFNG","albumin",0.01,0,FALSE
"IFNG","alk_phos",0.01,1,FALSE
"IFNG","glucose",0.01,1,FALSE
"IFNG","CXCL11",0.01,0,FALSE
"IFNG","CCL8",0.01,1,FALSE
"IFNG","IGFBP7",0.01,1,FALSE
"IFNG","TNFRSF1A",0.01,1,FALSE
"IFNG","GZMB",0.01,0,FALSE
"IFNG","LEP",0.01,0,FALSE
"IL18","weight",0.01,0,FALSE
"IL18","basophils",0.01,0,FALSE
"IL18","hematocrit",0.01,0,FALSE
"IL18","albumin",0.01,1,FALSE
"IL18","alk_phos",0.01,0,FALSE
"IL18","chloride",0.01,0,FALSE
"IL18","glucose",0.01,0,FALSE
"IL18","sodium",0.01,0,FALSE
"IL18","esr",0.01,1,FALSE
"IL18","ldl",0.01,0,FALSE
"IL18","FGF21",0.01,1,FALSE
"IL10","weight",0.01,1,FALSE
"IL10","mpv",0.01,1,FALSE
"IL10","albumin",0.01,0,FALSE
"IL10","co2",0.01,1,FALSE
"IL10","sodium",0.01,1,FALSE
"IL10","crp",0.01,1,FALSE
"IL10","hdl",0.01,0,FALSE
"IL10","total_chol",0.01,1,FALSE
"IL10","VEGFA",0.01,1,FALSE
"IL10","LEP",0.01,0,FALSE
"IL1RN","sex",0.01,0,FALSE
"IL1RN","eosinophils",0.01,1,FALSE
"IL1RN","platelets",0.01,0,FALSE
"IL1RN","calcium",0.01,1,FALSE
"IL1RN","sodium",0.01,1,FALSE
"IL1RN","CXCL8",0.01,1,FALSE
"IL1RN","CXCL9",0.01,0,FALSE
"IL1RN","IL7",0.01,0,FALSE
"IL1RN","CCL8",0.01,1,FALSE
"IL1RN","FGF21",0.01,1,FALSE
"IL1RN","CD8A",0.01,1,FALSE
"IL1RN","MMP12",0.01,1,FALSE
"IL1RN","LAG3",0.01,1,FALSE
"IL7","basophils",0.01,0,FALSE
"IL7","glucose",0.01,1,FALSE
"IL7","total_chol",0.01,1,FALSE
"IL7","IL6",0.01,0,FALSE
"IL7","IL1RN",0.01,1,FALSE
"IL7","CCL3",0.01,1,FALSE
"IL7","TNFRSF1A",0.01,0,FALSE
"IL7","LAG3",0.01,1,FALSE
"IL7","LEP",0.01,0,FALSE
"IL15","wbc",0.01,1,FALSE
"IL15","albumin",0.01,1,FALSE
"IL15","chloride",0.01,1,FALSE
"IL15","co2",0.01,1,FALSE
"IL15","protein",0.01,1,FALSE
"IL15","IL6",0.01,1,FALSE
"IL15","CXCL8",0.01,1,FALSE
"IL15","CCL3",0.01,0,FALSE
"IL15","CHI3L1",0.01,0,FALSE
"CCL2","cmv",0.01,0,FALSE
"CCL2","hematocrit",0.01,1,FALSE
"CCL2","monocytes",0.01,1,FALSE
"CCL2","rbc",0.01,0,FALSE
"CCL2","albumin",0.01,1,FALSE
"CCL2","CXCL11",0.01,0,FALSE
"CCL2","KLRD1",0.01,0,FALSE
"CCL3","hemoglobin",0.01,1,FALSE
"CCL3","TNF",0.01,1,FALSE
"CCL3","CXCL8",0.01,1,FALSE
"CCL3","IL7",0.01,0,FALSE
"CCL3","IL15",0.01,1,FALSE
"CCL3","GDF15",0.01,0,FALSE
"CCL3","LAG3",0.01,1,FALSE
"CCL4","rdw",0.01,0,FALSE
"CCL4","bun",0.01,1,FALSE
"CCL4","hdl",0.01,0,FALSE
"CCL4","ldl",0.01,0,FALSE
"CCL4","total_chol",0.01,0,FALSE
"CCL4","TNF",0.01,1,FALSE
"CCL4","TNFRSF1B",0.01,0,FALSE
"CCL4","LEP",0.01,0,FALSE
"CCL8","albumin",0.01,1,FALSE
"CCL8","globulin",0.01,1,FALSE
"CCL8","glucose",0.01,0,FALSE
"CCL8","t_bili",0.01,0,FALSE
"CCL8","CXCL10",0.01,0,FALSE
"CCL8","CXCL11",0.01,1,FALSE
"CCL8","IFNG",0.01,0,FALSE
"CCL8","IL1RN",0.01,0,FALSE
"CCL8","IGFBP7",0.01,1,FALSE
"CCL8","TNFRSF1B",0.01,1,FALSE
"CCL8","CD8A",0.01,1,FALSE
"CCL8","VEGFA",0.01,1,FALSE
"CCL8","PDCD1",0.01,0,FALSE
"CCL11","cmv",0.01,0,FALSE
"CCL11","basophils",0.01,1,FALSE
"CCL11","platelets",0.01,1,FALSE
"CCL11","wbc",0.01,1,FALSE
"CCL11","alt",0.01,0,FALSE
"CCL11","chloride",0.01,0,FALSE
"CCL11","co2",0.01,0,FALSE
"CCL11","potassium",0.01,0,FALSE
"CCL11","total_chol",0.01,1,FALSE
"CCL11","CXCL11",0.01,1,FALSE
"CCL11","CHI3L1",0.01,1,FALSE
"CCL11","GZMB",0.01,0,FALSE
"CCL11","PDCD1",0.01,0,FALSE
"CCL11","LAG3",0.01,0,FALSE
"CCL11","CD274",0.01,1,FALSE
"GDF15","neutrophils",0.01,1,FALSE
"GDF15","alt",0.01,1,FALSE
"GDF15","glucose",0.01,1,FALSE
"GDF15","CXCL11",0.01,1,FALSE
"GDF15","CCL3",0.01,1,FALSE
"GDF15","GZMA",0.01,1,FALSE
"GDF15","GZMB",0.01,1,FALSE
"GDF15","LAG3",0.01,0,FALSE
"GDF15","HAVCR2",0.01,1,FALSE
"FGF21","platelets",0.01,1,FALSE
"FGF21","albumin",0.01,1,FALSE
"FGF21","alt",0.01,1,FALSE
"FGF21","hdl",0.01,0,FALSE
"FGF21","CXCL10",0.01,0,FALSE
"FGF21","IL18",0.01,0,FALSE
"FGF21","IL1RN",0.01,0,FALSE
"FGF21","TNFRSF1A",0.01,0,FALSE
"FGF21","PDCD1",0.01,0,FALSE
"FGF21","HAVCR2",0.01,0,FALSE
"CHI3L1","lymphocytes",0.01,0,FALSE
"CHI3L1","wbc",0.01,1,FALSE
"CHI3L1","albumin",0.01,1,FALSE
"CHI3L1","ast",0.01,1,FALSE
"CHI3L1","bun",0.01,0,FALSE
"CHI3L1","creatinine",0.01,0,FALSE
"CHI3L1","globulin",0.01,1,FALSE
"CHI3L1","TNF",0.01,0,FALSE
"CHI3L1","CXCL11",0.01,1,FALSE
"CHI3L1","IL15",0.01,1,FALSE
"CHI3L1","CCL11",0.01,0,FALSE
"IGFBP7","basophils",0.01,0,FALSE
"IGFBP7","hematocrit",0.01,0,FALSE
"IGFBP7","hemoglobin",0.01,0,FALSE
"IGFBP7","mpv",0.01,0,FALSE
"IGFBP7","bun",0.01,1,FALSE
"IGFBP7","calcium",0.01,1,FALSE
"IGFBP7","ldl",0.01,0,FALSE
"IGFBP7","CXCL9",0.01,1,FALSE
"IGFBP7","IFNG",0.01,0,FALSE
"IGFBP7","CCL8",0.01,0,FALSE
"IGFBP7","CD8A",0.01,0,FALSE
"IGFBP7","GZMA",0.01,0,FALSE
"IGFBP7","CD274",0.01,0,FALSE
"TNFRSF1A","age_group",0.01,0,FALSE
"TNFRSF1A","basophils",0.01,0,FALSE
"TNFRSF1A","monocytes",0.01,1,FALSE
"TNFRSF1A","alk_phos",0.01,0,FALSE
"TNFRSF1A","sodium",0.01,0,FALSE
"TNFRSF1A","t_bili",0.01,0,FALSE
"TNFRSF1A","esr",0.01,1,FALSE
"TNFRSF1A","TNF",0.01,0,FALSE
"TNFRSF1A","IFNG",0.01,0,FALSE
"TNFRSF1A","IL7",0.01,1,FALSE
"TNFRSF1A","FGF21",0.01,1,FALSE
"TNFRSF1A","MMP12",0.01,0,FALSE
"TNFRSF1A","LAG3",0.01,0,FALSE
"TNFRSF1B","hemoglobin",0.01,1,FALSE
"TNFRSF1B","rbc",0.01,0,FALSE
"TNFRSF1B","alk_phos",0.01,0,FALSE
"TNFRSF1B","ast",0.01,1,FALSE
"TNFRSF1B","calcium",0.01,1,FALSE
"TNFRSF1B","potassium",0.01,1,FALSE
"TNFRSF1B","ldl",0.01,0,FALSE
"TNFRSF1B","CCL4",0.01,1,FALSE
"TNFRSF1B","CCL8",0.01,0,FALSE
"TNFRSF1B","GZMB",0.01,1,FALSE
"TNFRSF1B","KLRD1",0.01,1,FALSE
"TNFRSF1B","LAG3",0.01,1,FALSE
"TNFRSF1B","LEP",0.01,0,FALSE
"CD8A","rbc",0.01,0,FALSE
"CD8A","co2",0.01,0,FALSE
"CD8A","glucose",0.01,0,FALSE
"CD8A","hdl",0.01,0,FALSE
"CD8A","CXCL10",0.01,0,FALSE
"CD8A","IL1RN",0.01,0,FALSE
"CD8A","CCL8",0.01,0,FALSE
"CD8A","IGFBP7",0.01,1,FALSE
"GZMA","alk_phos",0.01,0,FALSE
"GZMA","alt",0.01,0,FALSE
"GZMA","creatinine",0.01,0,FALSE
"GZMA","GDF15",0.01,0,FALSE
"GZMA","IGFBP7",0.01,1,FALSE
"GZMB","rbc",0.01,0,FALSE
"GZMB","creatinine",0.01,0,FALSE
"GZMB","protein",0.01,1,FALSE
"GZMB","sodium",0.01,0,FALSE
"GZMB","esr",0.01,1,FALSE
"GZMB","CXCL8",0.01,1,FALSE
"GZMB","IFNG",0.01,1,FALSE
"GZMB","CCL11",0.01,1,FALSE
"GZMB","GDF15",0.01,0,FALSE
"GZMB","TNFRSF1B",0.01,0,FALSE
"GZMB","LAG3",0.01,1,FALSE
"KLRD1","chloride",0.01,0,FALSE
"KLRD1","CXCL8",0.01,1,FALSE
"KLRD1","CXCL11",0.01,1,FALSE
"KLRD1","CCL2",0.01,1,FALSE
"KLRD1","TNFRSF1B",0.01,0,FALSE
"KLRD1","PDCD1",0.01,0,FALSE
"KLRD1","CD274",0.01,0,FALSE
"MMP12","monocytes",0.01,0,FALSE
"MMP12","mpv",0.01,0,FALSE
"MMP12","neutrophils",0.01,1,FALSE
"MMP12","rdw",0.01,1,FALSE
"MMP12","calcium",0.01,1,FALSE
"MMP12","creatinine",0.01,1,FALSE
"MMP12","IL6",0.01,0,FALSE
"MMP12","IL1RN",0.01,0,FALSE
"MMP12","TNFRSF1A",0.01,1,FALSE
"VEGFA","hematocrit",0.01,1,FALSE
"VEGFA","albumin",0.01,1,FALSE
"VEGFA","ast",0.01,1,FALSE
"VEGFA","glucose",0.01,0,FALSE
"VEGFA","potassium",0.01,0,FALSE
"VEGFA","hdl",0.01,0,FALSE
"VEGFA","IL10",0.01,0,FALSE
"VEGFA","CCL8",0.01,0,FALSE
"VEGFA","LAG3",0.01,1,FALSE
"PDCD1","eosinophils",0.01,0,FALSE
"PDCD1","alt",0.01,0,FALSE
"PDCD1","ast",0.01,0,FALSE
"PDCD1","bun",0.01,0,FALSE
"PDCD1","glucose",0.01,1,FALSE
"PDCD1","protein",0.01,1,FALSE
"PDCD1","sodium",0.01,1,FALSE
"PDCD1","CXCL10",0.01,0,FALSE
"PDCD1","CCL8",0.01,1,FALSE
"PDCD1","CCL11",0.01,1,FALSE
"PDCD1","FGF21",0.01,1,FALSE
"PDCD1","KLRD1",0.01,1,FALSE
"LAG3","hemoglobin",0.01,1,FALSE
"LAG3","lymphocytes",0.01,1,FALSE
"LAG3","calcium",0.01,1,FALSE
"LAG3","creatinine",0.01,0,FALSE
"LAG3","total_chol",0.01,0,FALSE
"LAG3","CXCL9",0.01,0,FALSE
"LAG3","CXCL10",0.01,1,FALSE
"LAG3","IL1RN",0.01,0,FALSE
"LAG3","IL7",0.01,0,FALSE
"LAG3","CCL3",0.01,0,FALSE
"LAG3","CCL11",0.01,1,FALSE
"LAG3","GDF15",0.01,1,FALSE
"LAG3","TNFRSF1A",0.01,1,FALSE
"LAG3","TNFRSF1B",0.01,0,FALSE
"LAG3","GZMB",0.01,0,FALSE
"LAG3","VEGFA",0.01,0,FALSE
"HAVCR2","eosinophils",0.01,1,FALSE
"HAVCR2","hematocrit",0.01,1,FALSE
"HAVCR2","platelets",0.01,1,FALSE
"HAVCR2","rdw",0.01,1,FALSE
"HAVCR2","creatinine",0.01,0,FALSE
"HAVCR2","protein",0.01,0,FALSE
"HAVCR2","sodium",0.01,0,FALSE
"HAVCR2","GDF15",0.01,0,FALSE
"HAVCR2","FGF21",0.01,1,FALSE
"CD274","bun",0.01,0,FALSE
"CD274","globulin",0.01,0,FALSE
"CD274","glucose",0.01,0,FALSE
"CD274","potassium",0.01,1,FALSE
"CD274","protein",0.01,0,FALSE
"CD274","triglycerides",0.01,0,FALSE
"CD274","CCL11",0.01,0,FALSE
"CD274","IGFBP7",0.01,1,FALSE
"CD274","KLRD1",0.01,1,FALSE
"LEP","hematocrit",0.01,1,FALSE
"LEP","alk_phos",0.01,1,FALSE
"LEP","potassium",0.01,1,FALSE
"LEP","protein",0.01,1,FALSE
"LEP","t_bili",0.01,1,FALSE
"LEP","CXCL9",0.01,1,FALSE
"LEP","IFNG",0.01,1,FALSE
"LEP","IL10",0.01,1,FALSE
"LEP","IL7",0.01,1,FALSE
"LEP","CCL4",0.01,1,FALSE
"LEP","TNFRSF1B",0.01,1,FALSE
"age_group","sex",0,0,FALSE
"age_group","cmv",0,0,FALSE
"age_group","weight",0,0,FALSE
"age_group","basophils",0,0,FALSE
"age_group","eosinophils",0,0,FALSE
"age_group","hematocrit",0,0,FALSE
"age_group","hemoglobin",0,0,FALSE
"age_group","lymphocytes",0,0,FALSE
"age_group","monocytes",0,0,FALSE
"age_group","mpv",0,0,FALSE
"age_group","platelets",0,0,FALSE
"age_group","rbc",0,0,FALSE
"age_group","ast",0,0,FALSE
"age_group","calcium",0,0,FALSE
"age_group","co2",0,0,FALSE
"age_group","creatinine",0,0,FALSE
"age_group","potassium",0,0,FALSE
"age_group","protein",0,0,FALSE
"age_group","crp",0,0,FALSE
"age_group","triglycerides",0,0,FALSE
"age_group","IL6",0,0,FALSE
"age_group","CXCL10",0,0,FALSE
"age_group","IFNG",0,0,FALSE
"age_group","IL18",0,0,FALSE
"age_group","IL1RN",0,0,FALSE
"age_group","IL7",0,0,FALSE
"age_group","CCL3",0,0,FALSE
"age_group","CCL8",0,0,FALSE
"age_group","FGF21",0,0,FALSE
"age_group","TNFRSF1B",0,0,FALSE
"age_group","GZMA",0,0,FALSE
"age_group","GZMB",0,0,FALSE
"age_group","VEGFA",0,0,FALSE
"age_group","HAVCR2",0,0,FALSE
"age_group","LEP",0,0,FALSE
"sex","age_group",0,0,FALSE
"sex","cmv",0,0,FALSE
"sex","eosinophils",0,0,FALSE
"sex","hemoglobin",0,0,FALSE
"sex","monocytes",0,0,FALSE
"sex","mpv",0,0,FALSE
"sex","neutrophils",0,0,FALSE
"sex","rbc",0,0,FALSE
"sex","wbc",0,0,FALSE
"sex","alt",0,0,FALSE
"sex","ast",0,0,FALSE
"sex","bun",0,0,FALSE
"sex","calcium",0,0,FALSE
"sex","chloride",0,0,FALSE
"sex","co2",0,0,FALSE
"sex","globulin",0,0,FALSE
"sex","glucose",0,0,FALSE
"sex","potassium",0,0,FALSE
"sex","protein",0,0,FALSE
"sex","sodium",0,0,FALSE
"sex","t_bili",0,0,FALSE
"sex","hdl",0,0,FALSE
"sex","ldl",0,0,FALSE
"sex","triglycerides",0,0,FALSE
"sex","IL6",0,0,FALSE
"sex","TNF",0,0,FALSE
"sex","IFNG",0,0,FALSE
"sex","IL18",0,0,FALSE
"sex","IL7",0,0,FALSE
"sex","IL15",0,0,FALSE
"sex","CCL2",0,0,FALSE
"sex","CCL8",0,0,FALSE
"sex","CCL11",0,0,FALSE
"sex","GDF15",0,0,FALSE
"sex","FGF21",0,0,FALSE
"sex","TNFRSF1A",0,0,FALSE
"sex","TNFRSF1B",0,0,FALSE
"sex","CD8A",0,0,FALSE
"sex","GZMA",0,0,FALSE
"sex","GZMB",0,0,FALSE
"sex","KLRD1",0,0,FALSE
"sex","MMP12",0,0,FALSE
"sex","LAG3",0,0,FALSE
"cmv","age_group",0,0,FALSE
"cmv","sex",0,0,FALSE
"cmv","weight",0,0,FALSE
"cmv","basophils",0,0,FALSE
"cmv","eosinophils",0,0,FALSE
"cmv","hematocrit",0,0,FALSE
"cmv","hemoglobin",0,0,FALSE
"cmv","monocytes",0,0,FALSE
"cmv","mpv",0,0,FALSE
"cmv","neutrophils",0,0,FALSE
"cmv","platelets",0,0,FALSE
"cmv","rdw",0,0,FALSE
"cmv","rbc",0,0,FALSE
"cmv","wbc",0,0,FALSE
"cmv","albumin",0,0,FALSE
"cmv","alt",0,0,FALSE
"cmv","ast",0,0,FALSE
"cmv","bun",0,0,FALSE
"cmv","calcium",0,0,FALSE
"cmv","chloride",0,0,FALSE
"cmv","co2",0,0,FALSE
"cmv","creatinine",0,0,FALSE
"cmv","globulin",0,0,FALSE
"cmv","potassium",0,0,FALSE
"cmv","protein",0,0,FALSE
"cmv","sodium",0,0,FALSE
"cmv","esr",0,0,FALSE
"cmv","crp",0,0,FALSE
"cmv","hdl",0,0,FALSE
"cmv","ldl",0,0,FALSE
"cmv","triglycerides",0,0,FALSE
"cmv","IL6",0,0,FALSE
"cmv","CXCL8",0,0,FALSE
"cmv","CXCL9",0,0,FALSE
"cmv","CXCL10",0,0,FALSE
"cmv","IFNG",0,0,FALSE
"cmv","IL18",0,0,FALSE
"cmv","IL1RN",0,0,FALSE
"cmv","IL15",0,0,FALSE
"cmv","CCL3",0,0,FALSE
"cmv","CCL8",0,0,FALSE
"cmv","GDF15",0,0,FALSE
"cmv","FGF21",0,0,FALSE
"cmv","CHI3L1",0,0,FALSE
"cmv","IGFBP7",0,0,FALSE
"cmv","TNFRSF1A",0,0,FALSE
"cmv","CD8A",0,0,FALSE
"cmv","GZMA",0,0,FALSE
"cmv","GZMB",0,0,FALSE
"cmv","MMP12",0,0,FALSE
"cmv","VEGFA",0,0,FALSE
"cmv","PDCD1",0,0,FALSE
"cmv","LAG3",0,0,FALSE
"cmv","HAVCR2",0,0,FALSE
"cmv","LEP",0,0,FALSE
"weight","age_group",0,0,FALSE
"weight","cmv",0,0,FALSE
"weight","basophils",0,0,FALSE
"weight","neutrophils",0,0,FALSE
"weight","alk_phos",0,0,FALSE
"weight","calcium",0,0,FALSE
"weight","co2",0,0,FALSE
"weight","globulin",0,0,FALSE
"weight","sodium",0,0,FALSE
"weight","ldl",0,0,FALSE
"weight","total_chol",0,0,FALSE
"weight","triglycerides",0,0,FALSE
"weight","CXCL10",0,0,FALSE
"weight","CXCL11",0,0,FALSE
"weight","IFNG",0,0,FALSE
"weight","IL1RN",0,0,FALSE
"weight","IL7",0,0,FALSE
"weight","CCL2",0,0,FALSE
"weight","CD8A",0,0,FALSE
"weight","GZMA",0,0,FALSE
"weight","GZMB",0,0,FALSE
"weight","PDCD1",0,0,FALSE
"weight","LAG3",0,0,FALSE
"basophils","age_group",0,0,FALSE
"basophils","cmv",0,0,FALSE
"basophils","weight",0,0,FALSE
"basophils","eosinophils",0,0,FALSE
"basophils","lymphocytes",0,0,FALSE
"basophils","monocytes",0,0,FALSE
"basophils","neutrophils",0,0,FALSE
"basophils","rdw",0,0,FALSE
"basophils","wbc",0,0,FALSE
"basophils","albumin",0,0,FALSE
"basophils","bun",0,0,FALSE
"basophils","chloride",0,0,FALSE
"basophils","co2",0,0,FALSE
"basophils","creatinine",0,0,FALSE
"basophils","globulin",0,0,FALSE
"basophils","glucose",0,0,FALSE
"basophils","potassium",0,0,FALSE
"basophils","protein",0,0,FALSE
"basophils","sodium",0,0,FALSE
"basophils","t_bili",0,0,FALSE
"basophils","ldl",0,0,FALSE
"basophils","total_chol",0,0,FALSE
"basophils","IL6",0,0,FALSE
"basophils","TNF",0,0,FALSE
"basophils","CXCL9",0,0,FALSE
"basophils","CXCL10",0,0,FALSE
"basophils","IL10",0,0,FALSE
"basophils","IL1RN",0,0,FALSE
"basophils","IL15",0,0,FALSE
"basophils","CCL3",0,0,FALSE
"basophils","CCL4",0,0,FALSE
"basophils","GDF15",0,0,FALSE
"basophils","TNFRSF1B",0,0,FALSE
"basophils","VEGFA",0,0,FALSE
"basophils","HAVCR2",0,0,FALSE
"basophils","CD274",0,0,FALSE
"basophils","LEP",0,0,FALSE
"eosinophils","age_group",0,0,FALSE
"eosinophils","sex",0,0,FALSE
"eosinophils","cmv",0,0,FALSE
"eosinophils","basophils",0,0,FALSE
"eosinophils","lymphocytes",0,0,FALSE
"eosinophils","monocytes",0,0,FALSE
"eosinophils","mpv",0,0,FALSE
"eosinophils","neutrophils",0,0,FALSE
"eosinophils","wbc",0,0,FALSE
"eosinophils","bun",0,0,FALSE
"eosinophils","chloride",0,0,FALSE
"eosinophils","protein",0,0,FALSE
"eosinophils","sodium",0,0,FALSE
"eosinophils","t_bili",0,0,FALSE
"eosinophils","esr",0,0,FALSE
"eosinophils","hdl",0,0,FALSE
"eosinophils","total_chol",0,0,FALSE
"eosinophils","triglycerides",0,0,FALSE
"eosinophils","TNF",0,0,FALSE
"eosinophils","IFNG",0,0,FALSE
"eosinophils","IL7",0,0,FALSE
"eosinophils","CCL4",0,0,FALSE
"eosinophils","CCL8",0,0,FALSE
"eosinophils","GDF15",0,0,FALSE
"eosinophils","FGF21",0,0,FALSE
"eosinophils","CHI3L1",0,0,FALSE
"eosinophils","TNFRSF1A",0,0,FALSE
"eosinophils","TNFRSF1B",0,0,FALSE
"eosinophils","GZMB",0,0,FALSE
"eosinophils","KLRD1",0,0,FALSE
"eosinophils","MMP12",0,0,FALSE
"eosinophils","VEGFA",0,0,FALSE
"eosinophils","CD274",0,0,FALSE
"hematocrit","age_group",0,0,FALSE
"hematocrit","cmv",0,0,FALSE
"hematocrit","neutrophils",0,0,FALSE
"hematocrit","alk_phos",0,0,FALSE
"hematocrit","ast",0,0,FALSE
"hematocrit","co2",0,0,FALSE
"hematocrit","globulin",0,0,FALSE
"hematocrit","potassium",0,0,FALSE
"hematocrit","protein",0,0,FALSE
"hematocrit","ldl",0,0,FALSE
"hematocrit","total_chol",0,0,FALSE
"hematocrit","IL6",0,0,FALSE
"hematocrit","CXCL9",0,0,FALSE
"hematocrit","CXCL10",0,0,FALSE
"hematocrit","IL10",0,0,FALSE
"hematocrit","IL7",0,0,FALSE
"hematocrit","IL15",0,0,FALSE
"hematocrit","CCL8",0,0,FALSE
"hematocrit","CCL11",0,0,FALSE
"hematocrit","GDF15",0,0,FALSE
"hematocrit","FGF21",0,0,FALSE
"hematocrit","CHI3L1",0,0,FALSE
"hematocrit","GZMA",0,0,FALSE
"hematocrit","PDCD1",0,0,FALSE
"hematocrit","LAG3",0,0,FALSE
"hematocrit","CD274",0,0,FALSE
"hemoglobin","age_group",0,0,FALSE
"hemoglobin","sex",0,0,FALSE
"hemoglobin","cmv",0,0,FALSE
"hemoglobin","co2",0,0,FALSE
"hemoglobin","creatinine",0,0,FALSE
"hemoglobin","globulin",0,0,FALSE
"hemoglobin","protein",0,0,FALSE
"hemoglobin","t_bili",0,0,FALSE
"hemoglobin","esr",0,0,FALSE
"hemoglobin","hdl",0,0,FALSE
"hemoglobin","total_chol",0,0,FALSE
"hemoglobin","triglycerides",0,0,FALSE
"hemoglobin","CXCL10",0,0,FALSE
"hemoglobin","IL10",0,0,FALSE
"hemoglobin","CCL2",0,0,FALSE
"hemoglobin","CCL11",0,0,FALSE
"hemoglobin","GDF15",0,0,FALSE
"hemoglobin","CHI3L1",0,0,FALSE
"hemoglobin","HAVCR2",0,0,FALSE
"lymphocytes","age_group",0,0,FALSE
"lymphocytes","basophils",0,0,FALSE
"lymphocytes","eosinophils",0,0,FALSE
"lymphocytes","monocytes",0,0,FALSE
"lymphocytes","neutrophils",0,0,FALSE
"lymphocytes","wbc",0,0,FALSE
"lymphocytes","albumin",0,0,FALSE
"lymphocytes","ast",0,0,FALSE
"lymphocytes","bun",0,0,FALSE
"lymphocytes","glucose",0,0,FALSE
"lymphocytes","protein",0,0,FALSE
"lymphocytes","sodium",0,0,FALSE
"lymphocytes","t_bili",0,0,FALSE
"lymphocytes","crp",0,0,FALSE
"lymphocytes","ldl",0,0,FALSE
"lymphocytes","total_chol",0,0,FALSE
"lymphocytes","triglycerides",0,0,FALSE
"lymphocytes","CXCL9",0,0,FALSE
"lymphocytes","CXCL10",0,0,FALSE
"lymphocytes","IL18",0,0,FALSE
"lymphocytes","IL1RN",0,0,FALSE
"lymphocytes","IL7",0,0,FALSE
"lymphocytes","CCL2",0,0,FALSE
"lymphocytes","IGFBP7",0,0,FALSE
"lymphocytes","TNFRSF1B",0,0,FALSE
"lymphocytes","GZMB",0,0,FALSE
"lymphocytes","MMP12",0,0,FALSE
"lymphocytes","VEGFA",0,0,FALSE
"lymphocytes","PDCD1",0,0,FALSE
"lymphocytes","HAVCR2",0,0,FALSE
"lymphocytes","CD274",0,0,FALSE
"monocytes","age_group",0,0,FALSE
"monocytes","sex",0,0,FALSE
"monocytes","cmv",0,0,FALSE
"monocytes","basophils",0,0,FALSE
"monocytes","eosinophils",0,0,FALSE
"monocytes","lymphocytes",0,0,FALSE
"monocytes","neutrophils",0,0,FALSE
"monocytes","wbc",0,0,FALSE
"monocytes","albumin",0,0,FALSE
"monocytes","calcium",0,0,FALSE
"monocytes","chloride",0,0,FALSE
"monocytes","potassium",0,0,FALSE
"monocytes","protein",0,0,FALSE
"monocytes","triglycerides",0,0,FALSE
"monocytes","TNF",0,0,FALSE
"monocytes","IFNG",0,0,FALSE
"monocytes","IL18",0,0,FALSE
"monocytes","IL7",0,0,FALSE
"monocytes","CCL8",0,0,FALSE
"monocytes","GDF15",0,0,FALSE
"monocytes","FGF21",0,0,FALSE
"monocytes","CHI3L1",0,0,FALSE
"monocytes","TNFRSF1B",0,0,FALSE
"monocytes","KLRD1",0,0,FALSE
"monocytes","PDCD1",0,0,FALSE
"monocytes","HAVCR2",0,0,FALSE
"monocytes","CD274",0,0,FALSE
"mpv","age_group",0,0,FALSE
"mpv","sex",0,0,FALSE
"mpv","cmv",0,0,FALSE
"mpv","eosinophils",0,0,FALSE
"mpv","rdw",0,0,FALSE
"mpv","rbc",0,0,FALSE
"mpv","wbc",0,0,FALSE
"mpv","albumin",0,0,FALSE
"mpv","alk_phos",0,0,FALSE
"mpv","alt",0,0,FALSE
"mpv","ast",0,0,FALSE
"mpv","bun",0,0,FALSE
"mpv","calcium",0,0,FALSE
"mpv","chloride",0,0,FALSE
"mpv","co2",0,0,FALSE
"mpv","creatinine",0,0,FALSE
"mpv","globulin",0,0,FALSE
"mpv","esr",0,0,FALSE
"mpv","ldl",0,0,FALSE
"mpv","total_chol",0,0,FALSE
"mpv","TNF",0,0,FALSE
"mpv","CXCL8",0,0,FALSE
"mpv","CXCL9",0,0,FALSE
"mpv","CXCL10",0,0,FALSE
"mpv","CXCL11",0,0,FALSE
"mpv","IL18",0,0,FALSE
"mpv","IL7",0,0,FALSE
"mpv","IL15",0,0,FALSE
"mpv","CCL11",0,0,FALSE
"mpv","GDF15",0,0,FALSE
"mpv","FGF21",0,0,FALSE
"mpv","CHI3L1",0,0,FALSE
"mpv","TNFRSF1A",0,0,FALSE
"mpv","TNFRSF1B",0,0,FALSE
"mpv","CD8A",0,0,FALSE
"mpv","GZMA",0,0,FALSE
"mpv","VEGFA",0,0,FALSE
"mpv","PDCD1",0,0,FALSE
"mpv","HAVCR2",0,0,FALSE
"mpv","CD274",0,0,FALSE
"neutrophils","sex",0,0,FALSE
"neutrophils","cmv",0,0,FALSE
"neutrophils","weight",0,0,FALSE
"neutrophils","basophils",0,0,FALSE
"neutrophils","eosinophils",0,0,FALSE
"neutrophils","hematocrit",0,0,FALSE
"neutrophils","lymphocytes",0,0,FALSE
"neutrophils","monocytes",0,0,FALSE
"neutrophils","rdw",0,0,FALSE
"neutrophils","rbc",0,0,FALSE
"neutrophils","wbc",0,0,FALSE
"neutrophils","albumin",0,0,FALSE
"neutrophils","calcium",0,0,FALSE
"neutrophils","t_bili",0,0,FALSE
"neutrophils","total_chol",0,0,FALSE
"neutrophils","TNF",0,0,FALSE
"neutrophils","CXCL10",0,0,FALSE
"neutrophils","CXCL11",0,0,FALSE
"neutrophils","IFNG",0,0,FALSE
"neutrophils","IL15",0,0,FALSE
"neutrophils","CCL11",0,0,FALSE
"neutrophils","FGF21",0,0,FALSE
"neutrophils","CHI3L1",0,0,FALSE
"neutrophils","IGFBP7",0,0,FALSE
"neutrophils","TNFRSF1A",0,0,FALSE
"neutrophils","TNFRSF1B",0,0,FALSE
"neutrophils","GZMB",0,0,FALSE
"neutrophils","PDCD1",0,0,FALSE
"neutrophils","HAVCR2",0,0,FALSE
"neutrophils","CD274",0,0,FALSE
"platelets","age_group",0,0,FALSE
"platelets","cmv",0,0,FALSE
"platelets","rbc",0,0,FALSE
"platelets","albumin",0,0,FALSE
"platelets","alk_phos",0,0,FALSE
"platelets","ast",0,0,FALSE
"platelets","bun",0,0,FALSE
"platelets","glucose",0,0,FALSE
"platelets","sodium",0,0,FALSE
"platelets","t_bili",0,0,FALSE
"platelets","hdl",0,0,FALSE
"platelets","ldl",0,0,FALSE
"platelets","IL6",0,0,FALSE
"platelets","CXCL8",0,0,FALSE
"platelets","CXCL10",0,0,FALSE
"platelets","IFNG",0,0,FALSE
"platelets","IL18",0,0,FALSE
"platelets","IL15",0,0,FALSE
"platelets","CCL8",0,0,FALSE
"platelets","IGFBP7",0,0,FALSE
"platelets","MMP12",0,0,FALSE
"platelets","LAG3",0,0,FALSE
"rdw","cmv",0,0,FALSE
"rdw","basophils",0,0,FALSE
"rdw","mpv",0,0,FALSE
"rdw","neutrophils",0,0,FALSE
"rdw","alk_phos",0,0,FALSE
"rdw","ast",0,0,FALSE
"rdw","bun",0,0,FALSE
"rdw","calcium",0,0,FALSE
"rdw","chloride",0,0,FALSE
"rdw","co2",0,0,FALSE
"rdw","creatinine",0,0,FALSE
"rdw","globulin",0,0,FALSE
"rdw","potassium",0,0,FALSE
"rdw","sodium",0,0,FALSE
"rdw","hdl",0,0,FALSE
"rdw","total_chol",0,0,FALSE
"rdw","triglycerides",0,0,FALSE
"rdw","CXCL8",0,0,FALSE
"rdw","CXCL9",0,0,FALSE
"rdw","IFNG",0,0,FALSE
"rdw","IL10",0,0,FALSE
"rdw","IL15",0,0,FALSE
"rdw","CCL2",0,0,FALSE
"rdw","CCL3",0,0,FALSE
"rdw","FGF21",0,0,FALSE
"rdw","CHI3L1",0,0,FALSE
"rdw","CD8A",0,0,FALSE
"rdw","KLRD1",0,0,FALSE
"rdw","VEGFA",0,0,FALSE
"rdw","CD274",0,0,FALSE
"rbc","age_group",0,0,FALSE
"rbc","sex",0,0,FALSE
"rbc","cmv",0,0,FALSE
"rbc","mpv",0,0,FALSE
"rbc","neutrophils",0,0,FALSE
"rbc","platelets",0,0,FALSE
"rbc","co2",0,0,FALSE
"rbc","globulin",0,0,FALSE
"rbc","glucose",0,0,FALSE
"rbc","potassium",0,0,FALSE
"rbc","esr",0,0,FALSE
"rbc","total_chol",0,0,FALSE
"rbc","IL6",0,0,FALSE
"rbc","CXCL8",0,0,FALSE
"rbc","CXCL9",0,0,FALSE
"rbc","CXCL10",0,0,FALSE
"rbc","CXCL11",0,0,FALSE
"rbc","IFNG",0,0,FALSE
"rbc","IL18",0,0,FALSE
"rbc","IL1RN",0,0,FALSE
"rbc","IL7",0,0,FALSE
"rbc","CCL3",0,0,FALSE
"rbc","CCL8",0,0,FALSE
"rbc","CCL11",0,0,FALSE
"rbc","GDF15",0,0,FALSE
"rbc","FGF21",0,0,FALSE
"rbc","CHI3L1",0,0,FALSE
"rbc","GZMA",0,0,FALSE
"rbc","MMP12",0,0,FALSE
"rbc","VEGFA",0,0,FALSE
"rbc","PDCD1",0,0,FALSE
"rbc","HAVCR2",0,0,FALSE
"rbc","CD274",0,0,FALSE
"rbc","LEP",0,0,FALSE
"wbc","sex",0,0,FALSE
"wbc","cmv",0,0,FALSE
"wbc","basophils",0,0,FALSE
"wbc","eosinophils",0,0,FALSE
"wbc","lymphocytes",0,0,FALSE
"wbc","monocytes",0,0,FALSE
"wbc","mpv",0,0,FALSE
"wbc","neutrophils",0,0,FALSE
"wbc","alt",0,0,FALSE
"wbc","calcium",0,0,FALSE
"wbc","potassium",0,0,FALSE
"wbc","ldl",0,0,FALSE
"wbc","total_chol",0,0,FALSE
"wbc","CXCL10",0,0,FALSE
"wbc","IFNG",0,0,FALSE
"wbc","IL18",0,0,FALSE
"wbc","CCL8",0,0,FALSE
"wbc","GDF15",0,0,FALSE
"wbc","FGF21",0,0,FALSE
"wbc","TNFRSF1A",0,0,FALSE
"wbc","TNFRSF1B",0,0,FALSE
"wbc","GZMB",0,0,FALSE
"wbc","MMP12",0,0,FALSE
"wbc","PDCD1",0,0,FALSE
"wbc","HAVCR2",0,0,FALSE
"wbc","CD274",0,0,FALSE
"albumin","cmv",0,0,FALSE
"albumin","basophils",0,0,FALSE
"albumin","lymphocytes",0,0,FALSE
"albumin","monocytes",0,0,FALSE
"albumin","mpv",0,0,FALSE
"albumin","neutrophils",0,0,FALSE
"albumin","platelets",0,0,FALSE
"albumin","alk_phos",0,0,FALSE
"albumin","alt",0,0,FALSE
"albumin","chloride",0,0,FALSE
"albumin","globulin",0,0,FALSE
"albumin","t_bili",0,0,FALSE
"albumin","hdl",0,0,FALSE
"albumin","ldl",0,0,FALSE
"albumin","total_chol",0,0,FALSE
"albumin","TNF",0,0,FALSE
"albumin","CXCL8",0,0,FALSE
"albumin","CXCL9",0,0,FALSE
"albumin","IL1RN",0,0,FALSE
"albumin","CCL4",0,0,FALSE
"albumin","IGFBP7",0,0,FALSE
"albumin","TNFRSF1B",0,0,FALSE
"albumin","GZMB",0,0,FALSE
"albumin","MMP12",0,0,FALSE
"albumin","PDCD1",0,0,FALSE
"albumin","LAG3",0,0,FALSE
"albumin","HAVCR2",0,0,FALSE
"alk_phos","weight",0,0,FALSE
"alk_phos","hematocrit",0,0,FALSE
"alk_phos","mpv",0,0,FALSE
"alk_phos","platelets",0,0,FALSE
"alk_phos","rdw",0,0,FALSE
"alk_phos","albumin",0,0,FALSE
"alk_phos","chloride",0,0,FALSE
"alk_phos","co2",0,0,FALSE
"alk_phos","potassium",0,0,FALSE
"alk_phos","protein",0,0,FALSE
"alk_phos","sodium",0,0,FALSE
"alk_phos","hdl",0,0,FALSE
"alk_phos","triglycerides",0,0,FALSE
"alk_phos","CXCL9",0,0,FALSE
"alk_phos","CXCL10",0,0,FALSE
"alk_phos","CXCL11",0,0,FALSE
"alk_phos","IL10",0,0,FALSE
"alk_phos","IL7",0,0,FALSE
"alk_phos","IL15",0,0,FALSE
"alk_phos","CCL2",0,0,FALSE
"alk_phos","CCL4",0,0,FALSE
"alk_phos","CCL8",0,0,FALSE
"alk_phos","FGF21",0,0,FALSE
"alk_phos","IGFBP7",0,0,FALSE
"alk_phos","CD8A",0,0,FALSE
"alk_phos","GZMB",0,0,FALSE
"alk_phos","MMP12",0,0,FALSE
"alk_phos","PDCD1",0,0,FALSE
"alt","sex",0,0,FALSE
"alt","cmv",0,0,FALSE
"alt","mpv",0,0,FALSE
"alt","wbc",0,0,FALSE
"alt","albumin",0,0,FALSE
"alt","bun",0,0,FALSE
"alt","co2",0,0,FALSE
"alt","creatinine",0,0,FALSE
"alt","sodium",0,0,FALSE
"alt","triglycerides",0,0,FALSE
"alt","CXCL10",0,0,FALSE
"alt","CXCL11",0,0,FALSE
"alt","IFNG",0,0,FALSE
"alt","IL10",0,0,FALSE
"alt","IL7",0,0,FALSE
"alt","IL15",0,0,FALSE
"alt","CCL2",0,0,FALSE
"alt","CCL4",0,0,FALSE
"alt","CCL8",0,0,FALSE
"alt","CHI3L1",0,0,FALSE
"alt","TNFRSF1B",0,0,FALSE
"alt","CD8A",0,0,FALSE
"alt","GZMB",0,0,FALSE
"alt","MMP12",0,0,FALSE
"alt","VEGFA",0,0,FALSE
"alt","LEP",0,0,FALSE
"ast","age_group",0,0,FALSE
"ast","sex",0,0,FALSE
"ast","cmv",0,0,FALSE
"ast","hematocrit",0,0,FALSE
"ast","lymphocytes",0,0,FALSE
"ast","mpv",0,0,FALSE
"ast","platelets",0,0,FALSE
"ast","rdw",0,0,FALSE
"ast","chloride",0,0,FALSE
"ast","co2",0,0,FALSE
"ast","creatinine",0,0,FALSE
"ast","potassium",0,0,FALSE
"ast","protein",0,0,FALSE
"ast","sodium",0,0,FALSE
"ast","total_chol",0,0,FALSE
"ast","CXCL8",0,0,FALSE
"ast","CXCL9",0,0,FALSE
"ast","CXCL10",0,0,FALSE
"ast","IFNG",0,0,FALSE
"ast","IL7",0,0,FALSE
"ast","CCL4",0,0,FALSE
"ast","CCL8",0,0,FALSE
"ast","GDF15",0,0,FALSE
"ast","FGF21",0,0,FALSE
"ast","CD8A",0,0,FALSE
"ast","MMP12",0,0,FALSE
"ast","LAG3",0,0,FALSE
"ast","HAVCR2",0,0,FALSE
"ast","CD274",0,0,FALSE
"ast","LEP",0,0,FALSE
"bun","sex",0,0,FALSE
"bun","cmv",0,0,FALSE
"bun","basophils",0,0,FALSE
"bun","eosinophils",0,0,FALSE
"bun","lymphocytes",0,0,FALSE
"bun","mpv",0,0,FALSE
"bun","platelets",0,0,FALSE
"bun","rdw",0,0,FALSE
"bun","alt",0,0,FALSE
"bun","calcium",0,0,FALSE
"bun","co2",0,0,FALSE
"bun","glucose",0,0,FALSE
"bun","sodium",0,0,FALSE
"bun","ldl",0,0,FALSE
"bun","total_chol",0,0,FALSE
"bun","IL6",0,0,FALSE
"bun","CXCL8",0,0,FALSE
"bun","CXCL9",0,0,FALSE
"bun","CXCL10",0,0,FALSE
"bun","CXCL11",0,0,FALSE
"bun","IFNG",0,0,FALSE
"bun","IL10",0,0,FALSE
"bun","IL7",0,0,FALSE
"bun","CCL8",0,0,FALSE
"bun","GZMA",0,0,FALSE
"bun","GZMB",0,0,FALSE
"bun","VEGFA",0,0,FALSE
"bun","LAG3",0,0,FALSE
"bun","HAVCR2",0,0,FALSE
"calcium","age_group",0,0,FALSE
"calcium","sex",0,0,FALSE
"calcium","cmv",0,0,FALSE
"calcium","weight",0,0,FALSE
"calcium","monocytes",0,0,FALSE
"calcium","mpv",0,0,FALSE
"calcium","neutrophils",0,0,FALSE
"calcium","rdw",0,0,FALSE
"calcium","wbc",0,0,FALSE
"calcium","bun",0,0,FALSE
"calcium","chloride",0,0,FALSE
"calcium","protein",0,0,FALSE
"calcium","triglycerides",0,0,FALSE
"calcium","IL6",0,0,FALSE
"calcium","TNF",0,0,FALSE
"calcium","CXCL8",0,0,FALSE
"calcium","CXCL10",0,0,FALSE
"calcium","CXCL11",0,0,FALSE
"calcium","IFNG",0,0,FALSE
"calcium","IL18",0,0,FALSE
"calcium","IL10",0,0,FALSE
"calcium","IL7",0,0,FALSE
"calcium","CCL4",0,0,FALSE
"calcium","CCL8",0,0,FALSE
"calcium","FGF21",0,0,FALSE
"calcium","CHI3L1",0,0,FALSE
"calcium","CD8A",0,0,FALSE
"calcium","GZMA",0,0,FALSE
"calcium","GZMB",0,0,FALSE
"calcium","KLRD1",0,0,FALSE
"calcium","VEGFA",0,0,FALSE
"calcium","PDCD1",0,0,FALSE
"calcium","CD274",0,0,FALSE
"calcium","LEP",0,0,FALSE
"chloride","sex",0,0,FALSE
"chloride","cmv",0,0,FALSE
"chloride","basophils",0,0,FALSE
"chloride","eosinophils",0,0,FALSE
"chloride","monocytes",0,0,FALSE
"chloride","mpv",0,0,FALSE
"chloride","rdw",0,0,FALSE
"chloride","albumin",0,0,FALSE
"chloride","alk_phos",0,0,FALSE
"chloride","ast",0,0,FALSE
"chloride","calcium",0,0,FALSE
"chloride","t_bili",0,0,FALSE
"chloride","total_chol",0,0,FALSE
"chloride","triglycerides",0,0,FALSE
"chloride","TNF",0,0,FALSE
"chloride","CXCL9",0,0,FALSE
"chloride","IFNG",0,0,FALSE
"chloride","IL10",0,0,FALSE
"chloride","IL1RN",0,0,FALSE
"chloride","CCL2",0,0,FALSE
"chloride","CCL3",0,0,FALSE
"chloride","CCL4",0,0,FALSE
"chloride","FGF21",0,0,FALSE
"chloride","CHI3L1",0,0,FALSE
"chloride","IGFBP7",0,0,FALSE
"chloride","TNFRSF1A",0,0,FALSE
"chloride","TNFRSF1B",0,0,FALSE
"chloride","GZMB",0,0,FALSE
"chloride","MMP12",0,0,FALSE
"chloride","CD274",0,0,FALSE
"co2","age_group",0,0,FALSE
"co2","sex",0,0,FALSE
"co2","cmv",0,0,FALSE
"co2","weight",0,0,FALSE
"co2","basophils",0,0,FALSE
"co2","hematocrit",0,0,FALSE
"co2","hemoglobin",0,0,FALSE
"co2","mpv",0,0,FALSE
"co2","rdw",0,0,FALSE
"co2","rbc",0,0,FALSE
"co2","alk_phos",0,0,FALSE
"co2","alt",0,0,FALSE
"co2","ast",0,0,FALSE
"co2","bun",0,0,FALSE
"co2","globulin",0,0,FALSE
"co2","glucose",0,0,FALSE
"co2","potassium",0,0,FALSE
"co2","esr",0,0,FALSE
"co2","ldl",0,0,FALSE
"co2","total_chol",0,0,FALSE
"co2","triglycerides",0,0,FALSE
"co2","TNF",0,0,FALSE
"co2","CXCL9",0,0,FALSE
"co2","CXCL11",0,0,FALSE
"co2","IFNG",0,0,FALSE
"co2","IL18",0,0,FALSE
"co2","IL1RN",0,0,FALSE
"co2","IL7",0,0,FALSE
"co2","CCL3",0,0,FALSE
"co2","CCL4",0,0,FALSE
"co2","CCL8",0,0,FALSE
"co2","GDF15",0,0,FALSE
"co2","FGF21",0,0,FALSE
"co2","CHI3L1",0,0,FALSE
"co2","TNFRSF1B",0,0,FALSE
"co2","GZMB",0,0,FALSE
"co2","MMP12",0,0,FALSE
"co2","PDCD1",0,0,FALSE
"co2","LAG3",0,0,FALSE
"creatinine","age_group",0,0,FALSE
"creatinine","cmv",0,0,FALSE
"creatinine","basophils",0,0,FALSE
"creatinine","hemoglobin",0,0,FALSE
"creatinine","mpv",0,0,FALSE
"creatinine","rdw",0,0,FALSE
"creatinine","alt",0,0,FALSE
"creatinine","ast",0,0,FALSE
"creatinine","glucose",0,0,FALSE
"creatinine","potassium",0,0,FALSE
"creatinine","protein",0,0,FALSE
"creatinine","t_bili",0,0,FALSE
"creatinine","hdl",0,0,FALSE
"creatinine","ldl",0,0,FALSE
"creatinine","total_chol",0,0,FALSE
"creatinine","triglycerides",0,0,FALSE
"creatinine","IL6",0,0,FALSE
"creatinine","CXCL10",0,0,FALSE
"creatinine","IFNG",0,0,FALSE
"creatinine","IL10",0,0,FALSE
"creatinine","CCL3",0,0,FALSE
"creatinine","CCL11",0,0,FALSE
"creatinine","FGF21",0,0,FALSE
"creatinine","CD274",0,0,FALSE
"creatinine","LEP",0,0,FALSE
"globulin","sex",0,0,FALSE
"globulin","cmv",0,0,FALSE
"globulin","weight",0,0,FALSE
"globulin","basophils",0,0,FALSE
"globulin","hematocrit",0,0,FALSE
"globulin","hemoglobin",0,0,FALSE
"globulin","mpv",0,0,FALSE
"globulin","rdw",0,0,FALSE
"globulin","rbc",0,0,FALSE
"globulin","albumin",0,0,FALSE
"globulin","co2",0,0,FALSE
"globulin","glucose",0,0,FALSE
"globulin","crp",0,0,FALSE
"globulin","total_chol",0,0,FALSE
"globulin","IL10",0,0,FALSE
"globulin","IL1RN",0,0,FALSE
"globulin","IL15",0,0,FALSE
"globulin","CCL2",0,0,FALSE
"globulin","CCL3",0,0,FALSE
"globulin","CCL4",0,0,FALSE
"globulin","CCL11",0,0,FALSE
"globulin","GZMB",0,0,FALSE
"globulin","MMP12",0,0,FALSE
"globulin","HAVCR2",0,0,FALSE
"glucose","sex",0,0,FALSE
"glucose","basophils",0,0,FALSE
"glucose","lymphocytes",0,0,FALSE
"glucose","platelets",0,0,FALSE
"glucose","rbc",0,0,FALSE
"glucose","bun",0,0,FALSE
"glucose","co2",0,0,FALSE
"glucose","creatinine",0,0,FALSE
"glucose","globulin",0,0,FALSE
"glucose","protein",0,0,FALSE
"glucose","hdl",0,0,FALSE
"glucose","ldl",0,0,FALSE
"glucose","triglycerides",0,0,FALSE
"glucose","TNF",0,0,FALSE
"glucose","CXCL11",0,0,FALSE
"glucose","IL15",0,0,FALSE
"glucose","CCL4",0,0,FALSE
"glucose","FGF21",0,0,FALSE
"glucose","CHI3L1",0,0,FALSE
"glucose","TNFRSF1A",0,0,FALSE
"glucose","TNFRSF1B",0,0,FALSE
"glucose","GZMA",0,0,FALSE
"glucose","GZMB",0,0,FALSE
"glucose","KLRD1",0,0,FALSE
"glucose","MMP12",0,0,FALSE
"glucose","LAG3",0,0,FALSE
"glucose","HAVCR2",0,0,FALSE
"glucose","LEP",0,0,FALSE
"potassium","age_group",0,0,FALSE
"potassium","sex",0,0,FALSE
"potassium","cmv",0,0,FALSE
"potassium","basophils",0,0,FALSE
"potassium","hematocrit",0,0,FALSE
"potassium","monocytes",0,0,FALSE
"potassium","rdw",0,0,FALSE
"potassium","rbc",0,0,FALSE
"potassium","wbc",0,0,FALSE
"potassium","alk_phos",0,0,FALSE
"potassium","ast",0,0,FALSE
"potassium","co2",0,0,FALSE
"potassium","creatinine",0,0,FALSE
"potassium","esr",0,0,FALSE
"potassium","hdl",0,0,FALSE
"potassium","total_chol",0,0,FALSE
"potassium","IL6",0,0,FALSE
"potassium","CXCL8",0,0,FALSE
"potassium","CXCL10",0,0,FALSE
"potassium","IL18",0,0,FALSE
"potassium","IL10",0,0,FALSE
"potassium","IL7",0,0,FALSE
"potassium","IL15",0,0,FALSE
"potassium","CCL2",0,0,FALSE
"potassium","CCL8",0,0,FALSE
"potassium","GDF15",0,0,FALSE
"potassium","FGF21",0,0,FALSE
"potassium","CHI3L1",0,0,FALSE
"potassium","GZMB",0,0,FALSE
"potassium","KLRD1",0,0,FALSE
"potassium","MMP12",0,0,FALSE
"protein","age_group",0,0,FALSE
"protein","sex",0,0,FALSE
"protein","cmv",0,0,FALSE
"protein","basophils",0,0,FALSE
"protein","eosinophils",0,0,FALSE
"protein","hematocrit",0,0,FALSE
"protein","hemoglobin",0,0,FALSE
"protein","lymphocytes",0,0,FALSE
"protein","monocytes",0,0,FALSE
"protein","alk_phos",0,0,FALSE
"protein","ast",0,0,FALSE
"protein","calcium",0,0,FALSE
"protein","creatinine",0,0,FALSE
"protein","glucose",0,0,FALSE
"protein","esr",0,0,FALSE
"protein","hdl",0,0,FALSE
"protein","CXCL10",0,0,FALSE
"protein","IFNG",0,0,FALSE
"protein","IL1RN",0,0,FALSE
"protein","IL7",0,0,FALSE
"protein","CCL4",0,0,FALSE
"protein","CCL8",0,0,FALSE
"protein","CCL11",0,0,FALSE
"protein","GDF15",0,0,FALSE
"protein","CHI3L1",0,0,FALSE
"protein","IGFBP7",0,0,FALSE
"protein","TNFRSF1A",0,0,FALSE
"protein","TNFRSF1B",0,0,FALSE
"protein","VEGFA",0,0,FALSE
"sodium","sex",0,0,FALSE
"sodium","cmv",0,0,FALSE
"sodium","weight",0,0,FALSE
"sodium","basophils",0,0,FALSE
"sodium","eosinophils",0,0,FALSE
"sodium","lymphocytes",0,0,FALSE
"sodium","platelets",0,0,FALSE
"sodium","rdw",0,0,FALSE
"sodium","alk_phos",0,0,FALSE
"sodium","alt",0,0,FALSE
"sodium","ast",0,0,FALSE
"sodium","bun",0,0,FALSE
"sodium","hdl",0,0,FALSE
"sodium","ldl",0,0,FALSE
"sodium","total_chol",0,0,FALSE
"sodium","triglycerides",0,0,FALSE
"sodium","IL6",0,0,FALSE
"sodium","TNF",0,0,FALSE
"sodium","IFNG",0,0,FALSE
"sodium","IL15",0,0,FALSE
"sodium","CCL2",0,0,FALSE
"sodium","CCL8",0,0,FALSE
"sodium","GDF15",0,0,FALSE
"sodium","FGF21",0,0,FALSE
"sodium","CHI3L1",0,0,FALSE
"sodium","IGFBP7",0,0,FALSE
"sodium","TNFRSF1B",0,0,FALSE
"sodium","GZMA",0,0,FALSE
"sodium","MMP12",0,0,FALSE
"sodium","LAG3",0,0,FALSE
"sodium","CD274",0,0,FALSE
"sodium","LEP",0,0,FALSE
"t_bili","sex",0,0,FALSE
"t_bili","basophils",0,0,FALSE
"t_bili","eosinophils",0,0,FALSE
"t_bili","hemoglobin",0,0,FALSE
"t_bili","lymphocytes",0,0,FALSE
"t_bili","neutrophils",0,0,FALSE
"t_bili","platelets",0,0,FALSE
"t_bili","albumin",0,0,FALSE
"t_bili","chloride",0,0,FALSE
"t_bili","creatinine",0,0,FALSE
"t_bili","crp",0,0,FALSE
"t_bili","ldl",0,0,FALSE
"t_bili","triglycerides",0,0,FALSE
"t_bili","TNF",0,0,FALSE
"t_bili","CXCL8",0,0,FALSE
"t_bili","CXCL10",0,0,FALSE
"t_bili","CXCL11",0,0,FALSE
"t_bili","IL18",0,0,FALSE
"t_bili","IL1RN",0,0,FALSE
"t_bili","IL15",0,0,FALSE
"t_bili","CCL2",0,0,FALSE
"t_bili","CCL3",0,0,FALSE
"t_bili","CCL4",0,0,FALSE
"t_bili","GDF15",0,0,FALSE
"t_bili","CHI3L1",0,0,FALSE
"t_bili","TNFRSF1B",0,0,FALSE
"t_bili","CD8A",0,0,FALSE
"t_bili","GZMA",0,0,FALSE
"t_bili","GZMB",0,0,FALSE
"t_bili","KLRD1",0,0,FALSE
"t_bili","PDCD1",0,0,FALSE
"t_bili","CD274",0,0,FALSE
"esr","cmv",0,0,FALSE
"esr","eosinophils",0,0,FALSE
"esr","hemoglobin",0,0,FALSE
"esr","mpv",0,0,FALSE
"esr","rbc",0,0,FALSE
"esr","co2",0,0,FALSE
"esr","potassium",0,0,FALSE
"esr","protein",0,0,FALSE
"esr","TNF",0,0,FALSE
"esr","CXCL9",0,0,FALSE
"esr","CXCL11",0,0,FALSE
"esr","IFNG",0,0,FALSE
"esr","IL10",0,0,FALSE
"esr","IL7",0,0,FALSE
"esr","IL15",0,0,FALSE
"esr","CCL2",0,0,FALSE
"esr","CCL4",0,0,FALSE
"esr","CCL11",0,0,FALSE
"esr","GDF15",0,0,FALSE
"esr","KLRD1",0,0,FALSE
"esr","PDCD1",0,0,FALSE
"esr","HAVCR2",0,0,FALSE
"crp","age_group",0,0,FALSE
"crp","cmv",0,0,FALSE
"crp","lymphocytes",0,0,FALSE
"crp","globulin",0,0,FALSE
"crp","t_bili",0,0,FALSE
"crp","ldl",0,0,FALSE
"crp","triglycerides",0,0,FALSE
"crp","TNF",0,0,FALSE
"crp","CXCL9",0,0,FALSE
"crp","CXCL11",0,0,FALSE
"crp","IL7",0,0,FALSE
"crp","CCL2",0,0,FALSE
"crp","CCL4",0,0,FALSE
"crp","FGF21",0,0,FALSE
"crp","CHI3L1",0,0,FALSE
"crp","CD8A",0,0,FALSE
"crp","GZMA",0,0,FALSE
"crp","GZMB",0,0,FALSE
"crp","MMP12",0,0,FALSE
"crp","PDCD1",0,0,FALSE
"crp","CD274",0,0,FALSE
"hdl","sex",0,0,FALSE
"hdl","cmv",0,0,FALSE
"hdl","eosinophils",0,0,FALSE
"hdl","hemoglobin",0,0,FALSE
"hdl","platelets",0,0,FALSE
"hdl","rdw",0,0,FALSE
"hdl","albumin",0,0,FALSE
"hdl","alk_phos",0,0,FALSE
"hdl","creatinine",0,0,FALSE
"hdl","glucose",0,0,FALSE
"hdl","potassium",0,0,FALSE
"hdl","protein",0,0,FALSE
"hdl","sodium",0,0,FALSE
"hdl","TNF",0,0,FALSE
"hdl","CXCL10",0,0,FALSE
"hdl","IFNG",0,0,FALSE
"hdl","IL18",0,0,FALSE
"hdl","IL7",0,0,FALSE
"hdl","CCL2",0,0,FALSE
"hdl","CCL3",0,0,FALSE
"hdl","KLRD1",0,0,FALSE
"hdl","MMP12",0,0,FALSE
"hdl","HAVCR2",0,0,FALSE
"hdl","CD274",0,0,FALSE
"hdl","LEP",0,0,FALSE
"ldl","sex",0,0,FALSE
"ldl","cmv",0,0,FALSE
"ldl","weight",0,0,FALSE
"ldl","basophils",0,0,FALSE
"ldl","hematocrit",0,0,FALSE
"ldl","lymphocytes",0,0,FALSE
"ldl","mpv",0,0,FALSE
"ldl","platelets",0,0,FALSE
"ldl","wbc",0,0,FALSE
"ldl","albumin",0,0,FALSE
"ldl","bun",0,0,FALSE
"ldl","co2",0,0,FALSE
"ldl","creatinine",0,0,FALSE
"ldl","glucose",0,0,FALSE
"ldl","sodium",0,0,FALSE
"ldl","t_bili",0,0,FALSE
"ldl","crp",0,0,FALSE
"ldl","TNF",0,0,FALSE
"ldl","CXCL9",0,0,FALSE
"ldl","CXCL10",0,0,FALSE
"ldl","CXCL11",0,0,FALSE
"ldl","IFNG",0,0,FALSE
"ldl","IL10",0,0,FALSE
"ldl","IL7",0,0,FALSE
"ldl","CCL3",0,0,FALSE
"ldl","CCL8",0,0,FALSE
"ldl","CCL11",0,0,FALSE
"ldl","GDF15",0,0,FALSE
"ldl","CD8A",0,0,FALSE
"ldl","KLRD1",0,0,FALSE
"ldl","MMP12",0,0,FALSE
"ldl","VEGFA",0,0,FALSE
"ldl","PDCD1",0,0,FALSE
"ldl","CD274",0,0,FALSE
"ldl","LEP",0,0,FALSE
"total_chol","weight",0,0,FALSE
"total_chol","basophils",0,0,FALSE
"total_chol","eosinophils",0,0,FALSE
"total_chol","hematocrit",0,0,FALSE
"total_chol","hemoglobin",0,0,FALSE
"total_chol","lymphocytes",0,0,FALSE
"total_chol","mpv",0,0,FALSE
"total_chol","neutrophils",0,0,FALSE
"total_chol","rdw",0,0,FALSE
"total_chol","rbc",0,0,FALSE
"total_chol","wbc",0,0,FALSE
"total_chol","albumin",0,0,FALSE
"total_chol","ast",0,0,FALSE
"total_chol","bun",0,0,FALSE
"total_chol","chloride",0,0,FALSE
"total_chol","co2",0,0,FALSE
"total_chol","creatinine",0,0,FALSE
"total_chol","globulin",0,0,FALSE
"total_chol","potassium",0,0,FALSE
"total_chol","sodium",0,0,FALSE
"total_chol","CXCL9",0,0,FALSE
"total_chol","CXCL10",0,0,FALSE
"total_chol","CXCL11",0,0,FALSE
"total_chol","IFNG",0,0,FALSE
"total_chol","IL18",0,0,FALSE
"total_chol","IL1RN",0,0,FALSE
"total_chol","CCL3",0,0,FALSE
"total_chol","GDF15",0,0,FALSE
"total_chol","CD8A",0,0,FALSE
"total_chol","GZMA",0,0,FALSE
"total_chol","GZMB",0,0,FALSE
"total_chol","KLRD1",0,0,FALSE
"total_chol","VEGFA",0,0,FALSE
"total_chol","PDCD1",0,0,FALSE
"total_chol","HAVCR2",0,0,FALSE
"total_chol","CD274",0,0,FALSE
"total_chol","LEP",0,0,FALSE
"triglycerides","age_group",0,0,FALSE
"triglycerides","sex",0,0,FALSE
"triglycerides","cmv",0,0,FALSE
"triglycerides","weight",0,0,FALSE
"triglycerides","eosinophils",0,0,FALSE
"triglycerides","hemoglobin",0,0,FALSE
"triglycerides","lymphocytes",0,0,FALSE
"triglycerides","monocytes",0,0,FALSE
"triglycerides","rdw",0,0,FALSE
"triglycerides","alk_phos",0,0,FALSE
"triglycerides","alt",0,0,FALSE
"triglycerides","calcium",0,0,FALSE
"triglycerides","chloride",0,0,FALSE
"triglycerides","co2",0,0,FALSE
"triglycerides","creatinine",0,0,FALSE
"triglycerides","glucose",0,0,FALSE
"triglycerides","sodium",0,0,FALSE
"triglycerides","t_bili",0,0,FALSE
"triglycerides","crp",0,0,FALSE
"triglycerides","CXCL9",0,0,FALSE
"triglycerides","IFNG",0,0,FALSE
"triglycerides","IL10",0,0,FALSE
"triglycerides","CCL2",0,0,FALSE
"triglycerides","CCL3",0,0,FALSE
"triglycerides","CCL4",0,0,FALSE
"triglycerides","CCL8",0,0,FALSE
"triglycerides","CCL11",0,0,FALSE
"triglycerides","GDF15",0,0,FALSE
"triglycerides","CHI3L1",0,0,FALSE
"triglycerides","TNFRSF1A",0,0,FALSE
"triglycerides","TNFRSF1B",0,0,FALSE
"triglycerides","MMP12",0,0,FALSE
"triglycerides","PDCD1",0,0,FALSE
"triglycerides","LAG3",0,0,FALSE
"triglycerides","HAVCR2",0,0,FALSE
"triglycerides","LEP",0,0,FALSE
"IL6","age_group",0,0,FALSE
"IL6","sex",0,0,FALSE
"IL6","cmv",0,0,FALSE
"IL6","basophils",0,0,FALSE
"IL6","hematocrit",0,0,FALSE
"IL6","platelets",0,0,FALSE
"IL6","rbc",0,0,FALSE
"IL6","bun",0,0,FALSE
"IL6","calcium",0,0,FALSE
"IL6","creatinine",0,0,FALSE
"IL6","potassium",0,0,FALSE
"IL6","sodium",0,0,FALSE
"IL6","CXCL10",0,0,FALSE
"IL6","CXCL11",0,0,FALSE
"IL6","IFNG",0,0,FALSE
"IL6","IL10",0,0,FALSE
"IL6","CCL3",0,0,FALSE
"IL6","CCL4",0,0,FALSE
"IL6","FGF21",0,0,FALSE
"IL6","IGFBP7",0,0,FALSE
"IL6","GZMB",0,0,FALSE
"IL6","VEGFA",0,0,FALSE
"IL6","PDCD1",0,0,FALSE
"IL6","HAVCR2",0,0,FALSE
"TNF","sex",0,0,FALSE
"TNF","basophils",0,0,FALSE
"TNF","eosinophils",0,0,FALSE
"TNF","monocytes",0,0,FALSE
"TNF","mpv",0,0,FALSE
"TNF","neutrophils",0,0,FALSE
"TNF","albumin",0,0,FALSE
"TNF","calcium",0,0,FALSE
"TNF","chloride",0,0,FALSE
"TNF","co2",0,0,FALSE
"TNF","glucose",0,0,FALSE
"TNF","sodium",0,0,FALSE
"TNF","t_bili",0,0,FALSE
"TNF","esr",0,0,FALSE
"TNF","crp",0,0,FALSE
"TNF","hdl",0,0,FALSE
"TNF","ldl",0,0,FALSE
"TNF","IL18",0,0,FALSE
"TNF","IL10",0,0,FALSE
"TNF","IL7",0,0,FALSE
"TNF","CCL11",0,0,FALSE
"TNF","GDF15",0,0,FALSE
"TNF","GZMB",0,0,FALSE
"TNF","KLRD1",0,0,FALSE
"TNF","MMP12",0,0,FALSE
"TNF","VEGFA",0,0,FALSE
"TNF","LAG3",0,0,FALSE
"TNF","LEP",0,0,FALSE
"CXCL8","cmv",0,0,FALSE
"CXCL8","mpv",0,0,FALSE
"CXCL8","platelets",0,0,FALSE
"CXCL8","rdw",0,0,FALSE
"CXCL8","rbc",0,0,FALSE
"CXCL8","albumin",0,0,FALSE
"CXCL8","ast",0,0,FALSE
"CXCL8","bun",0,0,FALSE
"CXCL8","calcium",0,0,FALSE
"CXCL8","potassium",0,0,FALSE
"CXCL8","t_bili",0,0,FALSE
"CXCL8","IL10",0,0,FALSE
"CXCL8","IGFBP7",0,0,FALSE
"CXCL8","TNFRSF1A",0,0,FALSE
"CXCL8","LAG3",0,0,FALSE
"CXCL8","HAVCR2",0,0,FALSE
"CXCL8","CD274",0,0,FALSE
"CXCL8","LEP",0,0,FALSE
"CXCL9","cmv",0,0,FALSE
"CXCL9","basophils",0,0,FALSE
"CXCL9","hematocrit",0,0,FALSE
"CXCL9","lymphocytes",0,0,FALSE
"CXCL9","mpv",0,0,FALSE
"CXCL9","rdw",0,0,FALSE
"CXCL9","rbc",0,0,FALSE
"CXCL9","albumin",0,0,FALSE
"CXCL9","alk_phos",0,0,FALSE
"CXCL9","ast",0,0,FALSE
"CXCL9","bun",0,0,FALSE
"CXCL9","chloride",0,0,FALSE
"CXCL9","co2",0,0,FALSE
"CXCL9","esr",0,0,FALSE
"CXCL9","crp",0,0,FALSE
"CXCL9","ldl",0,0,FALSE
"CXCL9","total_chol",0,0,FALSE
"CXCL9","triglycerides",0,0,FALSE
"CXCL9","CXCL11",0,0,FALSE
"CXCL9","IL10",0,0,FALSE
"CXCL9","IL15",0,0,FALSE
"CXCL9","CCL2",0,0,FALSE
"CXCL9","FGF21",0,0,FALSE
"CXCL9","HAVCR2",0,0,FALSE
"CXCL10","age_group",0,0,FALSE
"CXCL10","cmv",0,0,FALSE
"CXCL10","weight",0,0,FALSE
"CXCL10","basophils",0,0,FALSE
"CXCL10","hematocrit",0,0,FALSE
"CXCL10","hemoglobin",0,0,FALSE
"CXCL10","lymphocytes",0,0,FALSE
"CXCL10","mpv",0,0,FALSE
"CXCL10","neutrophils",0,0,FALSE
"CXCL10","platelets",0,0,FALSE
"CXCL10","rbc",0,0,FALSE
"CXCL10","wbc",0,0,FALSE
"CXCL10","alk_phos",0,0,FALSE
"CXCL10","alt",0,0,FALSE
"CXCL10","ast",0,0,FALSE
"CXCL10","bun",0,0,FALSE
"CXCL10","calcium",0,0,FALSE
"CXCL10","creatinine",0,0,FALSE
"CXCL10","potassium",0,0,FALSE
"CXCL10","protein",0,0,FALSE
"CXCL10","t_bili",0,0,FALSE
"CXCL10","hdl",0,0,FALSE
"CXCL10","ldl",0,0,FALSE
"CXCL10","total_chol",0,0,FALSE
"CXCL10","IL6",0,0,FALSE
"CXCL10","IFNG",0,0,FALSE
"CXCL10","IL10",0,0,FALSE
"CXCL10","CCL11",0,0,FALSE
"CXCL10","GDF15",0,0,FALSE
"CXCL10","CHI3L1",0,0,FALSE
"CXCL10","TNFRSF1A",0,0,FALSE
"CXCL10","TNFRSF1B",0,0,FALSE
"CXCL10","KLRD1",0,0,FALSE
"CXCL10","HAVCR2",0,0,FALSE
"CXCL10","CD274",0,0,FALSE
"CXCL11","weight",0,0,FALSE
"CXCL11","mpv",0,0,FALSE
"CXCL11","neutrophils",0,0,FALSE
"CXCL11","rbc",0,0,FALSE
"CXCL11","alk_phos",0,0,FALSE
"CXCL11","alt",0,0,FALSE
"CXCL11","bun",0,0,FALSE
"CXCL11","calcium",0,0,FALSE
"CXCL11","co2",0,0,FALSE
"CXCL11","glucose",0,0,FALSE
"CXCL11","t_bili",0,0,FALSE
"CXCL11","esr",0,0,FALSE
"CXCL11","crp",0,0,FALSE
"CXCL11","ldl",0,0,FALSE
"CXCL11","total_chol",0,0,FALSE
"CXCL11","IL6",0,0,FALSE
"CXCL11","CXCL9",0,0,FALSE
"CXCL11","IL18",0,0,FALSE
"CXCL11","CCL3",0,0,FALSE
"CXCL11","FGF21",0,0,FALSE
"CXCL11","IGFBP7",0,0,FALSE
"CXCL11","TNFRSF1A",0,0,FALSE
"CXCL11","TNFRSF1B",0,0,FALSE
"CXCL11","LAG3",0,0,FALSE
"CXCL11","HAVCR2",0,0,FALSE
"CXCL11","LEP",0,0,FALSE
"IFNG","age_group",0,0,FALSE
"IFNG","sex",0,0,FALSE
"IFNG","cmv",0,0,FALSE
"IFNG","weight",0,0,FALSE
"IFNG","eosinophils",0,0,FALSE
"IFNG","monocytes",0,0,FALSE
"IFNG","neutrophils",0,0,FALSE
"IFNG","platelets",0,0,FALSE
"IFNG","rdw",0,0,FALSE
"IFNG","rbc",0,0,FALSE
"IFNG","wbc",0,0,FALSE
"IFNG","alt",0,0,FALSE
"IFNG","ast",0,0,FALSE
"IFNG","bun",0,0,FALSE
"IFNG","calcium",0,0,FALSE
"IFNG","chloride",0,0,FALSE
"IFNG","co2",0,0,FALSE
"IFNG","creatinine",0,0,FALSE
"IFNG","protein",0,0,FALSE
"IFNG","sodium",0,0,FALSE
"IFNG","esr",0,0,FALSE
"IFNG","hdl",0,0,FALSE
"IFNG","ldl",0,0,FALSE
"IFNG","total_chol",0,0,FALSE
"IFNG","triglycerides",0,0,FALSE
"IFNG","IL6",0,0,FALSE
"IFNG","CXCL10",0,0,FALSE
"IFNG","IL10",0,0,FALSE
"IFNG","IL1RN",0,0,FALSE
"IFNG","IL7",0,0,FALSE
"IFNG","IL15",0,0,FALSE
"IFNG","CCL11",0,0,FALSE
"IFNG","GDF15",0,0,FALSE
"IFNG","CD8A",0,0,FALSE
"IFNG","VEGFA",0,0,FALSE
"IFNG","PDCD1",0,0,FALSE
"IFNG","HAVCR2",0,0,FALSE
"IFNG","CD274",0,0,FALSE
"IL18","age_group",0,0,FALSE
"IL18","sex",0,0,FALSE
"IL18","cmv",0,0,FALSE
"IL18","lymphocytes",0,0,FALSE
"IL18","monocytes",0,0,FALSE
"IL18","mpv",0,0,FALSE
"IL18","platelets",0,0,FALSE
"IL18","rbc",0,0,FALSE
"IL18","wbc",0,0,FALSE
"IL18","calcium",0,0,FALSE
"IL18","co2",0,0,FALSE
"IL18","potassium",0,0,FALSE
"IL18","t_bili",0,0,FALSE
"IL18","hdl",0,0,FALSE
"IL18","total_chol",0,0,FALSE
"IL18","TNF",0,0,FALSE
"IL18","CXCL11",0,0,FALSE
"IL18","IL7",0,0,FALSE
"IL18","CCL4",0,0,FALSE
"IL18","CCL8",0,0,FALSE
"IL18","CCL11",0,0,FALSE
"IL18","GZMB",0,0,FALSE
"IL18","MMP12",0,0,FALSE
"IL18","LAG3",0,0,FALSE
"IL18","CD274",0,0,FALSE
"IL18","LEP",0,0,FALSE
"IL10","basophils",0,0,FALSE
"IL10","hematocrit",0,0,FALSE
"IL10","hemoglobin",0,0,FALSE
"IL10","rdw",0,0,FALSE
"IL10","alk_phos",0,0,FALSE
"IL10","alt",0,0,FALSE
"IL10","bun",0,0,FALSE
"IL10","calcium",0,0,FALSE
"IL10","chloride",0,0,FALSE
"IL10","creatinine",0,0,FALSE
"IL10","globulin",0,0,FALSE
"IL10","potassium",0,0,FALSE
"IL10","esr",0,0,FALSE
"IL10","ldl",0,0,FALSE
"IL10","triglycerides",0,0,FALSE
"IL10","IL6",0,0,FALSE
"IL10","TNF",0,0,FALSE
"IL10","CXCL8",0,0,FALSE
"IL10","CXCL9",0,0,FALSE
"IL10","CXCL10",0,0,FALSE
"IL10","IFNG",0,0,FALSE
"IL10","IL1RN",0,0,FALSE
"IL10","IL7",0,0,FALSE
"IL10","IL15",0,0,FALSE
"IL10","CCL4",0,0,FALSE
"IL10","CCL8",0,0,FALSE
"IL10","GDF15",0,0,FALSE
"IL10","CHI3L1",0,0,FALSE
"IL10","TNFRSF1A",0,0,FALSE
"IL10","TNFRSF1B",0,0,FALSE
"IL10","GZMA",0,0,FALSE
"IL10","GZMB",0,0,FALSE
"IL10","MMP12",0,0,FALSE
"IL10","HAVCR2",0,0,FALSE
"IL10","CD274",0,0,FALSE
"IL1RN","age_group",0,0,FALSE
"IL1RN","cmv",0,0,FALSE
"IL1RN","weight",0,0,FALSE
"IL1RN","basophils",0,0,FALSE
"IL1RN","lymphocytes",0,0,FALSE
"IL1RN","rbc",0,0,FALSE
"IL1RN","albumin",0,0,FALSE
"IL1RN","chloride",0,0,FALSE
"IL1RN","co2",0,0,FALSE
"IL1RN","globulin",0,0,FALSE
"IL1RN","protein",0,0,FALSE
"IL1RN","t_bili",0,0,FALSE
"IL1RN","total_chol",0,0,FALSE
"IL1RN","IFNG",0,0,FALSE
"IL1RN","IL10",0,0,FALSE
"IL1RN","GDF15",0,0,FALSE
"IL1RN","GZMB",0,0,FALSE
"IL1RN","KLRD1",0,0,FALSE
"IL1RN","PDCD1",0,0,FALSE
"IL7","age_group",0,0,FALSE
"IL7","sex",0,0,FALSE
"IL7","weight",0,0,FALSE
"IL7","eosinophils",0,0,FALSE
"IL7","hematocrit",0,0,FALSE
"IL7","lymphocytes",0,0,FALSE
"IL7","monocytes",0,0,FALSE
"IL7","mpv",0,0,FALSE
"IL7","rbc",0,0,FALSE
"IL7","alk_phos",0,0,FALSE
"IL7","alt",0,0,FALSE
"IL7","ast",0,0,FALSE
"IL7","bun",0,0,FALSE
"IL7","calcium",0,0,FALSE
"IL7","co2",0,0,FALSE
"IL7","potassium",0,0,FALSE
"IL7","protein",0,0,FALSE
"IL7","esr",0,0,FALSE
"IL7","crp",0,0,FALSE
"IL7","hdl",0,0,FALSE
"IL7","ldl",0,0,FALSE
"IL7","TNF",0,0,FALSE
"IL7","IFNG",0,0,FALSE
"IL7","IL18",0,0,FALSE
"IL7","IL10",0,0,FALSE
"IL7","IL15",0,0,FALSE
"IL7","TNFRSF1B",0,0,FALSE
"IL7","MMP12",0,0,FALSE
"IL7","HAVCR2",0,0,FALSE
"IL15","sex",0,0,FALSE
"IL15","cmv",0,0,FALSE
"IL15","basophils",0,0,FALSE
"IL15","hematocrit",0,0,FALSE
"IL15","mpv",0,0,FALSE
"IL15","neutrophils",0,0,FALSE
"IL15","platelets",0,0,FALSE
"IL15","rdw",0,0,FALSE
"IL15","alk_phos",0,0,FALSE
"IL15","alt",0,0,FALSE
"IL15","globulin",0,0,FALSE
"IL15","glucose",0,0,FALSE
"IL15","potassium",0,0,FALSE
"IL15","sodium",0,0,FALSE
"IL15","t_bili",0,0,FALSE
"IL15","esr",0,0,FALSE
"IL15","CXCL9",0,0,FALSE
"IL15","IFNG",0,0,FALSE
"IL15","IL10",0,0,FALSE
"IL15","IL7",0,0,FALSE
"IL15","CCL4",0,0,FALSE
"IL15","CCL8",0,0,FALSE
"IL15","CCL11",0,0,FALSE
"IL15","CD8A",0,0,FALSE
"IL15","GZMB",0,0,FALSE
"IL15","VEGFA",0,0,FALSE
"CCL2","sex",0,0,FALSE
"CCL2","weight",0,0,FALSE
"CCL2","hemoglobin",0,0,FALSE
"CCL2","lymphocytes",0,0,FALSE
"CCL2","rdw",0,0,FALSE
"CCL2","alk_phos",0,0,FALSE
"CCL2","alt",0,0,FALSE
"CCL2","chloride",0,0,FALSE
"CCL2","globulin",0,0,FALSE
"CCL2","potassium",0,0,FALSE
"CCL2","sodium",0,0,FALSE
"CCL2","t_bili",0,0,FALSE
"CCL2","esr",0,0,FALSE
"CCL2","crp",0,0,FALSE
"CCL2","hdl",0,0,FALSE
"CCL2","triglycerides",0,0,FALSE
"CCL2","CXCL9",0,0,FALSE
"CCL2","CCL3",0,0,FALSE
"CCL2","CCL4",0,0,FALSE
"CCL2","TNFRSF1B",0,0,FALSE
"CCL2","CD8A",0,0,FALSE
"CCL2","GZMB",0,0,FALSE
"CCL2","CD274",0,0,FALSE
"CCL3","age_group",0,0,FALSE
"CCL3","cmv",0,0,FALSE
"CCL3","basophils",0,0,FALSE
"CCL3","rdw",0,0,FALSE
"CCL3","rbc",0,0,FALSE
"CCL3","chloride",0,0,FALSE
"CCL3","co2",0,0,FALSE
"CCL3","creatinine",0,0,FALSE
"CCL3","globulin",0,0,FALSE
"CCL3","t_bili",0,0,FALSE
"CCL3","hdl",0,0,FALSE
"CCL3","ldl",0,0,FALSE
"CCL3","total_chol",0,0,FALSE
"CCL3","triglycerides",0,0,FALSE
"CCL3","IL6",0,0,FALSE
"CCL3","CXCL11",0,0,FALSE
"CCL3","CCL2",0,0,FALSE
"CCL3","CCL8",0,0,FALSE
"CCL3","CCL11",0,0,FALSE
"CCL3","CHI3L1",0,0,FALSE
"CCL3","CD8A",0,0,FALSE
"CCL3","CD274",0,0,FALSE
"CCL4","basophils",0,0,FALSE
"CCL4","eosinophils",0,0,FALSE
"CCL4","albumin",0,0,FALSE
"CCL4","alk_phos",0,0,FALSE
"CCL4","alt",0,0,FALSE
"CCL4","ast",0,0,FALSE
"CCL4","calcium",0,0,FALSE
"CCL4","chloride",0,0,FALSE
"CCL4","co2",0,0,FALSE
"CCL4","globulin",0,0,FALSE
"CCL4","glucose",0,0,FALSE
"CCL4","protein",0,0,FALSE
"CCL4","t_bili",0,0,FALSE
"CCL4","esr",0,0,FALSE
"CCL4","crp",0,0,FALSE
"CCL4","triglycerides",0,0,FALSE
"CCL4","IL6",0,0,FALSE
"CCL4","IL18",0,0,FALSE
"CCL4","IL10",0,0,FALSE
"CCL4","IL15",0,0,FALSE
"CCL4","CCL2",0,0,FALSE
"CCL4","CCL8",0,0,FALSE
"CCL4","GDF15",0,0,FALSE
"CCL4","FGF21",0,0,FALSE
"CCL4","CHI3L1",0,0,FALSE
"CCL4","TNFRSF1A",0,0,FALSE
"CCL4","KLRD1",0,0,FALSE
"CCL4","CD274",0,0,FALSE
"CCL8","age_group",0,0,FALSE
"CCL8","sex",0,0,FALSE
"CCL8","cmv",0,0,FALSE
"CCL8","eosinophils",0,0,FALSE
"CCL8","hematocrit",0,0,FALSE
"CCL8","monocytes",0,0,FALSE
"CCL8","platelets",0,0,FALSE
"CCL8","rbc",0,0,FALSE
"CCL8","wbc",0,0,FALSE
"CCL8","alk_phos",0,0,FALSE
"CCL8","alt",0,0,FALSE
"CCL8","ast",0,0,FALSE
"CCL8","bun",0,0,FALSE
"CCL8","calcium",0,0,FALSE
"CCL8","co2",0,0,FALSE
"CCL8","potassium",0,0,FALSE
"CCL8","protein",0,0,FALSE
"CCL8","sodium",0,0,FALSE
"CCL8","ldl",0,0,FALSE
"CCL8","triglycerides",0,0,FALSE
"CCL8","IL18",0,0,FALSE
"CCL8","IL10",0,0,FALSE
"CCL8","IL15",0,0,FALSE
"CCL8","CCL3",0,0,FALSE
"CCL8","CCL4",0,0,FALSE
"CCL8","TNFRSF1A",0,0,FALSE
"CCL8","GZMB",0,0,FALSE
"CCL8","KLRD1",0,0,FALSE
"CCL8","MMP12",0,0,FALSE
"CCL8","LAG3",0,0,FALSE
"CCL8","CD274",0,0,FALSE
"CCL11","sex",0,0,FALSE
"CCL11","hematocrit",0,0,FALSE
"CCL11","hemoglobin",0,0,FALSE
"CCL11","mpv",0,0,FALSE
"CCL11","neutrophils",0,0,FALSE
"CCL11","rbc",0,0,FALSE
"CCL11","creatinine",0,0,FALSE
"CCL11","globulin",0,0,FALSE
"CCL11","protein",0,0,FALSE
"CCL11","esr",0,0,FALSE
"CCL11","ldl",0,0,FALSE
"CCL11","triglycerides",0,0,FALSE
"CCL11","TNF",0,0,FALSE
"CCL11","CXCL10",0,0,FALSE
"CCL11","IFNG",0,0,FALSE
"CCL11","IL18",0,0,FALSE
"CCL11","IL15",0,0,FALSE
"CCL11","CCL3",0,0,FALSE
"CCL11","FGF21",0,0,FALSE
"CCL11","TNFRSF1B",0,0,FALSE
"CCL11","GZMA",0,0,FALSE
"GDF15","sex",0,0,FALSE
"GDF15","cmv",0,0,FALSE
"GDF15","basophils",0,0,FALSE
"GDF15","eosinophils",0,0,FALSE
"GDF15","hematocrit",0,0,FALSE
"GDF15","hemoglobin",0,0,FALSE
"GDF15","monocytes",0,0,FALSE
"GDF15","mpv",0,0,FALSE
"GDF15","rbc",0,0,FALSE
"GDF15","wbc",0,0,FALSE
"GDF15","ast",0,0,FALSE
"GDF15","co2",0,0,FALSE
"GDF15","potassium",0,0,FALSE
"GDF15","protein",0,0,FALSE
"GDF15","sodium",0,0,FALSE
"GDF15","t_bili",0,0,FALSE
"GDF15","esr",0,0,FALSE
"GDF15","ldl",0,0,FALSE
"GDF15","total_chol",0,0,FALSE
"GDF15","triglycerides",0,0,FALSE
"GDF15","TNF",0,0,FALSE
"GDF15","CXCL10",0,0,FALSE
"GDF15","IFNG",0,0,FALSE
"GDF15","IL10",0,0,FALSE
"GDF15","IL1RN",0,0,FALSE
"GDF15","CCL4",0,0,FALSE
"GDF15","KLRD1",0,0,FALSE
"GDF15","MMP12",0,0,FALSE
"GDF15","VEGFA",0,0,FALSE
"GDF15","PDCD1",0,0,FALSE
"GDF15","LEP",0,0,FALSE
"FGF21","age_group",0,0,FALSE
"FGF21","sex",0,0,FALSE
"FGF21","cmv",0,0,FALSE
"FGF21","eosinophils",0,0,FALSE
"FGF21","hematocrit",0,0,FALSE
"FGF21","monocytes",0,0,FALSE
"FGF21","mpv",0,0,FALSE
"FGF21","neutrophils",0,0,FALSE
"FGF21","rdw",0,0,FALSE
"FGF21","rbc",0,0,FALSE
"FGF21","wbc",0,0,FALSE
"FGF21","alk_phos",0,0,FALSE
"FGF21","ast",0,0,FALSE
"FGF21","calcium",0,0,FALSE
"FGF21","chloride",0,0,FALSE
"FGF21","co2",0,0,FALSE
"FGF21","creatinine",0,0,FALSE
"FGF21","glucose",0,0,FALSE
"FGF21","potassium",0,0,FALSE
"FGF21","sodium",0,0,FALSE
"FGF21","crp",0,0,FALSE
"FGF21","IL6",0,0,FALSE
"FGF21","CXCL9",0,0,FALSE
"FGF21","CXCL11",0,0,FALSE
"FGF21","CCL4",0,0,FALSE
"FGF21","CCL11",0,0,FALSE
"FGF21","TNFRSF1B",0,0,FALSE
"FGF21","GZMA",0,0,FALSE
"FGF21","GZMB",0,0,FALSE
"FGF21","KLRD1",0,0,FALSE
"FGF21","MMP12",0,0,FALSE
"CHI3L1","cmv",0,0,FALSE
"CHI3L1","eosinophils",0,0,FALSE
"CHI3L1","hematocrit",0,0,FALSE
"CHI3L1","hemoglobin",0,0,FALSE
"CHI3L1","monocytes",0,0,FALSE
"CHI3L1","mpv",0,0,FALSE
"CHI3L1","neutrophils",0,0,FALSE
"CHI3L1","rdw",0,0,FALSE
"CHI3L1","rbc",0,0,FALSE
"CHI3L1","alt",0,0,FALSE
"CHI3L1","calcium",0,0,FALSE
"CHI3L1","chloride",0,0,FALSE
"CHI3L1","co2",0,0,FALSE
"CHI3L1","glucose",0,0,FALSE
"CHI3L1","potassium",0,0,FALSE
"CHI3L1","protein",0,0,FALSE
"CHI3L1","sodium",0,0,FALSE
"CHI3L1","t_bili",0,0,FALSE
"CHI3L1","crp",0,0,FALSE
"CHI3L1","triglycerides",0,0,FALSE
"CHI3L1","CXCL10",0,0,FALSE
"CHI3L1","IL10",0,0,FALSE
"CHI3L1","CCL3",0,0,FALSE
"CHI3L1","CCL4",0,0,FALSE
"CHI3L1","CD8A",0,0,FALSE
"CHI3L1","PDCD1",0,0,FALSE
"CHI3L1","HAVCR2",0,0,FALSE
"CHI3L1","CD274",0,0,FALSE
"IGFBP7","cmv",0,0,FALSE
"IGFBP7","lymphocytes",0,0,FALSE
"IGFBP7","neutrophils",0,0,FALSE
"IGFBP7","platelets",0,0,FALSE
"IGFBP7","albumin",0,0,FALSE
"IGFBP7","alk_phos",0,0,FALSE
"IGFBP7","chloride",0,0,FALSE
"IGFBP7","protein",0,0,FALSE
"IGFBP7","sodium",0,0,FALSE
"IGFBP7","IL6",0,0,FALSE
"IGFBP7","CXCL8",0,0,FALSE
"IGFBP7","CXCL11",0,0,FALSE
"IGFBP7","MMP12",0,0,FALSE
"TNFRSF1A","sex",0,0,FALSE
"TNFRSF1A","cmv",0,0,FALSE
"TNFRSF1A","eosinophils",0,0,FALSE
"TNFRSF1A","mpv",0,0,FALSE
"TNFRSF1A","neutrophils",0,0,FALSE
"TNFRSF1A","wbc",0,0,FALSE
"TNFRSF1A","chloride",0,0,FALSE
"TNFRSF1A","glucose",0,0,FALSE
"TNFRSF1A","protein",0,0,FALSE
"TNFRSF1A","triglycerides",0,0,FALSE
"TNFRSF1A","CXCL8",0,0,FALSE
"TNFRSF1A","CXCL10",0,0,FALSE
"TNFRSF1A","CXCL11",0,0,FALSE
"TNFRSF1A","IL10",0,0,FALSE
"TNFRSF1A","CCL4",0,0,FALSE
"TNFRSF1A","CCL8",0,0,FALSE
"TNFRSF1A","CD8A",0,0,FALSE
"TNFRSF1A","GZMB",0,0,FALSE
"TNFRSF1A","KLRD1",0,0,FALSE
"TNFRSF1B","age_group",0,0,FALSE
"TNFRSF1B","sex",0,0,FALSE
"TNFRSF1B","basophils",0,0,FALSE
"TNFRSF1B","eosinophils",0,0,FALSE
"TNFRSF1B","lymphocytes",0,0,FALSE
"TNFRSF1B","monocytes",0,0,FALSE
"TNFRSF1B","mpv",0,0,FALSE
"TNFRSF1B","neutrophils",0,0,FALSE
"TNFRSF1B","wbc",0,0,FALSE
"TNFRSF1B","albumin",0,0,FALSE
"TNFRSF1B","alt",0,0,FALSE
"TNFRSF1B","chloride",0,0,FALSE
"TNFRSF1B","co2",0,0,FALSE
"TNFRSF1B","glucose",0,0,FALSE
"TNFRSF1B","protein",0,0,FALSE
"TNFRSF1B","sodium",0,0,FALSE
"TNFRSF1B","t_bili",0,0,FALSE
"TNFRSF1B","triglycerides",0,0,FALSE
"TNFRSF1B","CXCL10",0,0,FALSE
"TNFRSF1B","CXCL11",0,0,FALSE
"TNFRSF1B","IL10",0,0,FALSE
"TNFRSF1B","IL7",0,0,FALSE
"TNFRSF1B","CCL2",0,0,FALSE
"TNFRSF1B","CCL11",0,0,FALSE
"TNFRSF1B","FGF21",0,0,FALSE
"CD8A","sex",0,0,FALSE
"CD8A","cmv",0,0,FALSE
"CD8A","weight",0,0,FALSE
"CD8A","mpv",0,0,FALSE
"CD8A","rdw",0,0,FALSE
"CD8A","alk_phos",0,0,FALSE
"CD8A","alt",0,0,FALSE
"CD8A","ast",0,0,FALSE
"CD8A","calcium",0,0,FALSE
"CD8A","t_bili",0,0,FALSE
"CD8A","crp",0,0,FALSE
"CD8A","ldl",0,0,FALSE
"CD8A","total_chol",0,0,FALSE
"CD8A","IFNG",0,0,FALSE
"CD8A","IL15",0,0,FALSE
"CD8A","CCL2",0,0,FALSE
"CD8A","CCL3",0,0,FALSE
"CD8A","CHI3L1",0,0,FALSE
"CD8A","TNFRSF1A",0,0,FALSE
"CD8A","GZMB",0,0,FALSE
"CD8A","MMP12",0,0,FALSE
"CD8A","LAG3",0,0,FALSE
"CD8A","LEP",0,0,FALSE
"GZMA","age_group",0,0,FALSE
"GZMA","sex",0,0,FALSE
"GZMA","cmv",0,0,FALSE
"GZMA","weight",0,0,FALSE
"GZMA","hematocrit",0,0,FALSE
"GZMA","mpv",0,0,FALSE
"GZMA","rbc",0,0,FALSE
"GZMA","bun",0,0,FALSE
"GZMA","calcium",0,0,FALSE
"GZMA","glucose",0,0,FALSE
"GZMA","sodium",0,0,FALSE
"GZMA","t_bili",0,0,FALSE
"GZMA","crp",0,0,FALSE
"GZMA","total_chol",0,0,FALSE
"GZMA","IL10",0,0,FALSE
"GZMA","CCL11",0,0,FALSE
"GZMA","FGF21",0,0,FALSE
"GZMA","VEGFA",0,0,FALSE
"GZMA","HAVCR2",0,0,FALSE
"GZMA","CD274",0,0,FALSE
"GZMB","age_group",0,0,FALSE
"GZMB","sex",0,0,FALSE
"GZMB","cmv",0,0,FALSE
"GZMB","weight",0,0,FALSE
"GZMB","eosinophils",0,0,FALSE
"GZMB","lymphocytes",0,0,FALSE
"GZMB","neutrophils",0,0,FALSE
"GZMB","wbc",0,0,FALSE
"GZMB","albumin",0,0,FALSE
"GZMB","alk_phos",0,0,FALSE
"GZMB","alt",0,0,FALSE
"GZMB","bun",0,0,FALSE
"GZMB","calcium",0,0,FALSE
"GZMB","chloride",0,0,FALSE
"GZMB","co2",0,0,FALSE
"GZMB","globulin",0,0,FALSE
"GZMB","glucose",0,0,FALSE
"GZMB","potassium",0,0,FALSE
"GZMB","t_bili",0,0,FALSE
"GZMB","crp",0,0,FALSE
"GZMB","total_chol",0,0,FALSE
"GZMB","IL6",0,0,FALSE
"GZMB","TNF",0,0,FALSE
"GZMB","IL18",0,0,FALSE
"GZMB","IL10",0,0,FALSE
"GZMB","IL1RN",0,0,FALSE
"GZMB","IL15",0,0,FALSE
"GZMB","CCL2",0,0,FALSE
"GZMB","CCL8",0,0,FALSE
"GZMB","FGF21",0,0,FALSE
"GZMB","TNFRSF1A",0,0,FALSE
"GZMB","CD8A",0,0,FALSE
"GZMB","KLRD1",0,0,FALSE
"GZMB","MMP12",0,0,FALSE
"GZMB","HAVCR2",0,0,FALSE
"GZMB","CD274",0,0,FALSE
"KLRD1","sex",0,0,FALSE
"KLRD1","eosinophils",0,0,FALSE
"KLRD1","monocytes",0,0,FALSE
"KLRD1","rdw",0,0,FALSE
"KLRD1","calcium",0,0,FALSE
"KLRD1","glucose",0,0,FALSE
"KLRD1","potassium",0,0,FALSE
"KLRD1","t_bili",0,0,FALSE
"KLRD1","esr",0,0,FALSE
"KLRD1","hdl",0,0,FALSE
"KLRD1","ldl",0,0,FALSE
"KLRD1","total_chol",0,0,FALSE
"KLRD1","TNF",0,0,FALSE
"KLRD1","CXCL10",0,0,FALSE
"KLRD1","IL1RN",0,0,FALSE
"KLRD1","CCL4",0,0,FALSE
"KLRD1","CCL8",0,0,FALSE
"KLRD1","GDF15",0,0,FALSE
"KLRD1","FGF21",0,0,FALSE
"KLRD1","TNFRSF1A",0,0,FALSE
"KLRD1","GZMB",0,0,FALSE
"KLRD1","MMP12",0,0,FALSE
"KLRD1","LAG3",0,0,FALSE
"KLRD1","HAVCR2",0,0,FALSE
"MMP12","sex",0,0,FALSE
"MMP12","cmv",0,0,FALSE
"MMP12","eosinophils",0,0,FALSE
"MMP12","lymphocytes",0,0,FALSE
"MMP12","platelets",0,0,FALSE
"MMP12","rbc",0,0,FALSE
"MMP12","wbc",0,0,FALSE
"MMP12","albumin",0,0,FALSE
"MMP12","alk_phos",0,0,FALSE
"MMP12","alt",0,0,FALSE
"MMP12","ast",0,0,FALSE
"MMP12","chloride",0,0,FALSE
"MMP12","co2",0,0,FALSE
"MMP12","globulin",0,0,FALSE
"MMP12","glucose",0,0,FALSE
"MMP12","potassium",0,0,FALSE
"MMP12","sodium",0,0,FALSE
"MMP12","crp",0,0,FALSE
"MMP12","hdl",0,0,FALSE
"MMP12","ldl",0,0,FALSE
"MMP12","triglycerides",0,0,FALSE
"MMP12","TNF",0,0,FALSE
"MMP12","IL18",0,0,FALSE
"MMP12","IL10",0,0,FALSE
"MMP12","IL7",0,0,FALSE
"MMP12","CCL8",0,0,FALSE
"MMP12","GDF15",0,0,FALSE
"MMP12","FGF21",0,0,FALSE
"MMP12","IGFBP7",0,0,FALSE
"MMP12","CD8A",0,0,FALSE
"MMP12","GZMB",0,0,FALSE
"MMP12","KLRD1",0,0,FALSE
"MMP12","VEGFA",0,0,FALSE
"MMP12","PDCD1",0,0,FALSE
"MMP12","LAG3",0,0,FALSE
"MMP12","LEP",0,0,FALSE
"VEGFA","age_group",0,0,FALSE
"VEGFA","cmv",0,0,FALSE
"VEGFA","basophils",0,0,FALSE
"VEGFA","eosinophils",0,0,FALSE
"VEGFA","lymphocytes",0,0,FALSE
"VEGFA","mpv",0,0,FALSE
"VEGFA","rdw",0,0,FALSE
"VEGFA","rbc",0,0,FALSE
"VEGFA","alt",0,0,FALSE
"VEGFA","bun",0,0,FALSE
"VEGFA","calcium",0,0,FALSE
"VEGFA","protein",0,0,FALSE
"VEGFA","ldl",0,0,FALSE
"VEGFA","total_chol",0,0,FALSE
"VEGFA","IL6",0,0,FALSE
"VEGFA","TNF",0,0,FALSE
"VEGFA","IFNG",0,0,FALSE
"VEGFA","IL15",0,0,FALSE
"VEGFA","GDF15",0,0,FALSE
"VEGFA","GZMA",0,0,FALSE
"VEGFA","MMP12",0,0,FALSE
"PDCD1","cmv",0,0,FALSE
"PDCD1","weight",0,0,FALSE
"PDCD1","hematocrit",0,0,FALSE
"PDCD1","lymphocytes",0,0,FALSE
"PDCD1","monocytes",0,0,FALSE
"PDCD1","mpv",0,0,FALSE
"PDCD1","neutrophils",0,0,FALSE
"PDCD1","rbc",0,0,FALSE
"PDCD1","wbc",0,0,FALSE
"PDCD1","albumin",0,0,FALSE
"PDCD1","alk_phos",0,0,FALSE
"PDCD1","calcium",0,0,FALSE
"PDCD1","co2",0,0,FALSE
"PDCD1","t_bili",0,0,FALSE
"PDCD1","esr",0,0,FALSE
"PDCD1","crp",0,0,FALSE
"PDCD1","ldl",0,0,FALSE
"PDCD1","total_chol",0,0,FALSE
"PDCD1","triglycerides",0,0,FALSE
"PDCD1","IL6",0,0,FALSE
"PDCD1","IFNG",0,0,FALSE
"PDCD1","IL1RN",0,0,FALSE
"PDCD1","GDF15",0,0,FALSE
"PDCD1","CHI3L1",0,0,FALSE
"PDCD1","MMP12",0,0,FALSE
"LAG3","sex",0,0,FALSE
"LAG3","cmv",0,0,FALSE
"LAG3","weight",0,0,FALSE
"LAG3","hematocrit",0,0,FALSE
"LAG3","platelets",0,0,FALSE
"LAG3","albumin",0,0,FALSE
"LAG3","ast",0,0,FALSE
"LAG3","bun",0,0,FALSE
"LAG3","co2",0,0,FALSE
"LAG3","glucose",0,0,FALSE
"LAG3","sodium",0,0,FALSE
"LAG3","triglycerides",0,0,FALSE
"LAG3","TNF",0,0,FALSE
"LAG3","CXCL8",0,0,FALSE
"LAG3","CXCL11",0,0,FALSE
"LAG3","IL18",0,0,FALSE
"LAG3","CCL8",0,0,FALSE
"LAG3","CD8A",0,0,FALSE
"LAG3","KLRD1",0,0,FALSE
"LAG3","MMP12",0,0,FALSE
"LAG3","CD274",0,0,FALSE
"LAG3","LEP",0,0,FALSE
"HAVCR2","age_group",0,0,FALSE
"HAVCR2","cmv",0,0,FALSE
"HAVCR2","basophils",0,0,FALSE
"HAVCR2","hemoglobin",0,0,FALSE
"HAVCR2","lymphocytes",0,0,FALSE
"HAVCR2","monocytes",0,0,FALSE
"HAVCR2","mpv",0,0,FALSE
"HAVCR2","neutrophils",0,0,FALSE
"HAVCR2","rbc",0,0,FALSE
"HAVCR2","wbc",0,0,FALSE
"HAVCR2","albumin",0,0,FALSE
"HAVCR2","ast",0,0,FALSE
"HAVCR2","bun",0,0,FALSE
"HAVCR2","globulin",0,0,FALSE
"HAVCR2","glucose",0,0,FALSE
"HAVCR2","esr",0,0,FALSE
"HAVCR2","hdl",0,0,FALSE
"HAVCR2","total_chol",0,0,FALSE
"HAVCR2","triglycerides",0,0,FALSE
"HAVCR2","IL6",0,0,FALSE
"HAVCR2","CXCL8",0,0,FALSE
"HAVCR2","CXCL9",0,0,FALSE
"HAVCR2","CXCL10",0,0,FALSE
"HAVCR2","CXCL11",0,0,FALSE
"HAVCR2","IFNG",0,0,FALSE
"HAVCR2","IL10",0,0,FALSE
"HAVCR2","IL7",0,0,FALSE
"HAVCR2","CHI3L1",0,0,FALSE
"HAVCR2","GZMA",0,0,FALSE
"HAVCR2","GZMB",0,0,FALSE
"HAVCR2","KLRD1",0,0,FALSE
"CD274","basophils",0,0,FALSE
"CD274","eosinophils",0,0,FALSE
"CD274","hematocrit",0,0,FALSE
"CD274","lymphocytes",0,0,FALSE
"CD274","monocytes",0,0,FALSE
"CD274","mpv",0,0,FALSE
"CD274","neutrophils",0,0,FALSE
"CD274","rdw",0,0,FALSE
"CD274","rbc",0,0,FALSE
"CD274","wbc",0,0,FALSE
"CD274","ast",0,0,FALSE
"CD274","calcium",0,0,FALSE
"CD274","chloride",0,0,FALSE
"CD274","creatinine",0,0,FALSE
"CD274","sodium",0,0,FALSE
"CD274","t_bili",0,0,FALSE
"CD274","crp",0,0,FALSE
"CD274","hdl",0,0,FALSE
"CD274","ldl",0,0,FALSE
"CD274","total_chol",0,0,FALSE
"CD274","CXCL8",0,0,FALSE
"CD274","CXCL10",0,0,FALSE
"CD274","IFNG",0,0,FALSE
"CD274","IL18",0,0,FALSE
"CD274","IL10",0,0,FALSE
"CD274","CCL2",0,0,FALSE
"CD274","CCL3",0,0,FALSE
"CD274","CCL4",0,0,FALSE
"CD274","CCL8",0,0,FALSE
"CD274","CHI3L1",0,0,FALSE
"CD274","GZMA",0,0,FALSE
"CD274","GZMB",0,0,FALSE
"CD274","LAG3",0,0,FALSE
"CD274","LEP",0,0,FALSE
"LEP","age_group",0,0,FALSE
"LEP","cmv",0,0,FALSE
"LEP","basophils",0,0,FALSE
"LEP","rbc",0,0,FALSE
"LEP","alt",0,0,FALSE
"LEP","ast",0,0,FALSE
"LEP","calcium",0,0,FALSE
"LEP","creatinine",0,0,FALSE
"LEP","glucose",0,0,FALSE
"LEP","sodium",0,0,FALSE
"LEP","hdl",0,0,FALSE
"LEP","ldl",0,0,FALSE
"LEP","total_chol",0,0,FALSE
"LEP","triglycerides",0,0,FALSE
"LEP","TNF",0,0,FALSE
"LEP","CXCL8",0,0,FALSE
"LEP","CXCL11",0,0,FALSE
"LEP","IL18",0,0,FALSE
"LEP","GDF15",0,0,FALSE
"LEP","CD8A",0,0,FALSE
"LEP","MMP12",0,0,FALSE
"LEP","LAG3",0,0,FALSE
"LEP","CD274",0,0,FALSE
