"from","to","strength","direction","in_final_dag"
"age_group","GDF15",1,1,TRUE
"sex","hemoglobin",1,1,TRUE
"sex","creatinine",1,1,TRUE
"sex","LEP",1,1,TRUE
"hemoglobin","hematocrit",1,1,TRUE
"hdl","triglycerides",1,0.91,TRUE
"alt","ast",1,1,TRUE
"albumin","calcium",1,1,TRUE
"CXCL9","CXCL10",1,1,TRUE
"CXCL9","PDCD1",1,0.72,TRUE
"IL1RN","LEP",1,0.81,TRUE
"IL7","VEGFA",1,0.97,TRUE
"CCL11","CCL2",1,0.66,TRUE
"TNFRSF1A","HAVCR2",1,0.95,TRUE
"TNFRSF1B","HAVCR2",1,0.98,TRUE
"CD8A","GZMA",1,0.56,TRUE
"GZMA","LAG3",1,0.96,TRUE
"esr","platelets",0.99,0.94949494949495,TRUE
"creatinine","bun",0.99,1,TRUE
"CXCL10","CXCL11",0.99,1,TRUE
"TNFRSF1A","TNFRSF1B",0.99,0.929292929292929,TRUE
"ldl","triglycerides",0.98,0.959183673469388,TRUE
"bun","albumin",0.98,0.775510204081633,TRUE
"IL6","IL1RN",0.98,0.744897959183674,TRUE
"IFNG","TNF",0.98,0.755102040816326,TRUE
"CHI3L1","FGF21",0.98,0.551020408163265,TRUE
"TNFRSF1A","IGFBP7",0.98,0.989795918367347,TRUE
"PDCD1","IL18",0.98,1,TRUE
"crp","VEGFA",0.97,0.938144329896907,TRUE
"CXCL9","IFNG",0.97,0.907216494845361,TRUE
"GZMA","GZMB",0.97,0.556701030927835,TRUE
"potassium","calcium",0.96,0.958333333333333,TRUE
"sex","IGFBP7",0.96,1,TRUE
"CXCL10","IL1RN",0.96,0.520833333333333,TRUE
"hemoglobin","monocytes",0.95,0.957894736842105,TRUE
"bun","FGF21",0.95,0.894736842105263,TRUE
"CCL4","GZMB",0.94,0.978723404255319,TRUE
"TNFRSF1A","IL6",0.94,0.98936170212766,TRUE
"hemoglobin","IL18",0.93,1,TRUE
"GDF15","TNFRSF1A",0.92,1,TRUE
"CXCL8","CCL11",0.92,0.684782608695652,TRUE
"CXCL8","CD8A",0.92,0.684782608695652,TRUE
"TNFRSF1B","PDCD1",0.92,0.896739130434783,TRUE
"TNFRSF1B","CCL3",0.91,0.967032967032967,TRUE
"glucose","IL10",0.91,0.675824175824176,TRUE
"age_group","IL10",0.9,1,TRUE
"neutrophils","CXCL8",0.9,0.733333333333333,TRUE
"creatinine","IGFBP7",0.9,1,TRUE
"LAG3","rdw",0.89,0.685393258426966,TRUE
"IL1RN","esr",0.89,0.921348314606742,TRUE
"triglycerides","IGFBP7",0.88,0.977272727272727,TRUE
"CXCL10","IGFBP7",0.88,1,TRUE
"sex","HAVCR2",0.87,1,TRUE
"IL18","eosinophils",0.87,0.540229885057471,TRUE
"CCL11","CCL8",0.87,0.988505747126437,TRUE
"CXCL10","TNF",0.86,0.941860465116279,TRUE
"LAG3","IGFBP7",0.86,0.930232558139535,TRUE
"rdw","IGFBP7",0.86,0.965116279069767,TRUE
"CXCL9","KLRD1",0.86,0.988372093023256,TRUE
"IL10","platelets",0.86,0.976744186046512,TRUE
"GDF15","FGF21",0.86,1,TRUE
"VEGFA","triglycerides",0.86,0.988372093023256,TRUE
"creatinine","IL18",0.84,0.916666666666667,TRUE
"hematocrit","esr",0.84,0.785714285714286,TRUE
"PDCD1","CD8A",0.84,0.928571428571428,TRUE
"LEP","FGF21",0.84,0.642857142857143,TRUE
"LEP","eosinophils",0.83,0.80722891566265,TRUE
"IL1RN","alt",0.81,0.82716049382716,TRUE
"IL1RN","CCL2",0.81,0.938271604938272,TRUE
"CD8A","potassium",0.81,0.981481481481482,TRUE
"alt","IGFBP7",0.81,0.888888888888889,TRUE
"hematocrit","alt",0.79,1,TRUE
"IL6","crp",0.79,0.556962025316456,TRUE
"VEGFA","platelets",0.78,0.974358974358974,TRUE
"crp","neutrophils",0.77,0.883116883116883,TRUE
"eosinophils","ast",0.77,0.987012987012987,TRUE
"CXCL8","CCL2",0.77,0.844155844155844,TRUE
"IL7","creatinine",0.77,0.974025974025974,TRUE
"GZMA","CCL8",0.77,0.948051948051948,TRUE
"CXCL8","wbc",0.76,0.960526315789474,TRUE
"IFNG","hematocrit",0.76,1,TRUE
"ldl","monocytes",0.75,0.893333333333333,TRUE
"CXCL8","MMP12",0.75,0.733333333333333,TRUE
"IL1RN","CCL4",0.75,0.706666666666667,TRUE
"VEGFA","CXCL11",0.75,0.64,TRUE
"hemoglobin","eosinophils",0.74,0.905405405405405,TRUE
"CXCL11","GZMA",0.74,0.837837837837838,TRUE
"TNFRSF1B","CXCL9",0.74,1,TRUE
"esr","calcium",0.73,0.863013698630137,TRUE
"CCL4","CXCL8",0.73,0.808219178082192,TRUE
"HAVCR2","CD274",0.73,1,TRUE
"age_group","ldl",0.71,1,TRUE
"bun","CD8A",0.71,0.873239436619718,TRUE
"hematocrit","TNF",0.7,0.971428571428571,TRUE
"hemoglobin","CD8A",0.69,0.985507246376812,TRUE
"IL6","LEP",0.69,0.971014492753623,TRUE
"IL15","CXCL10",0.69,0.869565217391304,TRUE
"glucose","CCL3",0.68,0.823529411764706,TRUE
"hemoglobin","wbc",0.68,0.911764705882353,TRUE
"eosinophils","LAG3",0.67,0.985074626865672,TRUE
"PDCD1","hdl",0.66,0.878787878787879,TRUE
"neutrophils","GZMA",0.65,0.707692307692308,TRUE
"platelets","monocytes",0.64,0.96875,TRUE
"creatinine","IL1RN",0.64,1,TRUE
"HAVCR2","IL18",0.64,0.8125,TRUE
"IL1RN","hemoglobin",0.63,0.984126984126984,TRUE
"IL15","KLRD1",0.63,0.761904761904762,TRUE
"glucose","eosinophils",0.62,0.887096774193548,TRUE
"lymphocytes","IL15",0.62,0.564516129032258,TRUE
"neutrophils","CCL2",0.62,0.693548387096774,TRUE
"alt","IL18",0.62,0.951612903225806,TRUE
"CHI3L1","platelets",0.62,0.983870967741935,TRUE
"PDCD1","TNF",0.62,0.967741935483871,TRUE
"ldl","IL1RN",0.61,0.786885245901639,TRUE
"CCL11","VEGFA",0.59,0.864406779661017,TRUE
"CCL3","CCL4",0.58,0.706896551724138,TRUE
"KLRD1","alt",0.58,0.620689655172414,TRUE
"hemoglobin","sex",1,0,FALSE
"triglycerides","hdl",1,0.09,FALSE
"ast","alt",1,0,FALSE
"creatinine","sex",1,0,FALSE
"hematocrit","hemoglobin",1,0,FALSE
"calcium","albumin",1,0,FALSE
"CXCL10","CXCL9",1,0,FALSE
"CCL2","CCL11",1,0.34,FALSE
"GDF15","age_group",1,0,FALSE
"GZMA","CD8A",1,0.44,FALSE
"VEGFA","IL7",1,0.03,FALSE
"PDCD1","CXCL9",1,0.28,FALSE
"LAG3","GZMA",1,0.04,FALSE
"HAVCR2","TNFRSF1A",1,0.05,FALSE
"HAVCR2","TNFRSF1B",1,0.02,FALSE
"LEP","sex",1,0,FALSE
"LEP","IL1RN",1,0.19,FALSE
"platelets","esr",0.99,0.0505050505050505,FALSE
"bun","creatinine",0.99,0,FALSE
"CXCL11","CXCL10",0.99,0,FALSE
"TNFRSF1B","TNFRSF1A",0.99,0.0707070707070707,FALSE
"triglycerides","ldl",0.98,0.0408163265306122,FALSE
"albumin","bun",0.98,0.224489795918367,FALSE
"TNF","IFNG",0.98,0.244897959183673,FALSE
"IL18","PDCD1",0.98,0,FALSE
"IL1RN","IL6",0.98,0.255102040816327,FALSE
"FGF21","CHI3L1",0.98,0.448979591836735,FALSE
"IGFBP7","TNFRSF1A",0.98,0.0102040816326531,FALSE
"IFNG","CXCL9",0.97,0.0927835051546392,FALSE
"GZMB","GZMA",0.97,0.443298969072165,FALSE
"VEGFA","crp",0.97,0.0618556701030928,FALSE
"calcium","potassium",0.96,0.0416666666666667,FALSE
"IL1RN","CXCL10",0.96,0.479166666666667,FALSE
"IGFBP7","sex",0.96,0,FALSE
"monocytes","hemoglobin",0.95,0.0421052631578947,FALSE
"FGF21","bun",0.95,0.105263157894737,FALSE
"IL6","TNFRSF1A",0.94,0.0106382978723404,FALSE
"GZMB","CCL4",0.94,0.0212765957446809,FALSE
"IL18","hemoglobin",0.93,0,FALSE
"TNFRSF1A","GDF15",0.92,0,FALSE
"CCL11","CXCL8",0.92,0.315217391304348,FALSE
"CD8A","CXCL8",0.92,0.315217391304348,FALSE
"PDCD1","TNFRSF1B",0.92,0.103260869565217,FALSE
"CCL3","TNFRSF1B",0.91,0.032967032967033,FALSE
"IL10","glucose",0.91,0.324175824175824,FALSE
"CXCL8","neutrophils",0.9,0.266666666666667,FALSE
"IL10","age_group",0.9,0,FALSE
"IGFBP7","creatinine",0.9,0,FALSE
"rdw","LAG3",0.89,0.314606741573034,FALSE
"esr","IL1RN",0.89,0.0786516853932584,FALSE
"IGFBP7","triglycerides",0.88,0.0227272727272727,FALSE
"IGFBP7","CXCL10",0.88,0,FALSE
"eosinophils","IL18",0.87,0.459770114942529,FALSE
"CCL8","CCL11",0.87,0.0114942528735632,FALSE
"HAVCR2","sex",0.87,0,FALSE
"TNF","CXCL10",0.86,0.0581395348837209,FALSE
"IGFBP7","LAG3",0.86,0.0697674418604651,FALSE
"platelets","IL10",0.86,0.0232558139534884,FALSE
"triglycerides","VEGFA",0.86,0.0116279069767442,FALSE
"FGF21","GDF15",0.86,0,FALSE
"IGFBP7","rdw",0.86,0.0348837209302326,FALSE
"KLRD1","CXCL9",0.86,0.0116279069767442,FALSE
"esr","hematocrit",0.84,0.214285714285714,FALSE
"IL18","creatinine",0.84,0.0833333333333333,FALSE
"FGF21","LEP",0.84,0.357142857142857,FALSE
"CD8A","PDCD1",0.84,0.0714285714285714,FALSE
"eosinophils","LEP",0.83,0.192771084337349,FALSE
"alt","IL1RN",0.81,0.17283950617284,FALSE
"potassium","CD8A",0.81,0.0185185185185185,FALSE
"CCL2","IL1RN",0.81,0.0617283950617284,FALSE
"IGFBP7","alt",0.81,0.111111111111111,FALSE
"crp","IL6",0.79,0.443037974683544,FALSE
"alt","hematocrit",0.79,0,FALSE
"platelets","VEGFA",0.78,0.0256410256410256,FALSE
"neutrophils","crp",0.77,0.116883116883117,FALSE
"ast","eosinophils",0.77,0.012987012987013,FALSE
"creatinine","IL7",0.77,0.025974025974026,FALSE
"CCL2","CXCL8",0.77,0.155844155844156,FALSE
"CCL8","GZMA",0.77,0.0519480519480519,FALSE
"wbc","CXCL8",0.76,0.0394736842105263,FALSE
"hematocrit","IFNG",0.76,0,FALSE
"monocytes","ldl",0.75,0.106666666666667,FALSE
"CXCL11","VEGFA",0.75,0.36,FALSE
"CCL4","IL1RN",0.75,0.293333333333333,FALSE
"MMP12","CXCL8",0.75,0.266666666666667,FALSE
"eosinophils","hemoglobin",0.74,0.0945945945945946,FALSE
"CXCL9","TNFRSF1B",0.74,0,FALSE
"GZMA","CXCL11",0.74,0.162162162162162,FALSE
"calcium","esr",0.73,0.136986301369863,FALSE
"CXCL8","CCL4",0.73,0.191780821917808,FALSE
"CD274","HAVCR2",0.73,0,FALSE
"ldl","age_group",0.71,0,FALSE
"CD8A","bun",0.71,0.126760563380282,FALSE
"TNF","hematocrit",0.7,0.0285714285714286,FALSE
"CD8A","hemoglobin",0.69,0.0144927536231884,FALSE
"LEP","IL6",0.69,0.0289855072463768,FALSE
"CXCL10","IL15",0.69,0.130434782608696,FALSE
"CCL3","glucose",0.68,0.176470588235294,FALSE
"wbc","hemoglobin",0.68,0.0882352941176471,FALSE
"LAG3","eosinophils",0.67,0.0149253731343284,FALSE
"hdl","PDCD1",0.66,0.121212121212121,FALSE
"GZMA","neutrophils",0.65,0.292307692307692,FALSE
"monocytes","platelets",0.64,0.03125,FALSE
"IL18","HAVCR2",0.64,0.1875,FALSE
"IL1RN","creatinine",0.64,0,FALSE
"hemoglobin","IL1RN",0.63,0.0158730158730159,FALSE
"KLRD1","IL15",0.63,0.238095238095238,FALSE
"eosinophils","glucose",0.62,0.112903225806452,FALSE
"platelets","CHI3L1",0.62,0.0161290322580645,FALSE
"TNF","PDCD1",0.62,0.032258064516129,FALSE
"IL18","alt",0.62,0.0483870967741935,FALSE
"IL15","lymphocytes",0.62,0.435483870967742,FALSE
"CCL2","neutrophils",0.62,0.306451612903226,FALSE
"IL1RN","ldl",0.61,0.213114754098361,FALSE
"VEGFA","CCL11",0.59,0.135593220338983,FALSE
"alt","KLRD1",0.58,0.379310344827586,FALSE
"CCL4","CCL3",0.58,0.293103448275862,FALSE
"CCL4","LAG3",0.57,1,FALSE
"LAG3","CCL4",0.57,0,FALSE
"age_group","bun",0.56,1,FALSE
"age_group","CCL11",0.56,1,FALSE
"hdl","ast",0.56,0.964285714285714,FALSE
"ast","hdl",0.56,0.0357142857142857,FALSE
"ast","IL18",0.56,0.25,FALSE
"bun","age_group",0.56,0,FALSE
"IL18","ast",0.56,0.75,FALSE
"CCL11","age_group",0.56,0,FALSE
"hemoglobin","albumin",0.55,1,FALSE
"albumin","hemoglobin",0.55,0,FALSE
"bun","MMP12",0.55,0.981818181818182,FALSE
"wbc","IL1RN",0.55,0.0909090909090909,FALSE
"wbc","IL7",0.55,0.0181818181818182,FALSE
"IL1RN","wbc",0.55,0.909090909090909,FALSE
"IL7","wbc",0.55,0.981818181818182,FALSE
"MMP12","bun",0.55,0.0181818181818182,FALSE
"hematocrit","CCL4",0.54,0.0555555555555556,FALSE
"IL15","PDCD1",0.54,0.740740740740741,FALSE
"CCL4","hematocrit",0.54,0.944444444444444,FALSE
"PDCD1","IL15",0.54,0.259259259259259,FALSE
"IL18","IL1RN",0.53,0.377358490566038,FALSE
"IL1RN","IL18",0.53,0.622641509433962,FALSE
"age_group","glucose",0.52,1,FALSE
"crp","IL15",0.52,0.519230769230769,FALSE
"hemoglobin","TNFRSF1A",0.52,0,FALSE
"glucose","age_group",0.52,0,FALSE
"CXCL9","CCL3",0.52,0.644230769230769,FALSE
"CXCL9","GZMA",0.52,0.923076923076923,FALSE
"CXCL9","MMP12",0.52,0.865384615384615,FALSE
"CXCL11","GZMB",0.52,0.134615384615385,FALSE
"IL15","crp",0.52,0.480769230769231,FALSE
"CCL3","CXCL9",0.52,0.355769230769231,FALSE
"TNFRSF1A","hemoglobin",0.52,1,FALSE
"GZMA","CXCL9",0.52,0.0769230769230769,FALSE
"GZMB","CXCL11",0.52,0.865384615384615,FALSE
"MMP12","CXCL9",0.52,0.134615384615385,FALSE
"esr","ast",0.51,0.96078431372549,FALSE
"ast","esr",0.51,0.0392156862745098,FALSE
"IL1RN","VEGFA",0.51,1,FALSE
"VEGFA","IL1RN",0.51,0,FALSE
"CXCL8","VEGFA",0.49,0.0204081632653061,FALSE
"CCL2","MMP12",0.49,0.73469387755102,FALSE
"MMP12","CCL2",0.49,0.26530612244898,FALSE
"VEGFA","CXCL8",0.49,0.979591836734694,FALSE
"crp","eosinophils",0.48,0.6875,FALSE
"eosinophils","crp",0.48,0.3125,FALSE
"alt","glucose",0.48,0.6875,FALSE
"glucose","alt",0.48,0.3125,FALSE
"neutrophils","IL1RN",0.46,0.0434782608695652,FALSE
"creatinine","wbc",0.46,1,FALSE
"wbc","creatinine",0.46,0,FALSE
"wbc","IL6",0.46,0.0217391304347826,FALSE
"IL6","wbc",0.46,0.978260869565217,FALSE
"IL1RN","neutrophils",0.46,0.956521739130435,FALSE
"TNFRSF1A","VEGFA",0.46,1,FALSE
"VEGFA","TNFRSF1A",0.46,0,FALSE
"ast","glucose",0.46,0.478260869565217,FALSE
"glucose","ast",0.46,0.521739130434783,FALSE
"CCL3","FGF21",0.46,0.347826086956522,FALSE
"FGF21","CCL3",0.46,0.652173913043478,FALSE
"alt","CCL3",0.45,0.688888888888889,FALSE
"albumin","hematocrit",0.45,0,FALSE
"hematocrit","albumin",0.45,1,FALSE
"CCL3","alt",0.45,0.311111111111111,FALSE
"lymphocytes","calcium",0.45,0.666666666666667,FALSE
"calcium","lymphocytes",0.45,0.333333333333333,FALSE
"cmv","lymphocytes",0.44,1,FALSE
"lymphocytes","cmv",0.44,0,FALSE
"lymphocytes","KLRD1",0.44,0.886363636363636,FALSE
"hemoglobin","rdw",0.44,0.272727272727273,FALSE
"rdw","hemoglobin",0.44,0.727272727272727,FALSE
"CXCL11","CCL4",0.44,0.977272727272727,FALSE
"CCL4","CXCL11",0.44,0.0227272727272727,FALSE
"KLRD1","lymphocytes",0.44,0.113636363636364,FALSE
"eosinophils","hdl",0.43,0.86046511627907,FALSE
"hdl","eosinophils",0.43,0.13953488372093,FALSE
"neutrophils","KLRD1",0.42,0.547619047619048,FALSE
"CXCL9","CCL4",0.42,0.761904761904762,FALSE
"CCL4","CXCL9",0.42,0.238095238095238,FALSE
"KLRD1","neutrophils",0.42,0.452380952380952,FALSE
"alt","calcium",0.42,0.976190476190476,FALSE
"calcium","alt",0.42,0.0238095238095238,FALSE
"crp","LEP",0.41,0.048780487804878,FALSE
"IL6","CXCL8",0.41,0.951219512195122,FALSE
"CXCL8","IL6",0.41,0.048780487804878,FALSE
"IL18","IL10",0.41,0.195121951219512,FALSE
"IL10","IL18",0.41,0.804878048780488,FALSE
"IL7","CCL11",0.41,0.926829268292683,FALSE
"CCL11","IL7",0.41,0.0731707317073171,FALSE
"LEP","crp",0.41,0.951219512195122,FALSE
"lymphocytes","IFNG",0.4,0.35,FALSE
"hdl","hematocrit",0.4,0.075,FALSE
"hematocrit","hdl",0.4,0.925,FALSE
"CXCL8","CCL8",0.4,0.95,FALSE
"IFNG","lymphocytes",0.4,0.65,FALSE
"IL1RN","HAVCR2",0.4,0,FALSE
"CCL8","CXCL8",0.4,0.05,FALSE
"HAVCR2","IL1RN",0.4,1,FALSE
"hematocrit","calcium",0.39,0.0769230769230769,FALSE
"potassium","IFNG",0.39,0.923076923076923,FALSE
"calcium","hematocrit",0.39,0.923076923076923,FALSE
"IFNG","potassium",0.39,0.0769230769230769,FALSE
"wbc","CCL2",0.38,0.0263157894736842,FALSE
"CXCL9","CHI3L1",0.38,0.947368421052632,FALSE
"CCL2","wbc",0.38,0.973684210526316,FALSE
"CHI3L1","CXCL9",0.38,0.0526315789473684,FALSE
"esr","lymphocytes",0.37,0.243243243243243,FALSE
"lymphocytes","esr",0.37,0.756756756756757,FALSE
"CXCL10","GZMB",0.37,1,FALSE
"IL10","FGF21",0.37,0.972972972972973,FALSE
"FGF21","IL10",0.37,0.027027027027027,FALSE
"FGF21","CD274",0.37,0.432432432432432,FALSE
"GZMB","CXCL10",0.37,0,FALSE
"CD274","FGF21",0.37,0.567567567567568,FALSE
"platelets","potassium",0.35,0,FALSE
"albumin","CD274",0.35,0.542857142857143,FALSE
"bun","TNFRSF1A",0.35,0.171428571428571,FALSE
"potassium","platelets",0.35,1,FALSE
"TNFRSF1A","bun",0.35,0.828571428571429,FALSE
"CD274","albumin",0.35,0.457142857142857,FALSE
"sex","CD274",0.34,1,FALSE
"CXCL10","CCL3",0.34,0.823529411764706,FALSE
"IL15","GDF15",0.34,0.205882352941176,FALSE
"CCL3","CXCL10",0.34,0.176470588235294,FALSE
"GDF15","IL15",0.34,0.794117647058823,FALSE
"CD274","sex",0.34,0,FALSE
"hdl","IL1RN",0.34,0.647058823529412,FALSE
"IL1RN","hdl",0.34,0.352941176470588,FALSE
"crp","ast",0.33,1,FALSE
"lymphocytes","CXCL9",0.33,0,FALSE
"hemoglobin","CXCL8",0.33,1,FALSE
"ast","crp",0.33,0,FALSE
"CXCL8","hemoglobin",0.33,0,FALSE
"CXCL9","lymphocytes",0.33,1,FALSE
"CCL4","MMP12",0.33,0.666666666666667,FALSE
"MMP12","CCL4",0.33,0.333333333333333,FALSE
"PDCD1","LAG3",0.33,0.96969696969697,FALSE
"LAG3","PDCD1",0.33,0.0303030303030303,FALSE
"hemoglobin","glucose",0.32,1,FALSE
"albumin","IL6",0.32,0,FALSE
"glucose","hemoglobin",0.32,0,FALSE
"IL6","albumin",0.32,1,FALSE
"lymphocytes","CD8A",0.31,0.387096774193548,FALSE
"eosinophils","IL6",0.31,0.870967741935484,FALSE
"platelets","GZMB",0.31,0.645161290322581,FALSE
"IL6","eosinophils",0.31,0.129032258064516,FALSE
"CD8A","lymphocytes",0.31,0.612903225806452,FALSE
"GZMA","LEP",0.31,0,FALSE
"GZMB","platelets",0.31,0.354838709677419,FALSE
"LEP","GZMA",0.31,1,FALSE
"esr","GZMA",0.3,0.9,FALSE
"IL15","TNFRSF1B",0.3,0.933333333333333,FALSE
"TNFRSF1B","IL15",0.3,0.0666666666666667,FALSE
"GZMA","esr",0.3,0.1,FALSE
"crp","KLRD1",0.3,0.366666666666667,FALSE
"potassium","PDCD1",0.3,0.966666666666667,FALSE
"CCL4","IGFBP7",0.3,1,FALSE
"IGFBP7","CCL4",0.3,0,FALSE
"KLRD1","crp",0.3,0.633333333333333,FALSE
"KLRD1","VEGFA",0.3,0.866666666666667,FALSE
"VEGFA","KLRD1",0.3,0.133333333333333,FALSE
"PDCD1","potassium",0.3,0.0333333333333333,FALSE
"lymphocytes","hdl",0.29,0.586206896551724,FALSE
"neutrophils","IL7",0.29,0.310344827586207,FALSE
"hdl","lymphocytes",0.29,0.413793103448276,FALSE
"albumin","glucose",0.29,0.206896551724138,FALSE
"glucose","albumin",0.29,0.793103448275862,FALSE
"IL7","neutrophils",0.29,0.689655172413793,FALSE
"sex","crp",0.29,1,FALSE
"crp","sex",0.29,0,FALSE
"creatinine","KLRD1",0.29,1,FALSE
"CXCL8","CXCL11",0.29,0.827586206896552,FALSE
"CXCL11","CXCL8",0.29,0.172413793103448,FALSE
"KLRD1","creatinine",0.29,0,FALSE
"eosinophils","albumin",0.28,0.964285714285714,FALSE
"albumin","eosinophils",0.28,0.0357142857142857,FALSE
"CXCL9","CD274",0.28,0.964285714285714,FALSE
"CD274","CXCL9",0.28,0.0357142857142857,FALSE
"rdw","TNFRSF1B",0.28,0.142857142857143,FALSE
"TNFRSF1B","rdw",0.28,0.857142857142857,FALSE
"crp","esr",0.27,0.777777777777778,FALSE
"esr","crp",0.27,0.222222222222222,FALSE
"hdl","ldl",0.27,0.111111111111111,FALSE
"ldl","hdl",0.27,0.888888888888889,FALSE
"albumin","GDF15",0.27,0,FALSE
"creatinine","VEGFA",0.27,1,FALSE
"GDF15","albumin",0.27,1,FALSE
"VEGFA","creatinine",0.27,0,FALSE
"esr","FGF21",0.26,1,FALSE
"bun","wbc",0.26,0.653846153846154,FALSE
"wbc","bun",0.26,0.346153846153846,FALSE
"CXCL8","IL7",0.26,0.5,FALSE
"IL7","CXCL8",0.26,0.5,FALSE
"FGF21","esr",0.26,0,FALSE
"crp","glucose",0.25,0.36,FALSE
"albumin","CXCL10",0.25,0.04,FALSE
"glucose","crp",0.25,0.64,FALSE
"CXCL10","albumin",0.25,0.96,FALSE
"IL7","CHI3L1",0.25,0.84,FALSE
"CHI3L1","IL7",0.25,0.16,FALSE
"CD8A","KLRD1",0.25,0.2,FALSE
"KLRD1","CD8A",0.25,0.8,FALSE
"TNFRSF1B","VEGFA",0.24,0.958333333333333,FALSE
"VEGFA","TNFRSF1B",0.24,0.0416666666666667,FALSE
"sex","CCL4",0.24,1,FALSE
"ast","LEP",0.24,0,FALSE
"albumin","LEP",0.24,0,FALSE
"calcium","TNFRSF1A",0.24,0.125,FALSE
"IL15","TNFRSF1A",0.24,0.208333333333333,FALSE
"CCL4","sex",0.24,0,FALSE
"TNFRSF1A","calcium",0.24,0.875,FALSE
"TNFRSF1A","IL15",0.24,0.791666666666667,FALSE
"LEP","ast",0.24,1,FALSE
"LEP","albumin",0.24,1,FALSE
"neutrophils","creatinine",0.23,0.0434782608695652,FALSE
"neutrophils","IL6",0.23,0.173913043478261,FALSE
"ast","calcium",0.23,1,FALSE
"creatinine","neutrophils",0.23,0.956521739130435,FALSE
"calcium","ast",0.23,0,FALSE
"IL6","neutrophils",0.23,0.826086956521739,FALSE
"CCL4","GZMA",0.23,1,FALSE
"GZMA","CCL4",0.23,0,FALSE
"glucose","potassium",0.23,0.521739130434783,FALSE
"potassium","glucose",0.23,0.478260869565217,FALSE
"IL7","CCL4",0.23,0.217391304347826,FALSE
"CCL4","IL7",0.23,0.782608695652174,FALSE
"VEGFA","CD274",0.23,0.91304347826087,FALSE
"CD274","VEGFA",0.23,0.0869565217391304,FALSE
"age_group","CCL4",0.22,1,FALSE
"lymphocytes","CCL11",0.22,0.5,FALSE
"triglycerides","IL1RN",0.22,0.818181818181818,FALSE
"IL1RN","triglycerides",0.22,0.181818181818182,FALSE
"CCL4","age_group",0.22,0,FALSE
"CCL11","lymphocytes",0.22,0.5,FALSE
"CD8A","CD274",0.22,0.863636363636364,FALSE
"CD274","CD8A",0.22,0.136363636363636,FALSE
"wbc","CCL3",0.21,0.238095238095238,FALSE
"CXCL9","CCL11",0.21,0.476190476190476,FALSE
"CCL3","wbc",0.21,0.761904761904762,FALSE
"CCL4","PDCD1",0.21,0.238095238095238,FALSE
"CCL11","CXCL9",0.21,0.523809523809524,FALSE
"VEGFA","PDCD1",0.21,0.0476190476190476,FALSE
"PDCD1","CCL4",0.21,0.761904761904762,FALSE
"PDCD1","VEGFA",0.21,0.952380952380952,FALSE
"age_group","TNF",0.21,1,FALSE
"crp","wbc",0.21,0.857142857142857,FALSE
"eosinophils","calcium",0.21,0.285714285714286,FALSE
"alt","GZMA",0.21,0.904761904761905,FALSE
"bun","GDF15",0.21,0,FALSE
"glucose","CXCL10",0.21,0.0952380952380952,FALSE
"wbc","crp",0.21,0.142857142857143,FALSE
"wbc","LEP",0.21,0,FALSE
"calcium","eosinophils",0.21,0.714285714285714,FALSE
"TNF","age_group",0.21,0,FALSE
"CXCL10","glucose",0.21,0.904761904761905,FALSE
"GDF15","bun",0.21,1,FALSE
"GZMA","alt",0.21,0.0952380952380952,FALSE
"LEP","wbc",0.21,1,FALSE
"sex","CHI3L1",0.2,1,FALSE
"lymphocytes","platelets",0.2,0,FALSE
"platelets","lymphocytes",0.2,1,FALSE
"ldl","ast",0.2,1,FALSE
"ast","ldl",0.2,0,FALSE
"creatinine","CCL4",0.2,1,FALSE
"glucose","IL6",0.2,1,FALSE
"wbc","LAG3",0.2,0.3,FALSE
"IL6","glucose",0.2,0,FALSE
"IL7","PDCD1",0.2,0.55,FALSE
"CCL3","LEP",0.2,0.7,FALSE
"CCL4","creatinine",0.2,0,FALSE
"CCL8","CHI3L1",0.2,0.8,FALSE
"CHI3L1","sex",0.2,0,FALSE
"CHI3L1","CCL8",0.2,0.2,FALSE
"TNFRSF1A","PDCD1",0.2,1,FALSE
"PDCD1","IL7",0.2,0.45,FALSE
"PDCD1","TNFRSF1A",0.2,0,FALSE
"LAG3","wbc",0.2,0.7,FALSE
"LEP","CCL3",0.2,0.3,FALSE
"CHI3L1","TNFRSF1A",0.2,0.1,FALSE
"TNFRSF1A","CHI3L1",0.2,0.9,FALSE
"age_group","CXCL11",0.19,1,FALSE
"crp","albumin",0.19,0.894736842105263,FALSE
"esr","TNFRSF1B",0.19,0,FALSE
"hemoglobin","GZMA",0.19,1,FALSE
"hemoglobin","VEGFA",0.19,1,FALSE
"albumin","crp",0.19,0.105263157894737,FALSE
"IL6","CXCL10",0.19,1,FALSE
"CXCL8","PDCD1",0.19,0.421052631578947,FALSE
"CXCL10","IL6",0.19,0,FALSE
"CXCL11","age_group",0.19,0,FALSE
"CCL11","GDF15",0.19,0.236842105263158,FALSE
"GDF15","CCL11",0.19,0.763157894736842,FALSE
"TNFRSF1B","esr",0.19,1,FALSE
"GZMA","hemoglobin",0.19,0,FALSE
"VEGFA","hemoglobin",0.19,0,FALSE
"PDCD1","CXCL8",0.19,0.578947368421053,FALSE
"crp","platelets",0.18,0.944444444444444,FALSE
"crp","IL1RN",0.18,0.0555555555555556,FALSE
"platelets","crp",0.18,0.0555555555555556,FALSE
"IL1RN","crp",0.18,0.944444444444444,FALSE
"age_group","rdw",0.18,1,FALSE
"crp","CCL8",0.18,0.611111111111111,FALSE
"rdw","age_group",0.18,0,FALSE
"triglycerides","GZMA",0.18,1,FALSE
"bun","hematocrit",0.18,0.333333333333333,FALSE
"hematocrit","bun",0.18,0.666666666666667,FALSE
"hematocrit","CXCL11",0.18,1,FALSE
"CXCL11","hematocrit",0.18,0,FALSE
"CCL8","crp",0.18,0.388888888888889,FALSE
"CCL11","MMP12",0.18,0.388888888888889,FALSE
"GZMA","triglycerides",0.18,0,FALSE
"MMP12","CCL11",0.18,0.611111111111111,FALSE
"age_group","IL15",0.17,1,FALSE
"platelets","IL7",0.17,0.176470588235294,FALSE
"ldl","calcium",0.17,0.823529411764706,FALSE
"calcium","ldl",0.17,0.176470588235294,FALSE
"IL7","platelets",0.17,0.823529411764706,FALSE
"IL15","age_group",0.17,0,FALSE
"CHI3L1","IGFBP7",0.17,0,FALSE
"CHI3L1","VEGFA",0.17,0,FALSE
"IGFBP7","CHI3L1",0.17,1,FALSE
"VEGFA","CHI3L1",0.17,1,FALSE
"lymphocytes","GZMA",0.17,0.352941176470588,FALSE
"GZMA","lymphocytes",0.17,0.647058823529412,FALSE
"age_group","CD8A",0.16,1,FALSE
"bun","TNFRSF1B",0.16,0.9375,FALSE
"IFNG","KLRD1",0.16,0.75,FALSE
"IL1RN","CD274",0.16,0.1875,FALSE
"IL15","FGF21",0.16,0.0625,FALSE
"GDF15","CHI3L1",0.16,0.9375,FALSE
"FGF21","IL15",0.16,0.9375,FALSE
"CHI3L1","GDF15",0.16,0.0625,FALSE
"CHI3L1","MMP12",0.16,0.25,FALSE
"TNFRSF1B","bun",0.16,0.0625,FALSE
"CD8A","age_group",0.16,0,FALSE
"KLRD1","IFNG",0.16,0.25,FALSE
"MMP12","CHI3L1",0.16,0.75,FALSE
"CD274","IL1RN",0.16,0.8125,FALSE
"CXCL10","CCL2",0.15,0.933333333333333,FALSE
"CXCL11","IL7",0.15,0.333333333333333,FALSE
"IL7","CXCL11",0.15,0.666666666666667,FALSE
"CCL2","CXCL10",0.15,0.0666666666666667,FALSE
"CCL3","MMP12",0.15,0.333333333333333,FALSE
"MMP12","CCL3",0.15,0.666666666666667,FALSE
"crp","alt",0.15,0.8,FALSE
"crp","creatinine",0.15,0,FALSE
"esr","IL6",0.15,0.133333333333333,FALSE
"alt","crp",0.15,0.2,FALSE
"creatinine","crp",0.15,1,FALSE
"IL6","esr",0.15,0.866666666666667,FALSE
"GZMA","KLRD1",0.15,0.8,FALSE
"KLRD1","GZMA",0.15,0.2,FALSE
"neutrophils","hemoglobin",0.14,0,FALSE
"neutrophils","CCL3",0.14,0.214285714285714,FALSE
"eosinophils","CCL11",0.14,1,FALSE
"hemoglobin","neutrophils",0.14,1,FALSE
"rdw","albumin",0.14,1,FALSE
"rdw","hematocrit",0.14,0.928571428571428,FALSE
"hdl","LAG3",0.14,0.0714285714285714,FALSE
"ldl","IGFBP7",0.14,1,FALSE
"triglycerides","GZMB",0.14,1,FALSE
"albumin","rdw",0.14,0,FALSE
"creatinine","CCL8",0.14,1,FALSE
"hematocrit","rdw",0.14,0.0714285714285714,FALSE
"CXCL11","PDCD1",0.14,0.285714285714286,FALSE
"CCL2","CCL8",0.14,0.928571428571428,FALSE
"CCL3","neutrophils",0.14,0.785714285714286,FALSE
"CCL8","creatinine",0.14,0,FALSE
"CCL8","CCL2",0.14,0.0714285714285714,FALSE
"CCL11","eosinophils",0.14,0,FALSE
"IGFBP7","ldl",0.14,0,FALSE
"TNFRSF1A","GZMA",0.14,1,FALSE
"GZMA","TNFRSF1A",0.14,0,FALSE
"GZMB","triglycerides",0.14,0,FALSE
"PDCD1","CXCL11",0.14,0.714285714285714,FALSE
"LAG3","hdl",0.14,0.928571428571428,FALSE
"hemoglobin","alt",0.14,0.857142857142857,FALSE
"alt","hemoglobin",0.14,0.142857142857143,FALSE
"cmv","KLRD1",0.13,1,FALSE
"crp","GDF15",0.13,0,FALSE
"crp","TNFRSF1A",0.13,0.0769230769230769,FALSE
"neutrophils","potassium",0.13,0.153846153846154,FALSE
"ldl","IL6",0.13,0,FALSE
"creatinine","GDF15",0.13,0.923076923076923,FALSE
"potassium","neutrophils",0.13,0.846153846153846,FALSE
"potassium","CCL3",0.13,0.538461538461539,FALSE
"IL6","ldl",0.13,1,FALSE
"IFNG","MMP12",0.13,0.923076923076923,FALSE
"IL1RN","CCL3",0.13,1,FALSE
"IL7","IGFBP7",0.13,0.615384615384615,FALSE
"IL15","CCL2",0.13,1,FALSE
"CCL2","IL15",0.13,0,FALSE
"CCL3","potassium",0.13,0.461538461538462,FALSE
"CCL3","IL1RN",0.13,0,FALSE
"CCL4","GDF15",0.13,0,FALSE
"GDF15","crp",0.13,1,FALSE
"GDF15","creatinine",0.13,0.0769230769230769,FALSE
"GDF15","CCL4",0.13,1,FALSE
"IGFBP7","IL7",0.13,0.384615384615385,FALSE
"TNFRSF1A","crp",0.13,0.923076923076923,FALSE
"CD8A","LEP",0.13,0,FALSE
"KLRD1","cmv",0.13,0,FALSE
"MMP12","IFNG",0.13,0.0769230769230769,FALSE
"LEP","CD8A",0.13,1,FALSE
"CCL2","TNFRSF1A",0.12,0.166666666666667,FALSE
"IGFBP7","KLRD1",0.12,0.833333333333333,FALSE
"TNFRSF1A","CCL2",0.12,0.833333333333333,FALSE
"KLRD1","IGFBP7",0.12,0.166666666666667,FALSE
"age_group","CD274",0.12,1,FALSE
"cmv","CXCL11",0.12,1,FALSE
"lymphocytes","LEP",0.12,0,FALSE
"hemoglobin","GZMB",0.12,1,FALSE
"ldl","HAVCR2",0.12,0.0833333333333333,FALSE
"triglycerides","IL7",0.12,0.25,FALSE
"bun","CCL11",0.12,1,FALSE
"IL6","CHI3L1",0.12,0.916666666666667,FALSE
"IL6","LAG3",0.12,0.666666666666667,FALSE
"CXCL8","GZMA",0.12,0.75,FALSE
"CXCL8","CD274",0.12,1,FALSE
"CXCL11","cmv",0.12,0,FALSE
"IL7","triglycerides",0.12,0.75,FALSE
"CCL2","LAG3",0.12,0.5,FALSE
"CCL11","bun",0.12,0,FALSE
"CHI3L1","IL6",0.12,0.0833333333333333,FALSE
"GZMA","CXCL8",0.12,0.25,FALSE
"GZMB","hemoglobin",0.12,0,FALSE
"VEGFA","LEP",0.12,0.0833333333333333,FALSE
"LAG3","IL6",0.12,0.333333333333333,FALSE
"LAG3","CCL2",0.12,0.5,FALSE
"HAVCR2","ldl",0.12,0.916666666666667,FALSE
"CD274","age_group",0.12,0,FALSE
"CD274","CXCL8",0.12,0,FALSE
"LEP","lymphocytes",0.12,1,FALSE
"LEP","VEGFA",0.12,0.916666666666667,FALSE
"neutrophils","triglycerides",0.11,0.363636363636364,FALSE
"triglycerides","neutrophils",0.11,0.636363636363636,FALSE
"age_group","CHI3L1",0.11,1,FALSE
"lymphocytes","hemoglobin",0.11,0,FALSE
"lymphocytes","CXCL11",0.11,0.909090909090909,FALSE
"hemoglobin","lymphocytes",0.11,1,FALSE
"platelets","wbc",0.11,1,FALSE
"hdl","TNFRSF1B",0.11,0,FALSE
"ast","CCL3",0.11,0.818181818181818,FALSE
"glucose","CXCL8",0.11,0.909090909090909,FALSE
"glucose","IGFBP7",0.11,0.181818181818182,FALSE
"wbc","platelets",0.11,0,FALSE
"TNF","CCL8",0.11,0.818181818181818,FALSE
"CXCL8","glucose",0.11,0.0909090909090909,FALSE
"CXCL11","lymphocytes",0.11,0.0909090909090909,FALSE
"CCL3","ast",0.11,0.181818181818182,FALSE
"CCL8","TNF",0.11,0.181818181818182,FALSE
"CHI3L1","age_group",0.11,0,FALSE
"CHI3L1","TNFRSF1B",0.11,0.0909090909090909,FALSE
"IGFBP7","glucose",0.11,0.818181818181818,FALSE
"TNFRSF1B","hdl",0.11,1,FALSE
"TNFRSF1B","CHI3L1",0.11,0.909090909090909,FALSE
"sex","rdw",0.1,1,FALSE
"crp","CCL11",0.1,0.6,FALSE
"crp","HAVCR2",0.1,1,FALSE
"esr","GZMB",0.1,0.4,FALSE
"neutrophils","bun",0.1,0.4,FALSE
"neutrophils","LAG3",0.1,0.2,FALSE
"monocytes","IL6",0.1,0.5,FALSE
"rdw","sex",0.1,0,FALSE
"ldl","FGF21",0.1,0.2,FALSE
"creatinine","IL15",0.1,1,FALSE
"bun","neutrophils",0.1,0.6,FALSE
"glucose","GDF15",0.1,0,FALSE
"wbc","potassium",0.1,0,FALSE
"hematocrit","GZMB",0.1,0.5,FALSE
"potassium","wbc",0.1,1,FALSE
"IL6","monocytes",0.1,0.5,FALSE
"IL15","creatinine",0.1,0,FALSE
"CCL2","GZMA",0.1,0.3,FALSE
"CCL4","CCL11",0.1,0,FALSE
"CCL11","crp",0.1,0.4,FALSE
"CCL11","CCL4",0.1,1,FALSE
"GDF15","glucose",0.1,1,FALSE
"GDF15","CD274",0.1,1,FALSE
"FGF21","ldl",0.1,0.8,FALSE
"CHI3L1","LAG3",0.1,0,FALSE
"GZMA","CCL2",0.1,0.7,FALSE
"GZMB","esr",0.1,0.6,FALSE
"GZMB","hematocrit",0.1,0.5,FALSE
"LAG3","neutrophils",0.1,0.8,FALSE
"LAG3","CHI3L1",0.1,1,FALSE
"HAVCR2","crp",0.1,0,FALSE
"CD274","GDF15",0.1,0,FALSE
"potassium","HAVCR2",0.1,0.9,FALSE
"CXCL9","CCL8",0.1,0.9,FALSE
"IFNG","GZMA",0.1,0.1,FALSE
"CCL8","CXCL9",0.1,0.1,FALSE
"GZMA","IFNG",0.1,0.9,FALSE
"HAVCR2","potassium",0.1,0.1,FALSE
"sex","alt",0.09,1,FALSE
"esr","hdl",0.09,0.444444444444444,FALSE
"neutrophils","glucose",0.09,0.333333333333333,FALSE
"monocytes","CXCL8",0.09,0.333333333333333,FALSE
"monocytes","IL10",0.09,0.888888888888889,FALSE
"platelets","CD274",0.09,0,FALSE
"rdw","creatinine",0.09,0,FALSE
"hdl","esr",0.09,0.555555555555556,FALSE
"hdl","bun",0.09,0.888888888888889,FALSE
"hdl","HAVCR2",0.09,0.111111111111111,FALSE
"alt","sex",0.09,0,FALSE
"ast","CCL2",0.09,0.111111111111111,FALSE
"creatinine","rdw",0.09,1,FALSE
"creatinine","calcium",0.09,1,FALSE
"bun","hdl",0.09,0.111111111111111,FALSE
"glucose","neutrophils",0.09,0.666666666666667,FALSE
"glucose","CCL8",0.09,0.888888888888889,FALSE
"wbc","VEGFA",0.09,0,FALSE
"hematocrit","CXCL8",0.09,0.888888888888889,FALSE
"potassium","LEP",0.09,1,FALSE
"calcium","creatinine",0.09,0,FALSE
"IL6","CCL8",0.09,1,FALSE
"CXCL8","monocytes",0.09,0.666666666666667,FALSE
"CXCL8","hematocrit",0.09,0.111111111111111,FALSE
"IFNG","CHI3L1",0.09,1,FALSE
"IL10","monocytes",0.09,0.111111111111111,FALSE
"CCL2","ast",0.09,0.888888888888889,FALSE
"CCL3","IGFBP7",0.09,0.888888888888889,FALSE
"CCL8","glucose",0.09,0.111111111111111,FALSE
"CCL8","IL6",0.09,0,FALSE
"CHI3L1","IFNG",0.09,0,FALSE
"CHI3L1","GZMA",0.09,0.111111111111111,FALSE
"IGFBP7","CCL3",0.09,0.111111111111111,FALSE
"GZMA","CHI3L1",0.09,0.888888888888889,FALSE
"VEGFA","wbc",0.09,1,FALSE
"HAVCR2","hdl",0.09,0.888888888888889,FALSE
"CD274","platelets",0.09,1,FALSE
"LEP","potassium",0.09,0,FALSE
"age_group","IGFBP7",0.08,1,FALSE
"sex","esr",0.08,1,FALSE
"sex","lymphocytes",0.08,1,FALSE
"cmv","glucose",0.08,1,FALSE
"cmv","TNF",0.08,1,FALSE
"esr","sex",0.08,0,FALSE
"esr","IL18",0.08,0,FALSE
"lymphocytes","sex",0.08,0,FALSE
"lymphocytes","IL1RN",0.08,0.75,FALSE
"monocytes","VEGFA",0.08,0,FALSE
"triglycerides","hematocrit",0.08,0.125,FALSE
"triglycerides","TNF",0.08,0.875,FALSE
"alt","CCL4",0.08,0,FALSE
"glucose","cmv",0.08,0,FALSE
"hematocrit","triglycerides",0.08,0.875,FALSE
"hematocrit","IL7",0.08,0,FALSE
"TNF","cmv",0.08,0,FALSE
"TNF","triglycerides",0.08,0.125,FALSE
"TNF","IGFBP7",0.08,0,FALSE
"CXCL10","CD8A",0.08,1,FALSE
"CXCL10","KLRD1",0.08,1,FALSE
"IL18","esr",0.08,1,FALSE
"IL1RN","lymphocytes",0.08,0.25,FALSE
"IL1RN","TNFRSF1B",0.08,0.125,FALSE
"IL7","hematocrit",0.08,1,FALSE
"IL7","FGF21",0.08,0.625,FALSE
"IL15","GZMA",0.08,0.625,FALSE
"CCL4","alt",0.08,1,FALSE
"GDF15","TNFRSF1B",0.08,0.25,FALSE
"FGF21","IL7",0.08,0.375,FALSE
"CHI3L1","LEP",0.08,0,FALSE
"IGFBP7","age_group",0.08,0,FALSE
"IGFBP7","TNF",0.08,1,FALSE
"TNFRSF1B","IL1RN",0.08,0.875,FALSE
"TNFRSF1B","GDF15",0.08,0.75,FALSE
"CD8A","CXCL10",0.08,0,FALSE
"GZMA","IL15",0.08,0.375,FALSE
"KLRD1","CXCL10",0.08,0,FALSE
"VEGFA","monocytes",0.08,1,FALSE
"PDCD1","CD274",0.08,1,FALSE
"CD274","PDCD1",0.08,0,FALSE
"LEP","CHI3L1",0.08,1,FALSE
"esr","potassium",0.07,0.571428571428571,FALSE
"lymphocytes","creatinine",0.07,0,FALSE
"neutrophils","CCL8",0.07,0.571428571428571,FALSE
"monocytes","CCL3",0.07,1,FALSE
"hemoglobin","TNF",0.07,1,FALSE
"platelets","GDF15",0.07,0,FALSE
"hdl","GDF15",0.07,0,FALSE
"triglycerides","FGF21",0.07,0.285714285714286,FALSE
"alt","TNF",0.07,1,FALSE
"ast","KLRD1",0.07,0.571428571428571,FALSE
"creatinine","lymphocytes",0.07,1,FALSE
"creatinine","GZMB",0.07,1,FALSE
"hematocrit","PDCD1",0.07,0,FALSE
"potassium","esr",0.07,0.428571428571428,FALSE
"calcium","IL1RN",0.07,0,FALSE
"IL6","CCL2",0.07,0.428571428571428,FALSE
"TNF","hemoglobin",0.07,0,FALSE
"TNF","alt",0.07,0,FALSE
"CXCL9","LAG3",0.07,1,FALSE
"IL18","GDF15",0.07,0,FALSE
"IL18","CD8A",0.07,1,FALSE
"IL1RN","calcium",0.07,1,FALSE
"IL1RN","CHI3L1",0.07,0.428571428571428,FALSE
"IL7","CCL8",0.07,0.571428571428571,FALSE
"CCL2","IL6",0.07,0.571428571428571,FALSE
"CCL3","monocytes",0.07,0,FALSE
"CCL8","neutrophils",0.07,0.428571428571428,FALSE
"CCL8","IL7",0.07,0.428571428571428,FALSE
"GDF15","platelets",0.07,1,FALSE
"GDF15","hdl",0.07,1,FALSE
"GDF15","IL18",0.07,1,FALSE
"GDF15","GZMA",0.07,1,FALSE
"FGF21","triglycerides",0.07,0.714285714285714,FALSE
"CHI3L1","IL1RN",0.07,0.571428571428571,FALSE
"TNFRSF1B","CD274",0.07,0.714285714285714,FALSE
"CD8A","IL18",0.07,0,FALSE
"GZMA","GDF15",0.07,0,FALSE
"GZMB","creatinine",0.07,0,FALSE
"KLRD1","ast",0.07,0.428571428571428,FALSE
"PDCD1","hematocrit",0.07,1,FALSE
"LAG3","CXCL9",0.07,0,FALSE
"HAVCR2","LEP",0.07,0,FALSE
"CD274","TNFRSF1B",0.07,0.285714285714286,FALSE
"LEP","HAVCR2",0.07,1,FALSE
"lymphocytes","hematocrit",0.07,0.142857142857143,FALSE
"neutrophils","CCL4",0.07,0.142857142857143,FALSE
"ast","GZMA",0.07,0.857142857142857,FALSE
"hematocrit","lymphocytes",0.07,0.857142857142857,FALSE
"CXCL8","CHI3L1",0.07,0.857142857142857,FALSE
"IL10","PDCD1",0.07,0.142857142857143,FALSE
"CCL4","neutrophils",0.07,0.857142857142857,FALSE
"CHI3L1","CXCL8",0.07,0.142857142857143,FALSE
"GZMA","ast",0.07,0.142857142857143,FALSE
"PDCD1","IL10",0.07,0.857142857142857,FALSE
"esr","CHI3L1",0.06,0.166666666666667,FALSE
"eosinophils","IL15",0.06,0.833333333333333,FALSE
"hdl","IL6",0.06,0.833333333333333,FALSE
"alt","IL6",0.06,0.166666666666667,FALSE
"bun","CCL4",0.06,0.166666666666667,FALSE
"hematocrit","GZMA",0.06,0.166666666666667,FALSE
"IL6","hdl",0.06,0.166666666666667,FALSE
"IL6","alt",0.06,0.833333333333333,FALSE
"IL18","KLRD1",0.06,0.166666666666667,FALSE
"IL15","eosinophils",0.06,0.166666666666667,FALSE
"IL15","MMP12",0.06,0.833333333333333,FALSE
"CCL3","HAVCR2",0.06,0.166666666666667,FALSE
"CCL4","bun",0.06,0.833333333333333,FALSE
"GDF15","HAVCR2",0.06,0.166666666666667,FALSE
"CHI3L1","esr",0.06,0.833333333333333,FALSE
"IGFBP7","PDCD1",0.06,0.833333333333333,FALSE
"GZMA","hematocrit",0.06,0.833333333333333,FALSE
"KLRD1","IL18",0.06,0.833333333333333,FALSE
"MMP12","IL15",0.06,0.166666666666667,FALSE
"PDCD1","IGFBP7",0.06,0.166666666666667,FALSE
"HAVCR2","CCL3",0.06,0.833333333333333,FALSE
"HAVCR2","GDF15",0.06,0.833333333333333,FALSE
"age_group","neutrophils",0.06,1,FALSE
"cmv","CCL4",0.06,1,FALSE
"esr","creatinine",0.06,0,FALSE
"neutrophils","age_group",0.06,0,FALSE
"neutrophils","ast",0.06,1,FALSE
"monocytes","GZMB",0.06,1,FALSE
"platelets","IL18",0.06,0.333333333333333,FALSE
"platelets","GZMA",0.06,0.666666666666667,FALSE
"rdw","CCL11",0.06,0.666666666666667,FALSE
"hdl","IL18",0.06,0,FALSE
"hdl","TNFRSF1A",0.06,1,FALSE
"ldl","GZMB",0.06,1,FALSE
"alt","GDF15",0.06,0,FALSE
"ast","neutrophils",0.06,0,FALSE
"creatinine","esr",0.06,1,FALSE
"creatinine","CCL2",0.06,1,FALSE
"bun","TNF",0.06,0,FALSE
"bun","CCL2",0.06,1,FALSE
"wbc","IL15",0.06,0.666666666666667,FALSE
"hematocrit","CCL8",0.06,0,FALSE
"hematocrit","FGF21",0.06,0,FALSE
"TNF","bun",0.06,1,FALSE
"TNF","CD274",0.06,0,FALSE
"CXCL9","GDF15",0.06,0,FALSE
"CXCL10","GZMA",0.06,1,FALSE
"CXCL11","CD8A",0.06,0.666666666666667,FALSE
"IFNG","IL18",0.06,0.666666666666667,FALSE
"IFNG","FGF21",0.06,1,FALSE
"IFNG","LAG3",0.06,0,FALSE
"IL18","platelets",0.06,0.666666666666667,FALSE
"IL18","hdl",0.06,1,FALSE
"IL18","IFNG",0.06,0.333333333333333,FALSE
"IL18","CHI3L1",0.06,1,FALSE
"IL18","GZMB",0.06,0.5,FALSE
"IL18","VEGFA",0.06,1,FALSE
"IL1RN","CD8A",0.06,1,FALSE
"IL15","wbc",0.06,0.333333333333333,FALSE
"CCL2","creatinine",0.06,0,FALSE
"CCL2","bun",0.06,0,FALSE
"CCL3","CCL8",0.06,1,FALSE
"CCL4","cmv",0.06,0,FALSE
"CCL8","hematocrit",0.06,1,FALSE
"CCL8","CCL3",0.06,0,FALSE
"CCL11","rdw",0.06,0.333333333333333,FALSE
"GDF15","alt",0.06,1,FALSE
"GDF15","CXCL9",0.06,1,FALSE
"FGF21","hematocrit",0.06,1,FALSE
"FGF21","IFNG",0.06,0,FALSE
"CHI3L1","IL18",0.06,0,FALSE
"TNFRSF1A","hdl",0.06,0,FALSE
"CD8A","CXCL11",0.06,0.333333333333333,FALSE
"CD8A","IL1RN",0.06,0,FALSE
"GZMA","platelets",0.06,0.333333333333333,FALSE
"GZMA","CXCL10",0.06,0,FALSE
"GZMB","monocytes",0.06,0,FALSE
"GZMB","ldl",0.06,0,FALSE
"GZMB","IL18",0.06,0.5,FALSE
"VEGFA","IL18",0.06,0,FALSE
"PDCD1","LEP",0.06,0,FALSE
"LAG3","IFNG",0.06,1,FALSE
"CD274","TNF",0.06,1,FALSE
"LEP","PDCD1",0.06,1,FALSE
"age_group","lymphocytes",0.05,1,FALSE
"age_group","CCL2",0.05,1,FALSE
"age_group","LAG3",0.05,1,FALSE
"sex","CXCL11",0.05,1,FALSE
"crp","CXCL8",0.05,1,FALSE
"esr","hemoglobin",0.05,0,FALSE
"esr","CXCL10",0.05,0,FALSE
"lymphocytes","age_group",0.05,0,FALSE
"lymphocytes","CCL3",0.05,0,FALSE
"neutrophils","CD8A",0.05,0.8,FALSE
"monocytes","IL1RN",0.05,0,FALSE
"monocytes","LEP",0.05,0,FALSE
"hemoglobin","esr",0.05,1,FALSE
"platelets","calcium",0.05,0.8,FALSE
"platelets","IL6",0.05,0.2,FALSE
"rdw","GZMB",0.05,0.8,FALSE
"rdw","PDCD1",0.05,0.6,FALSE
"hdl","IL15",0.05,0.2,FALSE
"ldl","alt",0.05,0.6,FALSE
"triglycerides","wbc",0.05,1,FALSE
"triglycerides","GDF15",0.05,0,FALSE
"alt","ldl",0.05,0.4,FALSE
"alt","TNFRSF1A",0.05,0,FALSE
"ast","albumin",0.05,0,FALSE
"ast","GZMB",0.05,0.6,FALSE
"albumin","ast",0.05,1,FALSE
"creatinine","HAVCR2",0.05,1,FALSE
"bun","IL15",0.05,0,FALSE
"bun","CD274",0.05,1,FALSE
"wbc","triglycerides",0.05,0,FALSE
"wbc","CCL4",0.05,0.6,FALSE
"calcium","platelets",0.05,0.2,FALSE
"calcium","HAVCR2",0.05,0,FALSE
"IL6","platelets",0.05,0.8,FALSE
"TNF","CXCL11",0.05,0,FALSE
"TNF","IL15",0.05,1,FALSE
"TNF","CHI3L1",0.05,1,FALSE
"TNF","TNFRSF1B",0.05,0.8,FALSE
"CXCL8","crp",0.05,0,FALSE
"CXCL8","IL18",0.05,0.2,FALSE
"CXCL9","IL7",0.05,0.2,FALSE
"CXCL9","CD8A",0.05,1,FALSE
"CXCL9","VEGFA",0.05,0.4,FALSE
"CXCL10","esr",0.05,1,FALSE
"CXCL11","sex",0.05,0,FALSE
"CXCL11","TNF",0.05,1,FALSE
"CXCL11","CCL3",0.05,1,FALSE
"IL18","CXCL8",0.05,0.8,FALSE
"IL1RN","monocytes",0.05,1,FALSE
"IL1RN","MMP12",0.05,1,FALSE
"IL7","CXCL9",0.05,0.8,FALSE
"IL15","hdl",0.05,0.8,FALSE
"IL15","bun",0.05,1,FALSE
"IL15","TNF",0.05,0,FALSE
"IL15","LAG3",0.05,1,FALSE
"CCL2","age_group",0.05,0,FALSE
"CCL3","lymphocytes",0.05,1,FALSE
"CCL3","CXCL11",0.05,0,FALSE
"CCL4","wbc",0.05,0.4,FALSE
"GDF15","triglycerides",0.05,1,FALSE
"CHI3L1","TNF",0.05,0,FALSE
"TNFRSF1A","alt",0.05,1,FALSE
"TNFRSF1B","TNF",0.05,0.2,FALSE
"CD8A","neutrophils",0.05,0.2,FALSE
"CD8A","CXCL9",0.05,0,FALSE
"GZMB","rdw",0.05,0.2,FALSE
"GZMB","ast",0.05,0.4,FALSE
"GZMB","LEP",0.05,0,FALSE
"MMP12","IL1RN",0.05,0,FALSE
"VEGFA","CXCL9",0.05,0.6,FALSE
"PDCD1","rdw",0.05,0.4,FALSE
"LAG3","age_group",0.05,0,FALSE
"LAG3","IL15",0.05,0,FALSE
"LAG3","HAVCR2",0.05,0,FALSE
"HAVCR2","creatinine",0.05,0,FALSE
"HAVCR2","calcium",0.05,1,FALSE
"HAVCR2","LAG3",0.05,1,FALSE
"CD274","bun",0.05,0,FALSE
"LEP","monocytes",0.05,1,FALSE
"LEP","GZMB",0.05,1,FALSE
"esr","glucose",0.04,0,FALSE
"esr","CXCL11",0.04,1,FALSE
"lymphocytes","GDF15",0.04,0,FALSE
"monocytes","creatinine",0.04,0.25,FALSE
"monocytes","CCL11",0.04,1,FALSE
"monocytes","LAG3",0.04,1,FALSE
"eosinophils","platelets",0.04,0.25,FALSE
"eosinophils","CCL2",0.04,1,FALSE
"eosinophils","CD8A",0.04,1,FALSE
"hemoglobin","CXCL11",0.04,1,FALSE
"platelets","eosinophils",0.04,0.75,FALSE
"rdw","IL1RN",0.04,0.5,FALSE
"rdw","GZMA",0.04,1,FALSE
"hdl","calcium",0.04,1,FALSE
"hdl","CCL3",0.04,0,FALSE
"triglycerides","ast",0.04,1,FALSE
"ast","triglycerides",0.04,0,FALSE
"ast","wbc",0.04,1,FALSE
"albumin","CXCL11",0.04,1,FALSE
"albumin","CCL8",0.04,0.5,FALSE
"albumin","TNFRSF1A",0.04,0.75,FALSE
"albumin","CD8A",0.04,0.75,FALSE
"creatinine","monocytes",0.04,0.75,FALSE
"creatinine","TNF",0.04,1,FALSE
"bun","CCL3",0.04,0.25,FALSE
"glucose","esr",0.04,1,FALSE
"glucose","IL18",0.04,0.5,FALSE
"glucose","IL1RN",0.04,0.25,FALSE
"glucose","CCL11",0.04,0.75,FALSE
"wbc","ast",0.04,0,FALSE
"wbc","hematocrit",0.04,0,FALSE
"wbc","IGFBP7",0.04,0.75,FALSE
"hematocrit","wbc",0.04,1,FALSE
"hematocrit","potassium",0.04,0,FALSE
"hematocrit","IL18",0.04,1,FALSE
"potassium","hematocrit",0.04,1,FALSE
"potassium","IGFBP7",0.04,1,FALSE
"calcium","hdl",0.04,0,FALSE
"calcium","TNFRSF1B",0.04,0,FALSE
"IL6","CCL3",0.04,1,FALSE
"IL6","GZMA",0.04,1,FALSE
"IL6","CD274",0.04,0.25,FALSE
"TNF","creatinine",0.04,0,FALSE
"TNF","IL18",0.04,0,FALSE
"CXCL9","IL1RN",0.04,1,FALSE
"CXCL9","TNFRSF1A",0.04,0,FALSE
"CXCL11","esr",0.04,0,FALSE
"CXCL11","hemoglobin",0.04,0,FALSE
"CXCL11","albumin",0.04,0,FALSE
"CXCL11","CCL8",0.04,0.75,FALSE
"IL18","glucose",0.04,0.5,FALSE
"IL18","hematocrit",0.04,0,FALSE
"IL18","TNF",0.04,1,FALSE
"IL18","CCL8",0.04,0.5,FALSE
"IL10","CCL4",0.04,0,FALSE
"IL1RN","rdw",0.04,0.5,FALSE
"IL1RN","glucose",0.04,0.75,FALSE
"IL1RN","CXCL9",0.04,0,FALSE
"IL1RN","GDF15",0.04,0,FALSE
"IL1RN","TNFRSF1A",0.04,0.25,FALSE
"CCL2","eosinophils",0.04,0,FALSE
"CCL3","hdl",0.04,1,FALSE
"CCL3","bun",0.04,0.75,FALSE
"CCL3","IL6",0.04,0,FALSE
"CCL3","PDCD1",0.04,0.5,FALSE
"CCL4","IL10",0.04,1,FALSE
"CCL4","VEGFA",0.04,0.25,FALSE
"CCL8","albumin",0.04,0.5,FALSE
"CCL8","CXCL11",0.04,0.25,FALSE
"CCL8","IL18",0.04,0.5,FALSE
"CCL11","monocytes",0.04,0,FALSE
"CCL11","glucose",0.04,0.25,FALSE
"CCL11","CHI3L1",0.04,0.25,FALSE
"CCL11","IGFBP7",0.04,0.25,FALSE
"CCL11","TNFRSF1A",0.04,0.75,FALSE
"GDF15","lymphocytes",0.04,1,FALSE
"GDF15","IL1RN",0.04,1,FALSE
"FGF21","CD8A",0.04,1,FALSE
"FGF21","LAG3",0.04,1,FALSE
"CHI3L1","CCL11",0.04,0.75,FALSE
"IGFBP7","wbc",0.04,0.25,FALSE
"IGFBP7","potassium",0.04,0,FALSE
"IGFBP7","CCL11",0.04,0.75,FALSE
"IGFBP7","LEP",0.04,0,FALSE
"TNFRSF1A","albumin",0.04,0.25,FALSE
"TNFRSF1A","CXCL9",0.04,1,FALSE
"TNFRSF1A","IL1RN",0.04,0.75,FALSE
"TNFRSF1A","CCL11",0.04,0.25,FALSE
"TNFRSF1B","calcium",0.04,1,FALSE
"TNFRSF1B","CD8A",0.04,0.875,FALSE
"CD8A","eosinophils",0.04,0,FALSE
"CD8A","albumin",0.04,0.25,FALSE
"CD8A","FGF21",0.04,0,FALSE
"CD8A","TNFRSF1B",0.04,0.125,FALSE
"GZMA","rdw",0.04,0,FALSE
"GZMA","IL6",0.04,0,FALSE
"GZMA","PDCD1",0.04,0,FALSE
"KLRD1","LAG3",0.04,0,FALSE
"VEGFA","CCL4",0.04,0.75,FALSE
"PDCD1","CCL3",0.04,0.5,FALSE
"PDCD1","GZMA",0.04,1,FALSE
"LAG3","monocytes",0.04,0,FALSE
"LAG3","FGF21",0.04,0,FALSE
"LAG3","KLRD1",0.04,1,FALSE
"CD274","IL6",0.04,0.75,FALSE
"LEP","IGFBP7",0.04,1,FALSE
"age_group","eosinophils",0.03,1,FALSE
"age_group","CXCL8",0.03,1,FALSE
"sex","glucose",0.03,1,FALSE
"sex","CXCL9",0.03,1,FALSE
"sex","VEGFA",0.03,1,FALSE
"cmv","CCL8",0.03,1,FALSE
"crp","calcium",0.03,0.666666666666667,FALSE
"crp","CCL3",0.03,0.333333333333333,FALSE
"crp","PDCD1",0.03,1,FALSE
"crp","LAG3",0.03,0.333333333333333,FALSE
"esr","ldl",0.03,0.333333333333333,FALSE
"esr","bun",0.03,1,FALSE
"neutrophils","hematocrit",0.03,0.666666666666667,FALSE
"neutrophils","LEP",0.03,0,FALSE
"monocytes","ast",0.03,0,FALSE
"monocytes","glucose",0.03,0.333333333333333,FALSE
"monocytes","CCL2",0.03,0.333333333333333,FALSE
"monocytes","CD8A",0.03,1,FALSE
"eosinophils","age_group",0.03,0,FALSE
"eosinophils","IL10",0.03,0,FALSE
"eosinophils","GZMA",0.03,1,FALSE
"hemoglobin","potassium",0.03,1,FALSE
"hemoglobin","CCL4",0.03,1,FALSE
"platelets","alt",0.03,0.333333333333333,FALSE
"platelets","CXCL9",0.03,0,FALSE
"platelets","TNFRSF1A",0.03,1,FALSE
"platelets","TNFRSF1B",0.03,0,FALSE
"rdw","hdl",0.03,1,FALSE
"rdw","ldl",0.03,0.333333333333333,FALSE
"rdw","bun",0.03,0.333333333333333,FALSE
"hdl","rdw",0.03,0,FALSE
"hdl","IGFBP7",0.03,1,FALSE
"hdl","GZMA",0.03,0.333333333333333,FALSE
"hdl","GZMB",0.03,1,FALSE
"ldl","esr",0.03,0.666666666666667,FALSE
"ldl","rdw",0.03,0.666666666666667,FALSE
"ldl","IL18",0.03,1,FALSE
"ldl","CCL2",0.03,0,FALSE
"triglycerides","CD8A",0.03,1,FALSE
"alt","platelets",0.03,0.666666666666667,FALSE
"alt","creatinine",0.03,0,FALSE
"alt","FGF21",0.03,0,FALSE
"alt","CD8A",0.03,1,FALSE
"alt","CD274",0.03,0,FALSE
"ast","monocytes",0.03,1,FALSE
"albumin","potassium",0.03,1,FALSE
"creatinine","alt",0.03,1,FALSE
"creatinine","TNFRSF1A",0.03,0.666666666666667,FALSE
"bun","esr",0.03,0,FALSE
"bun","rdw",0.03,0.666666666666667,FALSE
"bun","CHI3L1",0.03,1,FALSE
"bun","IGFBP7",0.03,1,FALSE
"bun","KLRD1",0.03,1,FALSE
"glucose","sex",0.03,0,FALSE
"glucose","monocytes",0.03,0.666666666666667,FALSE
"glucose","hematocrit",0.03,0,FALSE
"wbc","CD8A",0.03,1,FALSE
"wbc","GZMA",0.03,1,FALSE
"wbc","KLRD1",0.03,1,FALSE
"hematocrit","neutrophils",0.03,0.333333333333333,FALSE
"hematocrit","glucose",0.03,1,FALSE
"hematocrit","CXCL10",0.03,0,FALSE
"hematocrit","IL15",0.03,0,FALSE
"hematocrit","CCL3",0.03,1,FALSE
"hematocrit","VEGFA",0.03,0.666666666666667,FALSE
"potassium","hemoglobin",0.03,0,FALSE
"potassium","albumin",0.03,0,FALSE
"potassium","CCL4",0.03,1,FALSE
"calcium","crp",0.03,0.333333333333333,FALSE
"calcium","CCL2",0.03,1,FALSE
"calcium","KLRD1",0.03,1,FALSE
"IL6","CXCL9",0.03,0,FALSE
"IL6","MMP12",0.03,1,FALSE
"TNF","IL7",0.03,0.666666666666667,FALSE
"TNF","CCL2",0.03,1,FALSE
"TNF","GZMA",0.03,0,FALSE
"CXCL8","age_group",0.03,0,FALSE
"CXCL8","FGF21",0.03,1,FALSE
"CXCL9","sex",0.03,0,FALSE
"CXCL9","platelets",0.03,1,FALSE
"CXCL9","IL6",0.03,1,FALSE
"CXCL10","hematocrit",0.03,1,FALSE
"CXCL10","GDF15",0.03,0,FALSE
"IFNG","CCL2",0.03,1,FALSE
"IFNG","CCL4",0.03,0.333333333333333,FALSE
"IFNG","TNFRSF1B",0.03,1,FALSE
"IL18","ldl",0.03,0,FALSE
"IL18","TNFRSF1B",0.03,0,FALSE
"IL10","eosinophils",0.03,1,FALSE
"IL10","IGFBP7",0.03,0.333333333333333,FALSE
"IL7","TNF",0.03,0.333333333333333,FALSE
"IL7","GDF15",0.03,1,FALSE
"IL7","CD8A",0.03,0.666666666666667,FALSE
"IL15","hematocrit",0.03,1,FALSE
"IL15","IGFBP7",0.03,0.666666666666667,FALSE
"IL15","CD274",0.03,0,FALSE
"CCL2","monocytes",0.03,0.666666666666667,FALSE
"CCL2","ldl",0.03,1,FALSE
"CCL2","calcium",0.03,0,FALSE
"CCL2","TNF",0.03,0,FALSE
"CCL2","IFNG",0.03,0,FALSE
"CCL2","IGFBP7",0.03,1,FALSE
"CCL2","LEP",0.03,0,FALSE
"CCL3","crp",0.03,0.666666666666667,FALSE
"CCL3","hematocrit",0.03,0,FALSE
"CCL3","KLRD1",0.03,0.666666666666667,FALSE
"CCL4","hemoglobin",0.03,0,FALSE
"CCL4","potassium",0.03,0,FALSE
"CCL4","IFNG",0.03,0.666666666666667,FALSE
"CCL8","cmv",0.03,0,FALSE
"CCL8","LEP",0.03,0.333333333333333,FALSE
"CCL11","LEP",0.03,0,FALSE
"GDF15","CXCL10",0.03,1,FALSE
"GDF15","IL7",0.03,0,FALSE
"GDF15","CD8A",0.03,0.666666666666667,FALSE
"FGF21","alt",0.03,1,FALSE
"FGF21","CXCL8",0.03,0,FALSE
"CHI3L1","bun",0.03,0,FALSE
"IGFBP7","hdl",0.03,0,FALSE
"IGFBP7","bun",0.03,0,FALSE
"IGFBP7","IL10",0.03,0.666666666666667,FALSE
"IGFBP7","IL15",0.03,0.333333333333333,FALSE
"IGFBP7","CCL2",0.03,0,FALSE
"TNFRSF1A","platelets",0.03,0,FALSE
"TNFRSF1A","creatinine",0.03,0.333333333333333,FALSE
"TNFRSF1A","MMP12",0.03,0.666666666666667,FALSE
"TNFRSF1B","platelets",0.03,1,FALSE
"TNFRSF1B","IFNG",0.03,0,FALSE
"TNFRSF1B","IL18",0.03,1,FALSE
"CD8A","monocytes",0.03,0,FALSE
"CD8A","triglycerides",0.03,0,FALSE
"CD8A","alt",0.03,0,FALSE
"CD8A","wbc",0.03,0,FALSE
"CD8A","IL7",0.03,0.333333333333333,FALSE
"CD8A","GDF15",0.03,0.333333333333333,FALSE
"CD8A","VEGFA",0.03,0,FALSE
"GZMA","eosinophils",0.03,0,FALSE
"GZMA","hdl",0.03,0.666666666666667,FALSE
"GZMA","wbc",0.03,0,FALSE
"GZMA","TNF",0.03,1,FALSE
"GZMB","hdl",0.03,0,FALSE
"KLRD1","bun",0.03,0,FALSE
"KLRD1","wbc",0.03,0,FALSE
"KLRD1","calcium",0.03,0,FALSE
"KLRD1","CCL3",0.03,0.333333333333333,FALSE
"MMP12","IL6",0.03,0,FALSE
"MMP12","TNFRSF1A",0.03,0.333333333333333,FALSE
"VEGFA","sex",0.03,0,FALSE
"VEGFA","hematocrit",0.03,0.333333333333333,FALSE
"VEGFA","CD8A",0.03,1,FALSE
"PDCD1","crp",0.03,0,FALSE
"LAG3","crp",0.03,0.666666666666667,FALSE
"CD274","alt",0.03,1,FALSE
"CD274","IL15",0.03,1,FALSE
"LEP","neutrophils",0.03,1,FALSE
"LEP","CCL2",0.03,1,FALSE
"LEP","CCL8",0.03,0.666666666666667,FALSE
"LEP","CCL11",0.03,1,FALSE
"age_group","esr",0.02,1,FALSE
"age_group","IL6",0.02,1,FALSE
"sex","platelets",0.02,1,FALSE
"sex","hdl",0.02,1,FALSE
"sex","CCL3",0.02,1,FALSE
"sex","PDCD1",0.02,1,FALSE
"crp","rdw",0.02,0,FALSE
"crp","IL18",0.02,0.5,FALSE
"crp","IL7",0.02,1,FALSE
"crp","IGFBP7",0.02,0,FALSE
"crp","GZMA",0.02,1,FALSE
"esr","age_group",0.02,0,FALSE
"esr","alt",0.02,1,FALSE
"esr","wbc",0.02,1,FALSE
"lymphocytes","alt",0.02,0,FALSE
"lymphocytes","TNF",0.02,0,FALSE
"lymphocytes","IL18",0.02,1,FALSE
"lymphocytes","CCL8",0.02,0,FALSE
"lymphocytes","GZMB",0.02,0,FALSE
"lymphocytes","VEGFA",0.02,0,FALSE
"neutrophils","CXCL9",0.02,0,FALSE
"neutrophils","IL18",0.02,0,FALSE
"neutrophils","IGFBP7",0.02,0.5,FALSE
"monocytes","bun",0.02,1,FALSE
"monocytes","CXCL11",0.02,1,FALSE
"monocytes","IL15",0.02,0,FALSE
"monocytes","CCL4",0.02,1,FALSE
"eosinophils","MMP12",0.02,1,FALSE
"hemoglobin","hdl",0.02,1,FALSE
"hemoglobin","IL6",0.02,1,FALSE
"hemoglobin","IFNG",0.02,1,FALSE
"hemoglobin","IGFBP7",0.02,1,FALSE
"hemoglobin","MMP12",0.02,1,FALSE
"hemoglobin","CD274",0.02,1,FALSE
"platelets","sex",0.02,0,FALSE
"platelets","rdw",0.02,0,FALSE
"platelets","CCL2",0.02,1,FALSE
"platelets","LEP",0.02,0,FALSE
"rdw","crp",0.02,1,FALSE
"rdw","platelets",0.02,1,FALSE
"rdw","ast",0.02,1,FALSE
"rdw","TNF",0.02,1,FALSE
"hdl","sex",0.02,0,FALSE
"hdl","hemoglobin",0.02,0,FALSE
"hdl","albumin",0.02,0.5,FALSE
"hdl","wbc",0.02,0.5,FALSE
"hdl","CCL11",0.02,1,FALSE
"hdl","LEP",0.02,1,FALSE
"ldl","CXCL10",0.02,1,FALSE
"ldl","IL15",0.02,0.5,FALSE
"ldl","GDF15",0.02,0.5,FALSE
"ldl","TNFRSF1B",0.02,0.5,FALSE
"ldl","GZMA",0.02,1,FALSE
"ldl","LAG3",0.02,1,FALSE
"triglycerides","albumin",0.02,1,FALSE
"triglycerides","CXCL10",0.02,1,FALSE
"triglycerides","IL15",0.02,0,FALSE
"alt","esr",0.02,0,FALSE
"alt","lymphocytes",0.02,1,FALSE
"alt","CCL11",0.02,1,FALSE
"alt","HAVCR2",0.02,1,FALSE
"alt","LEP",0.02,1,FALSE
"ast","rdw",0.02,0,FALSE
"ast","TNF",0.02,1,FALSE
"ast","IL15",0.02,0.5,FALSE
"ast","IGFBP7",0.02,0.5,FALSE
"albumin","hdl",0.02,0.5,FALSE
"albumin","triglycerides",0.02,0,FALSE
"albumin","wbc",0.02,1,FALSE
"albumin","CCL2",0.02,1,FALSE
"albumin","MMP12",0.02,0.5,FALSE
"albumin","VEGFA",0.02,0.5,FALSE
"creatinine","CXCL9",0.02,0,FALSE
"creatinine","CD8A",0.02,1,FALSE
"bun","monocytes",0.02,0,FALSE
"bun","glucose",0.02,1,FALSE
"bun","IL18",0.02,0,FALSE
"bun","GZMA",0.02,1,FALSE
"bun","VEGFA",0.02,1,FALSE
"glucose","bun",0.02,0,FALSE
"glucose","wbc",0.02,1,FALSE
"glucose","CXCL9",0.02,1,FALSE
"glucose","CCL2",0.02,1,FALSE
"glucose","MMP12",0.02,1,FALSE
"glucose","LEP",0.02,0,FALSE
"wbc","esr",0.02,0,FALSE
"wbc","hdl",0.02,0.5,FALSE
"wbc","albumin",0.02,0,FALSE
"wbc","glucose",0.02,0,FALSE
"potassium","IL6",0.02,1,FALSE
"potassium","CCL2",0.02,1,FALSE
"IL6","age_group",0.02,0,FALSE
"IL6","hemoglobin",0.02,0,FALSE
"IL6","potassium",0.02,0,FALSE
"TNF","lymphocytes",0.02,1,FALSE
"TNF","rdw",0.02,0,FALSE
"TNF","ast",0.02,0,FALSE
"CXCL8","CXCL10",0.02,0.5,FALSE
"CXCL9","neutrophils",0.02,1,FALSE
"CXCL9","creatinine",0.02,1,FALSE
"CXCL9","glucose",0.02,0,FALSE
"CXCL9","IL10",0.02,0.5,FALSE
"CXCL9","GZMB",0.02,1,FALSE
"CXCL10","ldl",0.02,0,FALSE
"CXCL10","triglycerides",0.02,0,FALSE
"CXCL10","CXCL8",0.02,0.5,FALSE
"CXCL10","IL7",0.02,1,FALSE
"CXCL10","CCL11",0.02,1,FALSE
"CXCL10","LAG3",0.02,1,FALSE
"CXCL11","monocytes",0.02,0,FALSE
"CXCL11","IL15",0.02,1,FALSE
"CXCL11","CHI3L1",0.02,0,FALSE
"CXCL11","MMP12",0.02,0.5,FALSE
"IFNG","hemoglobin",0.02,0,FALSE
"IFNG","CCL3",0.02,0.5,FALSE
"IFNG","IGFBP7",0.02,0.5,FALSE
"IL18","crp",0.02,0.5,FALSE
"IL18","lymphocytes",0.02,0,FALSE
"IL18","neutrophils",0.02,1,FALSE
"IL18","bun",0.02,1,FALSE
"IL18","CCL3",0.02,0,FALSE
"IL18","CCL11",0.02,0,FALSE
"IL18","TNFRSF1A",0.02,0,FALSE
"IL10","CXCL9",0.02,0.5,FALSE
"IL1RN","IL15",0.02,0,FALSE
"IL1RN","CCL11",0.02,0.5,FALSE
"IL1RN","FGF21",0.02,1,FALSE
"IL7","crp",0.02,0,FALSE
"IL7","CXCL10",0.02,0,FALSE
"IL7","GZMB",0.02,0,FALSE
"IL7","CD274",0.02,0.5,FALSE
"IL15","monocytes",0.02,1,FALSE
"IL15","ldl",0.02,0.5,FALSE
"IL15","triglycerides",0.02,1,FALSE
"IL15","ast",0.02,0.5,FALSE
"IL15","CXCL11",0.02,0,FALSE
"IL15","IL1RN",0.02,1,FALSE
"IL15","CHI3L1",0.02,0.5,FALSE
"IL15","GZMB",0.02,0,FALSE
"CCL2","platelets",0.02,0,FALSE
"CCL2","albumin",0.02,0,FALSE
"CCL2","glucose",0.02,0,FALSE
"CCL2","potassium",0.02,0,FALSE
"CCL2","HAVCR2",0.02,0,FALSE
"CCL3","sex",0.02,0,FALSE
"CCL3","IFNG",0.02,0.5,FALSE
"CCL3","IL18",0.02,1,FALSE
"CCL3","TNFRSF1A",0.02,0,FALSE
"CCL4","monocytes",0.02,0,FALSE
"CCL8","lymphocytes",0.02,1,FALSE
"CCL8","GDF15",0.02,1,FALSE
"CCL8","CD8A",0.02,1,FALSE
"CCL8","LAG3",0.02,0,FALSE
"CCL8","HAVCR2",0.02,1,FALSE
"CCL11","hdl",0.02,0,FALSE
"CCL11","alt",0.02,0,FALSE
"CCL11","CXCL10",0.02,0,FALSE
"CCL11","IL18",0.02,1,FALSE
"CCL11","IL1RN",0.02,0.5,FALSE
"CCL11","TNFRSF1B",0.02,0,FALSE
"CCL11","CD8A",0.02,1,FALSE
"GDF15","ldl",0.02,0.5,FALSE
"GDF15","CCL8",0.02,0,FALSE
"GDF15","GZMB",0.02,1,FALSE
"FGF21","IL1RN",0.02,0,FALSE
"FGF21","VEGFA",0.02,1,FALSE
"CHI3L1","CXCL11",0.02,1,FALSE
"CHI3L1","IL15",0.02,0.5,FALSE
"CHI3L1","CD8A",0.02,0,FALSE
"CHI3L1","GZMB",0.02,0,FALSE
"IGFBP7","crp",0.02,1,FALSE
"IGFBP7","neutrophils",0.02,0.5,FALSE
"IGFBP7","hemoglobin",0.02,0,FALSE
"IGFBP7","ast",0.02,0.5,FALSE
"IGFBP7","IFNG",0.02,0.5,FALSE
"IGFBP7","TNFRSF1B",0.02,0,FALSE
"IGFBP7","GZMB",0.02,0.5,FALSE
"TNFRSF1A","IL18",0.02,1,FALSE
"TNFRSF1A","CCL3",0.02,1,FALSE
"TNFRSF1A","LAG3",0.02,1,FALSE
"TNFRSF1B","ldl",0.02,0.5,FALSE
"TNFRSF1B","CCL11",0.02,1,FALSE
"TNFRSF1B","IGFBP7",0.02,1,FALSE
"CD8A","creatinine",0.02,0,FALSE
"CD8A","CCL8",0.02,0,FALSE
"CD8A","CCL11",0.02,0,FALSE
"CD8A","CHI3L1",0.02,1,FALSE
"CD8A","HAVCR2",0.02,1,FALSE
"GZMA","crp",0.02,0,FALSE
"GZMA","ldl",0.02,0,FALSE
"GZMA","bun",0.02,0,FALSE
"GZMA","VEGFA",0.02,0,FALSE
"GZMB","lymphocytes",0.02,1,FALSE
"GZMB","CXCL9",0.02,0,FALSE
"GZMB","IL7",0.02,1,FALSE
"GZMB","IL15",0.02,1,FALSE
"GZMB","GDF15",0.02,0,FALSE
"GZMB","CHI3L1",0.02,1,FALSE
"GZMB","IGFBP7",0.02,0.5,FALSE
"GZMB","MMP12",0.02,1,FALSE
"GZMB","VEGFA",0.02,1,FALSE
"GZMB","HAVCR2",0.02,0,FALSE
"MMP12","eosinophils",0.02,0,FALSE
"MMP12","hemoglobin",0.02,0,FALSE
"MMP12","albumin",0.02,0.5,FALSE
"MMP12","glucose",0.02,0,FALSE
"MMP12","CXCL11",0.02,0.5,FALSE
"MMP12","GZMB",0.02,0,FALSE
"MMP12","HAVCR2",0.02,0,FALSE
"VEGFA","lymphocytes",0.02,1,FALSE
"VEGFA","albumin",0.02,0.5,FALSE
"VEGFA","bun",0.02,0,FALSE
"VEGFA","FGF21",0.02,0,FALSE
"VEGFA","GZMA",0.02,1,FALSE
"VEGFA","GZMB",0.02,0,FALSE
"PDCD1","sex",0.02,0,FALSE
"LAG3","ldl",0.02,0,FALSE
"LAG3","CXCL10",0.02,0,FALSE
"LAG3","CCL8",0.02,1,FALSE
"LAG3","TNFRSF1A",0.02,0,FALSE
"HAVCR2","alt",0.02,0,FALSE
"HAVCR2","CCL2",0.02,1,FALSE
"HAVCR2","CCL8",0.02,0,FALSE
"HAVCR2","CD8A",0.02,0,FALSE
"HAVCR2","GZMB",0.02,1,FALSE
"HAVCR2","MMP12",0.02,1,FALSE
"CD274","hemoglobin",0.02,0,FALSE
"CD274","IL7",0.02,0.5,FALSE
"LEP","platelets",0.02,1,FALSE
"LEP","hdl",0.02,0,FALSE
"LEP","alt",0.02,0,FALSE
"LEP","glucose",0.02,1,FALSE
"age_group","crp",0.01,1,FALSE
"age_group","albumin",0.01,1,FALSE
"age_group","wbc",0.01,1,FALSE
"age_group","IL1RN",0.01,1,FALSE
"age_group","TNFRSF1B",0.01,1,FALSE
"age_group","MMP12",0.01,1,FALSE
"sex","IL6",0.01,1,FALSE
"sex","IL10",0.01,1,FALSE
"sex","GZMB",0.01,1,FALSE
"cmv","platelets",0.01,1,FALSE
"cmv","ldl",0.01,1,FALSE
"cmv","IL10",0.01,1,FALSE
"cmv","IL7",0.01,1,FALSE
"cmv","TNFRSF1B",0.01,1,FALSE
"cmv","CD274",0.01,1,FALSE
"crp","age_group",0.01,0,FALSE
"crp","lymphocytes",0.01,1,FALSE
"crp","monocytes",0.01,0,FALSE
"crp","triglycerides",0.01,1,FALSE
"crp","bun",0.01,1,FALSE
"crp","hematocrit",0.01,1,FALSE
"crp","IFNG",0.01,0,FALSE
"crp","CCL4",0.01,0,FALSE
"crp","CHI3L1",0.01,1,FALSE
"crp","MMP12",0.01,1,FALSE
"esr","CXCL9",0.01,0,FALSE
"esr","CCL4",0.01,1,FALSE
"esr","CCL8",0.01,1,FALSE
"esr","CCL11",0.01,0,FALSE
"esr","GDF15",0.01,0,FALSE
"esr","IGFBP7",0.01,1,FALSE
"esr","MMP12",0.01,0,FALSE
"esr","LAG3",0.01,0,FALSE
"esr","HAVCR2",0.01,0,FALSE
"esr","LEP",0.01,0,FALSE
"lymphocytes","crp",0.01,0,FALSE
"lymphocytes","albumin",0.01,0,FALSE
"lymphocytes","CXCL8",0.01,0,FALSE
"lymphocytes","CHI3L1",0.01,1,FALSE
"lymphocytes","TNFRSF1B",0.01,1,FALSE
"lymphocytes","LAG3",0.01,0,FALSE
"lymphocytes","HAVCR2",0.01,1,FALSE
"neutrophils","hdl",0.01,1,FALSE
"neutrophils","CCL11",0.01,0,FALSE
"monocytes","crp",0.01,1,FALSE
"monocytes","albumin",0.01,0,FALSE
"monocytes","CXCL9",0.01,0,FALSE
"monocytes","FGF21",0.01,0,FALSE
"monocytes","MMP12",0.01,1,FALSE
"monocytes","HAVCR2",0.01,1,FALSE
"eosinophils","rdw",0.01,1,FALSE
"eosinophils","creatinine",0.01,0,FALSE
"eosinophils","CXCL10",0.01,0,FALSE
"eosinophils","CXCL11",0.01,1,FALSE
"eosinophils","CCL3",0.01,0,FALSE
"eosinophils","CCL4",0.01,0,FALSE
"hemoglobin","platelets",0.01,1,FALSE
"hemoglobin","calcium",0.01,1,FALSE
"hemoglobin","CXCL9",0.01,1,FALSE
"hemoglobin","IL15",0.01,0,FALSE
"hemoglobin","CCL2",0.01,0,FALSE
"hemoglobin","CHI3L1",0.01,0,FALSE
"hemoglobin","TNFRSF1B",0.01,0,FALSE
"hemoglobin","HAVCR2",0.01,1,FALSE
"platelets","cmv",0.01,0,FALSE
"platelets","hemoglobin",0.01,0,FALSE
"platelets","ldl",0.01,1,FALSE
"platelets","creatinine",0.01,0,FALSE
"platelets","CXCL10",0.01,0,FALSE
"platelets","CXCL11",0.01,0,FALSE
"platelets","CCL4",0.01,1,FALSE
"rdw","eosinophils",0.01,0,FALSE
"rdw","triglycerides",0.01,0,FALSE
"rdw","glucose",0.01,1,FALSE
"rdw","potassium",0.01,0,FALSE
"rdw","CXCL8",0.01,1,FALSE
"rdw","CXCL10",0.01,1,FALSE
"rdw","TNFRSF1A",0.01,0,FALSE
"rdw","KLRD1",0.01,1,FALSE
"rdw","VEGFA",0.01,0,FALSE
"hdl","neutrophils",0.01,0,FALSE
"hdl","creatinine",0.01,0,FALSE
"hdl","glucose",0.01,0,FALSE
"hdl","CXCL11",0.01,1,FALSE
"hdl","IL10",0.01,0,FALSE
"hdl","CCL4",0.01,0,FALSE
"hdl","CCL8",0.01,1,FALSE
"hdl","FGF21",0.01,1,FALSE
"ldl","cmv",0.01,0,FALSE
"ldl","platelets",0.01,0,FALSE
"ldl","bun",0.01,1,FALSE
"ldl","hematocrit",0.01,0,FALSE
"ldl","CXCL11",0.01,1,FALSE
"ldl","CCL4",0.01,1,FALSE
"triglycerides","crp",0.01,0,FALSE
"triglycerides","rdw",0.01,1,FALSE
"triglycerides","creatinine",0.01,0,FALSE
"triglycerides","bun",0.01,1,FALSE
"triglycerides","glucose",0.01,1,FALSE
"triglycerides","CXCL8",0.01,1,FALSE
"triglycerides","CXCL9",0.01,1,FALSE
"triglycerides","IL18",0.01,1,FALSE
"triglycerides","CCL8",0.01,0,FALSE
"triglycerides","KLRD1",0.01,1,FALSE
"triglycerides","MMP12",0.01,1,FALSE
"triglycerides","LAG3",0.01,0,FALSE
"alt","CXCL10",0.01,1,FALSE
"alt","IFNG",0.01,0,FALSE
"alt","CCL8",0.01,1,FALSE
"alt","LAG3",0.01,1,FALSE
"ast","creatinine",0.01,0,FALSE
"ast","CXCL8",0.01,0,FALSE
"ast","GDF15",0.01,1,FALSE
"ast","FGF21",0.01,0,FALSE
"ast","TNFRSF1B",0.01,0,FALSE
"ast","PDCD1",0.01,1,FALSE
"albumin","age_group",0.01,0,FALSE
"albumin","lymphocytes",0.01,1,FALSE
"albumin","monocytes",0.01,1,FALSE
"albumin","IFNG",0.01,0,FALSE
"albumin","IL7",0.01,0,FALSE
"albumin","IL15",0.01,0,FALSE
"albumin","CHI3L1",0.01,0,FALSE
"albumin","IGFBP7",0.01,0,FALSE
"albumin","HAVCR2",0.01,1,FALSE
"creatinine","eosinophils",0.01,1,FALSE
"creatinine","platelets",0.01,1,FALSE
"creatinine","hdl",0.01,1,FALSE
"creatinine","triglycerides",0.01,1,FALSE
"creatinine","ast",0.01,1,FALSE
"creatinine","hematocrit",0.01,0,FALSE
"creatinine","CXCL8",0.01,1,FALSE
"creatinine","IL10",0.01,1,FALSE
"creatinine","CHI3L1",0.01,1,FALSE
"creatinine","TNFRSF1B",0.01,0,FALSE
"creatinine","GZMA",0.01,1,FALSE
"creatinine","MMP12",0.01,1,FALSE
"bun","crp",0.01,0,FALSE
"bun","ldl",0.01,0,FALSE
"bun","triglycerides",0.01,0,FALSE
"bun","IL6",0.01,1,FALSE
"bun","CXCL8",0.01,0,FALSE
"bun","IL1RN",0.01,0,FALSE
"bun","PDCD1",0.01,0,FALSE
"bun","HAVCR2",0.01,0,FALSE
"glucose","rdw",0.01,0,FALSE
"glucose","hdl",0.01,1,FALSE
"glucose","triglycerides",0.01,0,FALSE
"glucose","calcium",0.01,0,FALSE
"glucose","TNF",0.01,1,FALSE
"glucose","CXCL11",0.01,0,FALSE
"wbc","age_group",0.01,0,FALSE
"wbc","TNF",0.01,0,FALSE
"wbc","CXCL9",0.01,0,FALSE
"wbc","CXCL11",0.01,0,FALSE
"wbc","IFNG",0.01,0,FALSE
"wbc","IL10",0.01,1,FALSE
"wbc","CCL11",0.01,0,FALSE
"wbc","FGF21",0.01,0,FALSE
"wbc","TNFRSF1A",0.01,0,FALSE
"wbc","TNFRSF1B",0.01,0,FALSE
"wbc","HAVCR2",0.01,0,FALSE
"hematocrit","crp",0.01,0,FALSE
"hematocrit","ldl",0.01,1,FALSE
"hematocrit","creatinine",0.01,1,FALSE
"hematocrit","CCL2",0.01,0,FALSE
"hematocrit","CD8A",0.01,1,FALSE
"hematocrit","KLRD1",0.01,0,FALSE
"hematocrit","MMP12",0.01,1,FALSE
"potassium","rdw",0.01,1,FALSE
"potassium","CXCL11",0.01,1,FALSE
"potassium","CCL8",0.01,1,FALSE
"potassium","GZMA",0.01,1,FALSE
"calcium","hemoglobin",0.01,0,FALSE
"calcium","glucose",0.01,1,FALSE
"calcium","CXCL9",0.01,0,FALSE
"calcium","CXCL10",0.01,0,FALSE
"calcium","CCL11",0.01,1,FALSE
"calcium","GDF15",0.01,0,FALSE
"IL6","sex",0.01,0,FALSE
"IL6","bun",0.01,0,FALSE
"IL6","TNF",0.01,1,FALSE
"IL6","IL18",0.01,0,FALSE
"IL6","GDF15",0.01,0,FALSE
"IL6","FGF21",0.01,1,FALSE
"IL6","GZMB",0.01,0,FALSE
"IL6","VEGFA",0.01,0,FALSE
"TNF","glucose",0.01,0,FALSE
"TNF","wbc",0.01,1,FALSE
"TNF","IL6",0.01,0,FALSE
"TNF","CXCL8",0.01,0,FALSE
"TNF","CXCL9",0.01,1,FALSE
"TNF","TNFRSF1A",0.01,1,FALSE
"TNF","KLRD1",0.01,1,FALSE
"TNF","VEGFA",0.01,0,FALSE
"TNF","HAVCR2",0.01,0,FALSE
"CXCL8","lymphocytes",0.01,1,FALSE
"CXCL8","rdw",0.01,0,FALSE
"CXCL8","triglycerides",0.01,0,FALSE
"CXCL8","ast",0.01,1,FALSE
"CXCL8","creatinine",0.01,0,FALSE
"CXCL8","bun",0.01,1,FALSE
"CXCL8","TNF",0.01,1,FALSE
"CXCL8","IFNG",0.01,0,FALSE
"CXCL8","IL15",0.01,0,FALSE
"CXCL8","CCL3",0.01,0,FALSE
"CXCL8","GDF15",0.01,0,FALSE
"CXCL8","KLRD1",0.01,0,FALSE
"CXCL9","esr",0.01,1,FALSE
"CXCL9","monocytes",0.01,1,FALSE
"CXCL9","hemoglobin",0.01,0,FALSE
"CXCL9","triglycerides",0.01,0,FALSE
"CXCL9","wbc",0.01,1,FALSE
"CXCL9","calcium",0.01,1,FALSE
"CXCL9","TNF",0.01,0,FALSE
"CXCL9","CCL2",0.01,1,FALSE
"CXCL9","LEP",0.01,1,FALSE
"CXCL10","eosinophils",0.01,1,FALSE
"CXCL10","platelets",0.01,1,FALSE
"CXCL10","rdw",0.01,0,FALSE
"CXCL10","alt",0.01,0,FALSE
"CXCL10","calcium",0.01,1,FALSE
"CXCL10","CCL4",0.01,0,FALSE
"CXCL10","TNFRSF1B",0.01,0,FALSE
"CXCL10","MMP12",0.01,0,FALSE
"CXCL10","VEGFA",0.01,1,FALSE
"CXCL10","CD274",0.01,0,FALSE
"CXCL10","LEP",0.01,1,FALSE
"CXCL11","eosinophils",0.01,0,FALSE
"CXCL11","platelets",0.01,1,FALSE
"CXCL11","hdl",0.01,0,FALSE
"CXCL11","ldl",0.01,0,FALSE
"CXCL11","glucose",0.01,1,FALSE
"CXCL11","wbc",0.01,1,FALSE
"CXCL11","potassium",0.01,0,FALSE
"CXCL11","IL10",0.01,1,FALSE
"CXCL11","IL1RN",0.01,0,FALSE
"CXCL11","GDF15",0.01,1,FALSE
"CXCL11","LAG3",0.01,1,FALSE
"CXCL11","CD274",0.01,1,FALSE
"IFNG","crp",0.01,1,FALSE
"IFNG","alt",0.01,1,FALSE
"IFNG","albumin",0.01,1,FALSE
"IFNG","wbc",0.01,1,FALSE
"IFNG","CXCL8",0.01,1,FALSE
"IFNG","TNFRSF1A",0.01,1,FALSE
"IFNG","VEGFA",0.01,0,FALSE
"IFNG","LEP",0.01,1,FALSE
"IL18","triglycerides",0.01,0,FALSE
"IL18","IL6",0.01,1,FALSE
"IL18","CCL2",0.01,1,FALSE
"IL10","sex",0.01,0,FALSE
"IL10","cmv",0.01,0,FALSE
"IL10","hdl",0.01,1,FALSE
"IL10","creatinine",0.01,0,FALSE
"IL10","wbc",0.01,0,FALSE
"IL10","CXCL11",0.01,0,FALSE
"IL10","IL7",0.01,0,FALSE
"IL10","CCL3",0.01,1,FALSE
"IL10","CHI3L1",0.01,1,FALSE
"IL10","CD8A",0.01,1,FALSE
"IL10","LEP",0.01,1,FALSE
"IL1RN","age_group",0.01,0,FALSE
"IL1RN","bun",0.01,1,FALSE
"IL1RN","CXCL11",0.01,1,FALSE
"IL1RN","IGFBP7",0.01,0,FALSE
"IL1RN","LAG3",0.01,0,FALSE
"IL7","cmv",0.01,0,FALSE
"IL7","albumin",0.01,1,FALSE
"IL7","IL10",0.01,1,FALSE
"IL7","CCL2",0.01,1,FALSE
"IL7","TNFRSF1A",0.01,0,FALSE
"IL7","KLRD1",0.01,1,FALSE
"IL15","hemoglobin",0.01,1,FALSE
"IL15","albumin",0.01,1,FALSE
"IL15","CXCL8",0.01,1,FALSE
"IL15","CD8A",0.01,1,FALSE
"CCL2","hemoglobin",0.01,1,FALSE
"CCL2","hematocrit",0.01,1,FALSE
"CCL2","CXCL9",0.01,0,FALSE
"CCL2","IL18",0.01,0,FALSE
"CCL2","IL7",0.01,0,FALSE
"CCL2","FGF21",0.01,0,FALSE
"CCL2","VEGFA",0.01,0,FALSE
"CCL2","PDCD1",0.01,0,FALSE
"CCL3","eosinophils",0.01,1,FALSE
"CCL3","CXCL8",0.01,1,FALSE
"CCL3","IL10",0.01,0,FALSE
"CCL3","GDF15",0.01,0,FALSE
"CCL3","CD274",0.01,0,FALSE
"CCL4","crp",0.01,1,FALSE
"CCL4","esr",0.01,0,FALSE
"CCL4","eosinophils",0.01,1,FALSE
"CCL4","platelets",0.01,0,FALSE
"CCL4","hdl",0.01,1,FALSE
"CCL4","ldl",0.01,0,FALSE
"CCL4","CXCL10",0.01,1,FALSE
"CCL4","FGF21",0.01,1,FALSE
"CCL4","CHI3L1",0.01,0,FALSE
"CCL4","HAVCR2",0.01,0,FALSE
"CCL4","LEP",0.01,0,FALSE
"CCL8","esr",0.01,0,FALSE
"CCL8","hdl",0.01,0,FALSE
"CCL8","triglycerides",0.01,1,FALSE
"CCL8","alt",0.01,0,FALSE
"CCL8","potassium",0.01,0,FALSE
"CCL8","CD274",0.01,1,FALSE
"CCL11","esr",0.01,1,FALSE
"CCL11","neutrophils",0.01,1,FALSE
"CCL11","wbc",0.01,1,FALSE
"CCL11","calcium",0.01,0,FALSE
"CCL11","KLRD1",0.01,0,FALSE
"CCL11","PDCD1",0.01,1,FALSE
"CCL11","HAVCR2",0.01,0,FALSE
"GDF15","esr",0.01,1,FALSE
"GDF15","ast",0.01,0,FALSE
"GDF15","calcium",0.01,1,FALSE
"GDF15","IL6",0.01,1,FALSE
"GDF15","CXCL8",0.01,1,FALSE
"GDF15","CXCL11",0.01,0,FALSE
"GDF15","CCL3",0.01,1,FALSE
"GDF15","IGFBP7",0.01,0,FALSE
"GDF15","MMP12",0.01,0,FALSE
"GDF15","VEGFA",0.01,0,FALSE
"GDF15","PDCD1",0.01,1,FALSE
"GDF15","LEP",0.01,1,FALSE
"FGF21","monocytes",0.01,1,FALSE
"FGF21","hdl",0.01,0,FALSE
"FGF21","ast",0.01,1,FALSE
"FGF21","wbc",0.01,1,FALSE
"FGF21","IL6",0.01,0,FALSE
"FGF21","CCL2",0.01,1,FALSE
"FGF21","CCL4",0.01,0,FALSE
"FGF21","TNFRSF1A",0.01,0,FALSE
"FGF21","GZMB",0.01,1,FALSE
"CHI3L1","crp",0.01,0,FALSE
"CHI3L1","lymphocytes",0.01,0,FALSE
"CHI3L1","hemoglobin",0.01,1,FALSE
"CHI3L1","albumin",0.01,1,FALSE
"CHI3L1","creatinine",0.01,0,FALSE
"CHI3L1","IL10",0.01,0,FALSE
"CHI3L1","CCL4",0.01,1,FALSE
"CHI3L1","PDCD1",0.01,1,FALSE
"CHI3L1","HAVCR2",0.01,1,FALSE
"IGFBP7","esr",0.01,0,FALSE
"IGFBP7","albumin",0.01,1,FALSE
"IGFBP7","IL1RN",0.01,1,FALSE
"IGFBP7","GDF15",0.01,1,FALSE
"IGFBP7","CD8A",0.01,0,FALSE
"IGFBP7","GZMA",0.01,0,FALSE
"IGFBP7","VEGFA",0.01,1,FALSE
"IGFBP7","HAVCR2",0.01,0,FALSE
"TNFRSF1A","rdw",0.01,1,FALSE
"TNFRSF1A","wbc",0.01,1,FALSE
"TNFRSF1A","TNF",0.01,0,FALSE
"TNFRSF1A","IFNG",0.01,0,FALSE
"TNFRSF1A","IL7",0.01,1,FALSE
"TNFRSF1A","FGF21",0.01,1,FALSE
"TNFRSF1A","GZMB",0.01,1,FALSE
"TNFRSF1A","CD274",0.01,1,FALSE
"TNFRSF1A","LEP",0.01,0,FALSE
"TNFRSF1B","age_group",0.01,0,FALSE
"TNFRSF1B","cmv",0.01,0,FALSE
"TNFRSF1B","lymphocytes",0.01,0,FALSE
"TNFRSF1B","hemoglobin",0.01,1,FALSE
"TNFRSF1B","ast",0.01,1,FALSE
"TNFRSF1B","creatinine",0.01,1,FALSE
"TNFRSF1B","wbc",0.01,1,FALSE
"TNFRSF1B","CXCL10",0.01,1,FALSE
"TNFRSF1B","GZMA",0.01,1,FALSE
"TNFRSF1B","KLRD1",0.01,1,FALSE
"CD8A","hematocrit",0.01,0,FALSE
"CD8A","IL10",0.01,0,FALSE
"CD8A","IL15",0.01,0,FALSE
"CD8A","IGFBP7",0.01,1,FALSE
"CD8A","GZMB",0.01,0,FALSE
"GZMA","creatinine",0.01,0,FALSE
"GZMA","potassium",0.01,0,FALSE
"GZMA","IGFBP7",0.01,1,FALSE
"GZMA","TNFRSF1B",0.01,0,FALSE
"GZMA","CD274",0.01,1,FALSE
"GZMB","sex",0.01,0,FALSE
"GZMB","IL6",0.01,1,FALSE
"GZMB","FGF21",0.01,0,FALSE
"GZMB","TNFRSF1A",0.01,0,FALSE
"GZMB","CD8A",0.01,1,FALSE
"GZMB","KLRD1",0.01,0,FALSE
"GZMB","LAG3",0.01,1,FALSE
"KLRD1","rdw",0.01,0,FALSE
"KLRD1","triglycerides",0.01,0,FALSE
"KLRD1","hematocrit",0.01,1,FALSE
"KLRD1","TNF",0.01,0,FALSE
"KLRD1","CXCL8",0.01,1,FALSE
"KLRD1","IL7",0.01,0,FALSE
"KLRD1","CCL11",0.01,1,FALSE
"KLRD1","TNFRSF1B",0.01,0,FALSE
"KLRD1","GZMB",0.01,1,FALSE
"KLRD1","MMP12",0.01,0,FALSE
"KLRD1","PDCD1",0.01,0,FALSE
"KLRD1","HAVCR2",0.01,0,FALSE
"KLRD1","CD274",0.01,0,FALSE
"KLRD1","LEP",0.01,1,FALSE
"MMP12","age_group",0.01,0,FALSE
"MMP12","crp",0.01,0,FALSE
"MMP12","esr",0.01,1,FALSE
"MMP12","monocytes",0.01,0,FALSE
"MMP12","triglycerides",0.01,0,FALSE
"MMP12","creatinine",0.01,0,FALSE
"MMP12","hematocrit",0.01,0,FALSE
"MMP12","CXCL10",0.01,1,FALSE
"MMP12","GDF15",0.01,1,FALSE
"MMP12","KLRD1",0.01,1,FALSE
"MMP12","VEGFA",0.01,1,FALSE
"MMP12","LAG3",0.01,1,FALSE
"MMP12","CD274",0.01,1,FALSE
"MMP12","LEP",0.01,1,FALSE
"VEGFA","rdw",0.01,1,FALSE
"VEGFA","IL6",0.01,1,FALSE
"VEGFA","TNF",0.01,1,FALSE
"VEGFA","CXCL10",0.01,0,FALSE
"VEGFA","IFNG",0.01,1,FALSE
"VEGFA","CCL2",0.01,1,FALSE
"VEGFA","GDF15",0.01,1,FALSE
"VEGFA","IGFBP7",0.01,0,FALSE
"VEGFA","MMP12",0.01,0,FALSE
"VEGFA","LAG3",0.01,1,FALSE
"VEGFA","HAVCR2",0.01,0,FALSE
"PDCD1","ast",0.01,0,FALSE
"PDCD1","bun",0.01,1,FALSE
"PDCD1","CCL2",0.01,1,FALSE
"PDCD1","CCL11",0.01,0,FALSE
"PDCD1","GDF15",0.01,0,FALSE
"PDCD1","CHI3L1",0.01,0,FALSE
"PDCD1","KLRD1",0.01,1,FALSE
"LAG3","esr",0.01,1,FALSE
"LAG3","lymphocytes",0.01,1,FALSE
"LAG3","triglycerides",0.01,1,FALSE
"LAG3","alt",0.01,0,FALSE
"LAG3","CXCL11",0.01,0,FALSE
"LAG3","IL1RN",0.01,1,FALSE
"LAG3","GZMB",0.01,0,FALSE
"LAG3","MMP12",0.01,0,FALSE
"LAG3","VEGFA",0.01,0,FALSE
"HAVCR2","esr",0.01,1,FALSE
"HAVCR2","lymphocytes",0.01,0,FALSE
"HAVCR2","monocytes",0.01,0,FALSE
"HAVCR2","hemoglobin",0.01,0,FALSE
"HAVCR2","albumin",0.01,0,FALSE
"HAVCR2","bun",0.01,1,FALSE
"HAVCR2","wbc",0.01,1,FALSE
"HAVCR2","TNF",0.01,1,FALSE
"HAVCR2","CCL4",0.01,1,FALSE
"HAVCR2","CCL11",0.01,1,FALSE
"HAVCR2","CHI3L1",0.01,0,FALSE
"HAVCR2","IGFBP7",0.01,1,FALSE
"HAVCR2","KLRD1",0.01,1,FALSE
"HAVCR2","VEGFA",0.01,1,FALSE
"CD274","cmv",0.01,0,FALSE
"CD274","CXCL10",0.01,1,FALSE
"CD274","CXCL11",0.01,0,FALSE
"CD274","CCL3",0.01,1,FALSE
"CD274","CCL8",0.01,0,FALSE
"CD274","TNFRSF1A",0.01,0,FALSE
"CD274","GZMA",0.01,0,FALSE
"CD274","KLRD1",0.01,1,FALSE
"CD274","MMP12",0.01,0,FALSE
"CD274","LEP",0.01,1,FALSE
"LEP","esr",0.01,1,FALSE
"LEP","CXCL9",0.01,0,FALSE
"LEP","CXCL10",0.01,0,FALSE
"LEP","IFNG",0.01,0,FALSE
"LEP","IL10",0.01,0,FALSE
"LEP","CCL4",0.01,1,FALSE
"LEP","GDF15",0.01,0,FALSE
"LEP","TNFRSF1A",0.01,1,FALSE
"LEP","KLRD1",0.01,0,FALSE
"LEP","MMP12",0.01,0,FALSE
"LEP","CD274",0.01,0,FALSE
"age_group","sex",0,0,FALSE
"age_group","cmv",0,0,FALSE
"age_group","monocytes",0,0,FALSE
"age_group","hemoglobin",0,0,FALSE
"age_group","platelets",0,0,FALSE
"age_group","hdl",0,0,FALSE
"age_group","triglycerides",0,0,FALSE
"age_group","alt",0,0,FALSE
"age_group","ast",0,0,FALSE
"age_group","creatinine",0,0,FALSE
"age_group","hematocrit",0,0,FALSE
"age_group","potassium",0,0,FALSE
"age_group","calcium",0,0,FALSE
"age_group","CXCL9",0,0,FALSE
"age_group","CXCL10",0,0,FALSE
"age_group","IFNG",0,0,FALSE
"age_group","IL18",0,0,FALSE
"age_group","IL7",0,0,FALSE
"age_group","CCL3",0,0,FALSE
"age_group","CCL8",0,0,FALSE
"age_group","FGF21",0,0,FALSE
"age_group","TNFRSF1A",0,0,FALSE
"age_group","GZMA",0,0,FALSE
"age_group","GZMB",0,0,FALSE
"age_group","KLRD1",0,0,FALSE
"age_group","VEGFA",0,0,FALSE
"age_group","PDCD1",0,0,FALSE
"age_group","HAVCR2",0,0,FALSE
"age_group","LEP",0,0,FALSE
"sex","age_group",0,0,FALSE
"sex","cmv",0,0,FALSE
"sex","neutrophils",0,0,FALSE
"sex","monocytes",0,0,FALSE
"sex","eosinophils",0,0,FALSE
"sex","ldl",0,0,FALSE
"sex","triglycerides",0,0,FALSE
"sex","ast",0,0,FALSE
"sex","albumin",0,0,FALSE
"sex","bun",0,0,FALSE
"sex","wbc",0,0,FALSE
"sex","hematocrit",0,0,FALSE
"sex","potassium",0,0,FALSE
"sex","calcium",0,0,FALSE
"sex","TNF",0,0,FALSE
"sex","CXCL8",0,0,FALSE
"sex","CXCL10",0,0,FALSE
"sex","IFNG",0,0,FALSE
"sex","IL18",0,0,FALSE
"sex","IL1RN",0,0,FALSE
"sex","IL7",0,0,FALSE
"sex","IL15",0,0,FALSE
"sex","CCL2",0,0,FALSE
"sex","CCL8",0,0,FALSE
"sex","CCL11",0,0,FALSE
"sex","GDF15",0,0,FALSE
"sex","FGF21",0,0,FALSE
"sex","TNFRSF1A",0,0,FALSE
"sex","TNFRSF1B",0,0,FALSE
"sex","CD8A",0,0,FALSE
"sex","GZMA",0,0,FALSE
"sex","KLRD1",0,0,FALSE
"sex","MMP12",0,0,FALSE
"sex","LAG3",0,0,FALSE
"cmv","age_group",0,0,FALSE
"cmv","sex",0,0,FALSE
"cmv","crp",0,0,FALSE
"cmv","esr",0,0,FALSE
"cmv","neutrophils",0,0,FALSE
"cmv","monocytes",0,0,FALSE
"cmv","eosinophils",0,0,FALSE
"cmv","hemoglobin",0,0,FALSE
"cmv","rdw",0,0,FALSE
"cmv","hdl",0,0,FALSE
"cmv","triglycerides",0,0,FALSE
"cmv","alt",0,0,FALSE
"cmv","ast",0,0,FALSE
"cmv","albumin",0,0,FALSE
"cmv","creatinine",0,0,FALSE
"cmv","bun",0,0,FALSE
"cmv","wbc",0,0,FALSE
"cmv","hematocrit",0,0,FALSE
"cmv","potassium",0,0,FALSE
"cmv","calcium",0,0,FALSE
"cmv","IL6",0,0,FALSE
"cmv","CXCL8",0,0,FALSE
"cmv","CXCL9",0,0,FALSE
"cmv","CXCL10",0,0,FALSE
"cmv","IFNG",0,0,FALSE
"cmv","IL18",0,0,FALSE
"cmv","IL1RN",0,0,FALSE
"cmv","IL15",0,0,FALSE
"cmv","CCL2",0,0,FALSE
"cmv","CCL3",0,0,FALSE
"cmv","CCL11",0,0,FALSE
"cmv","GDF15",0,0,FALSE
"cmv","FGF21",0,0,FALSE
"cmv","CHI3L1",0,0,FALSE
"cmv","IGFBP7",0,0,FALSE
"cmv","TNFRSF1A",0,0,FALSE
"cmv","CD8A",0,0,FALSE
"cmv","GZMA",0,0,FALSE
"cmv","GZMB",0,0,FALSE
"cmv","MMP12",0,0,FALSE
"cmv","VEGFA",0,0,FALSE
"cmv","PDCD1",0,0,FALSE
"cmv","LAG3",0,0,FALSE
"cmv","HAVCR2",0,0,FALSE
"cmv","LEP",0,0,FALSE
"crp","cmv",0,0,FALSE
"crp","hemoglobin",0,0,FALSE
"crp","hdl",0,0,FALSE
"crp","ldl",0,0,FALSE
"crp","potassium",0,0,FALSE
"crp","TNF",0,0,FALSE
"crp","CXCL9",0,0,FALSE
"crp","CXCL10",0,0,FALSE
"crp","CXCL11",0,0,FALSE
"crp","IL10",0,0,FALSE
"crp","CCL2",0,0,FALSE
"crp","FGF21",0,0,FALSE
"crp","TNFRSF1B",0,0,FALSE
"crp","CD8A",0,0,FALSE
"crp","GZMB",0,0,FALSE
"crp","CD274",0,0,FALSE
"esr","cmv",0,0,FALSE
"esr","neutrophils",0,0,FALSE
"esr","monocytes",0,0,FALSE
"esr","eosinophils",0,0,FALSE
"esr","rdw",0,0,FALSE
"esr","triglycerides",0,0,FALSE
"esr","albumin",0,0,FALSE
"esr","TNF",0,0,FALSE
"esr","CXCL8",0,0,FALSE
"esr","IFNG",0,0,FALSE
"esr","IL10",0,0,FALSE
"esr","IL7",0,0,FALSE
"esr","IL15",0,0,FALSE
"esr","CCL2",0,0,FALSE
"esr","CCL3",0,0,FALSE
"esr","TNFRSF1A",0,0,FALSE
"esr","CD8A",0,0,FALSE
"esr","KLRD1",0,0,FALSE
"esr","VEGFA",0,0,FALSE
"esr","PDCD1",0,0,FALSE
"esr","CD274",0,0,FALSE
"lymphocytes","neutrophils",0,0,FALSE
"lymphocytes","monocytes",0,0,FALSE
"lymphocytes","eosinophils",0,0,FALSE
"lymphocytes","rdw",0,0,FALSE
"lymphocytes","ldl",0,0,FALSE
"lymphocytes","triglycerides",0,0,FALSE
"lymphocytes","ast",0,0,FALSE
"lymphocytes","bun",0,0,FALSE
"lymphocytes","glucose",0,0,FALSE
"lymphocytes","wbc",0,0,FALSE
"lymphocytes","potassium",0,0,FALSE
"lymphocytes","IL6",0,0,FALSE
"lymphocytes","CXCL10",0,0,FALSE
"lymphocytes","IL10",0,0,FALSE
"lymphocytes","IL7",0,0,FALSE
"lymphocytes","CCL2",0,0,FALSE
"lymphocytes","CCL4",0,0,FALSE
"lymphocytes","FGF21",0,0,FALSE
"lymphocytes","IGFBP7",0,0,FALSE
"lymphocytes","TNFRSF1A",0,0,FALSE
"lymphocytes","MMP12",0,0,FALSE
"lymphocytes","PDCD1",0,0,FALSE
"lymphocytes","CD274",0,0,FALSE
"neutrophils","sex",0,0,FALSE
"neutrophils","cmv",0,0,FALSE
"neutrophils","esr",0,0,FALSE
"neutrophils","lymphocytes",0,0,FALSE
"neutrophils","monocytes",0,0,FALSE
"neutrophils","eosinophils",0,0,FALSE
"neutrophils","platelets",0,0,FALSE
"neutrophils","rdw",0,0,FALSE
"neutrophils","ldl",0,0,FALSE
"neutrophils","alt",0,0,FALSE
"neutrophils","albumin",0,0,FALSE
"neutrophils","wbc",0,0,FALSE
"neutrophils","calcium",0,0,FALSE
"neutrophils","TNF",0,0,FALSE
"neutrophils","CXCL10",0,0,FALSE
"neutrophils","CXCL11",0,0,FALSE
"neutrophils","IFNG",0,0,FALSE
"neutrophils","IL10",0,0,FALSE
"neutrophils","IL15",0,0,FALSE
"neutrophils","GDF15",0,0,FALSE
"neutrophils","FGF21",0,0,FALSE
"neutrophils","CHI3L1",0,0,FALSE
"neutrophils","TNFRSF1A",0,0,FALSE
"neutrophils","TNFRSF1B",0,0,FALSE
"neutrophils","GZMB",0,0,FALSE
"neutrophils","MMP12",0,0,FALSE
"neutrophils","VEGFA",0,0,FALSE
"neutrophils","PDCD1",0,0,FALSE
"neutrophils","HAVCR2",0,0,FALSE
"neutrophils","CD274",0,0,FALSE
"monocytes","age_group",0,0,FALSE
"monocytes","sex",0,0,FALSE
"monocytes","cmv",0,0,FALSE
"monocytes","esr",0,0,FALSE
"monocytes","lymphocytes",0,0,FALSE
"monocytes","neutrophils",0,0,FALSE
"monocytes","eosinophils",0,0,FALSE
"monocytes","rdw",0,0,FALSE
"monocytes","hdl",0,0,FALSE
"monocytes","triglycerides",0,0,FALSE
"monocytes","alt",0,0,FALSE
"monocytes","wbc",0,0,FALSE
"monocytes","hematocrit",0,0,FALSE
"monocytes","potassium",0,0,FALSE
"monocytes","calcium",0,0,FALSE
"monocytes","TNF",0,0,FALSE
"monocytes","CXCL10",0,0,FALSE
"monocytes","IFNG",0,0,FALSE
"monocytes","IL18",0,0,FALSE
"monocytes","IL7",0,0,FALSE
"monocytes","CCL8",0,0,FALSE
"monocytes","GDF15",0,0,FALSE
"monocytes","CHI3L1",0,0,FALSE
"monocytes","IGFBP7",0,0,FALSE
"monocytes","TNFRSF1A",0,0,FALSE
"monocytes","TNFRSF1B",0,0,FALSE
"monocytes","GZMA",0,0,FALSE
"monocytes","KLRD1",0,0,FALSE
"monocytes","PDCD1",0,0,FALSE
"monocytes","CD274",0,0,FALSE
"eosinophils","sex",0,0,FALSE
"eosinophils","cmv",0,0,FALSE
"eosinophils","esr",0,0,FALSE
"eosinophils","lymphocytes",0,0,FALSE
"eosinophils","neutrophils",0,0,FALSE
"eosinophils","monocytes",0,0,FALSE
"eosinophils","ldl",0,0,FALSE
"eosinophils","triglycerides",0,0,FALSE
"eosinophils","alt",0,0,FALSE
"eosinophils","bun",0,0,FALSE
"eosinophils","wbc",0,0,FALSE
"eosinophils","hematocrit",0,0,FALSE
"eosinophils","potassium",0,0,FALSE
"eosinophils","TNF",0,0,FALSE
"eosinophils","CXCL8",0,0,FALSE
"eosinophils","CXCL9",0,0,FALSE
"eosinophils","IFNG",0,0,FALSE
"eosinophils","IL1RN",0,0,FALSE
"eosinophils","IL7",0,0,FALSE
"eosinophils","CCL8",0,0,FALSE
"eosinophils","GDF15",0,0,FALSE
"eosinophils","FGF21",0,0,FALSE
"eosinophils","CHI3L1",0,0,FALSE
"eosinophils","IGFBP7",0,0,FALSE
"eosinophils","TNFRSF1A",0,0,FALSE
"eosinophils","TNFRSF1B",0,0,FALSE
"eosinophils","GZMB",0,0,FALSE
"eosinophils","KLRD1",0,0,FALSE
"eosinophils","VEGFA",0,0,FALSE
"eosinophils","PDCD1",0,0,FALSE
"eosinophils","HAVCR2",0,0,FALSE
"eosinophils","CD274",0,0,FALSE
"hemoglobin","age_group",0,0,FALSE
"hemoglobin","cmv",0,0,FALSE
"hemoglobin","crp",0,0,FALSE
"hemoglobin","ldl",0,0,FALSE
"hemoglobin","triglycerides",0,0,FALSE
"hemoglobin","ast",0,0,FALSE
"hemoglobin","creatinine",0,0,FALSE
"hemoglobin","bun",0,0,FALSE
"hemoglobin","CXCL10",0,0,FALSE
"hemoglobin","IL10",0,0,FALSE
"hemoglobin","IL7",0,0,FALSE
"hemoglobin","CCL3",0,0,FALSE
"hemoglobin","CCL8",0,0,FALSE
"hemoglobin","CCL11",0,0,FALSE
"hemoglobin","GDF15",0,0,FALSE
"hemoglobin","FGF21",0,0,FALSE
"hemoglobin","KLRD1",0,0,FALSE
"hemoglobin","PDCD1",0,0,FALSE
"hemoglobin","LAG3",0,0,FALSE
"hemoglobin","LEP",0,0,FALSE
"platelets","age_group",0,0,FALSE
"platelets","neutrophils",0,0,FALSE
"platelets","hdl",0,0,FALSE
"platelets","triglycerides",0,0,FALSE
"platelets","ast",0,0,FALSE
"platelets","albumin",0,0,FALSE
"platelets","bun",0,0,FALSE
"platelets","glucose",0,0,FALSE
"platelets","hematocrit",0,0,FALSE
"platelets","TNF",0,0,FALSE
"platelets","CXCL8",0,0,FALSE
"platelets","IFNG",0,0,FALSE
"platelets","IL1RN",0,0,FALSE
"platelets","IL15",0,0,FALSE
"platelets","CCL3",0,0,FALSE
"platelets","CCL8",0,0,FALSE
"platelets","CCL11",0,0,FALSE
"platelets","FGF21",0,0,FALSE
"platelets","IGFBP7",0,0,FALSE
"platelets","CD8A",0,0,FALSE
"platelets","KLRD1",0,0,FALSE
"platelets","MMP12",0,0,FALSE
"platelets","PDCD1",0,0,FALSE
"platelets","LAG3",0,0,FALSE
"platelets","HAVCR2",0,0,FALSE
"rdw","cmv",0,0,FALSE
"rdw","esr",0,0,FALSE
"rdw","lymphocytes",0,0,FALSE
"rdw","neutrophils",0,0,FALSE
"rdw","monocytes",0,0,FALSE
"rdw","alt",0,0,FALSE
"rdw","wbc",0,0,FALSE
"rdw","calcium",0,0,FALSE
"rdw","IL6",0,0,FALSE
"rdw","CXCL9",0,0,FALSE
"rdw","CXCL11",0,0,FALSE
"rdw","IFNG",0,0,FALSE
"rdw","IL18",0,0,FALSE
"rdw","IL10",0,0,FALSE
"rdw","IL7",0,0,FALSE
"rdw","IL15",0,0,FALSE
"rdw","CCL2",0,0,FALSE
"rdw","CCL3",0,0,FALSE
"rdw","CCL4",0,0,FALSE
"rdw","CCL8",0,0,FALSE
"rdw","GDF15",0,0,FALSE
"rdw","FGF21",0,0,FALSE
"rdw","CHI3L1",0,0,FALSE
"rdw","CD8A",0,0,FALSE
"rdw","MMP12",0,0,FALSE
"rdw","HAVCR2",0,0,FALSE
"rdw","CD274",0,0,FALSE
"rdw","LEP",0,0,FALSE
"hdl","age_group",0,0,FALSE
"hdl","cmv",0,0,FALSE
"hdl","crp",0,0,FALSE
"hdl","monocytes",0,0,FALSE
"hdl","platelets",0,0,FALSE
"hdl","alt",0,0,FALSE
"hdl","potassium",0,0,FALSE
"hdl","TNF",0,0,FALSE
"hdl","CXCL8",0,0,FALSE
"hdl","CXCL9",0,0,FALSE
"hdl","CXCL10",0,0,FALSE
"hdl","IFNG",0,0,FALSE
"hdl","IL7",0,0,FALSE
"hdl","CCL2",0,0,FALSE
"hdl","CHI3L1",0,0,FALSE
"hdl","CD8A",0,0,FALSE
"hdl","KLRD1",0,0,FALSE
"hdl","MMP12",0,0,FALSE
"hdl","VEGFA",0,0,FALSE
"hdl","CD274",0,0,FALSE
"ldl","sex",0,0,FALSE
"ldl","crp",0,0,FALSE
"ldl","lymphocytes",0,0,FALSE
"ldl","neutrophils",0,0,FALSE
"ldl","eosinophils",0,0,FALSE
"ldl","hemoglobin",0,0,FALSE
"ldl","albumin",0,0,FALSE
"ldl","creatinine",0,0,FALSE
"ldl","glucose",0,0,FALSE
"ldl","wbc",0,0,FALSE
"ldl","potassium",0,0,FALSE
"ldl","TNF",0,0,FALSE
"ldl","CXCL8",0,0,FALSE
"ldl","CXCL9",0,0,FALSE
"ldl","IFNG",0,0,FALSE
"ldl","IL10",0,0,FALSE
"ldl","IL7",0,0,FALSE
"ldl","CCL3",0,0,FALSE
"ldl","CCL8",0,0,FALSE
"ldl","CCL11",0,0,FALSE
"ldl","CHI3L1",0,0,FALSE
"ldl","TNFRSF1A",0,0,FALSE
"ldl","CD8A",0,0,FALSE
"ldl","KLRD1",0,0,FALSE
"ldl","MMP12",0,0,FALSE
"ldl","VEGFA",0,0,FALSE
"ldl","PDCD1",0,0,FALSE
"ldl","CD274",0,0,FALSE
"ldl","LEP",0,0,FALSE
"triglycerides","age_group",0,0,FALSE
"triglycerides","sex",0,0,FALSE
"triglycerides","cmv",0,0,FALSE
"triglycerides","esr",0,0,FALSE
"triglycerides","lymphocytes",0,0,FALSE
"triglycerides","monocytes",0,0,FALSE
"triglycerides","eosinophils",0,0,FALSE
"triglycerides","hemoglobin",0,0,FALSE
"triglycerides","platelets",0,0,FALSE
"triglycerides","alt",0,0,FALSE
"triglycerides","potassium",0,0,FALSE
"triglycerides","calcium",0,0,FALSE
"triglycerides","IL6",0,0,FALSE
"triglycerides","CXCL11",0,0,FALSE
"triglycerides","IFNG",0,0,FALSE
"triglycerides","IL10",0,0,FALSE
"triglycerides","CCL2",0,0,FALSE
"triglycerides","CCL3",0,0,FALSE
"triglycerides","CCL4",0,0,FALSE
"triglycerides","CCL11",0,0,FALSE
"triglycerides","CHI3L1",0,0,FALSE
"triglycerides","TNFRSF1A",0,0,FALSE
"triglycerides","TNFRSF1B",0,0,FALSE
"triglycerides","PDCD1",0,0,FALSE
"triglycerides","HAVCR2",0,0,FALSE
"triglycerides","CD274",0,0,FALSE
"triglycerides","LEP",0,0,FALSE
"alt","age_group",0,0,FALSE
"alt","cmv",0,0,FALSE
"alt","neutrophils",0,0,FALSE
"alt","monocytes",0,0,FALSE
"alt","eosinophils",0,0,FALSE
"alt","rdw",0,0,FALSE
"alt","hdl",0,0,FALSE
"alt","triglycerides",0,0,FALSE
"alt","albumin",0,0,FALSE
"alt","bun",0,0,FALSE
"alt","wbc",0,0,FALSE
"alt","potassium",0,0,FALSE
"alt","CXCL8",0,0,FALSE
"alt","CXCL9",0,0,FALSE
"alt","CXCL11",0,0,FALSE
"alt","IL10",0,0,FALSE
"alt","IL7",0,0,FALSE
"alt","IL15",0,0,FALSE
"alt","CCL2",0,0,FALSE
"alt","CHI3L1",0,0,FALSE
"alt","TNFRSF1B",0,0,FALSE
"alt","GZMB",0,0,FALSE
"alt","MMP12",0,0,FALSE
"alt","VEGFA",0,0,FALSE
"alt","PDCD1",0,0,FALSE
"ast","age_group",0,0,FALSE
"ast","sex",0,0,FALSE
"ast","cmv",0,0,FALSE
"ast","lymphocytes",0,0,FALSE
"ast","hemoglobin",0,0,FALSE
"ast","platelets",0,0,FALSE
"ast","bun",0,0,FALSE
"ast","hematocrit",0,0,FALSE
"ast","potassium",0,0,FALSE
"ast","IL6",0,0,FALSE
"ast","CXCL9",0,0,FALSE
"ast","CXCL10",0,0,FALSE
"ast","CXCL11",0,0,FALSE
"ast","IFNG",0,0,FALSE
"ast","IL10",0,0,FALSE
"ast","IL1RN",0,0,FALSE
"ast","IL7",0,0,FALSE
"ast","CCL4",0,0,FALSE
"ast","CCL8",0,0,FALSE
"ast","CCL11",0,0,FALSE
"ast","CHI3L1",0,0,FALSE
"ast","TNFRSF1A",0,0,FALSE
"ast","CD8A",0,0,FALSE
"ast","MMP12",0,0,FALSE
"ast","VEGFA",0,0,FALSE
"ast","LAG3",0,0,FALSE
"ast","HAVCR2",0,0,FALSE
"ast","CD274",0,0,FALSE
"albumin","sex",0,0,FALSE
"albumin","cmv",0,0,FALSE
"albumin","esr",0,0,FALSE
"albumin","neutrophils",0,0,FALSE
"albumin","platelets",0,0,FALSE
"albumin","ldl",0,0,FALSE
"albumin","alt",0,0,FALSE
"albumin","creatinine",0,0,FALSE
"albumin","TNF",0,0,FALSE
"albumin","CXCL8",0,0,FALSE
"albumin","CXCL9",0,0,FALSE
"albumin","IL18",0,0,FALSE
"albumin","IL10",0,0,FALSE
"albumin","IL1RN",0,0,FALSE
"albumin","CCL3",0,0,FALSE
"albumin","CCL4",0,0,FALSE
"albumin","CCL11",0,0,FALSE
"albumin","FGF21",0,0,FALSE
"albumin","TNFRSF1B",0,0,FALSE
"albumin","GZMA",0,0,FALSE
"albumin","GZMB",0,0,FALSE
"albumin","KLRD1",0,0,FALSE
"albumin","PDCD1",0,0,FALSE
"albumin","LAG3",0,0,FALSE
"creatinine","age_group",0,0,FALSE
"creatinine","cmv",0,0,FALSE
"creatinine","hemoglobin",0,0,FALSE
"creatinine","ldl",0,0,FALSE
"creatinine","albumin",0,0,FALSE
"creatinine","glucose",0,0,FALSE
"creatinine","potassium",0,0,FALSE
"creatinine","IL6",0,0,FALSE
"creatinine","CXCL10",0,0,FALSE
"creatinine","CXCL11",0,0,FALSE
"creatinine","IFNG",0,0,FALSE
"creatinine","CCL3",0,0,FALSE
"creatinine","CCL11",0,0,FALSE
"creatinine","FGF21",0,0,FALSE
"creatinine","PDCD1",0,0,FALSE
"creatinine","LAG3",0,0,FALSE
"creatinine","CD274",0,0,FALSE
"creatinine","LEP",0,0,FALSE
"bun","sex",0,0,FALSE
"bun","cmv",0,0,FALSE
"bun","lymphocytes",0,0,FALSE
"bun","eosinophils",0,0,FALSE
"bun","hemoglobin",0,0,FALSE
"bun","platelets",0,0,FALSE
"bun","alt",0,0,FALSE
"bun","ast",0,0,FALSE
"bun","potassium",0,0,FALSE
"bun","calcium",0,0,FALSE
"bun","CXCL9",0,0,FALSE
"bun","CXCL10",0,0,FALSE
"bun","CXCL11",0,0,FALSE
"bun","IFNG",0,0,FALSE
"bun","IL10",0,0,FALSE
"bun","IL7",0,0,FALSE
"bun","CCL8",0,0,FALSE
"bun","GZMB",0,0,FALSE
"bun","LAG3",0,0,FALSE
"bun","LEP",0,0,FALSE
"glucose","lymphocytes",0,0,FALSE
"glucose","platelets",0,0,FALSE
"glucose","ldl",0,0,FALSE
"glucose","creatinine",0,0,FALSE
"glucose","IFNG",0,0,FALSE
"glucose","IL7",0,0,FALSE
"glucose","IL15",0,0,FALSE
"glucose","CCL4",0,0,FALSE
"glucose","FGF21",0,0,FALSE
"glucose","CHI3L1",0,0,FALSE
"glucose","TNFRSF1A",0,0,FALSE
"glucose","TNFRSF1B",0,0,FALSE
"glucose","CD8A",0,0,FALSE
"glucose","GZMA",0,0,FALSE
"glucose","GZMB",0,0,FALSE
"glucose","KLRD1",0,0,FALSE
"glucose","VEGFA",0,0,FALSE
"glucose","PDCD1",0,0,FALSE
"glucose","LAG3",0,0,FALSE
"glucose","HAVCR2",0,0,FALSE
"glucose","CD274",0,0,FALSE
"wbc","sex",0,0,FALSE
"wbc","cmv",0,0,FALSE
"wbc","lymphocytes",0,0,FALSE
"wbc","neutrophils",0,0,FALSE
"wbc","monocytes",0,0,FALSE
"wbc","eosinophils",0,0,FALSE
"wbc","rdw",0,0,FALSE
"wbc","ldl",0,0,FALSE
"wbc","alt",0,0,FALSE
"wbc","calcium",0,0,FALSE
"wbc","CXCL10",0,0,FALSE
"wbc","IL18",0,0,FALSE
"wbc","CCL8",0,0,FALSE
"wbc","GDF15",0,0,FALSE
"wbc","CHI3L1",0,0,FALSE
"wbc","GZMB",0,0,FALSE
"wbc","MMP12",0,0,FALSE
"wbc","PDCD1",0,0,FALSE
"wbc","CD274",0,0,FALSE
"hematocrit","age_group",0,0,FALSE
"hematocrit","sex",0,0,FALSE
"hematocrit","cmv",0,0,FALSE
"hematocrit","monocytes",0,0,FALSE
"hematocrit","eosinophils",0,0,FALSE
"hematocrit","platelets",0,0,FALSE
"hematocrit","ast",0,0,FALSE
"hematocrit","IL6",0,0,FALSE
"hematocrit","CXCL9",0,0,FALSE
"hematocrit","IL10",0,0,FALSE
"hematocrit","IL1RN",0,0,FALSE
"hematocrit","CCL11",0,0,FALSE
"hematocrit","GDF15",0,0,FALSE
"hematocrit","CHI3L1",0,0,FALSE
"hematocrit","IGFBP7",0,0,FALSE
"hematocrit","TNFRSF1A",0,0,FALSE
"hematocrit","TNFRSF1B",0,0,FALSE
"hematocrit","LAG3",0,0,FALSE
"hematocrit","HAVCR2",0,0,FALSE
"hematocrit","CD274",0,0,FALSE
"hematocrit","LEP",0,0,FALSE
"potassium","age_group",0,0,FALSE
"potassium","sex",0,0,FALSE
"potassium","cmv",0,0,FALSE
"potassium","crp",0,0,FALSE
"potassium","lymphocytes",0,0,FALSE
"potassium","monocytes",0,0,FALSE
"potassium","eosinophils",0,0,FALSE
"potassium","hdl",0,0,FALSE
"potassium","ldl",0,0,FALSE
"potassium","triglycerides",0,0,FALSE
"potassium","alt",0,0,FALSE
"potassium","ast",0,0,FALSE
"potassium","creatinine",0,0,FALSE
"potassium","bun",0,0,FALSE
"potassium","TNF",0,0,FALSE
"potassium","CXCL8",0,0,FALSE
"potassium","CXCL9",0,0,FALSE
"potassium","CXCL10",0,0,FALSE
"potassium","IL18",0,0,FALSE
"potassium","IL10",0,0,FALSE
"potassium","IL1RN",0,0,FALSE
"potassium","IL7",0,0,FALSE
"potassium","IL15",0,0,FALSE
"potassium","CCL11",0,0,FALSE
"potassium","GDF15",0,0,FALSE
"potassium","FGF21",0,0,FALSE
"potassium","CHI3L1",0,0,FALSE
"potassium","TNFRSF1A",0,0,FALSE
"potassium","TNFRSF1B",0,0,FALSE
"potassium","GZMB",0,0,FALSE
"potassium","KLRD1",0,0,FALSE
"potassium","MMP12",0,0,FALSE
"potassium","VEGFA",0,0,FALSE
"potassium","LAG3",0,0,FALSE
"potassium","CD274",0,0,FALSE
"calcium","age_group",0,0,FALSE
"calcium","sex",0,0,FALSE
"calcium","cmv",0,0,FALSE
"calcium","neutrophils",0,0,FALSE
"calcium","monocytes",0,0,FALSE
"calcium","rdw",0,0,FALSE
"calcium","triglycerides",0,0,FALSE
"calcium","bun",0,0,FALSE
"calcium","wbc",0,0,FALSE
"calcium","IL6",0,0,FALSE
"calcium","TNF",0,0,FALSE
"calcium","CXCL8",0,0,FALSE
"calcium","CXCL11",0,0,FALSE
"calcium","IFNG",0,0,FALSE
"calcium","IL18",0,0,FALSE
"calcium","IL10",0,0,FALSE
"calcium","IL7",0,0,FALSE
"calcium","IL15",0,0,FALSE
"calcium","CCL3",0,0,FALSE
"calcium","CCL4",0,0,FALSE
"calcium","CCL8",0,0,FALSE
"calcium","FGF21",0,0,FALSE
"calcium","CHI3L1",0,0,FALSE
"calcium","IGFBP7",0,0,FALSE
"calcium","CD8A",0,0,FALSE
"calcium","GZMA",0,0,FALSE
"calcium","GZMB",0,0,FALSE
"calcium","MMP12",0,0,FALSE
"calcium","VEGFA",0,0,FALSE
"calcium","PDCD1",0,0,FALSE
"calcium","LAG3",0,0,FALSE
"calcium","CD274",0,0,FALSE
"calcium","LEP",0,0,FALSE
"IL6","cmv",0,0,FALSE
"IL6","lymphocytes",0,0,FALSE
"IL6","rdw",0,0,FALSE
"IL6","triglycerides",0,0,FALSE
"IL6","ast",0,0,FALSE
"IL6","creatinine",0,0,FALSE
"IL6","hematocrit",0,0,FALSE
"IL6","calcium",0,0,FALSE
"IL6","CXCL11",0,0,FALSE
"IL6","IFNG",0,0,FALSE
"IL6","IL10",0,0,FALSE
"IL6","IL7",0,0,FALSE
"IL6","IL15",0,0,FALSE
"IL6","CCL4",0,0,FALSE
"IL6","CCL11",0,0,FALSE
"IL6","IGFBP7",0,0,FALSE
"IL6","TNFRSF1B",0,0,FALSE
"IL6","CD8A",0,0,FALSE
"IL6","KLRD1",0,0,FALSE
"IL6","PDCD1",0,0,FALSE
"IL6","HAVCR2",0,0,FALSE
"TNF","sex",0,0,FALSE
"TNF","crp",0,0,FALSE
"TNF","esr",0,0,FALSE
"TNF","neutrophils",0,0,FALSE
"TNF","monocytes",0,0,FALSE
"TNF","eosinophils",0,0,FALSE
"TNF","platelets",0,0,FALSE
"TNF","hdl",0,0,FALSE
"TNF","ldl",0,0,FALSE
"TNF","albumin",0,0,FALSE
"TNF","potassium",0,0,FALSE
"TNF","calcium",0,0,FALSE
"TNF","IL10",0,0,FALSE
"TNF","IL1RN",0,0,FALSE
"TNF","CCL3",0,0,FALSE
"TNF","CCL4",0,0,FALSE
"TNF","CCL11",0,0,FALSE
"TNF","GDF15",0,0,FALSE
"TNF","FGF21",0,0,FALSE
"TNF","CD8A",0,0,FALSE
"TNF","GZMB",0,0,FALSE
"TNF","MMP12",0,0,FALSE
"TNF","LAG3",0,0,FALSE
"TNF","LEP",0,0,FALSE
"CXCL8","sex",0,0,FALSE
"CXCL8","cmv",0,0,FALSE
"CXCL8","esr",0,0,FALSE
"CXCL8","eosinophils",0,0,FALSE
"CXCL8","platelets",0,0,FALSE
"CXCL8","hdl",0,0,FALSE
"CXCL8","ldl",0,0,FALSE
"CXCL8","alt",0,0,FALSE
"CXCL8","albumin",0,0,FALSE
"CXCL8","potassium",0,0,FALSE
"CXCL8","calcium",0,0,FALSE
"CXCL8","CXCL9",0,0,FALSE
"CXCL8","IL10",0,0,FALSE
"CXCL8","IL1RN",0,0,FALSE
"CXCL8","IGFBP7",0,0,FALSE
"CXCL8","TNFRSF1A",0,0,FALSE
"CXCL8","TNFRSF1B",0,0,FALSE
"CXCL8","GZMB",0,0,FALSE
"CXCL8","LAG3",0,0,FALSE
"CXCL8","HAVCR2",0,0,FALSE
"CXCL8","LEP",0,0,FALSE
"CXCL9","age_group",0,0,FALSE
"CXCL9","cmv",0,0,FALSE
"CXCL9","crp",0,0,FALSE
"CXCL9","eosinophils",0,0,FALSE
"CXCL9","rdw",0,0,FALSE
"CXCL9","hdl",0,0,FALSE
"CXCL9","ldl",0,0,FALSE
"CXCL9","alt",0,0,FALSE
"CXCL9","ast",0,0,FALSE
"CXCL9","albumin",0,0,FALSE
"CXCL9","bun",0,0,FALSE
"CXCL9","hematocrit",0,0,FALSE
"CXCL9","potassium",0,0,FALSE
"CXCL9","CXCL8",0,0,FALSE
"CXCL9","CXCL11",0,0,FALSE
"CXCL9","IL18",0,0,FALSE
"CXCL9","IL15",0,0,FALSE
"CXCL9","FGF21",0,0,FALSE
"CXCL9","IGFBP7",0,0,FALSE
"CXCL9","HAVCR2",0,0,FALSE
"CXCL10","age_group",0,0,FALSE
"CXCL10","sex",0,0,FALSE
"CXCL10","cmv",0,0,FALSE
"CXCL10","crp",0,0,FALSE
"CXCL10","lymphocytes",0,0,FALSE
"CXCL10","neutrophils",0,0,FALSE
"CXCL10","monocytes",0,0,FALSE
"CXCL10","hemoglobin",0,0,FALSE
"CXCL10","hdl",0,0,FALSE
"CXCL10","ast",0,0,FALSE
"CXCL10","creatinine",0,0,FALSE
"CXCL10","bun",0,0,FALSE
"CXCL10","wbc",0,0,FALSE
"CXCL10","potassium",0,0,FALSE
"CXCL10","IFNG",0,0,FALSE
"CXCL10","IL18",0,0,FALSE
"CXCL10","IL10",0,0,FALSE
"CXCL10","CCL8",0,0,FALSE
"CXCL10","FGF21",0,0,FALSE
"CXCL10","CHI3L1",0,0,FALSE
"CXCL10","TNFRSF1A",0,0,FALSE
"CXCL10","PDCD1",0,0,FALSE
"CXCL10","HAVCR2",0,0,FALSE
"CXCL11","crp",0,0,FALSE
"CXCL11","neutrophils",0,0,FALSE
"CXCL11","rdw",0,0,FALSE
"CXCL11","triglycerides",0,0,FALSE
"CXCL11","alt",0,0,FALSE
"CXCL11","ast",0,0,FALSE
"CXCL11","creatinine",0,0,FALSE
"CXCL11","bun",0,0,FALSE
"CXCL11","calcium",0,0,FALSE
"CXCL11","IL6",0,0,FALSE
"CXCL11","CXCL9",0,0,FALSE
"CXCL11","IFNG",0,0,FALSE
"CXCL11","IL18",0,0,FALSE
"CXCL11","CCL2",0,0,FALSE
"CXCL11","CCL11",0,0,FALSE
"CXCL11","FGF21",0,0,FALSE
"CXCL11","IGFBP7",0,0,FALSE
"CXCL11","TNFRSF1A",0,0,FALSE
"CXCL11","TNFRSF1B",0,0,FALSE
"CXCL11","KLRD1",0,0,FALSE
"CXCL11","HAVCR2",0,0,FALSE
"CXCL11","LEP",0,0,FALSE
"IFNG","age_group",0,0,FALSE
"IFNG","sex",0,0,FALSE
"IFNG","cmv",0,0,FALSE
"IFNG","esr",0,0,FALSE
"IFNG","neutrophils",0,0,FALSE
"IFNG","monocytes",0,0,FALSE
"IFNG","eosinophils",0,0,FALSE
"IFNG","platelets",0,0,FALSE
"IFNG","rdw",0,0,FALSE
"IFNG","hdl",0,0,FALSE
"IFNG","ldl",0,0,FALSE
"IFNG","triglycerides",0,0,FALSE
"IFNG","ast",0,0,FALSE
"IFNG","creatinine",0,0,FALSE
"IFNG","bun",0,0,FALSE
"IFNG","glucose",0,0,FALSE
"IFNG","calcium",0,0,FALSE
"IFNG","IL6",0,0,FALSE
"IFNG","CXCL10",0,0,FALSE
"IFNG","CXCL11",0,0,FALSE
"IFNG","IL10",0,0,FALSE
"IFNG","IL1RN",0,0,FALSE
"IFNG","IL7",0,0,FALSE
"IFNG","IL15",0,0,FALSE
"IFNG","CCL8",0,0,FALSE
"IFNG","CCL11",0,0,FALSE
"IFNG","GDF15",0,0,FALSE
"IFNG","CD8A",0,0,FALSE
"IFNG","GZMB",0,0,FALSE
"IFNG","PDCD1",0,0,FALSE
"IFNG","HAVCR2",0,0,FALSE
"IFNG","CD274",0,0,FALSE
"IL18","age_group",0,0,FALSE
"IL18","sex",0,0,FALSE
"IL18","cmv",0,0,FALSE
"IL18","monocytes",0,0,FALSE
"IL18","rdw",0,0,FALSE
"IL18","albumin",0,0,FALSE
"IL18","wbc",0,0,FALSE
"IL18","potassium",0,0,FALSE
"IL18","calcium",0,0,FALSE
"IL18","CXCL9",0,0,FALSE
"IL18","CXCL10",0,0,FALSE
"IL18","CXCL11",0,0,FALSE
"IL18","IL7",0,0,FALSE
"IL18","IL15",0,0,FALSE
"IL18","CCL4",0,0,FALSE
"IL18","FGF21",0,0,FALSE
"IL18","IGFBP7",0,0,FALSE
"IL18","GZMA",0,0,FALSE
"IL18","MMP12",0,0,FALSE
"IL18","LAG3",0,0,FALSE
"IL18","CD274",0,0,FALSE
"IL18","LEP",0,0,FALSE
"IL10","crp",0,0,FALSE
"IL10","esr",0,0,FALSE
"IL10","lymphocytes",0,0,FALSE
"IL10","neutrophils",0,0,FALSE
"IL10","hemoglobin",0,0,FALSE
"IL10","rdw",0,0,FALSE
"IL10","ldl",0,0,FALSE
"IL10","triglycerides",0,0,FALSE
"IL10","alt",0,0,FALSE
"IL10","ast",0,0,FALSE
"IL10","albumin",0,0,FALSE
"IL10","bun",0,0,FALSE
"IL10","hematocrit",0,0,FALSE
"IL10","potassium",0,0,FALSE
"IL10","calcium",0,0,FALSE
"IL10","IL6",0,0,FALSE
"IL10","TNF",0,0,FALSE
"IL10","CXCL8",0,0,FALSE
"IL10","CXCL10",0,0,FALSE
"IL10","IFNG",0,0,FALSE
"IL10","IL1RN",0,0,FALSE
"IL10","IL15",0,0,FALSE
"IL10","CCL2",0,0,FALSE
"IL10","CCL8",0,0,FALSE
"IL10","CCL11",0,0,FALSE
"IL10","GDF15",0,0,FALSE
"IL10","TNFRSF1A",0,0,FALSE
"IL10","TNFRSF1B",0,0,FALSE
"IL10","GZMA",0,0,FALSE
"IL10","GZMB",0,0,FALSE
"IL10","KLRD1",0,0,FALSE
"IL10","MMP12",0,0,FALSE
"IL10","VEGFA",0,0,FALSE
"IL10","LAG3",0,0,FALSE
"IL10","HAVCR2",0,0,FALSE
"IL10","CD274",0,0,FALSE
"IL1RN","sex",0,0,FALSE
"IL1RN","cmv",0,0,FALSE
"IL1RN","eosinophils",0,0,FALSE
"IL1RN","platelets",0,0,FALSE
"IL1RN","ast",0,0,FALSE
"IL1RN","albumin",0,0,FALSE
"IL1RN","hematocrit",0,0,FALSE
"IL1RN","potassium",0,0,FALSE
"IL1RN","TNF",0,0,FALSE
"IL1RN","CXCL8",0,0,FALSE
"IL1RN","IFNG",0,0,FALSE
"IL1RN","IL10",0,0,FALSE
"IL1RN","IL7",0,0,FALSE
"IL1RN","CCL8",0,0,FALSE
"IL1RN","GZMA",0,0,FALSE
"IL1RN","GZMB",0,0,FALSE
"IL1RN","KLRD1",0,0,FALSE
"IL1RN","PDCD1",0,0,FALSE
"IL7","age_group",0,0,FALSE
"IL7","sex",0,0,FALSE
"IL7","esr",0,0,FALSE
"IL7","lymphocytes",0,0,FALSE
"IL7","monocytes",0,0,FALSE
"IL7","eosinophils",0,0,FALSE
"IL7","hemoglobin",0,0,FALSE
"IL7","rdw",0,0,FALSE
"IL7","hdl",0,0,FALSE
"IL7","ldl",0,0,FALSE
"IL7","alt",0,0,FALSE
"IL7","ast",0,0,FALSE
"IL7","bun",0,0,FALSE
"IL7","glucose",0,0,FALSE
"IL7","potassium",0,0,FALSE
"IL7","calcium",0,0,FALSE
"IL7","IL6",0,0,FALSE
"IL7","IFNG",0,0,FALSE
"IL7","IL18",0,0,FALSE
"IL7","IL1RN",0,0,FALSE
"IL7","IL15",0,0,FALSE
"IL7","CCL3",0,0,FALSE
"IL7","TNFRSF1B",0,0,FALSE
"IL7","GZMA",0,0,FALSE
"IL7","MMP12",0,0,FALSE
"IL7","LAG3",0,0,FALSE
"IL7","HAVCR2",0,0,FALSE
"IL7","LEP",0,0,FALSE
"IL15","sex",0,0,FALSE
"IL15","cmv",0,0,FALSE
"IL15","esr",0,0,FALSE
"IL15","neutrophils",0,0,FALSE
"IL15","platelets",0,0,FALSE
"IL15","rdw",0,0,FALSE
"IL15","alt",0,0,FALSE
"IL15","glucose",0,0,FALSE
"IL15","potassium",0,0,FALSE
"IL15","calcium",0,0,FALSE
"IL15","IL6",0,0,FALSE
"IL15","CXCL9",0,0,FALSE
"IL15","IFNG",0,0,FALSE
"IL15","IL18",0,0,FALSE
"IL15","IL10",0,0,FALSE
"IL15","IL7",0,0,FALSE
"IL15","CCL3",0,0,FALSE
"IL15","CCL4",0,0,FALSE
"IL15","CCL8",0,0,FALSE
"IL15","CCL11",0,0,FALSE
"IL15","VEGFA",0,0,FALSE
"IL15","HAVCR2",0,0,FALSE
"IL15","LEP",0,0,FALSE
"CCL2","sex",0,0,FALSE
"CCL2","cmv",0,0,FALSE
"CCL2","crp",0,0,FALSE
"CCL2","esr",0,0,FALSE
"CCL2","lymphocytes",0,0,FALSE
"CCL2","rdw",0,0,FALSE
"CCL2","hdl",0,0,FALSE
"CCL2","triglycerides",0,0,FALSE
"CCL2","alt",0,0,FALSE
"CCL2","CXCL11",0,0,FALSE
"CCL2","IL10",0,0,FALSE
"CCL2","CCL3",0,0,FALSE
"CCL2","CCL4",0,0,FALSE
"CCL2","GDF15",0,0,FALSE
"CCL2","CHI3L1",0,0,FALSE
"CCL2","TNFRSF1B",0,0,FALSE
"CCL2","CD8A",0,0,FALSE
"CCL2","GZMB",0,0,FALSE
"CCL2","KLRD1",0,0,FALSE
"CCL2","CD274",0,0,FALSE
"CCL3","age_group",0,0,FALSE
"CCL3","cmv",0,0,FALSE
"CCL3","esr",0,0,FALSE
"CCL3","hemoglobin",0,0,FALSE
"CCL3","platelets",0,0,FALSE
"CCL3","rdw",0,0,FALSE
"CCL3","ldl",0,0,FALSE
"CCL3","triglycerides",0,0,FALSE
"CCL3","albumin",0,0,FALSE
"CCL3","creatinine",0,0,FALSE
"CCL3","calcium",0,0,FALSE
"CCL3","TNF",0,0,FALSE
"CCL3","IL7",0,0,FALSE
"CCL3","IL15",0,0,FALSE
"CCL3","CCL2",0,0,FALSE
"CCL3","CCL11",0,0,FALSE
"CCL3","CHI3L1",0,0,FALSE
"CCL3","CD8A",0,0,FALSE
"CCL3","GZMA",0,0,FALSE
"CCL3","GZMB",0,0,FALSE
"CCL3","VEGFA",0,0,FALSE
"CCL3","LAG3",0,0,FALSE
"CCL4","lymphocytes",0,0,FALSE
"CCL4","rdw",0,0,FALSE
"CCL4","triglycerides",0,0,FALSE
"CCL4","ast",0,0,FALSE
"CCL4","albumin",0,0,FALSE
"CCL4","glucose",0,0,FALSE
"CCL4","calcium",0,0,FALSE
"CCL4","IL6",0,0,FALSE
"CCL4","TNF",0,0,FALSE
"CCL4","IL18",0,0,FALSE
"CCL4","IL15",0,0,FALSE
"CCL4","CCL2",0,0,FALSE
"CCL4","CCL8",0,0,FALSE
"CCL4","TNFRSF1A",0,0,FALSE
"CCL4","TNFRSF1B",0,0,FALSE
"CCL4","CD8A",0,0,FALSE
"CCL4","KLRD1",0,0,FALSE
"CCL4","CD274",0,0,FALSE
"CCL8","age_group",0,0,FALSE
"CCL8","sex",0,0,FALSE
"CCL8","monocytes",0,0,FALSE
"CCL8","eosinophils",0,0,FALSE
"CCL8","hemoglobin",0,0,FALSE
"CCL8","platelets",0,0,FALSE
"CCL8","rdw",0,0,FALSE
"CCL8","ldl",0,0,FALSE
"CCL8","ast",0,0,FALSE
"CCL8","bun",0,0,FALSE
"CCL8","wbc",0,0,FALSE
"CCL8","calcium",0,0,FALSE
"CCL8","CXCL10",0,0,FALSE
"CCL8","IFNG",0,0,FALSE
"CCL8","IL10",0,0,FALSE
"CCL8","IL1RN",0,0,FALSE
"CCL8","IL15",0,0,FALSE
"CCL8","CCL4",0,0,FALSE
"CCL8","FGF21",0,0,FALSE
"CCL8","IGFBP7",0,0,FALSE
"CCL8","TNFRSF1A",0,0,FALSE
"CCL8","TNFRSF1B",0,0,FALSE
"CCL8","GZMB",0,0,FALSE
"CCL8","KLRD1",0,0,FALSE
"CCL8","MMP12",0,0,FALSE
"CCL8","VEGFA",0,0,FALSE
"CCL8","PDCD1",0,0,FALSE
"CCL11","sex",0,0,FALSE
"CCL11","cmv",0,0,FALSE
"CCL11","hemoglobin",0,0,FALSE
"CCL11","platelets",0,0,FALSE
"CCL11","ldl",0,0,FALSE
"CCL11","triglycerides",0,0,FALSE
"CCL11","ast",0,0,FALSE
"CCL11","albumin",0,0,FALSE
"CCL11","creatinine",0,0,FALSE
"CCL11","hematocrit",0,0,FALSE
"CCL11","potassium",0,0,FALSE
"CCL11","IL6",0,0,FALSE
"CCL11","TNF",0,0,FALSE
"CCL11","CXCL11",0,0,FALSE
"CCL11","IFNG",0,0,FALSE
"CCL11","IL10",0,0,FALSE
"CCL11","IL15",0,0,FALSE
"CCL11","CCL3",0,0,FALSE
"CCL11","FGF21",0,0,FALSE
"CCL11","GZMA",0,0,FALSE
"CCL11","GZMB",0,0,FALSE
"CCL11","LAG3",0,0,FALSE
"CCL11","CD274",0,0,FALSE
"GDF15","sex",0,0,FALSE
"GDF15","cmv",0,0,FALSE
"GDF15","neutrophils",0,0,FALSE
"GDF15","monocytes",0,0,FALSE
"GDF15","eosinophils",0,0,FALSE
"GDF15","hemoglobin",0,0,FALSE
"GDF15","rdw",0,0,FALSE
"GDF15","wbc",0,0,FALSE
"GDF15","hematocrit",0,0,FALSE
"GDF15","potassium",0,0,FALSE
"GDF15","TNF",0,0,FALSE
"GDF15","IFNG",0,0,FALSE
"GDF15","IL10",0,0,FALSE
"GDF15","CCL2",0,0,FALSE
"GDF15","KLRD1",0,0,FALSE
"GDF15","LAG3",0,0,FALSE
"FGF21","age_group",0,0,FALSE
"FGF21","sex",0,0,FALSE
"FGF21","cmv",0,0,FALSE
"FGF21","crp",0,0,FALSE
"FGF21","lymphocytes",0,0,FALSE
"FGF21","neutrophils",0,0,FALSE
"FGF21","eosinophils",0,0,FALSE
"FGF21","hemoglobin",0,0,FALSE
"FGF21","platelets",0,0,FALSE
"FGF21","rdw",0,0,FALSE
"FGF21","albumin",0,0,FALSE
"FGF21","creatinine",0,0,FALSE
"FGF21","glucose",0,0,FALSE
"FGF21","potassium",0,0,FALSE
"FGF21","calcium",0,0,FALSE
"FGF21","TNF",0,0,FALSE
"FGF21","CXCL9",0,0,FALSE
"FGF21","CXCL10",0,0,FALSE
"FGF21","CXCL11",0,0,FALSE
"FGF21","IL18",0,0,FALSE
"FGF21","CCL8",0,0,FALSE
"FGF21","CCL11",0,0,FALSE
"FGF21","IGFBP7",0,0,FALSE
"FGF21","TNFRSF1B",0,0,FALSE
"FGF21","GZMA",0,0,FALSE
"FGF21","KLRD1",0,0,FALSE
"FGF21","MMP12",0,0,FALSE
"FGF21","PDCD1",0,0,FALSE
"FGF21","HAVCR2",0,0,FALSE
"CHI3L1","cmv",0,0,FALSE
"CHI3L1","neutrophils",0,0,FALSE
"CHI3L1","monocytes",0,0,FALSE
"CHI3L1","eosinophils",0,0,FALSE
"CHI3L1","rdw",0,0,FALSE
"CHI3L1","hdl",0,0,FALSE
"CHI3L1","ldl",0,0,FALSE
"CHI3L1","triglycerides",0,0,FALSE
"CHI3L1","alt",0,0,FALSE
"CHI3L1","ast",0,0,FALSE
"CHI3L1","glucose",0,0,FALSE
"CHI3L1","wbc",0,0,FALSE
"CHI3L1","hematocrit",0,0,FALSE
"CHI3L1","potassium",0,0,FALSE
"CHI3L1","calcium",0,0,FALSE
"CHI3L1","CXCL10",0,0,FALSE
"CHI3L1","CCL2",0,0,FALSE
"CHI3L1","CCL3",0,0,FALSE
"CHI3L1","KLRD1",0,0,FALSE
"CHI3L1","CD274",0,0,FALSE
"IGFBP7","cmv",0,0,FALSE
"IGFBP7","lymphocytes",0,0,FALSE
"IGFBP7","monocytes",0,0,FALSE
"IGFBP7","eosinophils",0,0,FALSE
"IGFBP7","platelets",0,0,FALSE
"IGFBP7","hematocrit",0,0,FALSE
"IGFBP7","calcium",0,0,FALSE
"IGFBP7","IL6",0,0,FALSE
"IGFBP7","CXCL8",0,0,FALSE
"IGFBP7","CXCL9",0,0,FALSE
"IGFBP7","CXCL11",0,0,FALSE
"IGFBP7","IL18",0,0,FALSE
"IGFBP7","CCL8",0,0,FALSE
"IGFBP7","FGF21",0,0,FALSE
"IGFBP7","MMP12",0,0,FALSE
"IGFBP7","CD274",0,0,FALSE
"TNFRSF1A","age_group",0,0,FALSE
"TNFRSF1A","sex",0,0,FALSE
"TNFRSF1A","cmv",0,0,FALSE
"TNFRSF1A","esr",0,0,FALSE
"TNFRSF1A","lymphocytes",0,0,FALSE
"TNFRSF1A","neutrophils",0,0,FALSE
"TNFRSF1A","monocytes",0,0,FALSE
"TNFRSF1A","eosinophils",0,0,FALSE
"TNFRSF1A","ldl",0,0,FALSE
"TNFRSF1A","triglycerides",0,0,FALSE
"TNFRSF1A","ast",0,0,FALSE
"TNFRSF1A","glucose",0,0,FALSE
"TNFRSF1A","hematocrit",0,0,FALSE
"TNFRSF1A","potassium",0,0,FALSE
"TNFRSF1A","CXCL8",0,0,FALSE
"TNFRSF1A","CXCL10",0,0,FALSE
"TNFRSF1A","CXCL11",0,0,FALSE
"TNFRSF1A","IL10",0,0,FALSE
"TNFRSF1A","CCL4",0,0,FALSE
"TNFRSF1A","CCL8",0,0,FALSE
"TNFRSF1A","CD8A",0,0,FALSE
"TNFRSF1A","KLRD1",0,0,FALSE
"TNFRSF1B","sex",0,0,FALSE
"TNFRSF1B","crp",0,0,FALSE
"TNFRSF1B","neutrophils",0,0,FALSE
"TNFRSF1B","monocytes",0,0,FALSE
"TNFRSF1B","eosinophils",0,0,FALSE
"TNFRSF1B","triglycerides",0,0,FALSE
"TNFRSF1B","alt",0,0,FALSE
"TNFRSF1B","albumin",0,0,FALSE
"TNFRSF1B","glucose",0,0,FALSE
"TNFRSF1B","hematocrit",0,0,FALSE
"TNFRSF1B","potassium",0,0,FALSE
"TNFRSF1B","IL6",0,0,FALSE
"TNFRSF1B","CXCL8",0,0,FALSE
"TNFRSF1B","CXCL11",0,0,FALSE
"TNFRSF1B","IL10",0,0,FALSE
"TNFRSF1B","IL7",0,0,FALSE
"TNFRSF1B","CCL2",0,0,FALSE
"TNFRSF1B","CCL4",0,0,FALSE
"TNFRSF1B","CCL8",0,0,FALSE
"TNFRSF1B","FGF21",0,0,FALSE
"TNFRSF1B","GZMB",0,0,FALSE
"TNFRSF1B","MMP12",0,0,FALSE
"TNFRSF1B","LAG3",0,0,FALSE
"TNFRSF1B","LEP",0,0,FALSE
"CD8A","sex",0,0,FALSE
"CD8A","cmv",0,0,FALSE
"CD8A","crp",0,0,FALSE
"CD8A","esr",0,0,FALSE
"CD8A","platelets",0,0,FALSE
"CD8A","rdw",0,0,FALSE
"CD8A","hdl",0,0,FALSE
"CD8A","ldl",0,0,FALSE
"CD8A","ast",0,0,FALSE
"CD8A","glucose",0,0,FALSE
"CD8A","calcium",0,0,FALSE
"CD8A","IL6",0,0,FALSE
"CD8A","TNF",0,0,FALSE
"CD8A","IFNG",0,0,FALSE
"CD8A","CCL2",0,0,FALSE
"CD8A","CCL3",0,0,FALSE
"CD8A","CCL4",0,0,FALSE
"CD8A","TNFRSF1A",0,0,FALSE
"CD8A","MMP12",0,0,FALSE
"CD8A","LAG3",0,0,FALSE
"GZMA","age_group",0,0,FALSE
"GZMA","sex",0,0,FALSE
"GZMA","cmv",0,0,FALSE
"GZMA","monocytes",0,0,FALSE
"GZMA","albumin",0,0,FALSE
"GZMA","glucose",0,0,FALSE
"GZMA","calcium",0,0,FALSE
"GZMA","IL18",0,0,FALSE
"GZMA","IL10",0,0,FALSE
"GZMA","IL1RN",0,0,FALSE
"GZMA","IL7",0,0,FALSE
"GZMA","CCL3",0,0,FALSE
"GZMA","CCL11",0,0,FALSE
"GZMA","FGF21",0,0,FALSE
"GZMA","MMP12",0,0,FALSE
"GZMA","HAVCR2",0,0,FALSE
"GZMB","age_group",0,0,FALSE
"GZMB","cmv",0,0,FALSE
"GZMB","crp",0,0,FALSE
"GZMB","neutrophils",0,0,FALSE
"GZMB","eosinophils",0,0,FALSE
"GZMB","alt",0,0,FALSE
"GZMB","albumin",0,0,FALSE
"GZMB","bun",0,0,FALSE
"GZMB","glucose",0,0,FALSE
"GZMB","wbc",0,0,FALSE
"GZMB","potassium",0,0,FALSE
"GZMB","calcium",0,0,FALSE
"GZMB","TNF",0,0,FALSE
"GZMB","CXCL8",0,0,FALSE
"GZMB","IFNG",0,0,FALSE
"GZMB","IL10",0,0,FALSE
"GZMB","IL1RN",0,0,FALSE
"GZMB","CCL2",0,0,FALSE
"GZMB","CCL3",0,0,FALSE
"GZMB","CCL8",0,0,FALSE
"GZMB","CCL11",0,0,FALSE
"GZMB","TNFRSF1B",0,0,FALSE
"GZMB","PDCD1",0,0,FALSE
"GZMB","CD274",0,0,FALSE
"KLRD1","age_group",0,0,FALSE
"KLRD1","sex",0,0,FALSE
"KLRD1","esr",0,0,FALSE
"KLRD1","monocytes",0,0,FALSE
"KLRD1","eosinophils",0,0,FALSE
"KLRD1","hemoglobin",0,0,FALSE
"KLRD1","platelets",0,0,FALSE
"KLRD1","hdl",0,0,FALSE
"KLRD1","ldl",0,0,FALSE
"KLRD1","albumin",0,0,FALSE
"KLRD1","glucose",0,0,FALSE
"KLRD1","potassium",0,0,FALSE
"KLRD1","IL6",0,0,FALSE
"KLRD1","CXCL11",0,0,FALSE
"KLRD1","IL10",0,0,FALSE
"KLRD1","IL1RN",0,0,FALSE
"KLRD1","CCL2",0,0,FALSE
"KLRD1","CCL4",0,0,FALSE
"KLRD1","CCL8",0,0,FALSE
"KLRD1","GDF15",0,0,FALSE
"KLRD1","FGF21",0,0,FALSE
"KLRD1","CHI3L1",0,0,FALSE
"KLRD1","TNFRSF1A",0,0,FALSE
"MMP12","sex",0,0,FALSE
"MMP12","cmv",0,0,FALSE
"MMP12","lymphocytes",0,0,FALSE
"MMP12","neutrophils",0,0,FALSE
"MMP12","platelets",0,0,FALSE
"MMP12","rdw",0,0,FALSE
"MMP12","hdl",0,0,FALSE
"MMP12","ldl",0,0,FALSE
"MMP12","alt",0,0,FALSE
"MMP12","ast",0,0,FALSE
"MMP12","wbc",0,0,FALSE
"MMP12","potassium",0,0,FALSE
"MMP12","calcium",0,0,FALSE
"MMP12","TNF",0,0,FALSE
"MMP12","IL18",0,0,FALSE
"MMP12","IL10",0,0,FALSE
"MMP12","IL7",0,0,FALSE
"MMP12","CCL8",0,0,FALSE
"MMP12","FGF21",0,0,FALSE
"MMP12","IGFBP7",0,0,FALSE
"MMP12","TNFRSF1B",0,0,FALSE
"MMP12","CD8A",0,0,FALSE
"MMP12","GZMA",0,0,FALSE
"MMP12","PDCD1",0,0,FALSE
"VEGFA","age_group",0,0,FALSE
"VEGFA","cmv",0,0,FALSE
"VEGFA","esr",0,0,FALSE
"VEGFA","neutrophils",0,0,FALSE
"VEGFA","eosinophils",0,0,FALSE
"VEGFA","hdl",0,0,FALSE
"VEGFA","ldl",0,0,FALSE
"VEGFA","alt",0,0,FALSE
"VEGFA","ast",0,0,FALSE
"VEGFA","glucose",0,0,FALSE
"VEGFA","potassium",0,0,FALSE
"VEGFA","calcium",0,0,FALSE
"VEGFA","IL10",0,0,FALSE
"VEGFA","IL15",0,0,FALSE
"VEGFA","CCL3",0,0,FALSE
"VEGFA","CCL8",0,0,FALSE
"PDCD1","age_group",0,0,FALSE
"PDCD1","cmv",0,0,FALSE
"PDCD1","esr",0,0,FALSE
"PDCD1","lymphocytes",0,0,FALSE
"PDCD1","neutrophils",0,0,FALSE
"PDCD1","monocytes",0,0,FALSE
"PDCD1","eosinophils",0,0,FALSE
"PDCD1","hemoglobin",0,0,FALSE
"PDCD1","platelets",0,0,FALSE
"PDCD1","ldl",0,0,FALSE
"PDCD1","triglycerides",0,0,FALSE
"PDCD1","alt",0,0,FALSE
"PDCD1","albumin",0,0,FALSE
"PDCD1","creatinine",0,0,FALSE
"PDCD1","glucose",0,0,FALSE
"PDCD1","wbc",0,0,FALSE
"PDCD1","calcium",0,0,FALSE
"PDCD1","IL6",0,0,FALSE
"PDCD1","CXCL10",0,0,FALSE
"PDCD1","IFNG",0,0,FALSE
"PDCD1","IL1RN",0,0,FALSE
"PDCD1","CCL8",0,0,FALSE
"PDCD1","FGF21",0,0,FALSE
"PDCD1","GZMB",0,0,FALSE
"PDCD1","MMP12",0,0,FALSE
"PDCD1","HAVCR2",0,0,FALSE
"LAG3","sex",0,0,FALSE
"LAG3","cmv",0,0,FALSE
"LAG3","hemoglobin",0,0,FALSE
"LAG3","platelets",0,0,FALSE
"LAG3","ast",0,0,FALSE
"LAG3","albumin",0,0,FALSE
"LAG3","creatinine",0,0,FALSE
"LAG3","bun",0,0,FALSE
"LAG3","glucose",0,0,FALSE
"LAG3","hematocrit",0,0,FALSE
"LAG3","potassium",0,0,FALSE
"LAG3","calcium",0,0,FALSE
"LAG3","TNF",0,0,FALSE
"LAG3","CXCL8",0,0,FALSE
"LAG3","IL18",0,0,FALSE
"LAG3","IL10",0,0,FALSE
"LAG3","IL7",0,0,FALSE
"LAG3","CCL3",0,0,FALSE
"LAG3","CCL11",0,0,FALSE
"LAG3","GDF15",0,0,FALSE
"LAG3","TNFRSF1B",0,0,FALSE
"LAG3","CD8A",0,0,FALSE
"LAG3","CD274",0,0,FALSE
"LAG3","LEP",0,0,FALSE
"HAVCR2","age_group",0,0,FALSE
"HAVCR2","cmv",0,0,FALSE
"HAVCR2","neutrophils",0,0,FALSE
"HAVCR2","eosinophils",0,0,FALSE
"HAVCR2","platelets",0,0,FALSE
"HAVCR2","rdw",0,0,FALSE
"HAVCR2","triglycerides",0,0,FALSE
"HAVCR2","ast",0,0,FALSE
"HAVCR2","glucose",0,0,FALSE
"HAVCR2","hematocrit",0,0,FALSE
"HAVCR2","IL6",0,0,FALSE
"HAVCR2","CXCL8",0,0,FALSE
"HAVCR2","CXCL9",0,0,FALSE
"HAVCR2","CXCL10",0,0,FALSE
"HAVCR2","CXCL11",0,0,FALSE
"HAVCR2","IFNG",0,0,FALSE
"HAVCR2","IL10",0,0,FALSE
"HAVCR2","IL7",0,0,FALSE
"HAVCR2","IL15",0,0,FALSE
"HAVCR2","FGF21",0,0,FALSE
"HAVCR2","GZMA",0,0,FALSE
"HAVCR2","PDCD1",0,0,FALSE
"CD274","crp",0,0,FALSE
"CD274","esr",0,0,FALSE
"CD274","lymphocytes",0,0,FALSE
"CD274","neutrophils",0,0,FALSE
"CD274","monocytes",0,0,FALSE
"CD274","eosinophils",0,0,FALSE
"CD274","rdw",0,0,FALSE
"CD274","hdl",0,0,FALSE
"CD274","ldl",0,0,FALSE
"CD274","triglycerides",0,0,FALSE
"CD274","ast",0,0,FALSE
"CD274","creatinine",0,0,FALSE
"CD274","glucose",0,0,FALSE
"CD274","wbc",0,0,FALSE
"CD274","hematocrit",0,0,FALSE
"CD274","potassium",0,0,FALSE
"CD274","calcium",0,0,FALSE
"CD274","IFNG",0,0,FALSE
"CD274","IL18",0,0,FALSE
"CD274","IL10",0,0,FALSE
"CD274","CCL2",0,0,FALSE
"CD274","CCL4",0,0,FALSE
"CD274","CCL11",0,0,FALSE
"CD274","CHI3L1",0,0,FALSE
"CD274","IGFBP7",0,0,FALSE
"CD274","GZMB",0,0,FALSE
"CD274","LAG3",0,0,FALSE
"LEP","age_group",0,0,FALSE
"LEP","cmv",0,0,FALSE
"LEP","hemoglobin",0,0,FALSE
"LEP","rdw",0,0,FALSE
"LEP","ldl",0,0,FALSE
"LEP","triglycerides",0,0,FALSE
"LEP","creatinine",0,0,FALSE
"LEP","bun",0,0,FALSE
"LEP","hematocrit",0,0,FALSE
"LEP","calcium",0,0,FALSE
"LEP","TNF",0,0,FALSE
"LEP","CXCL8",0,0,FALSE
"LEP","CXCL11",0,0,FALSE
"LEP","IL18",0,0,FALSE
"LEP","IL7",0,0,FALSE
"LEP","IL15",0,0,FALSE
"LEP","TNFRSF1B",0,0,FALSE
"LEP","LAG3",0,0,FALSE
