"from","to","strength","direction","in_final_dag"
"e2f_targets","g2_m_checkpoint",1,0.805,TRUE
"e2f_targets","myc_targets_v1",1,0.875,TRUE
"g2_m_checkpoint","mitotic_spindle",1,0.975,TRUE
"myc_targets_v1","dna_repair",1,0.995,TRUE
"uv_response_dn","inflammatory_response",1,0.905,TRUE
"hypoxia","protein_secretion",1,0.97,TRUE
"inflammatory_response","il_6_jak_stat3_signaling",1,0.985,TRUE
"inflammatory_response","kras_signaling_up",1,0.985,TRUE
"interferon_alpha_response","interferon_gamma_response",1,0.725,TRUE
"coagulation","complement",1,0.56,TRUE
"kras_signaling_up","allograft_rejection",1,0.99,TRUE
"epithelial_mesenchymal_transition","uv_response_dn",1,0.57,TRUE
"epithelial_mesenchymal_transition","hypoxia",1,0.855,TRUE
"epithelial_mesenchymal_transition","apical_junction",1,0.915,TRUE
"estrogen_response_early","estrogen_response_late",1,1,TRUE
"estrogen_response_early","apical_surface",1,0.985,TRUE
"apoptosis","cholesterol_homeostasis",1,0.785,TRUE
"protein_secretion","cholesterol_homeostasis",1,0.72,TRUE
"unfolded_protein_response","uv_response_up",0.99,0.96969696969697,TRUE
"il_2_stat5_signaling","fatty_acid_metabolism",0.99,0.919191919191919,TRUE
"adipogenesis","mitotic_spindle",0.99,0.656565656565657,TRUE
"il_2_stat5_signaling","apoptosis",0.98,0.561224489795918,TRUE
"myc_targets_v1","myc_targets_v2",0.97,0.948453608247423,TRUE
"hypoxia","glycolysis",0.97,0.752577319587629,TRUE
"mtorc1_signaling","glycolysis",0.96,0.635416666666667,TRUE
"bile_acid_metabolism","pperoxisome",0.96,0.760416666666667,TRUE
"myogenesis","estrogen_response_early",0.96,0.90625,TRUE
"reactive_oxygen_species_pathway","dna_repair",0.95,0.989473684210526,TRUE
"e2f_targets","mtorc1_signaling",0.94,0.968085106382979,TRUE
"reactive_oxygen_species_pathway","unfolded_protein_response",0.94,0.98936170212766,TRUE
"heme_metabolism","uv_response_up",0.94,0.957446808510638,TRUE
"g2_m_checkpoint","glycolysis",0.94,0.601063829787234,TRUE
"epithelial_mesenchymal_transition","myogenesis",0.94,0.622340425531915,TRUE
"g2_m_checkpoint","estrogen_response_late",0.92,0.956521739130435,TRUE
"p53_pathway","uv_response_up",0.92,0.739130434782609,TRUE
"il_6_jak_stat3_signaling","myc_targets_v2",0.92,0.956521739130435,TRUE
"epithelial_mesenchymal_transition","xenobiotic_metabolism",0.92,0.983695652173913,TRUE
"apoptosis","allograft_rejection",0.92,0.869565217391304,TRUE
"protein_secretion","androgen_response",0.92,0.815217391304348,TRUE
"apical_junction","pancreas_beta_cells",0.91,1,TRUE
"kras_signaling_up","tnf_alpha_signaling_via_nf_kb",0.91,0.912087912087912,TRUE
"adipogenesis","xenobiotic_metabolism",0.91,0.791208791208791,TRUE
"complement","uv_response_up",0.9,0.555555555555556,TRUE
"apoptosis","androgen_response",0.9,0.755555555555556,TRUE
"spermatogenesis","il_2_stat5_signaling",0.9,0.8,TRUE
"adipogenesis","hedgehog_signaling",0.89,0.752808988764045,TRUE
"uv_response_dn","adipogenesis",0.89,0.780898876404494,TRUE
"angiogenesis","wnt_beta_catenin_signaling",0.88,0.971590909090909,TRUE
"angiogenesis","p53_pathway",0.87,0.64367816091954,TRUE
"pi3k_akt_mtor_signaling","androgen_response",0.86,0.604651162790698,TRUE
"myc_targets_v2","cholesterol_homeostasis",0.86,0.802325581395349,TRUE
"il_6_jak_stat3_signaling","tnf_alpha_signaling_via_nf_kb",0.85,0.952941176470588,TRUE
"tnf_alpha_signaling_via_nf_kb","il_2_stat5_signaling",0.85,0.894117647058824,TRUE
"pperoxisome","wnt_beta_catenin_signaling",0.83,0.927710843373494,TRUE
"protein_secretion","angiogenesis",0.83,0.927710843373494,TRUE
"reactive_oxygen_species_pathway","il_2_stat5_signaling",0.82,0.98780487804878,TRUE
"unfolded_protein_response","tnf_alpha_signaling_via_nf_kb",0.81,0.82716049382716,TRUE
"myogenesis","spermatogenesis",0.81,0.919753086419753,TRUE
"myc_targets_v2","oxidative_phosphorylation",0.8,0.5625,TRUE
"inflammatory_response","angiogenesis",0.78,0.967948717948718,TRUE
"hypoxia","hedgehog_signaling",0.78,0.884615384615385,TRUE
"cholesterol_homeostasis","notch_signaling",0.77,0.941558441558441,TRUE
"protein_secretion","pperoxisome",0.77,0.883116883116883,TRUE
"epithelial_mesenchymal_transition","kras_signaling_dn",0.76,0.934210526315789,TRUE
"estrogen_response_early","kras_signaling_dn",0.76,0.69078947368421,TRUE
"hypoxia","inflammatory_response",0.74,0.891891891891892,TRUE
"estrogen_response_early","apical_junction",0.73,0.719178082191781,TRUE
"oxidative_phosphorylation","xenobiotic_metabolism",0.72,0.986111111111111,TRUE
"dna_repair","unfolded_protein_response",0.71,0.704225352112676,TRUE
"pi3k_akt_mtor_signaling","uv_response_up",0.71,0.845070422535211,TRUE
"e2f_targets","unfolded_protein_response",0.7,0.835714285714286,TRUE
"reactive_oxygen_species_pathway","tnf_alpha_signaling_via_nf_kb",0.7,1,TRUE
"pi3k_akt_mtor_signaling","complement",0.7,0.585714285714286,TRUE
"inflammatory_response","apoptosis",0.68,0.926470588235294,TRUE
"myogenesis","bile_acid_metabolism",0.68,0.794117647058823,TRUE
"interferon_gamma_response","unfolded_protein_response",0.68,0.691176470588235,TRUE
"mtorc1_signaling","myc_targets_v2",0.67,0.940298507462687,TRUE
"myogenesis","pi3k_akt_mtor_signaling",0.67,0.977611940298507,TRUE
"xenobiotic_metabolism","fatty_acid_metabolism",0.66,0.742424242424242,TRUE
"xenobiotic_metabolism","uv_response_up",0.65,0.692307692307692,TRUE
"glycolysis","interferon_gamma_response",0.65,0.630769230769231,TRUE
"kras_signaling_up","complement",0.64,0.6015625,TRUE
"epithelial_mesenchymal_transition","bile_acid_metabolism",0.64,0.796875,TRUE
"unfolded_protein_response","spermatogenesis",0.63,0.777777777777778,TRUE
"kras_signaling_dn","spermatogenesis",0.62,0.564516129032258,TRUE
"mitotic_spindle","apoptosis",0.6,0.866666666666667,TRUE
"dna_repair","oxidative_phosphorylation",0.58,0.53448275862069,TRUE
"apical_junction","coagulation",0.58,0.896551724137931,TRUE
"dna_repair","kras_signaling_dn",0.58,0.827586206896552,TRUE
"g2_m_checkpoint","e2f_targets",1,0.195,FALSE
"mitotic_spindle","g2_m_checkpoint",1,0.025,FALSE
"myc_targets_v1","e2f_targets",1,0.125,FALSE
"dna_repair","myc_targets_v1",1,0.005,FALSE
"uv_response_dn","epithelial_mesenchymal_transition",1,0.43,FALSE
"hypoxia","epithelial_mesenchymal_transition",1,0.145,FALSE
"inflammatory_response","uv_response_dn",1,0.095,FALSE
"interferon_gamma_response","interferon_alpha_response",1,0.275,FALSE
"il_6_jak_stat3_signaling","inflammatory_response",1,0.015,FALSE
"complement","coagulation",1,0.44,FALSE
"allograft_rejection","kras_signaling_up",1,0.01,FALSE
"kras_signaling_up","inflammatory_response",1,0.015,FALSE
"cholesterol_homeostasis","apoptosis",1,0.215,FALSE
"cholesterol_homeostasis","protein_secretion",1,0.28,FALSE
"estrogen_response_late","estrogen_response_early",1,0,FALSE
"apical_junction","epithelial_mesenchymal_transition",1,0.085,FALSE
"apical_surface","estrogen_response_early",1,0.015,FALSE
"protein_secretion","hypoxia",1,0.03,FALSE
"mitotic_spindle","adipogenesis",0.99,0.343434343434343,FALSE
"uv_response_up","unfolded_protein_response",0.99,0.0303030303030303,FALSE
"fatty_acid_metabolism","il_2_stat5_signaling",0.99,0.0808080808080808,FALSE
"apoptosis","il_2_stat5_signaling",0.98,0.438775510204082,FALSE
"myc_targets_v2","myc_targets_v1",0.97,0.0515463917525773,FALSE
"glycolysis","hypoxia",0.97,0.247422680412371,FALSE
"glycolysis","mtorc1_signaling",0.96,0.364583333333333,FALSE
"pperoxisome","bile_acid_metabolism",0.96,0.239583333333333,FALSE
"estrogen_response_early","myogenesis",0.96,0.09375,FALSE
"dna_repair","reactive_oxygen_species_pathway",0.95,0.0105263157894737,FALSE
"uv_response_up","heme_metabolism",0.94,0.0425531914893617,FALSE
"unfolded_protein_response","reactive_oxygen_species_pathway",0.94,0.0106382978723404,FALSE
"mtorc1_signaling","e2f_targets",0.94,0.0319148936170213,FALSE
"glycolysis","g2_m_checkpoint",0.94,0.398936170212766,FALSE
"myogenesis","epithelial_mesenchymal_transition",0.94,0.377659574468085,FALSE
"myc_targets_v2","il_6_jak_stat3_signaling",0.92,0.0434782608695652,FALSE
"uv_response_up","p53_pathway",0.92,0.260869565217391,FALSE
"allograft_rejection","apoptosis",0.92,0.130434782608696,FALSE
"xenobiotic_metabolism","epithelial_mesenchymal_transition",0.92,0.016304347826087,FALSE
"androgen_response","protein_secretion",0.92,0.184782608695652,FALSE
"estrogen_response_late","g2_m_checkpoint",0.92,0.0434782608695652,FALSE
"pancreas_beta_cells","apical_junction",0.91,0,FALSE
"tnf_alpha_signaling_via_nf_kb","kras_signaling_up",0.91,0.0879120879120879,FALSE
"xenobiotic_metabolism","adipogenesis",0.91,0.208791208791209,FALSE
"uv_response_up","complement",0.9,0.444444444444444,FALSE
"androgen_response","apoptosis",0.9,0.244444444444444,FALSE
"il_2_stat5_signaling","spermatogenesis",0.9,0.2,FALSE
"hedgehog_signaling","adipogenesis",0.89,0.247191011235955,FALSE
"adipogenesis","uv_response_dn",0.89,0.219101123595506,FALSE
"wnt_beta_catenin_signaling","angiogenesis",0.88,0.0284090909090909,FALSE
"p53_pathway","angiogenesis",0.87,0.35632183908046,FALSE
"androgen_response","pi3k_akt_mtor_signaling",0.86,0.395348837209302,FALSE
"cholesterol_homeostasis","myc_targets_v2",0.86,0.197674418604651,FALSE
"tnf_alpha_signaling_via_nf_kb","il_6_jak_stat3_signaling",0.85,0.0470588235294118,FALSE
"il_2_stat5_signaling","tnf_alpha_signaling_via_nf_kb",0.85,0.105882352941176,FALSE
"wnt_beta_catenin_signaling","pperoxisome",0.83,0.072289156626506,FALSE
"angiogenesis","protein_secretion",0.83,0.072289156626506,FALSE
"il_2_stat5_signaling","reactive_oxygen_species_pathway",0.82,0.0121951219512195,FALSE
"tnf_alpha_signaling_via_nf_kb","unfolded_protein_response",0.81,0.17283950617284,FALSE
"spermatogenesis","myogenesis",0.81,0.0802469135802469,FALSE
"oxidative_phosphorylation","myc_targets_v2",0.8,0.4375,FALSE
"angiogenesis","inflammatory_response",0.78,0.0320512820512821,FALSE
"hedgehog_signaling","hypoxia",0.78,0.115384615384615,FALSE
"notch_signaling","cholesterol_homeostasis",0.77,0.0584415584415584,FALSE
"pperoxisome","protein_secretion",0.77,0.116883116883117,FALSE
"kras_signaling_dn","epithelial_mesenchymal_transition",0.76,0.0657894736842105,FALSE
"kras_signaling_dn","estrogen_response_early",0.76,0.309210526315789,FALSE
"inflammatory_response","hypoxia",0.74,0.108108108108108,FALSE
"apical_junction","estrogen_response_early",0.73,0.280821917808219,FALSE
"xenobiotic_metabolism","oxidative_phosphorylation",0.72,0.0138888888888889,FALSE
"uv_response_up","pi3k_akt_mtor_signaling",0.71,0.154929577464789,FALSE
"unfolded_protein_response","dna_repair",0.71,0.295774647887324,FALSE
"unfolded_protein_response","e2f_targets",0.7,0.164285714285714,FALSE
"tnf_alpha_signaling_via_nf_kb","reactive_oxygen_species_pathway",0.7,0,FALSE
"complement","pi3k_akt_mtor_signaling",0.7,0.414285714285714,FALSE
"bile_acid_metabolism","myogenesis",0.68,0.205882352941176,FALSE
"apoptosis","inflammatory_response",0.68,0.0735294117647059,FALSE
"unfolded_protein_response","interferon_gamma_response",0.68,0.308823529411765,FALSE
"myc_targets_v2","mtorc1_signaling",0.67,0.0597014925373134,FALSE
"pi3k_akt_mtor_signaling","myogenesis",0.67,0.0223880597014925,FALSE
"fatty_acid_metabolism","xenobiotic_metabolism",0.66,0.257575757575758,FALSE
"uv_response_up","xenobiotic_metabolism",0.65,0.307692307692308,FALSE
"interferon_gamma_response","glycolysis",0.65,0.369230769230769,FALSE
"complement","kras_signaling_up",0.64,0.3984375,FALSE
"bile_acid_metabolism","epithelial_mesenchymal_transition",0.64,0.203125,FALSE
"spermatogenesis","unfolded_protein_response",0.63,0.222222222222222,FALSE
"spermatogenesis","kras_signaling_dn",0.62,0.435483870967742,FALSE
"apoptosis","mitotic_spindle",0.6,0.133333333333333,FALSE
"coagulation","apical_junction",0.58,0.103448275862069,FALSE
"oxidative_phosphorylation","dna_repair",0.58,0.46551724137931,FALSE
"kras_signaling_dn","dna_repair",0.58,0.172413793103448,FALSE
"myogenesis","apical_junction",0.55,0.672727272727273,FALSE
"apical_junction","myogenesis",0.55,0.327272727272727,FALSE
"sex","reactive_oxygen_species_pathway",0.54,1,FALSE
"reactive_oxygen_species_pathway","sex",0.54,0,FALSE
"coagulation","adipogenesis",0.54,0.333333333333333,FALSE
"kras_signaling_up","adipogenesis",0.54,0.240740740740741,FALSE
"adipogenesis","coagulation",0.54,0.666666666666667,FALSE
"adipogenesis","kras_signaling_up",0.54,0.759259259259259,FALSE
"unfolded_protein_response","interferon_alpha_response",0.53,0.89622641509434,FALSE
"interferon_alpha_response","unfolded_protein_response",0.53,0.10377358490566,FALSE
"hedgehog_signaling","myogenesis",0.52,0.221153846153846,FALSE
"fatty_acid_metabolism","estrogen_response_late",0.52,0.0192307692307692,FALSE
"myogenesis","hedgehog_signaling",0.52,0.778846153846154,FALSE
"estrogen_response_late","fatty_acid_metabolism",0.52,0.980769230769231,FALSE
"p53_pathway","kras_signaling_up",0.51,0.196078431372549,FALSE
"coagulation","epithelial_mesenchymal_transition",0.51,0.107843137254902,FALSE
"kras_signaling_up","p53_pathway",0.51,0.803921568627451,FALSE
"glycolysis","adipogenesis",0.51,0.588235294117647,FALSE
"adipogenesis","glycolysis",0.51,0.411764705882353,FALSE
"epithelial_mesenchymal_transition","coagulation",0.51,0.892156862745098,FALSE
"p53_pathway","fatty_acid_metabolism",0.5,0.16,FALSE
"oxidative_phosphorylation","heme_metabolism",0.5,0.98,FALSE
"fatty_acid_metabolism","p53_pathway",0.5,0.84,FALSE
"heme_metabolism","oxidative_phosphorylation",0.5,0.02,FALSE
"spermatogenesis","epithelial_mesenchymal_transition",0.5,0.04,FALSE
"epithelial_mesenchymal_transition","spermatogenesis",0.5,0.96,FALSE
"reactive_oxygen_species_pathway","pancreas_beta_cells",0.49,1,FALSE
"complement","cholesterol_homeostasis",0.49,0.591836734693878,FALSE
"cholesterol_homeostasis","complement",0.49,0.408163265306122,FALSE
"pancreas_beta_cells","reactive_oxygen_species_pathway",0.49,0,FALSE
"adipogenesis","apical_surface",0.48,0.833333333333333,FALSE
"apical_surface","adipogenesis",0.48,0.166666666666667,FALSE
"coagulation","kras_signaling_dn",0.48,0.541666666666667,FALSE
"kras_signaling_dn","coagulation",0.48,0.458333333333333,FALSE
"kras_signaling_dn","androgen_response",0.48,0.604166666666667,FALSE
"androgen_response","kras_signaling_dn",0.48,0.395833333333333,FALSE
"mtorc1_signaling","adipogenesis",0.47,0.148936170212766,FALSE
"adipogenesis","mtorc1_signaling",0.47,0.851063829787234,FALSE
"tnf_alpha_signaling_via_nf_kb","apoptosis",0.47,0.659574468085106,FALSE
"apoptosis","tnf_alpha_signaling_via_nf_kb",0.47,0.340425531914894,FALSE
"allograft_rejection","tgf_beta_signaling",0.46,1,FALSE
"tgf_beta_signaling","allograft_rejection",0.46,0,FALSE
"myc_targets_v1","oxidative_phosphorylation",0.44,0.920454545454545,FALSE
"oxidative_phosphorylation","myc_targets_v1",0.44,0.0795454545454545,FALSE
"mitotic_spindle","estrogen_response_early",0.44,1,FALSE
"hypoxia","complement",0.44,0.977272727272727,FALSE
"complement","hypoxia",0.44,0.0227272727272727,FALSE
"kras_signaling_dn","fatty_acid_metabolism",0.44,0.25,FALSE
"fatty_acid_metabolism","kras_signaling_dn",0.44,0.75,FALSE
"estrogen_response_early","mitotic_spindle",0.44,0,FALSE
"p53_pathway","xenobiotic_metabolism",0.44,0.204545454545455,FALSE
"xenobiotic_metabolism","p53_pathway",0.44,0.795454545454546,FALSE
"e2f_targets","protein_secretion",0.43,0.558139534883721,FALSE
"xenobiotic_metabolism","angiogenesis",0.43,0.744186046511628,FALSE
"angiogenesis","xenobiotic_metabolism",0.43,0.255813953488372,FALSE
"protein_secretion","e2f_targets",0.43,0.441860465116279,FALSE
"myc_targets_v1","cholesterol_homeostasis",0.41,0.878048780487805,FALSE
"kras_signaling_up","myogenesis",0.41,0,FALSE
"kras_signaling_up","androgen_response",0.41,0.841463414634146,FALSE
"cholesterol_homeostasis","myc_targets_v1",0.41,0.121951219512195,FALSE
"myogenesis","kras_signaling_up",0.41,1,FALSE
"androgen_response","kras_signaling_up",0.41,0.158536585365854,FALSE
"g2_m_checkpoint","protein_secretion",0.39,0.384615384615385,FALSE
"complement","allograft_rejection",0.39,0.487179487179487,FALSE
"complement","apical_surface",0.39,0.487179487179487,FALSE
"allograft_rejection","complement",0.39,0.512820512820513,FALSE
"kras_signaling_dn","apical_junction",0.39,0.282051282051282,FALSE
"apical_junction","kras_signaling_dn",0.39,0.717948717948718,FALSE
"apical_junction","protein_secretion",0.39,0,FALSE
"apical_surface","complement",0.39,0.512820512820513,FALSE
"protein_secretion","g2_m_checkpoint",0.39,0.615384615384615,FALSE
"protein_secretion","apical_junction",0.39,1,FALSE
"reactive_oxygen_species_pathway","estrogen_response_late",0.38,1,FALSE
"mtorc1_signaling","cholesterol_homeostasis",0.38,0.421052631578947,FALSE
"cholesterol_homeostasis","mtorc1_signaling",0.38,0.578947368421053,FALSE
"estrogen_response_late","reactive_oxygen_species_pathway",0.38,0,FALSE
"e2f_targets","myc_targets_v2",0.37,0.837837837837838,FALSE
"myc_targets_v2","e2f_targets",0.37,0.162162162162162,FALSE
"il_6_jak_stat3_signaling","angiogenesis",0.37,0.675675675675676,FALSE
"hedgehog_signaling","glycolysis",0.37,0.783783783783784,FALSE
"glycolysis","hedgehog_signaling",0.37,0.216216216216216,FALSE
"angiogenesis","il_6_jak_stat3_signaling",0.37,0.324324324324324,FALSE
"myc_targets_v2","dna_repair",0.36,0.944444444444444,FALSE
"dna_repair","myc_targets_v2",0.36,0.0555555555555556,FALSE
"uv_response_dn","estrogen_response_late",0.36,0.944444444444444,FALSE
"estrogen_response_late","uv_response_dn",0.36,0.0555555555555556,FALSE
"il_6_jak_stat3_signaling","complement",0.36,1,FALSE
"complement","il_6_jak_stat3_signaling",0.36,0,FALSE
"pi3k_akt_mtor_signaling","estrogen_response_late",0.35,0,FALSE
"estrogen_response_late","pi3k_akt_mtor_signaling",0.35,1,FALSE
"mitotic_spindle","myc_targets_v1",0.34,0.205882352941176,FALSE
"myc_targets_v1","mitotic_spindle",0.34,0.794117647058823,FALSE
"allograft_rejection","xenobiotic_metabolism",0.34,0.176470588235294,FALSE
"bile_acid_metabolism","apical_junction",0.34,0.0441176470588235,FALSE
"xenobiotic_metabolism","allograft_rejection",0.34,0.823529411764706,FALSE
"apical_junction","bile_acid_metabolism",0.34,0.955882352941176,FALSE
"unfolded_protein_response","apoptosis",0.34,0.647058823529412,FALSE
"apoptosis","unfolded_protein_response",0.34,0.352941176470588,FALSE
"tnf_alpha_signaling_via_nf_kb","complement",0.33,0.606060606060606,FALSE
"il_2_stat5_signaling","apical_surface",0.33,0.0606060606060606,FALSE
"complement","tnf_alpha_signaling_via_nf_kb",0.33,0.393939393939394,FALSE
"pperoxisome","epithelial_mesenchymal_transition",0.33,0.0606060606060606,FALSE
"epithelial_mesenchymal_transition","pperoxisome",0.33,0.939393939393939,FALSE
"apical_surface","il_2_stat5_signaling",0.33,0.939393939393939,FALSE
"reactive_oxygen_species_pathway","heme_metabolism",0.32,0,FALSE
"tgf_beta_signaling","apoptosis",0.32,0,FALSE
"heme_metabolism","reactive_oxygen_species_pathway",0.32,1,FALSE
"apoptosis","tgf_beta_signaling",0.32,1,FALSE
"interferon_gamma_response","spermatogenesis",0.32,0.09375,FALSE
"spermatogenesis","interferon_gamma_response",0.32,0.90625,FALSE
"e2f_targets","heme_metabolism",0.31,0.354838709677419,FALSE
"dna_repair","hypoxia",0.31,0.387096774193548,FALSE
"uv_response_up","pperoxisome",0.31,0.806451612903226,FALSE
"reactive_oxygen_species_pathway","apical_surface",0.31,0.838709677419355,FALSE
"hypoxia","dna_repair",0.31,0.612903225806452,FALSE
"heme_metabolism","e2f_targets",0.31,0.645161290322581,FALSE
"pperoxisome","uv_response_up",0.31,0.193548387096774,FALSE
"estrogen_response_early","protein_secretion",0.31,0.032258064516129,FALSE
"apical_surface","reactive_oxygen_species_pathway",0.31,0.161290322580645,FALSE
"protein_secretion","estrogen_response_early",0.31,0.967741935483871,FALSE
"kras_signaling_up","estrogen_response_late",0.3,0.933333333333333,FALSE
"estrogen_response_late","kras_signaling_up",0.3,0.0666666666666667,FALSE
"tgf_beta_signaling","fatty_acid_metabolism",0.3,0.0333333333333333,FALSE
"fatty_acid_metabolism","tgf_beta_signaling",0.3,0.966666666666667,FALSE
"pi3k_akt_mtor_signaling","estrogen_response_early",0.29,0.310344827586207,FALSE
"mtorc1_signaling","apoptosis",0.29,0.551724137931034,FALSE
"estrogen_response_early","pi3k_akt_mtor_signaling",0.29,0.689655172413793,FALSE
"apoptosis","mtorc1_signaling",0.29,0.448275862068965,FALSE
"uv_response_dn","uv_response_up",0.28,0.928571428571428,FALSE
"uv_response_up","uv_response_dn",0.28,0.0714285714285714,FALSE
"hypoxia","allograft_rejection",0.28,0.642857142857143,FALSE
"allograft_rejection","hypoxia",0.28,0.357142857142857,FALSE
"wnt_beta_catenin_signaling","oxidative_phosphorylation",0.28,0.321428571428571,FALSE
"oxidative_phosphorylation","wnt_beta_catenin_signaling",0.28,0.678571428571428,FALSE
"mitotic_spindle","pi3k_akt_mtor_signaling",0.27,0.981481481481482,FALSE
"myc_targets_v1","spermatogenesis",0.27,0.796296296296296,FALSE
"reactive_oxygen_species_pathway","glycolysis",0.27,0.962962962962963,FALSE
"inflammatory_response","heme_metabolism",0.27,0.037037037037037,FALSE
"coagulation","oxidative_phosphorylation",0.27,0.111111111111111,FALSE
"pi3k_akt_mtor_signaling","mitotic_spindle",0.27,0.0185185185185185,FALSE
"tgf_beta_signaling","glycolysis",0.27,0.962962962962963,FALSE
"glycolysis","reactive_oxygen_species_pathway",0.27,0.037037037037037,FALSE
"glycolysis","tgf_beta_signaling",0.27,0.037037037037037,FALSE
"oxidative_phosphorylation","coagulation",0.27,0.888888888888889,FALSE
"heme_metabolism","inflammatory_response",0.27,0.962962962962963,FALSE
"spermatogenesis","myc_targets_v1",0.27,0.203703703703704,FALSE
"myc_targets_v2","unfolded_protein_response",0.26,0.884615384615385,FALSE
"unfolded_protein_response","myc_targets_v2",0.26,0.115384615384615,FALSE
"interferon_alpha_response","heme_metabolism",0.26,0.730769230769231,FALSE
"heme_metabolism","interferon_alpha_response",0.26,0.269230769230769,FALSE
"mitotic_spindle","dna_repair",0.25,0,FALSE
"mitotic_spindle","uv_response_dn",0.25,0.68,FALSE
"myc_targets_v1","adipogenesis",0.25,0.04,FALSE
"dna_repair","mitotic_spindle",0.25,1,FALSE
"uv_response_dn","mitotic_spindle",0.25,0.32,FALSE
"interferon_gamma_response","allograft_rejection",0.25,0,FALSE
"complement","estrogen_response_late",0.25,0,FALSE
"coagulation","xenobiotic_metabolism",0.25,0.36,FALSE
"allograft_rejection","interferon_gamma_response",0.25,1,FALSE
"tgf_beta_signaling","bile_acid_metabolism",0.25,0,FALSE
"tgf_beta_signaling","androgen_response",0.25,0,FALSE
"bile_acid_metabolism","tgf_beta_signaling",0.25,1,FALSE
"xenobiotic_metabolism","coagulation",0.25,0.64,FALSE
"adipogenesis","myc_targets_v1",0.25,0.96,FALSE
"androgen_response","tgf_beta_signaling",0.25,1,FALSE
"estrogen_response_late","complement",0.25,1,FALSE
"inflammatory_response","bile_acid_metabolism",0.24,0.166666666666667,FALSE
"bile_acid_metabolism","inflammatory_response",0.24,0.833333333333333,FALSE
"e2f_targets","tnf_alpha_signaling_via_nf_kb",0.24,0.666666666666667,FALSE
"dna_repair","uv_response_dn",0.24,0.208333333333333,FALSE
"uv_response_dn","dna_repair",0.24,0.791666666666667,FALSE
"uv_response_dn","pi3k_akt_mtor_signaling",0.24,0.895833333333333,FALSE
"uv_response_dn","myogenesis",0.24,0.5,FALSE
"interferon_gamma_response","protein_secretion",0.24,0,FALSE
"tnf_alpha_signaling_via_nf_kb","e2f_targets",0.24,0.333333333333333,FALSE
"complement","protein_secretion",0.24,0.125,FALSE
"pi3k_akt_mtor_signaling","uv_response_dn",0.24,0.104166666666667,FALSE
"myogenesis","uv_response_dn",0.24,0.5,FALSE
"protein_secretion","interferon_gamma_response",0.24,1,FALSE
"protein_secretion","complement",0.24,0.875,FALSE
"uv_response_dn","pancreas_beta_cells",0.23,0.956521739130435,FALSE
"oxidative_phosphorylation","adipogenesis",0.23,0.695652173913043,FALSE
"adipogenesis","oxidative_phosphorylation",0.23,0.304347826086957,FALSE
"pancreas_beta_cells","uv_response_dn",0.23,0.0434782608695652,FALSE
"interferon_gamma_response","coagulation",0.22,0.909090909090909,FALSE
"il_2_stat5_signaling","kras_signaling_up",0.22,0.0454545454545455,FALSE
"il_6_jak_stat3_signaling","allograft_rejection",0.22,1,FALSE
"coagulation","interferon_gamma_response",0.22,0.0909090909090909,FALSE
"allograft_rejection","il_6_jak_stat3_signaling",0.22,0,FALSE
"kras_signaling_up","il_2_stat5_signaling",0.22,0.954545454545454,FALSE
"kras_signaling_up","protein_secretion",0.22,0.0909090909090909,FALSE
"protein_secretion","kras_signaling_up",0.22,0.909090909090909,FALSE
"e2f_targets","inflammatory_response",0.21,0.619047619047619,FALSE
"uv_response_up","glycolysis",0.21,0.80952380952381,FALSE
"inflammatory_response","e2f_targets",0.21,0.380952380952381,FALSE
"glycolysis","uv_response_up",0.21,0.19047619047619,FALSE
"p53_pathway","tnf_alpha_signaling_via_nf_kb",0.21,0.142857142857143,FALSE
"p53_pathway","myogenesis",0.21,0.142857142857143,FALSE
"inflammatory_response","cholesterol_homeostasis",0.21,1,FALSE
"tnf_alpha_signaling_via_nf_kb","p53_pathway",0.21,0.857142857142857,FALSE
"cholesterol_homeostasis","inflammatory_response",0.21,0,FALSE
"myogenesis","p53_pathway",0.21,0.857142857142857,FALSE
"dna_repair","allograft_rejection",0.2,0.2,FALSE
"inflammatory_response","coagulation",0.2,0.35,FALSE
"coagulation","inflammatory_response",0.2,0.65,FALSE
"allograft_rejection","dna_repair",0.2,0.8,FALSE
"wnt_beta_catenin_signaling","epithelial_mesenchymal_transition",0.2,0.85,FALSE
"adipogenesis","myogenesis",0.2,0.95,FALSE
"myogenesis","adipogenesis",0.2,0.05,FALSE
"spermatogenesis","angiogenesis",0.2,0.2,FALSE
"epithelial_mesenchymal_transition","wnt_beta_catenin_signaling",0.2,0.15,FALSE
"angiogenesis","spermatogenesis",0.2,0.8,FALSE
"e2f_targets","spermatogenesis",0.19,0,FALSE
"myc_targets_v1","glycolysis",0.19,0.526315789473684,FALSE
"myc_targets_v1","heme_metabolism",0.19,1,FALSE
"glycolysis","myc_targets_v1",0.19,0.473684210526316,FALSE
"glycolysis","myogenesis",0.19,0.5,FALSE
"heme_metabolism","myc_targets_v1",0.19,0,FALSE
"myogenesis","glycolysis",0.19,0.5,FALSE
"spermatogenesis","e2f_targets",0.19,1,FALSE
"hypoxia","tgf_beta_signaling",0.18,0.944444444444444,FALSE
"tgf_beta_signaling","hypoxia",0.18,0.0555555555555556,FALSE
"sex","hypoxia",0.18,1,FALSE
"dna_repair","adipogenesis",0.18,0.166666666666667,FALSE
"uv_response_up","cholesterol_homeostasis",0.18,0,FALSE
"hypoxia","sex",0.18,0,FALSE
"cholesterol_homeostasis","uv_response_up",0.18,1,FALSE
"adipogenesis","dna_repair",0.18,0.833333333333333,FALSE
"myc_targets_v2","interferon_gamma_response",0.17,0.823529411764706,FALSE
"dna_repair","pancreas_beta_cells",0.17,1,FALSE
"interferon_gamma_response","myc_targets_v2",0.17,0.176470588235294,FALSE
"complement","xenobiotic_metabolism",0.17,0.235294117647059,FALSE
"kras_signaling_dn","estrogen_response_late",0.17,0,FALSE
"xenobiotic_metabolism","complement",0.17,0.764705882352941,FALSE
"pancreas_beta_cells","dna_repair",0.17,0,FALSE
"estrogen_response_late","kras_signaling_dn",0.17,1,FALSE
"dna_repair","il_2_stat5_signaling",0.17,0.470588235294118,FALSE
"il_2_stat5_signaling","dna_repair",0.17,0.529411764705882,FALSE
"pancreas_beta_cells","estrogen_response_early",0.17,0.470588235294118,FALSE
"estrogen_response_early","pancreas_beta_cells",0.17,0.529411764705882,FALSE
"unfolded_protein_response","apical_surface",0.16,0.5625,FALSE
"coagulation","androgen_response",0.16,0.3125,FALSE
"pi3k_akt_mtor_signaling","adipogenesis",0.16,0.25,FALSE
"notch_signaling","heme_metabolism",0.16,0.4375,FALSE
"hedgehog_signaling","estrogen_response_late",0.16,0.875,FALSE
"glycolysis","pancreas_beta_cells",0.16,0.8125,FALSE
"cholesterol_homeostasis","pancreas_beta_cells",0.16,0.625,FALSE
"heme_metabolism","notch_signaling",0.16,0.5625,FALSE
"adipogenesis","pi3k_akt_mtor_signaling",0.16,0.75,FALSE
"pancreas_beta_cells","glycolysis",0.16,0.1875,FALSE
"pancreas_beta_cells","cholesterol_homeostasis",0.16,0.375,FALSE
"androgen_response","coagulation",0.16,0.6875,FALSE
"estrogen_response_late","hedgehog_signaling",0.16,0.125,FALSE
"apical_surface","unfolded_protein_response",0.16,0.4375,FALSE
"g2_m_checkpoint","notch_signaling",0.15,0.933333333333333,FALSE
"interferon_alpha_response","complement",0.15,0.933333333333333,FALSE
"interferon_gamma_response","mtorc1_signaling",0.15,0.0666666666666667,FALSE
"complement","interferon_alpha_response",0.15,0.0666666666666667,FALSE
"coagulation","kras_signaling_up",0.15,0.333333333333333,FALSE
"mtorc1_signaling","interferon_gamma_response",0.15,0.933333333333333,FALSE
"kras_signaling_up","coagulation",0.15,0.666666666666667,FALSE
"notch_signaling","g2_m_checkpoint",0.15,0.0666666666666667,FALSE
"pperoxisome","spermatogenesis",0.15,0.933333333333333,FALSE
"spermatogenesis","pperoxisome",0.15,0.0666666666666667,FALSE
"e2f_targets","hypoxia",0.15,0.6,FALSE
"myc_targets_v2","inflammatory_response",0.15,0.4,FALSE
"hypoxia","e2f_targets",0.15,0.4,FALSE
"inflammatory_response","myc_targets_v2",0.15,0.6,FALSE
"il_6_jak_stat3_signaling","fatty_acid_metabolism",0.15,0.2,FALSE
"fatty_acid_metabolism","il_6_jak_stat3_signaling",0.15,0.8,FALSE
"unfolded_protein_response","kras_signaling_up",0.14,0.214285714285714,FALSE
"complement","estrogen_response_early",0.14,0.928571428571428,FALSE
"kras_signaling_up","unfolded_protein_response",0.14,0.785714285714286,FALSE
"glycolysis","epithelial_mesenchymal_transition",0.14,0.428571428571428,FALSE
"bile_acid_metabolism","apoptosis",0.14,0.928571428571428,FALSE
"epithelial_mesenchymal_transition","glycolysis",0.14,0.571428571428571,FALSE
"estrogen_response_early","complement",0.14,0.0714285714285714,FALSE
"apoptosis","bile_acid_metabolism",0.14,0.0714285714285714,FALSE
"g2_m_checkpoint","p53_pathway",0.14,0.142857142857143,FALSE
"p53_pathway","g2_m_checkpoint",0.14,0.857142857142857,FALSE
"interferon_gamma_response","angiogenesis",0.14,0.857142857142857,FALSE
"angiogenesis","interferon_gamma_response",0.14,0.142857142857143,FALSE
"e2f_targets","cholesterol_homeostasis",0.13,0.0769230769230769,FALSE
"e2f_targets","myogenesis",0.13,0.846153846153846,FALSE
"myc_targets_v2","kras_signaling_up",0.13,0.769230769230769,FALSE
"kras_signaling_up","myc_targets_v2",0.13,0.230769230769231,FALSE
"bile_acid_metabolism","spermatogenesis",0.13,0.230769230769231,FALSE
"cholesterol_homeostasis","e2f_targets",0.13,0.923076923076923,FALSE
"myogenesis","e2f_targets",0.13,0.153846153846154,FALSE
"spermatogenesis","bile_acid_metabolism",0.13,0.769230769230769,FALSE
"unfolded_protein_response","oxidative_phosphorylation",0.12,0.166666666666667,FALSE
"oxidative_phosphorylation","unfolded_protein_response",0.12,0.833333333333333,FALSE
"xenobiotic_metabolism","apical_surface",0.12,0.583333333333333,FALSE
"pperoxisome","androgen_response",0.12,0.166666666666667,FALSE
"adipogenesis","protein_secretion",0.12,0.416666666666667,FALSE
"androgen_response","pperoxisome",0.12,0.833333333333333,FALSE
"apical_surface","xenobiotic_metabolism",0.12,0.416666666666667,FALSE
"protein_secretion","adipogenesis",0.12,0.583333333333333,FALSE
"e2f_targets","glycolysis",0.12,0,FALSE
"myc_targets_v1","reactive_oxygen_species_pathway",0.12,0,FALSE
"myc_targets_v1","kras_signaling_up",0.12,0.916666666666667,FALSE
"reactive_oxygen_species_pathway","myc_targets_v1",0.12,1,FALSE
"il_2_stat5_signaling","adipogenesis",0.12,0.25,FALSE
"il_6_jak_stat3_signaling","estrogen_response_early",0.12,1,FALSE
"kras_signaling_up","myc_targets_v1",0.12,0.0833333333333333,FALSE
"kras_signaling_up","epithelial_mesenchymal_transition",0.12,0.25,FALSE
"wnt_beta_catenin_signaling","heme_metabolism",0.12,0.0833333333333333,FALSE
"glycolysis","e2f_targets",0.12,1,FALSE
"cholesterol_homeostasis","pperoxisome",0.12,0.75,FALSE
"heme_metabolism","wnt_beta_catenin_signaling",0.12,0.916666666666667,FALSE
"pperoxisome","cholesterol_homeostasis",0.12,0.25,FALSE
"adipogenesis","il_2_stat5_signaling",0.12,0.75,FALSE
"epithelial_mesenchymal_transition","kras_signaling_up",0.12,0.75,FALSE
"estrogen_response_early","il_6_jak_stat3_signaling",0.12,0,FALSE
"unfolded_protein_response","bile_acid_metabolism",0.11,0.636363636363636,FALSE
"bile_acid_metabolism","unfolded_protein_response",0.11,0.363636363636364,FALSE
"androgen_response","estrogen_response_late",0.11,0.636363636363636,FALSE
"estrogen_response_late","androgen_response",0.11,0.363636363636364,FALSE
"myc_targets_v1","protein_secretion",0.11,0.0909090909090909,FALSE
"uv_response_dn","notch_signaling",0.11,0.863636363636364,FALSE
"unfolded_protein_response","apical_junction",0.11,0,FALSE
"reactive_oxygen_species_pathway","interferon_gamma_response",0.11,1,FALSE
"hypoxia","apoptosis",0.11,0.181818181818182,FALSE
"interferon_gamma_response","reactive_oxygen_species_pathway",0.11,0,FALSE
"allograft_rejection","glycolysis",0.11,0.545454545454545,FALSE
"mtorc1_signaling","kras_signaling_up",0.11,0.454545454545455,FALSE
"kras_signaling_up","mtorc1_signaling",0.11,0.545454545454545,FALSE
"wnt_beta_catenin_signaling","adipogenesis",0.11,0.454545454545455,FALSE
"notch_signaling","uv_response_dn",0.11,0.136363636363636,FALSE
"glycolysis","allograft_rejection",0.11,0.454545454545455,FALSE
"adipogenesis","wnt_beta_catenin_signaling",0.11,0.545454545454545,FALSE
"apical_junction","unfolded_protein_response",0.11,1,FALSE
"apoptosis","hypoxia",0.11,0.818181818181818,FALSE
"protein_secretion","myc_targets_v1",0.11,0.909090909090909,FALSE
"sex","myogenesis",0.1,1,FALSE
"e2f_targets","xenobiotic_metabolism",0.1,0.5,FALSE
"myc_targets_v2","notch_signaling",0.1,1,FALSE
"inflammatory_response","tnf_alpha_signaling_via_nf_kb",0.1,0.6,FALSE
"tnf_alpha_signaling_via_nf_kb","inflammatory_response",0.1,0.4,FALSE
"tnf_alpha_signaling_via_nf_kb","bile_acid_metabolism",0.1,0,FALSE
"il_6_jak_stat3_signaling","apical_surface",0.1,0.5,FALSE
"mtorc1_signaling","notch_signaling",0.1,1,FALSE
"mtorc1_signaling","androgen_response",0.1,0.8,FALSE
"kras_signaling_dn","tgf_beta_signaling",0.1,0,FALSE
"tgf_beta_signaling","kras_signaling_dn",0.1,1,FALSE
"tgf_beta_signaling","notch_signaling",0.1,0.5,FALSE
"notch_signaling","myc_targets_v2",0.1,0,FALSE
"notch_signaling","mtorc1_signaling",0.1,0,FALSE
"notch_signaling","tgf_beta_signaling",0.1,0.5,FALSE
"bile_acid_metabolism","tnf_alpha_signaling_via_nf_kb",0.1,1,FALSE
"xenobiotic_metabolism","e2f_targets",0.1,0.5,FALSE
"myogenesis","sex",0.1,0,FALSE
"androgen_response","mtorc1_signaling",0.1,0.2,FALSE
"apical_surface","il_6_jak_stat3_signaling",0.1,0.5,FALSE
"mitotic_spindle","spermatogenesis",0.1,0.9,FALSE
"wnt_beta_catenin_signaling","androgen_response",0.1,0.1,FALSE
"spermatogenesis","mitotic_spindle",0.1,0.1,FALSE
"spermatogenesis","apical_surface",0.1,0.1,FALSE
"androgen_response","wnt_beta_catenin_signaling",0.1,0.9,FALSE
"apical_surface","spermatogenesis",0.1,0.9,FALSE
"e2f_targets","estrogen_response_late",0.09,0.222222222222222,FALSE
"uv_response_dn","androgen_response",0.09,0.777777777777778,FALSE
"reactive_oxygen_species_pathway","cholesterol_homeostasis",0.09,0.222222222222222,FALSE
"interferon_gamma_response","apical_surface",0.09,0.777777777777778,FALSE
"cholesterol_homeostasis","reactive_oxygen_species_pathway",0.09,0.777777777777778,FALSE
"spermatogenesis","protein_secretion",0.09,0.777777777777778,FALSE
"pancreas_beta_cells","epithelial_mesenchymal_transition",0.09,0.0555555555555556,FALSE
"epithelial_mesenchymal_transition","pancreas_beta_cells",0.09,0.944444444444444,FALSE
"androgen_response","uv_response_dn",0.09,0.222222222222222,FALSE
"estrogen_response_late","e2f_targets",0.09,0.777777777777778,FALSE
"apical_surface","interferon_gamma_response",0.09,0.222222222222222,FALSE
"protein_secretion","spermatogenesis",0.09,0.222222222222222,FALSE
"sex","fatty_acid_metabolism",0.09,1,FALSE
"myc_targets_v2","glycolysis",0.09,0.888888888888889,FALSE
"p53_pathway","apical_junction",0.09,0.666666666666667,FALSE
"uv_response_dn","wnt_beta_catenin_signaling",0.09,0.555555555555556,FALSE
"unfolded_protein_response","tgf_beta_signaling",0.09,0.666666666666667,FALSE
"interferon_alpha_response","estrogen_response_late",0.09,0.333333333333333,FALSE
"interferon_gamma_response","apical_junction",0.09,0,FALSE
"tnf_alpha_signaling_via_nf_kb","wnt_beta_catenin_signaling",0.09,0.888888888888889,FALSE
"tnf_alpha_signaling_via_nf_kb","spermatogenesis",0.09,0,FALSE
"il_6_jak_stat3_signaling","adipogenesis",0.09,1,FALSE
"coagulation","heme_metabolism",0.09,0.555555555555556,FALSE
"tgf_beta_signaling","unfolded_protein_response",0.09,0.333333333333333,FALSE
"wnt_beta_catenin_signaling","uv_response_dn",0.09,0.444444444444444,FALSE
"wnt_beta_catenin_signaling","tnf_alpha_signaling_via_nf_kb",0.09,0.111111111111111,FALSE
"hedgehog_signaling","oxidative_phosphorylation",0.09,0,FALSE
"hedgehog_signaling","cholesterol_homeostasis",0.09,0.555555555555556,FALSE
"glycolysis","myc_targets_v2",0.09,0.111111111111111,FALSE
"glycolysis","oxidative_phosphorylation",0.09,0,FALSE
"oxidative_phosphorylation","hedgehog_signaling",0.09,1,FALSE
"oxidative_phosphorylation","glycolysis",0.09,1,FALSE
"fatty_acid_metabolism","sex",0.09,0,FALSE
"cholesterol_homeostasis","hedgehog_signaling",0.09,0.444444444444444,FALSE
"cholesterol_homeostasis","angiogenesis",0.09,0,FALSE
"heme_metabolism","coagulation",0.09,0.444444444444444,FALSE
"xenobiotic_metabolism","pperoxisome",0.09,0.555555555555556,FALSE
"pperoxisome","xenobiotic_metabolism",0.09,0.444444444444444,FALSE
"adipogenesis","il_6_jak_stat3_signaling",0.09,0,FALSE
"spermatogenesis","tnf_alpha_signaling_via_nf_kb",0.09,1,FALSE
"angiogenesis","cholesterol_homeostasis",0.09,1,FALSE
"estrogen_response_late","interferon_alpha_response",0.09,0.666666666666667,FALSE
"apical_junction","p53_pathway",0.09,0.333333333333333,FALSE
"apical_junction","interferon_gamma_response",0.09,1,FALSE
"mitotic_spindle","myc_targets_v2",0.08,0,FALSE
"mitotic_spindle","estrogen_response_late",0.08,1,FALSE
"myc_targets_v2","mitotic_spindle",0.08,1,FALSE
"p53_pathway","wnt_beta_catenin_signaling",0.08,0.75,FALSE
"unfolded_protein_response","cholesterol_homeostasis",0.08,0.625,FALSE
"hypoxia","myogenesis",0.08,0.875,FALSE
"inflammatory_response","pancreas_beta_cells",0.08,1,FALSE
"interferon_gamma_response","cholesterol_homeostasis",0.08,0.5,FALSE
"complement","spermatogenesis",0.08,0.5,FALSE
"kras_signaling_dn","cholesterol_homeostasis",0.08,1,FALSE
"wnt_beta_catenin_signaling","p53_pathway",0.08,0.25,FALSE
"oxidative_phosphorylation","estrogen_response_early",0.08,0.875,FALSE
"fatty_acid_metabolism","epithelial_mesenchymal_transition",0.08,0,FALSE
"cholesterol_homeostasis","unfolded_protein_response",0.08,0.375,FALSE
"cholesterol_homeostasis","interferon_gamma_response",0.08,0.5,FALSE
"cholesterol_homeostasis","kras_signaling_dn",0.08,0,FALSE
"xenobiotic_metabolism","apical_junction",0.08,0.1875,FALSE
"myogenesis","hypoxia",0.08,0.125,FALSE
"spermatogenesis","complement",0.08,0.5,FALSE
"pancreas_beta_cells","inflammatory_response",0.08,0,FALSE
"epithelial_mesenchymal_transition","fatty_acid_metabolism",0.08,1,FALSE
"estrogen_response_early","oxidative_phosphorylation",0.08,0.125,FALSE
"estrogen_response_late","mitotic_spindle",0.08,0,FALSE
"apical_junction","xenobiotic_metabolism",0.08,0.8125,FALSE
"apical_surface","apoptosis",0.08,1,FALSE
"apoptosis","apical_surface",0.08,0,FALSE
"sex","g2_m_checkpoint",0.07,1,FALSE
"e2f_targets","reactive_oxygen_species_pathway",0.07,0.0714285714285714,FALSE
"g2_m_checkpoint","sex",0.07,0,FALSE
"g2_m_checkpoint","coagulation",0.07,0.714285714285714,FALSE
"g2_m_checkpoint","apical_surface",0.07,0.285714285714286,FALSE
"dna_repair","xenobiotic_metabolism",0.07,1,FALSE
"p53_pathway","estrogen_response_late",0.07,0.571428571428571,FALSE
"uv_response_up","il_2_stat5_signaling",0.07,0,FALSE
"unfolded_protein_response","pperoxisome",0.07,1,FALSE
"reactive_oxygen_species_pathway","e2f_targets",0.07,0.928571428571428,FALSE
"hypoxia","mtorc1_signaling",0.07,0,FALSE
"interferon_alpha_response","allograft_rejection",0.07,0,FALSE
"interferon_alpha_response","spermatogenesis",0.07,0.428571428571428,FALSE
"tnf_alpha_signaling_via_nf_kb","myogenesis",0.07,0,FALSE
"il_2_stat5_signaling","uv_response_up",0.07,1,FALSE
"complement","kras_signaling_dn",0.07,0.571428571428571,FALSE
"complement","epithelial_mesenchymal_transition",0.07,0,FALSE
"coagulation","g2_m_checkpoint",0.07,0.285714285714286,FALSE
"allograft_rejection","interferon_alpha_response",0.07,1,FALSE
"allograft_rejection","hedgehog_signaling",0.07,0.285714285714286,FALSE
"pi3k_akt_mtor_signaling","kras_signaling_dn",0.07,0.571428571428571,FALSE
"mtorc1_signaling","hypoxia",0.07,1,FALSE
"kras_signaling_up","wnt_beta_catenin_signaling",0.07,0.285714285714286,FALSE
"kras_signaling_dn","complement",0.07,0.428571428571428,FALSE
"kras_signaling_dn","pi3k_akt_mtor_signaling",0.07,0.428571428571428,FALSE
"wnt_beta_catenin_signaling","kras_signaling_up",0.07,0.714285714285714,FALSE
"notch_signaling","hedgehog_signaling",0.07,0.714285714285714,FALSE
"hedgehog_signaling","allograft_rejection",0.07,0.714285714285714,FALSE
"hedgehog_signaling","notch_signaling",0.07,0.285714285714286,FALSE
"glycolysis","fatty_acid_metabolism",0.07,1,FALSE
"fatty_acid_metabolism","glycolysis",0.07,0,FALSE
"xenobiotic_metabolism","dna_repair",0.07,0,FALSE
"pperoxisome","unfolded_protein_response",0.07,0,FALSE
"myogenesis","tnf_alpha_signaling_via_nf_kb",0.07,1,FALSE
"spermatogenesis","interferon_alpha_response",0.07,0.571428571428571,FALSE
"epithelial_mesenchymal_transition","complement",0.07,1,FALSE
"estrogen_response_late","p53_pathway",0.07,0.428571428571428,FALSE
"apical_surface","g2_m_checkpoint",0.07,0.714285714285714,FALSE
"inflammatory_response","epithelial_mesenchymal_transition",0.07,0.142857142857143,FALSE
"kras_signaling_dn","adipogenesis",0.07,0.857142857142857,FALSE
"adipogenesis","kras_signaling_dn",0.07,0.142857142857143,FALSE
"epithelial_mesenchymal_transition","inflammatory_response",0.07,0.857142857142857,FALSE
"estrogen_response_late","protein_secretion",0.07,0.857142857142857,FALSE
"protein_secretion","estrogen_response_late",0.07,0.142857142857143,FALSE
"myc_targets_v2","xenobiotic_metabolism",0.06,0.166666666666667,FALSE
"dna_repair","mtorc1_signaling",0.06,0.166666666666667,FALSE
"unfolded_protein_response","il_2_stat5_signaling",0.06,0.833333333333333,FALSE
"unfolded_protein_response","angiogenesis",0.06,0.833333333333333,FALSE
"il_2_stat5_signaling","unfolded_protein_response",0.06,0.166666666666667,FALSE
"il_2_stat5_signaling","estrogen_response_early",0.06,0.833333333333333,FALSE
"mtorc1_signaling","dna_repair",0.06,0.833333333333333,FALSE
"xenobiotic_metabolism","myc_targets_v2",0.06,0.833333333333333,FALSE
"angiogenesis","unfolded_protein_response",0.06,0.166666666666667,FALSE
"estrogen_response_early","il_2_stat5_signaling",0.06,0.166666666666667,FALSE
"e2f_targets","il_2_stat5_signaling",0.06,0.5,FALSE
"e2f_targets","kras_signaling_up",0.06,0.666666666666667,FALSE
"e2f_targets","kras_signaling_dn",0.06,0.333333333333333,FALSE
"e2f_targets","apoptosis",0.06,0,FALSE
"mitotic_spindle","hypoxia",0.06,1,FALSE
"myc_targets_v1","hypoxia",0.06,1,FALSE
"myc_targets_v2","protein_secretion",0.06,0.333333333333333,FALSE
"dna_repair","inflammatory_response",0.06,1,FALSE
"dna_repair","interferon_gamma_response",0.06,0,FALSE
"p53_pathway","hypoxia",0.06,0,FALSE
"uv_response_dn","heme_metabolism",0.06,1,FALSE
"uv_response_up","interferon_gamma_response",0.06,1,FALSE
"unfolded_protein_response","notch_signaling",0.06,0.333333333333333,FALSE
"reactive_oxygen_species_pathway","hedgehog_signaling",0.06,1,FALSE
"hypoxia","mitotic_spindle",0.06,0,FALSE
"hypoxia","myc_targets_v1",0.06,0,FALSE
"hypoxia","p53_pathway",0.06,1,FALSE
"hypoxia","kras_signaling_up",0.06,0.5,FALSE
"inflammatory_response","dna_repair",0.06,0,FALSE
"inflammatory_response","estrogen_response_late",0.06,1,FALSE
"interferon_gamma_response","dna_repair",0.06,1,FALSE
"interferon_gamma_response","uv_response_up",0.06,0,FALSE
"tnf_alpha_signaling_via_nf_kb","xenobiotic_metabolism",0.06,1,FALSE
"il_2_stat5_signaling","e2f_targets",0.06,0.5,FALSE
"mtorc1_signaling","angiogenesis",0.06,1,FALSE
"kras_signaling_up","e2f_targets",0.06,0.333333333333333,FALSE
"kras_signaling_up","hypoxia",0.06,0.5,FALSE
"kras_signaling_dn","e2f_targets",0.06,0.666666666666667,FALSE
"kras_signaling_dn","glycolysis",0.06,0.666666666666667,FALSE
"wnt_beta_catenin_signaling","myogenesis",0.06,0.333333333333333,FALSE
"notch_signaling","unfolded_protein_response",0.06,0.666666666666667,FALSE
"hedgehog_signaling","reactive_oxygen_species_pathway",0.06,0,FALSE
"glycolysis","kras_signaling_dn",0.06,0.333333333333333,FALSE
"heme_metabolism","uv_response_dn",0.06,0,FALSE
"xenobiotic_metabolism","tnf_alpha_signaling_via_nf_kb",0.06,0,FALSE
"myogenesis","wnt_beta_catenin_signaling",0.06,0.666666666666667,FALSE
"spermatogenesis","estrogen_response_early",0.06,0,FALSE
"angiogenesis","mtorc1_signaling",0.06,0,FALSE
"estrogen_response_early","spermatogenesis",0.06,1,FALSE
"estrogen_response_late","inflammatory_response",0.06,0,FALSE
"estrogen_response_late","apoptosis",0.06,0,FALSE
"apoptosis","e2f_targets",0.06,1,FALSE
"apoptosis","estrogen_response_late",0.06,1,FALSE
"protein_secretion","myc_targets_v2",0.06,0.666666666666667,FALSE
"age_group","reactive_oxygen_species_pathway",0.05,1,FALSE
"sex","e2f_targets",0.05,1,FALSE
"e2f_targets","sex",0.05,0,FALSE
"g2_m_checkpoint","epithelial_mesenchymal_transition",0.05,1,FALSE
"mitotic_spindle","interferon_alpha_response",0.05,0.2,FALSE
"myc_targets_v1","pancreas_beta_cells",0.05,0.8,FALSE
"myc_targets_v2","pperoxisome",0.05,1,FALSE
"dna_repair","interferon_alpha_response",0.05,0,FALSE
"dna_repair","tnf_alpha_signaling_via_nf_kb",0.05,1,FALSE
"uv_response_dn","reactive_oxygen_species_pathway",0.05,0.8,FALSE
"uv_response_dn","il_6_jak_stat3_signaling",0.05,1,FALSE
"uv_response_dn","tgf_beta_signaling",0.05,1,FALSE
"uv_response_up","hedgehog_signaling",0.05,0,FALSE
"uv_response_up","apical_surface",0.05,0.6,FALSE
"reactive_oxygen_species_pathway","age_group",0.05,0,FALSE
"reactive_oxygen_species_pathway","uv_response_dn",0.05,0.2,FALSE
"reactive_oxygen_species_pathway","protein_secretion",0.05,0.2,FALSE
"hypoxia","androgen_response",0.05,0.8,FALSE
"interferon_alpha_response","mitotic_spindle",0.05,0.8,FALSE
"interferon_alpha_response","dna_repair",0.05,1,FALSE
"interferon_alpha_response","il_6_jak_stat3_signaling",0.05,0,FALSE
"interferon_alpha_response","xenobiotic_metabolism",0.05,1,FALSE
"interferon_alpha_response","androgen_response",0.05,1,FALSE
"interferon_gamma_response","estrogen_response_late",0.05,0,FALSE
"tnf_alpha_signaling_via_nf_kb","dna_repair",0.05,0,FALSE
"tnf_alpha_signaling_via_nf_kb","coagulation",0.05,1,FALSE
"tnf_alpha_signaling_via_nf_kb","androgen_response",0.05,1,FALSE
"il_6_jak_stat3_signaling","uv_response_dn",0.05,0,FALSE
"il_6_jak_stat3_signaling","interferon_alpha_response",0.05,1,FALSE
"coagulation","tnf_alpha_signaling_via_nf_kb",0.05,0,FALSE
"coagulation","estrogen_response_early",0.05,1,FALSE
"coagulation","apoptosis",0.05,0.8,FALSE
"kras_signaling_dn","myogenesis",0.05,0.5,FALSE
"tgf_beta_signaling","uv_response_dn",0.05,0,FALSE
"wnt_beta_catenin_signaling","bile_acid_metabolism",0.05,0.2,FALSE
"hedgehog_signaling","uv_response_up",0.05,1,FALSE
"hedgehog_signaling","pancreas_beta_cells",0.05,0.8,FALSE
"oxidative_phosphorylation","androgen_response",0.05,1,FALSE
"fatty_acid_metabolism","estrogen_response_early",0.05,0.8,FALSE
"bile_acid_metabolism","wnt_beta_catenin_signaling",0.05,0.8,FALSE
"cholesterol_homeostasis","xenobiotic_metabolism",0.05,0.2,FALSE
"cholesterol_homeostasis","spermatogenesis",0.05,0.2,FALSE
"xenobiotic_metabolism","interferon_alpha_response",0.05,0,FALSE
"xenobiotic_metabolism","cholesterol_homeostasis",0.05,0.8,FALSE
"pperoxisome","myc_targets_v2",0.05,0,FALSE
"adipogenesis","estrogen_response_early",0.05,0.4,FALSE
"myogenesis","kras_signaling_dn",0.05,0.5,FALSE
"spermatogenesis","cholesterol_homeostasis",0.05,0.8,FALSE
"pancreas_beta_cells","myc_targets_v1",0.05,0.2,FALSE
"pancreas_beta_cells","hedgehog_signaling",0.05,0.2,FALSE
"epithelial_mesenchymal_transition","g2_m_checkpoint",0.05,0,FALSE
"androgen_response","hypoxia",0.05,0.2,FALSE
"androgen_response","interferon_alpha_response",0.05,0,FALSE
"androgen_response","tnf_alpha_signaling_via_nf_kb",0.05,0,FALSE
"androgen_response","oxidative_phosphorylation",0.05,0,FALSE
"androgen_response","apical_surface",0.05,0,FALSE
"estrogen_response_early","coagulation",0.05,0,FALSE
"estrogen_response_early","fatty_acid_metabolism",0.05,0.2,FALSE
"estrogen_response_early","adipogenesis",0.05,0.6,FALSE
"estrogen_response_late","interferon_gamma_response",0.05,1,FALSE
"apical_surface","uv_response_up",0.05,0.4,FALSE
"apical_surface","androgen_response",0.05,1,FALSE
"apoptosis","coagulation",0.05,0.2,FALSE
"protein_secretion","reactive_oxygen_species_pathway",0.05,0.8,FALSE
"e2f_targets","p53_pathway",0.04,1,FALSE
"e2f_targets","androgen_response",0.04,0.75,FALSE
"g2_m_checkpoint","dna_repair",0.04,1,FALSE
"g2_m_checkpoint","mtorc1_signaling",0.04,1,FALSE
"mitotic_spindle","uv_response_up",0.04,1,FALSE
"myc_targets_v1","fatty_acid_metabolism",0.04,1,FALSE
"myc_targets_v2","uv_response_up",0.04,1,FALSE
"myc_targets_v2","hedgehog_signaling",0.04,0.5,FALSE
"myc_targets_v2","estrogen_response_early",0.04,0.75,FALSE
"dna_repair","g2_m_checkpoint",0.04,0,FALSE
"dna_repair","apical_surface",0.04,1,FALSE
"p53_pathway","e2f_targets",0.04,0,FALSE
"p53_pathway","kras_signaling_dn",0.04,0.75,FALSE
"p53_pathway","bile_acid_metabolism",0.04,1,FALSE
"uv_response_up","mitotic_spindle",0.04,0,FALSE
"uv_response_up","myc_targets_v2",0.04,0,FALSE
"uv_response_up","notch_signaling",0.04,1,FALSE
"uv_response_up","pancreas_beta_cells",0.04,0.25,FALSE
"uv_response_up","epithelial_mesenchymal_transition",0.04,0,FALSE
"unfolded_protein_response","allograft_rejection",0.04,1,FALSE
"unfolded_protein_response","fatty_acid_metabolism",0.04,0,FALSE
"unfolded_protein_response","estrogen_response_late",0.04,0.75,FALSE
"hypoxia","interferon_gamma_response",0.04,0,FALSE
"inflammatory_response","complement",0.04,1,FALSE
"inflammatory_response","androgen_response",0.04,0.75,FALSE
"interferon_gamma_response","hypoxia",0.04,1,FALSE
"interferon_gamma_response","hedgehog_signaling",0.04,0,FALSE
"interferon_gamma_response","heme_metabolism",0.04,0.75,FALSE
"il_2_stat5_signaling","pperoxisome",0.04,0.25,FALSE
"il_6_jak_stat3_signaling","androgen_response",0.04,0.75,FALSE
"il_6_jak_stat3_signaling","apoptosis",0.04,1,FALSE
"complement","inflammatory_response",0.04,0,FALSE
"allograft_rejection","unfolded_protein_response",0.04,0,FALSE
"mtorc1_signaling","g2_m_checkpoint",0.04,0,FALSE
"mtorc1_signaling","oxidative_phosphorylation",0.04,0.5,FALSE
"mtorc1_signaling","bile_acid_metabolism",0.04,0,FALSE
"kras_signaling_dn","p53_pathway",0.04,0.25,FALSE
"notch_signaling","uv_response_up",0.04,0,FALSE
"hedgehog_signaling","myc_targets_v2",0.04,0.5,FALSE
"hedgehog_signaling","interferon_gamma_response",0.04,1,FALSE
"hedgehog_signaling","epithelial_mesenchymal_transition",0.04,0.25,FALSE
"glycolysis","pperoxisome",0.04,0,FALSE
"oxidative_phosphorylation","mtorc1_signaling",0.04,0.5,FALSE
"fatty_acid_metabolism","myc_targets_v1",0.04,0,FALSE
"fatty_acid_metabolism","unfolded_protein_response",0.04,1,FALSE
"fatty_acid_metabolism","myogenesis",0.04,0.25,FALSE
"fatty_acid_metabolism","apical_surface",0.04,0.5,FALSE
"bile_acid_metabolism","p53_pathway",0.04,0,FALSE
"bile_acid_metabolism","mtorc1_signaling",0.04,1,FALSE
"heme_metabolism","interferon_gamma_response",0.04,0.25,FALSE
"heme_metabolism","epithelial_mesenchymal_transition",0.04,1,FALSE
"xenobiotic_metabolism","estrogen_response_early",0.04,0.5,FALSE
"pperoxisome","il_2_stat5_signaling",0.04,0.75,FALSE
"pperoxisome","glycolysis",0.04,1,FALSE
"myogenesis","fatty_acid_metabolism",0.04,0.75,FALSE
"myogenesis","estrogen_response_late",0.04,0.75,FALSE
"pancreas_beta_cells","uv_response_up",0.04,0.75,FALSE
"epithelial_mesenchymal_transition","uv_response_up",0.04,1,FALSE
"epithelial_mesenchymal_transition","hedgehog_signaling",0.04,0.75,FALSE
"epithelial_mesenchymal_transition","heme_metabolism",0.04,0,FALSE
"androgen_response","e2f_targets",0.04,0.25,FALSE
"androgen_response","inflammatory_response",0.04,0.25,FALSE
"androgen_response","il_6_jak_stat3_signaling",0.04,0.25,FALSE
"estrogen_response_early","myc_targets_v2",0.04,0.25,FALSE
"estrogen_response_early","xenobiotic_metabolism",0.04,0.5,FALSE
"estrogen_response_late","unfolded_protein_response",0.04,0.25,FALSE
"estrogen_response_late","myogenesis",0.04,0.25,FALSE
"apical_surface","dna_repair",0.04,0,FALSE
"apical_surface","fatty_acid_metabolism",0.04,0.5,FALSE
"apoptosis","il_6_jak_stat3_signaling",0.04,0,FALSE
"sex","epithelial_mesenchymal_transition",0.03,1,FALSE
"sex","estrogen_response_early",0.03,1,FALSE
"cmv","protein_secretion",0.03,1,FALSE
"e2f_targets","interferon_gamma_response",0.03,0.333333333333333,FALSE
"e2f_targets","coagulation",0.03,0,FALSE
"e2f_targets","hedgehog_signaling",0.03,0.666666666666667,FALSE
"g2_m_checkpoint","complement",0.03,0.666666666666667,FALSE
"g2_m_checkpoint","pi3k_akt_mtor_signaling",0.03,0,FALSE
"g2_m_checkpoint","tgf_beta_signaling",0.03,1,FALSE
"g2_m_checkpoint","myogenesis",0.03,1,FALSE
"g2_m_checkpoint","pancreas_beta_cells",0.03,1,FALSE
"mitotic_spindle","xenobiotic_metabolism",0.03,1,FALSE
"myc_targets_v1","unfolded_protein_response",0.03,0,FALSE
"myc_targets_v1","inflammatory_response",0.03,0.666666666666667,FALSE
"myc_targets_v2","adipogenesis",0.03,1,FALSE
"uv_response_dn","mtorc1_signaling",0.03,0.333333333333333,FALSE
"uv_response_dn","apoptosis",0.03,0,FALSE
"uv_response_up","mtorc1_signaling",0.03,0,FALSE
"unfolded_protein_response","myc_targets_v1",0.03,1,FALSE
"unfolded_protein_response","pi3k_akt_mtor_signaling",0.03,0,FALSE
"reactive_oxygen_species_pathway","hypoxia",0.03,1,FALSE
"reactive_oxygen_species_pathway","adipogenesis",0.03,0.666666666666667,FALSE
"hypoxia","reactive_oxygen_species_pathway",0.03,0,FALSE
"hypoxia","tnf_alpha_signaling_via_nf_kb",0.03,0,FALSE
"hypoxia","il_2_stat5_signaling",0.03,1,FALSE
"inflammatory_response","myc_targets_v1",0.03,0.333333333333333,FALSE
"interferon_gamma_response","e2f_targets",0.03,0.666666666666667,FALSE
"interferon_gamma_response","il_2_stat5_signaling",0.03,0,FALSE
"interferon_gamma_response","il_6_jak_stat3_signaling",0.03,0.333333333333333,FALSE
"interferon_gamma_response","oxidative_phosphorylation",0.03,0,FALSE
"tnf_alpha_signaling_via_nf_kb","hypoxia",0.03,1,FALSE
"tnf_alpha_signaling_via_nf_kb","mtorc1_signaling",0.03,0.333333333333333,FALSE
"il_2_stat5_signaling","hypoxia",0.03,0,FALSE
"il_2_stat5_signaling","interferon_gamma_response",0.03,1,FALSE
"il_6_jak_stat3_signaling","interferon_gamma_response",0.03,0.666666666666667,FALSE
"complement","g2_m_checkpoint",0.03,0.333333333333333,FALSE
"complement","pperoxisome",0.03,0,FALSE
"complement","pancreas_beta_cells",0.03,0.333333333333333,FALSE
"coagulation","e2f_targets",0.03,1,FALSE
"coagulation","protein_secretion",0.03,0,FALSE
"pi3k_akt_mtor_signaling","g2_m_checkpoint",0.03,1,FALSE
"pi3k_akt_mtor_signaling","unfolded_protein_response",0.03,1,FALSE
"pi3k_akt_mtor_signaling","kras_signaling_up",0.03,0,FALSE
"pi3k_akt_mtor_signaling","epithelial_mesenchymal_transition",0.03,0,FALSE
"mtorc1_signaling","uv_response_dn",0.03,0.666666666666667,FALSE
"mtorc1_signaling","uv_response_up",0.03,1,FALSE
"mtorc1_signaling","tnf_alpha_signaling_via_nf_kb",0.03,0.666666666666667,FALSE
"mtorc1_signaling","hedgehog_signaling",0.03,0,FALSE
"mtorc1_signaling","estrogen_response_late",0.03,0.333333333333333,FALSE
"kras_signaling_up","pi3k_akt_mtor_signaling",0.03,1,FALSE
"kras_signaling_up","tgf_beta_signaling",0.03,0.666666666666667,FALSE
"tgf_beta_signaling","g2_m_checkpoint",0.03,0,FALSE
"tgf_beta_signaling","kras_signaling_up",0.03,0.333333333333333,FALSE
"wnt_beta_catenin_signaling","apical_junction",0.03,1,FALSE
"notch_signaling","estrogen_response_late",0.03,0,FALSE
"hedgehog_signaling","e2f_targets",0.03,0.333333333333333,FALSE
"hedgehog_signaling","mtorc1_signaling",0.03,1,FALSE
"glycolysis","angiogenesis",0.03,0.666666666666667,FALSE
"oxidative_phosphorylation","interferon_gamma_response",0.03,1,FALSE
"fatty_acid_metabolism","heme_metabolism",0.03,1,FALSE
"heme_metabolism","fatty_acid_metabolism",0.03,0,FALSE
"xenobiotic_metabolism","mitotic_spindle",0.03,0,FALSE
"xenobiotic_metabolism","spermatogenesis",0.03,0.666666666666667,FALSE
"pperoxisome","complement",0.03,1,FALSE
"adipogenesis","myc_targets_v2",0.03,0,FALSE
"adipogenesis","reactive_oxygen_species_pathway",0.03,0.333333333333333,FALSE
"adipogenesis","spermatogenesis",0.03,1,FALSE
"myogenesis","g2_m_checkpoint",0.03,0,FALSE
"spermatogenesis","xenobiotic_metabolism",0.03,0.333333333333333,FALSE
"spermatogenesis","adipogenesis",0.03,0,FALSE
"pancreas_beta_cells","g2_m_checkpoint",0.03,0,FALSE
"pancreas_beta_cells","complement",0.03,0.666666666666667,FALSE
"epithelial_mesenchymal_transition","sex",0.03,0,FALSE
"epithelial_mesenchymal_transition","pi3k_akt_mtor_signaling",0.03,1,FALSE
"epithelial_mesenchymal_transition","estrogen_response_early",0.03,0.333333333333333,FALSE
"angiogenesis","glycolysis",0.03,0.333333333333333,FALSE
"estrogen_response_early","sex",0.03,0,FALSE
"estrogen_response_early","epithelial_mesenchymal_transition",0.03,0.666666666666667,FALSE
"estrogen_response_late","mtorc1_signaling",0.03,0.666666666666667,FALSE
"estrogen_response_late","notch_signaling",0.03,1,FALSE
"estrogen_response_late","apical_surface",0.03,0.333333333333333,FALSE
"apical_junction","wnt_beta_catenin_signaling",0.03,0,FALSE
"apical_surface","estrogen_response_late",0.03,0.666666666666667,FALSE
"apoptosis","uv_response_dn",0.03,1,FALSE
"apoptosis","protein_secretion",0.03,0,FALSE
"protein_secretion","cmv",0.03,0,FALSE
"protein_secretion","coagulation",0.03,1,FALSE
"protein_secretion","apoptosis",0.03,1,FALSE
"age_group","uv_response_dn",0.02,1,FALSE
"sex","wnt_beta_catenin_signaling",0.02,1,FALSE
"cmv","glycolysis",0.02,1,FALSE
"e2f_targets","uv_response_dn",0.02,0.5,FALSE
"e2f_targets","complement",0.02,0.5,FALSE
"e2f_targets","fatty_acid_metabolism",0.02,1,FALSE
"e2f_targets","pancreas_beta_cells",0.02,0,FALSE
"g2_m_checkpoint","unfolded_protein_response",0.02,1,FALSE
"g2_m_checkpoint","allograft_rejection",0.02,1,FALSE
"g2_m_checkpoint","oxidative_phosphorylation",0.02,0,FALSE
"mitotic_spindle","mtorc1_signaling",0.02,0,FALSE
"mitotic_spindle","glycolysis",0.02,1,FALSE
"myc_targets_v2","apoptosis",0.02,0.5,FALSE
"dna_repair","hedgehog_signaling",0.02,0.5,FALSE
"dna_repair","glycolysis",0.02,1,FALSE
"dna_repair","androgen_response",0.02,1,FALSE
"dna_repair","estrogen_response_early",0.02,1,FALSE
"p53_pathway","reactive_oxygen_species_pathway",0.02,0,FALSE
"p53_pathway","pancreas_beta_cells",0.02,0.5,FALSE
"uv_response_dn","age_group",0.02,0,FALSE
"uv_response_dn","e2f_targets",0.02,0.5,FALSE
"uv_response_dn","il_2_stat5_signaling",0.02,1,FALSE
"uv_response_dn","xenobiotic_metabolism",0.02,1,FALSE
"uv_response_up","hypoxia",0.02,0.5,FALSE
"uv_response_up","allograft_rejection",0.02,1,FALSE
"uv_response_up","kras_signaling_dn",0.02,0,FALSE
"uv_response_up","apical_junction",0.02,0,FALSE
"unfolded_protein_response","g2_m_checkpoint",0.02,0,FALSE
"unfolded_protein_response","il_6_jak_stat3_signaling",0.02,0,FALSE
"unfolded_protein_response","complement",0.02,1,FALSE
"unfolded_protein_response","mtorc1_signaling",0.02,0.5,FALSE
"unfolded_protein_response","heme_metabolism",0.02,0,FALSE
"unfolded_protein_response","epithelial_mesenchymal_transition",0.02,0,FALSE
"unfolded_protein_response","androgen_response",0.02,1,FALSE
"reactive_oxygen_species_pathway","p53_pathway",0.02,1,FALSE
"reactive_oxygen_species_pathway","oxidative_phosphorylation",0.02,1,FALSE
"reactive_oxygen_species_pathway","pperoxisome",0.02,1,FALSE
"hypoxia","uv_response_up",0.02,0.5,FALSE
"hypoxia","pi3k_akt_mtor_signaling",0.02,1,FALSE
"hypoxia","wnt_beta_catenin_signaling",0.02,1,FALSE
"hypoxia","estrogen_response_late",0.02,0,FALSE
"inflammatory_response","interferon_alpha_response",0.02,1,FALSE
"inflammatory_response","il_2_stat5_signaling",0.02,1,FALSE
"inflammatory_response","allograft_rejection",0.02,1,FALSE
"interferon_alpha_response","inflammatory_response",0.02,0,FALSE
"interferon_alpha_response","apical_junction",0.02,0,FALSE
"interferon_alpha_response","protein_secretion",0.02,0,FALSE
"tnf_alpha_signaling_via_nf_kb","allograft_rejection",0.02,0.5,FALSE
"tnf_alpha_signaling_via_nf_kb","kras_signaling_dn",0.02,0,FALSE
"il_2_stat5_signaling","uv_response_dn",0.02,0,FALSE
"il_2_stat5_signaling","inflammatory_response",0.02,0,FALSE
"il_2_stat5_signaling","bile_acid_metabolism",0.02,0,FALSE
"il_6_jak_stat3_signaling","unfolded_protein_response",0.02,1,FALSE
"il_6_jak_stat3_signaling","notch_signaling",0.02,0.5,FALSE
"il_6_jak_stat3_signaling","spermatogenesis",0.02,1,FALSE
"complement","e2f_targets",0.02,0.5,FALSE
"complement","unfolded_protein_response",0.02,0,FALSE
"complement","tgf_beta_signaling",0.02,1,FALSE
"coagulation","pi3k_akt_mtor_signaling",0.02,0,FALSE
"coagulation","tgf_beta_signaling",0.02,1,FALSE
"coagulation","cholesterol_homeostasis",0.02,0,FALSE
"allograft_rejection","g2_m_checkpoint",0.02,0,FALSE
"allograft_rejection","uv_response_up",0.02,0,FALSE
"allograft_rejection","inflammatory_response",0.02,0,FALSE
"allograft_rejection","tnf_alpha_signaling_via_nf_kb",0.02,0.5,FALSE
"allograft_rejection","wnt_beta_catenin_signaling",0.02,1,FALSE
"allograft_rejection","epithelial_mesenchymal_transition",0.02,0,FALSE
"pi3k_akt_mtor_signaling","hypoxia",0.02,0,FALSE
"pi3k_akt_mtor_signaling","coagulation",0.02,1,FALSE
"pi3k_akt_mtor_signaling","heme_metabolism",0.02,0.5,FALSE
"pi3k_akt_mtor_signaling","spermatogenesis",0.02,0,FALSE
"mtorc1_signaling","mitotic_spindle",0.02,1,FALSE
"mtorc1_signaling","unfolded_protein_response",0.02,0.5,FALSE
"mtorc1_signaling","heme_metabolism",0.02,0,FALSE
"mtorc1_signaling","pancreas_beta_cells",0.02,1,FALSE
"mtorc1_signaling","protein_secretion",0.02,1,FALSE
"kras_signaling_up","hedgehog_signaling",0.02,0,FALSE
"kras_signaling_up","cholesterol_homeostasis",0.02,0.5,FALSE
"kras_signaling_up","apical_junction",0.02,0,FALSE
"kras_signaling_dn","uv_response_up",0.02,1,FALSE
"kras_signaling_dn","tnf_alpha_signaling_via_nf_kb",0.02,1,FALSE
"kras_signaling_dn","bile_acid_metabolism",0.02,1,FALSE
"kras_signaling_dn","angiogenesis",0.02,0.5,FALSE
"tgf_beta_signaling","complement",0.02,0,FALSE
"tgf_beta_signaling","coagulation",0.02,0,FALSE
"wnt_beta_catenin_signaling","sex",0.02,0,FALSE
"wnt_beta_catenin_signaling","hypoxia",0.02,0,FALSE
"wnt_beta_catenin_signaling","allograft_rejection",0.02,0,FALSE
"wnt_beta_catenin_signaling","hedgehog_signaling",0.02,1,FALSE
"wnt_beta_catenin_signaling","xenobiotic_metabolism",0.02,1,FALSE
"notch_signaling","il_6_jak_stat3_signaling",0.02,0.5,FALSE
"hedgehog_signaling","dna_repair",0.02,0.5,FALSE
"hedgehog_signaling","kras_signaling_up",0.02,1,FALSE
"hedgehog_signaling","wnt_beta_catenin_signaling",0.02,0,FALSE
"hedgehog_signaling","apical_surface",0.02,1,FALSE
"glycolysis","cmv",0.02,0,FALSE
"glycolysis","mitotic_spindle",0.02,0,FALSE
"glycolysis","dna_repair",0.02,0,FALSE
"glycolysis","heme_metabolism",0.02,0,FALSE
"oxidative_phosphorylation","g2_m_checkpoint",0.02,1,FALSE
"oxidative_phosphorylation","reactive_oxygen_species_pathway",0.02,0,FALSE
"oxidative_phosphorylation","myogenesis",0.02,0.5,FALSE
"fatty_acid_metabolism","e2f_targets",0.02,0,FALSE
"bile_acid_metabolism","il_2_stat5_signaling",0.02,1,FALSE
"bile_acid_metabolism","kras_signaling_dn",0.02,0,FALSE
"cholesterol_homeostasis","coagulation",0.02,1,FALSE
"cholesterol_homeostasis","kras_signaling_up",0.02,0.5,FALSE
"cholesterol_homeostasis","adipogenesis",0.02,0,FALSE
"heme_metabolism","unfolded_protein_response",0.02,1,FALSE
"heme_metabolism","pi3k_akt_mtor_signaling",0.02,0.5,FALSE
"heme_metabolism","mtorc1_signaling",0.02,1,FALSE
"heme_metabolism","glycolysis",0.02,1,FALSE
"heme_metabolism","myogenesis",0.02,1,FALSE
"xenobiotic_metabolism","uv_response_dn",0.02,0,FALSE
"xenobiotic_metabolism","wnt_beta_catenin_signaling",0.02,0,FALSE
"pperoxisome","reactive_oxygen_species_pathway",0.02,0,FALSE
"pperoxisome","pancreas_beta_cells",0.02,0,FALSE
"adipogenesis","cholesterol_homeostasis",0.02,1,FALSE
"adipogenesis","epithelial_mesenchymal_transition",0.02,0.5,FALSE
"adipogenesis","angiogenesis",0.02,0.5,FALSE
"adipogenesis","apoptosis",0.02,0.5,FALSE
"myogenesis","oxidative_phosphorylation",0.02,0.5,FALSE
"myogenesis","heme_metabolism",0.02,0,FALSE
"spermatogenesis","il_6_jak_stat3_signaling",0.02,0,FALSE
"spermatogenesis","pi3k_akt_mtor_signaling",0.02,1,FALSE
"pancreas_beta_cells","e2f_targets",0.02,1,FALSE
"pancreas_beta_cells","p53_pathway",0.02,0.5,FALSE
"pancreas_beta_cells","mtorc1_signaling",0.02,0,FALSE
"pancreas_beta_cells","pperoxisome",0.02,1,FALSE
"epithelial_mesenchymal_transition","unfolded_protein_response",0.02,1,FALSE
"epithelial_mesenchymal_transition","allograft_rejection",0.02,1,FALSE
"epithelial_mesenchymal_transition","adipogenesis",0.02,0.5,FALSE
"angiogenesis","kras_signaling_dn",0.02,0.5,FALSE
"angiogenesis","adipogenesis",0.02,0.5,FALSE
"angiogenesis","androgen_response",0.02,1,FALSE
"androgen_response","dna_repair",0.02,0,FALSE
"androgen_response","unfolded_protein_response",0.02,0,FALSE
"androgen_response","angiogenesis",0.02,0,FALSE
"estrogen_response_early","dna_repair",0.02,0,FALSE
"estrogen_response_late","hypoxia",0.02,1,FALSE
"apical_junction","uv_response_up",0.02,1,FALSE
"apical_junction","interferon_alpha_response",0.02,1,FALSE
"apical_junction","kras_signaling_up",0.02,1,FALSE
"apical_surface","hedgehog_signaling",0.02,0,FALSE
"apoptosis","myc_targets_v2",0.02,0.5,FALSE
"apoptosis","adipogenesis",0.02,0.5,FALSE
"protein_secretion","interferon_alpha_response",0.02,1,FALSE
"protein_secretion","mtorc1_signaling",0.02,0,FALSE
"age_group","e2f_targets",0.01,1,FALSE
"age_group","myc_targets_v2",0.01,1,FALSE
"age_group","inflammatory_response",0.01,1,FALSE
"age_group","interferon_alpha_response",0.01,1,FALSE
"age_group","fatty_acid_metabolism",0.01,1,FALSE
"sex","myc_targets_v1",0.01,1,FALSE
"sex","mtorc1_signaling",0.01,1,FALSE
"sex","kras_signaling_dn",0.01,1,FALSE
"sex","hedgehog_signaling",0.01,1,FALSE
"sex","xenobiotic_metabolism",0.01,1,FALSE
"sex","apical_junction",0.01,1,FALSE
"cmv","kras_signaling_up",0.01,1,FALSE
"cmv","angiogenesis",0.01,1,FALSE
"cmv","apoptosis",0.01,1,FALSE
"e2f_targets","age_group",0.01,0,FALSE
"e2f_targets","uv_response_up",0.01,0,FALSE
"e2f_targets","pi3k_akt_mtor_signaling",0.01,0,FALSE
"e2f_targets","notch_signaling",0.01,1,FALSE
"e2f_targets","bile_acid_metabolism",0.01,0,FALSE
"e2f_targets","angiogenesis",0.01,1,FALSE
"g2_m_checkpoint","reactive_oxygen_species_pathway",0.01,1,FALSE
"g2_m_checkpoint","hypoxia",0.01,0,FALSE
"g2_m_checkpoint","inflammatory_response",0.01,1,FALSE
"g2_m_checkpoint","interferon_alpha_response",0.01,1,FALSE
"g2_m_checkpoint","interferon_gamma_response",0.01,0,FALSE
"g2_m_checkpoint","kras_signaling_up",0.01,1,FALSE
"g2_m_checkpoint","kras_signaling_dn",0.01,1,FALSE
"g2_m_checkpoint","apoptosis",0.01,1,FALSE
"mitotic_spindle","unfolded_protein_response",0.01,1,FALSE
"mitotic_spindle","wnt_beta_catenin_signaling",0.01,1,FALSE
"mitotic_spindle","cholesterol_homeostasis",0.01,1,FALSE
"mitotic_spindle","pperoxisome",0.01,1,FALSE
"mitotic_spindle","pancreas_beta_cells",0.01,1,FALSE
"mitotic_spindle","androgen_response",0.01,1,FALSE
"myc_targets_v1","sex",0.01,0,FALSE
"myc_targets_v1","interferon_alpha_response",0.01,1,FALSE
"myc_targets_v1","interferon_gamma_response",0.01,1,FALSE
"myc_targets_v1","il_2_stat5_signaling",0.01,1,FALSE
"myc_targets_v1","allograft_rejection",0.01,1,FALSE
"myc_targets_v2","age_group",0.01,0,FALSE
"myc_targets_v2","uv_response_dn",0.01,1,FALSE
"myc_targets_v2","coagulation",0.01,0,FALSE
"myc_targets_v2","allograft_rejection",0.01,1,FALSE
"myc_targets_v2","tgf_beta_signaling",0.01,0,FALSE
"myc_targets_v2","wnt_beta_catenin_signaling",0.01,1,FALSE
"myc_targets_v2","fatty_acid_metabolism",0.01,1,FALSE
"myc_targets_v2","spermatogenesis",0.01,0,FALSE
"myc_targets_v2","pancreas_beta_cells",0.01,1,FALSE
"myc_targets_v2","estrogen_response_late",0.01,0,FALSE
"dna_repair","il_6_jak_stat3_signaling",0.01,0,FALSE
"dna_repair","complement",0.01,1,FALSE
"dna_repair","pi3k_akt_mtor_signaling",0.01,1,FALSE
"dna_repair","estrogen_response_late",0.01,1,FALSE
"dna_repair","apical_junction",0.01,0,FALSE
"dna_repair","apoptosis",0.01,1,FALSE
"dna_repair","protein_secretion",0.01,1,FALSE
"p53_pathway","il_2_stat5_signaling",0.01,0,FALSE
"p53_pathway","glycolysis",0.01,0,FALSE
"p53_pathway","oxidative_phosphorylation",0.01,0,FALSE
"p53_pathway","heme_metabolism",0.01,0,FALSE
"p53_pathway","spermatogenesis",0.01,0,FALSE
"p53_pathway","androgen_response",0.01,0,FALSE
"uv_response_dn","myc_targets_v2",0.01,0,FALSE
"uv_response_dn","interferon_alpha_response",0.01,0,FALSE
"uv_response_dn","complement",0.01,1,FALSE
"uv_response_dn","coagulation",0.01,1,FALSE
"uv_response_dn","kras_signaling_up",0.01,1,FALSE
"uv_response_dn","glycolysis",0.01,0,FALSE
"uv_response_dn","oxidative_phosphorylation",0.01,1,FALSE
"uv_response_up","e2f_targets",0.01,1,FALSE
"uv_response_up","interferon_alpha_response",0.01,1,FALSE
"uv_response_up","il_6_jak_stat3_signaling",0.01,0,FALSE
"uv_response_up","tgf_beta_signaling",0.01,1,FALSE
"uv_response_up","estrogen_response_early",0.01,1,FALSE
"uv_response_up","apoptosis",0.01,0,FALSE
"unfolded_protein_response","mitotic_spindle",0.01,0,FALSE
"unfolded_protein_response","xenobiotic_metabolism",0.01,0,FALSE
"unfolded_protein_response","adipogenesis",0.01,0,FALSE
"unfolded_protein_response","myogenesis",0.01,0,FALSE
"reactive_oxygen_species_pathway","g2_m_checkpoint",0.01,0,FALSE
"reactive_oxygen_species_pathway","spermatogenesis",0.01,1,FALSE
"reactive_oxygen_species_pathway","angiogenesis",0.01,1,FALSE
"reactive_oxygen_species_pathway","apoptosis",0.01,1,FALSE
"hypoxia","g2_m_checkpoint",0.01,1,FALSE
"hypoxia","pancreas_beta_cells",0.01,1,FALSE
"hypoxia","angiogenesis",0.01,0,FALSE
"hypoxia","apical_surface",0.01,1,FALSE
"inflammatory_response","age_group",0.01,0,FALSE
"inflammatory_response","g2_m_checkpoint",0.01,0,FALSE
"inflammatory_response","pi3k_akt_mtor_signaling",0.01,1,FALSE
"inflammatory_response","mtorc1_signaling",0.01,0,FALSE
"inflammatory_response","kras_signaling_dn",0.01,0,FALSE
"inflammatory_response","protein_secretion",0.01,1,FALSE
"interferon_alpha_response","age_group",0.01,0,FALSE
"interferon_alpha_response","g2_m_checkpoint",0.01,0,FALSE
"interferon_alpha_response","myc_targets_v1",0.01,0,FALSE
"interferon_alpha_response","uv_response_dn",0.01,1,FALSE
"interferon_alpha_response","uv_response_up",0.01,0,FALSE
"interferon_alpha_response","tnf_alpha_signaling_via_nf_kb",0.01,0,FALSE
"interferon_alpha_response","il_2_stat5_signaling",0.01,0,FALSE
"interferon_alpha_response","pi3k_akt_mtor_signaling",0.01,1,FALSE
"interferon_alpha_response","kras_signaling_dn",0.01,1,FALSE
"interferon_alpha_response","hedgehog_signaling",0.01,0,FALSE
"interferon_alpha_response","glycolysis",0.01,0,FALSE
"interferon_alpha_response","adipogenesis",0.01,0,FALSE
"interferon_alpha_response","pancreas_beta_cells",0.01,0,FALSE
"interferon_alpha_response","angiogenesis",0.01,1,FALSE
"interferon_alpha_response","estrogen_response_early",0.01,1,FALSE
"interferon_alpha_response","apoptosis",0.01,1,FALSE
"interferon_gamma_response","g2_m_checkpoint",0.01,1,FALSE
"interferon_gamma_response","myc_targets_v1",0.01,0,FALSE
"interferon_gamma_response","tnf_alpha_signaling_via_nf_kb",0.01,0,FALSE
"interferon_gamma_response","kras_signaling_dn",0.01,0,FALSE
"interferon_gamma_response","tgf_beta_signaling",0.01,0,FALSE
"interferon_gamma_response","wnt_beta_catenin_signaling",0.01,0,FALSE
"interferon_gamma_response","xenobiotic_metabolism",0.01,1,FALSE
"interferon_gamma_response","myogenesis",0.01,0,FALSE
"interferon_gamma_response","androgen_response",0.01,1,FALSE
"interferon_gamma_response","apoptosis",0.01,1,FALSE
"tnf_alpha_signaling_via_nf_kb","interferon_alpha_response",0.01,1,FALSE
"tnf_alpha_signaling_via_nf_kb","interferon_gamma_response",0.01,1,FALSE
"tnf_alpha_signaling_via_nf_kb","tgf_beta_signaling",0.01,1,FALSE
"tnf_alpha_signaling_via_nf_kb","epithelial_mesenchymal_transition",0.01,0,FALSE
"tnf_alpha_signaling_via_nf_kb","protein_secretion",0.01,0,FALSE
"il_2_stat5_signaling","myc_targets_v1",0.01,0,FALSE
"il_2_stat5_signaling","p53_pathway",0.01,1,FALSE
"il_2_stat5_signaling","interferon_alpha_response",0.01,1,FALSE
"il_2_stat5_signaling","il_6_jak_stat3_signaling",0.01,0,FALSE
"il_2_stat5_signaling","allograft_rejection",0.01,0,FALSE
"il_2_stat5_signaling","tgf_beta_signaling",0.01,1,FALSE
"il_2_stat5_signaling","glycolysis",0.01,0,FALSE
"il_2_stat5_signaling","heme_metabolism",0.01,0,FALSE
"il_2_stat5_signaling","estrogen_response_late",0.01,0,FALSE
"il_2_stat5_signaling","protein_secretion",0.01,0,FALSE
"il_6_jak_stat3_signaling","dna_repair",0.01,1,FALSE
"il_6_jak_stat3_signaling","uv_response_up",0.01,1,FALSE
"il_6_jak_stat3_signaling","il_2_stat5_signaling",0.01,1,FALSE
"il_6_jak_stat3_signaling","coagulation",0.01,1,FALSE
"il_6_jak_stat3_signaling","mtorc1_signaling",0.01,1,FALSE
"il_6_jak_stat3_signaling","kras_signaling_up",0.01,1,FALSE
"il_6_jak_stat3_signaling","kras_signaling_dn",0.01,1,FALSE
"il_6_jak_stat3_signaling","cholesterol_homeostasis",0.01,1,FALSE
"il_6_jak_stat3_signaling","xenobiotic_metabolism",0.01,1,FALSE
"il_6_jak_stat3_signaling","estrogen_response_late",0.01,1,FALSE
"complement","dna_repair",0.01,0,FALSE
"complement","uv_response_dn",0.01,0,FALSE
"complement","hedgehog_signaling",0.01,0,FALSE
"complement","apical_junction",0.01,0,FALSE
"coagulation","myc_targets_v2",0.01,1,FALSE
"coagulation","uv_response_dn",0.01,0,FALSE
"coagulation","il_6_jak_stat3_signaling",0.01,0,FALSE
"coagulation","notch_signaling",0.01,1,FALSE
"coagulation","hedgehog_signaling",0.01,1,FALSE
"coagulation","glycolysis",0.01,1,FALSE
"coagulation","pancreas_beta_cells",0.01,0,FALSE
"allograft_rejection","myc_targets_v1",0.01,0,FALSE
"allograft_rejection","myc_targets_v2",0.01,0,FALSE
"allograft_rejection","il_2_stat5_signaling",0.01,1,FALSE
"allograft_rejection","cholesterol_homeostasis",0.01,1,FALSE
"allograft_rejection","androgen_response",0.01,1,FALSE
"allograft_rejection","estrogen_response_late",0.01,0,FALSE
"allograft_rejection","protein_secretion",0.01,0,FALSE
"pi3k_akt_mtor_signaling","e2f_targets",0.01,1,FALSE
"pi3k_akt_mtor_signaling","dna_repair",0.01,0,FALSE
"pi3k_akt_mtor_signaling","inflammatory_response",0.01,0,FALSE
"pi3k_akt_mtor_signaling","interferon_alpha_response",0.01,0,FALSE
"pi3k_akt_mtor_signaling","notch_signaling",0.01,0,FALSE
"pi3k_akt_mtor_signaling","glycolysis",0.01,1,FALSE
"pi3k_akt_mtor_signaling","apical_surface",0.01,0,FALSE
"mtorc1_signaling","sex",0.01,0,FALSE
"mtorc1_signaling","inflammatory_response",0.01,1,FALSE
"mtorc1_signaling","il_6_jak_stat3_signaling",0.01,0,FALSE
"mtorc1_signaling","wnt_beta_catenin_signaling",0.01,1,FALSE
"mtorc1_signaling","pperoxisome",0.01,0,FALSE
"kras_signaling_up","cmv",0.01,0,FALSE
"kras_signaling_up","g2_m_checkpoint",0.01,0,FALSE
"kras_signaling_up","uv_response_dn",0.01,0,FALSE
"kras_signaling_up","il_6_jak_stat3_signaling",0.01,0,FALSE
"kras_signaling_up","pperoxisome",0.01,0,FALSE
"kras_signaling_up","apical_surface",0.01,1,FALSE
"kras_signaling_dn","sex",0.01,0,FALSE
"kras_signaling_dn","g2_m_checkpoint",0.01,0,FALSE
"kras_signaling_dn","inflammatory_response",0.01,1,FALSE
"kras_signaling_dn","interferon_alpha_response",0.01,0,FALSE
"kras_signaling_dn","interferon_gamma_response",0.01,1,FALSE
"kras_signaling_dn","il_6_jak_stat3_signaling",0.01,0,FALSE
"kras_signaling_dn","notch_signaling",0.01,1,FALSE
"kras_signaling_dn","oxidative_phosphorylation",0.01,1,FALSE
"kras_signaling_dn","apical_surface",0.01,0,FALSE
"kras_signaling_dn","apoptosis",0.01,1,FALSE
"tgf_beta_signaling","myc_targets_v2",0.01,1,FALSE
"tgf_beta_signaling","uv_response_up",0.01,0,FALSE
"tgf_beta_signaling","interferon_gamma_response",0.01,1,FALSE
"tgf_beta_signaling","tnf_alpha_signaling_via_nf_kb",0.01,0,FALSE
"tgf_beta_signaling","il_2_stat5_signaling",0.01,0,FALSE
"wnt_beta_catenin_signaling","mitotic_spindle",0.01,0,FALSE
"wnt_beta_catenin_signaling","myc_targets_v2",0.01,0,FALSE
"wnt_beta_catenin_signaling","interferon_gamma_response",0.01,1,FALSE
"wnt_beta_catenin_signaling","mtorc1_signaling",0.01,0,FALSE
"wnt_beta_catenin_signaling","glycolysis",0.01,0,FALSE
"wnt_beta_catenin_signaling","cholesterol_homeostasis",0.01,1,FALSE
"notch_signaling","e2f_targets",0.01,0,FALSE
"notch_signaling","coagulation",0.01,0,FALSE
"notch_signaling","pi3k_akt_mtor_signaling",0.01,1,FALSE
"notch_signaling","kras_signaling_dn",0.01,0,FALSE
"notch_signaling","xenobiotic_metabolism",0.01,1,FALSE
"notch_signaling","epithelial_mesenchymal_transition",0.01,1,FALSE
"hedgehog_signaling","sex",0.01,0,FALSE
"hedgehog_signaling","interferon_alpha_response",0.01,1,FALSE
"hedgehog_signaling","complement",0.01,1,FALSE
"hedgehog_signaling","coagulation",0.01,0,FALSE
"hedgehog_signaling","xenobiotic_metabolism",0.01,0,FALSE
"glycolysis","p53_pathway",0.01,1,FALSE
"glycolysis","uv_response_dn",0.01,1,FALSE
"glycolysis","interferon_alpha_response",0.01,1,FALSE
"glycolysis","il_2_stat5_signaling",0.01,1,FALSE
"glycolysis","coagulation",0.01,0,FALSE
"glycolysis","pi3k_akt_mtor_signaling",0.01,0,FALSE
"glycolysis","wnt_beta_catenin_signaling",0.01,1,FALSE
"glycolysis","cholesterol_homeostasis",0.01,0,FALSE
"glycolysis","spermatogenesis",0.01,0,FALSE
"glycolysis","estrogen_response_early",0.01,1,FALSE
"glycolysis","apical_junction",0.01,0,FALSE
"glycolysis","apical_surface",0.01,1,FALSE
"oxidative_phosphorylation","p53_pathway",0.01,1,FALSE
"oxidative_phosphorylation","uv_response_dn",0.01,0,FALSE
"oxidative_phosphorylation","kras_signaling_dn",0.01,0,FALSE
"fatty_acid_metabolism","age_group",0.01,0,FALSE
"fatty_acid_metabolism","myc_targets_v2",0.01,0,FALSE
"fatty_acid_metabolism","bile_acid_metabolism",0.01,0,FALSE
"bile_acid_metabolism","e2f_targets",0.01,1,FALSE
"bile_acid_metabolism","fatty_acid_metabolism",0.01,1,FALSE
"bile_acid_metabolism","estrogen_response_early",0.01,0,FALSE
"cholesterol_homeostasis","mitotic_spindle",0.01,0,FALSE
"cholesterol_homeostasis","il_6_jak_stat3_signaling",0.01,0,FALSE
"cholesterol_homeostasis","allograft_rejection",0.01,0,FALSE
"cholesterol_homeostasis","wnt_beta_catenin_signaling",0.01,0,FALSE
"cholesterol_homeostasis","glycolysis",0.01,1,FALSE
"cholesterol_homeostasis","heme_metabolism",0.01,0,FALSE
"cholesterol_homeostasis","epithelial_mesenchymal_transition",0.01,0,FALSE
"heme_metabolism","p53_pathway",0.01,1,FALSE
"heme_metabolism","il_2_stat5_signaling",0.01,1,FALSE
"heme_metabolism","cholesterol_homeostasis",0.01,1,FALSE
"heme_metabolism","estrogen_response_early",0.01,0,FALSE
"xenobiotic_metabolism","sex",0.01,0,FALSE
"xenobiotic_metabolism","unfolded_protein_response",0.01,1,FALSE
"xenobiotic_metabolism","interferon_gamma_response",0.01,0,FALSE
"xenobiotic_metabolism","il_6_jak_stat3_signaling",0.01,0,FALSE
"xenobiotic_metabolism","notch_signaling",0.01,0,FALSE
"xenobiotic_metabolism","hedgehog_signaling",0.01,1,FALSE
"xenobiotic_metabolism","androgen_response",0.01,1,FALSE
"xenobiotic_metabolism","estrogen_response_late",0.01,1,FALSE
"pperoxisome","mitotic_spindle",0.01,0,FALSE
"pperoxisome","mtorc1_signaling",0.01,1,FALSE
"pperoxisome","kras_signaling_up",0.01,1,FALSE
"pperoxisome","myogenesis",0.01,1,FALSE
"adipogenesis","unfolded_protein_response",0.01,1,FALSE
"adipogenesis","interferon_alpha_response",0.01,1,FALSE
"myogenesis","unfolded_protein_response",0.01,1,FALSE
"myogenesis","interferon_gamma_response",0.01,1,FALSE
"myogenesis","pperoxisome",0.01,0,FALSE
"spermatogenesis","myc_targets_v2",0.01,1,FALSE
"spermatogenesis","p53_pathway",0.01,1,FALSE
"spermatogenesis","reactive_oxygen_species_pathway",0.01,0,FALSE
"spermatogenesis","glycolysis",0.01,1,FALSE
"spermatogenesis","androgen_response",0.01,1,FALSE
"spermatogenesis","apoptosis",0.01,0,FALSE
"pancreas_beta_cells","mitotic_spindle",0.01,0,FALSE
"pancreas_beta_cells","myc_targets_v2",0.01,0,FALSE
"pancreas_beta_cells","hypoxia",0.01,0,FALSE
"pancreas_beta_cells","interferon_alpha_response",0.01,1,FALSE
"pancreas_beta_cells","coagulation",0.01,1,FALSE
"epithelial_mesenchymal_transition","tnf_alpha_signaling_via_nf_kb",0.01,1,FALSE
"epithelial_mesenchymal_transition","notch_signaling",0.01,0,FALSE
"epithelial_mesenchymal_transition","cholesterol_homeostasis",0.01,1,FALSE
"epithelial_mesenchymal_transition","angiogenesis",0.01,1,FALSE
"epithelial_mesenchymal_transition","androgen_response",0.01,0,FALSE
"epithelial_mesenchymal_transition","estrogen_response_late",0.01,0,FALSE
"angiogenesis","cmv",0.01,0,FALSE
"angiogenesis","e2f_targets",0.01,0,FALSE
"angiogenesis","reactive_oxygen_species_pathway",0.01,0,FALSE
"angiogenesis","hypoxia",0.01,1,FALSE
"angiogenesis","interferon_alpha_response",0.01,0,FALSE
"angiogenesis","epithelial_mesenchymal_transition",0.01,0,FALSE
"angiogenesis","apical_junction",0.01,0,FALSE
"angiogenesis","apical_surface",0.01,1,FALSE
"androgen_response","mitotic_spindle",0.01,0,FALSE
"androgen_response","p53_pathway",0.01,1,FALSE
"androgen_response","interferon_gamma_response",0.01,0,FALSE
"androgen_response","allograft_rejection",0.01,0,FALSE
"androgen_response","xenobiotic_metabolism",0.01,0,FALSE
"androgen_response","spermatogenesis",0.01,0,FALSE
"androgen_response","epithelial_mesenchymal_transition",0.01,1,FALSE
"androgen_response","estrogen_response_early",0.01,1,FALSE
"androgen_response","apical_junction",0.01,1,FALSE
"estrogen_response_early","uv_response_up",0.01,0,FALSE
"estrogen_response_early","interferon_alpha_response",0.01,0,FALSE
"estrogen_response_early","glycolysis",0.01,0,FALSE
"estrogen_response_early","bile_acid_metabolism",0.01,1,FALSE
"estrogen_response_early","heme_metabolism",0.01,1,FALSE
"estrogen_response_early","androgen_response",0.01,0,FALSE
"estrogen_response_late","myc_targets_v2",0.01,1,FALSE
"estrogen_response_late","dna_repair",0.01,0,FALSE
"estrogen_response_late","il_2_stat5_signaling",0.01,1,FALSE
"estrogen_response_late","il_6_jak_stat3_signaling",0.01,0,FALSE
"estrogen_response_late","allograft_rejection",0.01,1,FALSE
"estrogen_response_late","xenobiotic_metabolism",0.01,0,FALSE
"estrogen_response_late","epithelial_mesenchymal_transition",0.01,1,FALSE
"estrogen_response_late","apical_junction",0.01,0,FALSE
"apical_junction","sex",0.01,0,FALSE
"apical_junction","dna_repair",0.01,1,FALSE
"apical_junction","complement",0.01,1,FALSE
"apical_junction","glycolysis",0.01,1,FALSE
"apical_junction","angiogenesis",0.01,1,FALSE
"apical_junction","androgen_response",0.01,0,FALSE
"apical_junction","estrogen_response_late",0.01,1,FALSE
"apical_surface","hypoxia",0.01,0,FALSE
"apical_surface","pi3k_akt_mtor_signaling",0.01,1,FALSE
"apical_surface","kras_signaling_up",0.01,0,FALSE
"apical_surface","kras_signaling_dn",0.01,1,FALSE
"apical_surface","glycolysis",0.01,0,FALSE
"apical_surface","angiogenesis",0.01,0,FALSE
"apoptosis","cmv",0.01,0,FALSE
"apoptosis","g2_m_checkpoint",0.01,0,FALSE
"apoptosis","dna_repair",0.01,0,FALSE
"apoptosis","uv_response_up",0.01,1,FALSE
"apoptosis","reactive_oxygen_species_pathway",0.01,0,FALSE
"apoptosis","interferon_alpha_response",0.01,0,FALSE
"apoptosis","interferon_gamma_response",0.01,0,FALSE
"apoptosis","kras_signaling_dn",0.01,0,FALSE
"apoptosis","spermatogenesis",0.01,1,FALSE
"protein_secretion","dna_repair",0.01,0,FALSE
"protein_secretion","inflammatory_response",0.01,0,FALSE
"protein_secretion","tnf_alpha_signaling_via_nf_kb",0.01,1,FALSE
"protein_secretion","il_2_stat5_signaling",0.01,1,FALSE
"protein_secretion","allograft_rejection",0.01,1,FALSE
"age_group","sex",0,0,FALSE
"age_group","cmv",0,0,FALSE
"age_group","g2_m_checkpoint",0,0,FALSE
"age_group","mitotic_spindle",0,0,FALSE
"age_group","myc_targets_v1",0,0,FALSE
"age_group","dna_repair",0,0,FALSE
"age_group","p53_pathway",0,0,FALSE
"age_group","uv_response_up",0,0,FALSE
"age_group","unfolded_protein_response",0,0,FALSE
"age_group","hypoxia",0,0,FALSE
"age_group","interferon_gamma_response",0,0,FALSE
"age_group","tnf_alpha_signaling_via_nf_kb",0,0,FALSE
"age_group","il_2_stat5_signaling",0,0,FALSE
"age_group","il_6_jak_stat3_signaling",0,0,FALSE
"age_group","complement",0,0,FALSE
"age_group","coagulation",0,0,FALSE
"age_group","allograft_rejection",0,0,FALSE
"age_group","pi3k_akt_mtor_signaling",0,0,FALSE
"age_group","mtorc1_signaling",0,0,FALSE
"age_group","kras_signaling_up",0,0,FALSE
"age_group","kras_signaling_dn",0,0,FALSE
"age_group","tgf_beta_signaling",0,0,FALSE
"age_group","wnt_beta_catenin_signaling",0,0,FALSE
"age_group","notch_signaling",0,0,FALSE
"age_group","hedgehog_signaling",0,0,FALSE
"age_group","glycolysis",0,0,FALSE
"age_group","oxidative_phosphorylation",0,0,FALSE
"age_group","bile_acid_metabolism",0,0,FALSE
"age_group","cholesterol_homeostasis",0,0,FALSE
"age_group","heme_metabolism",0,0,FALSE
"age_group","xenobiotic_metabolism",0,0,FALSE
"age_group","pperoxisome",0,0,FALSE
"age_group","adipogenesis",0,0,FALSE
"age_group","myogenesis",0,0,FALSE
"age_group","spermatogenesis",0,0,FALSE
"age_group","pancreas_beta_cells",0,0,FALSE
"age_group","epithelial_mesenchymal_transition",0,0,FALSE
"age_group","angiogenesis",0,0,FALSE
"age_group","androgen_response",0,0,FALSE
"age_group","estrogen_response_early",0,0,FALSE
"age_group","estrogen_response_late",0,0,FALSE
"age_group","apical_junction",0,0,FALSE
"age_group","apical_surface",0,0,FALSE
"age_group","apoptosis",0,0,FALSE
"age_group","protein_secretion",0,0,FALSE
"sex","age_group",0,0,FALSE
"sex","cmv",0,0,FALSE
"sex","mitotic_spindle",0,0,FALSE
"sex","myc_targets_v2",0,0,FALSE
"sex","dna_repair",0,0,FALSE
"sex","p53_pathway",0,0,FALSE
"sex","uv_response_dn",0,0,FALSE
"sex","uv_response_up",0,0,FALSE
"sex","unfolded_protein_response",0,0,FALSE
"sex","inflammatory_response",0,0,FALSE
"sex","interferon_alpha_response",0,0,FALSE
"sex","interferon_gamma_response",0,0,FALSE
"sex","tnf_alpha_signaling_via_nf_kb",0,0,FALSE
"sex","il_2_stat5_signaling",0,0,FALSE
"sex","il_6_jak_stat3_signaling",0,0,FALSE
"sex","complement",0,0,FALSE
"sex","coagulation",0,0,FALSE
"sex","allograft_rejection",0,0,FALSE
"sex","pi3k_akt_mtor_signaling",0,0,FALSE
"sex","kras_signaling_up",0,0,FALSE
"sex","tgf_beta_signaling",0,0,FALSE
"sex","notch_signaling",0,0,FALSE
"sex","glycolysis",0,0,FALSE
"sex","oxidative_phosphorylation",0,0,FALSE
"sex","bile_acid_metabolism",0,0,FALSE
"sex","cholesterol_homeostasis",0,0,FALSE
"sex","heme_metabolism",0,0,FALSE
"sex","pperoxisome",0,0,FALSE
"sex","adipogenesis",0,0,FALSE
"sex","spermatogenesis",0,0,FALSE
"sex","pancreas_beta_cells",0,0,FALSE
"sex","angiogenesis",0,0,FALSE
"sex","androgen_response",0,0,FALSE
"sex","estrogen_response_late",0,0,FALSE
"sex","apical_surface",0,0,FALSE
"sex","apoptosis",0,0,FALSE
"sex","protein_secretion",0,0,FALSE
"cmv","age_group",0,0,FALSE
"cmv","sex",0,0,FALSE
"cmv","e2f_targets",0,0,FALSE
"cmv","g2_m_checkpoint",0,0,FALSE
"cmv","mitotic_spindle",0,0,FALSE
"cmv","myc_targets_v1",0,0,FALSE
"cmv","myc_targets_v2",0,0,FALSE
"cmv","dna_repair",0,0,FALSE
"cmv","p53_pathway",0,0,FALSE
"cmv","uv_response_dn",0,0,FALSE
"cmv","uv_response_up",0,0,FALSE
"cmv","unfolded_protein_response",0,0,FALSE
"cmv","reactive_oxygen_species_pathway",0,0,FALSE
"cmv","hypoxia",0,0,FALSE
"cmv","inflammatory_response",0,0,FALSE
"cmv","interferon_alpha_response",0,0,FALSE
"cmv","interferon_gamma_response",0,0,FALSE
"cmv","tnf_alpha_signaling_via_nf_kb",0,0,FALSE
"cmv","il_2_stat5_signaling",0,0,FALSE
"cmv","il_6_jak_stat3_signaling",0,0,FALSE
"cmv","complement",0,0,FALSE
"cmv","coagulation",0,0,FALSE
"cmv","allograft_rejection",0,0,FALSE
"cmv","pi3k_akt_mtor_signaling",0,0,FALSE
"cmv","mtorc1_signaling",0,0,FALSE
"cmv","kras_signaling_dn",0,0,FALSE
"cmv","tgf_beta_signaling",0,0,FALSE
"cmv","wnt_beta_catenin_signaling",0,0,FALSE
"cmv","notch_signaling",0,0,FALSE
"cmv","hedgehog_signaling",0,0,FALSE
"cmv","oxidative_phosphorylation",0,0,FALSE
"cmv","fatty_acid_metabolism",0,0,FALSE
"cmv","bile_acid_metabolism",0,0,FALSE
"cmv","cholesterol_homeostasis",0,0,FALSE
"cmv","heme_metabolism",0,0,FALSE
"cmv","xenobiotic_metabolism",0,0,FALSE
"cmv","pperoxisome",0,0,FALSE
"cmv","adipogenesis",0,0,FALSE
"cmv","myogenesis",0,0,FALSE
"cmv","spermatogenesis",0,0,FALSE
"cmv","pancreas_beta_cells",0,0,FALSE
"cmv","epithelial_mesenchymal_transition",0,0,FALSE
"cmv","androgen_response",0,0,FALSE
"cmv","estrogen_response_early",0,0,FALSE
"cmv","estrogen_response_late",0,0,FALSE
"cmv","apical_junction",0,0,FALSE
"cmv","apical_surface",0,0,FALSE
"e2f_targets","cmv",0,0,FALSE
"e2f_targets","mitotic_spindle",0,0,FALSE
"e2f_targets","dna_repair",0,0,FALSE
"e2f_targets","interferon_alpha_response",0,0,FALSE
"e2f_targets","il_6_jak_stat3_signaling",0,0,FALSE
"e2f_targets","allograft_rejection",0,0,FALSE
"e2f_targets","tgf_beta_signaling",0,0,FALSE
"e2f_targets","wnt_beta_catenin_signaling",0,0,FALSE
"e2f_targets","oxidative_phosphorylation",0,0,FALSE
"e2f_targets","pperoxisome",0,0,FALSE
"e2f_targets","adipogenesis",0,0,FALSE
"e2f_targets","epithelial_mesenchymal_transition",0,0,FALSE
"e2f_targets","estrogen_response_early",0,0,FALSE
"e2f_targets","apical_junction",0,0,FALSE
"e2f_targets","apical_surface",0,0,FALSE
"g2_m_checkpoint","age_group",0,0,FALSE
"g2_m_checkpoint","cmv",0,0,FALSE
"g2_m_checkpoint","myc_targets_v1",0,0,FALSE
"g2_m_checkpoint","myc_targets_v2",0,0,FALSE
"g2_m_checkpoint","uv_response_dn",0,0,FALSE
"g2_m_checkpoint","uv_response_up",0,0,FALSE
"g2_m_checkpoint","tnf_alpha_signaling_via_nf_kb",0,0,FALSE
"g2_m_checkpoint","il_2_stat5_signaling",0,0,FALSE
"g2_m_checkpoint","il_6_jak_stat3_signaling",0,0,FALSE
"g2_m_checkpoint","wnt_beta_catenin_signaling",0,0,FALSE
"g2_m_checkpoint","hedgehog_signaling",0,0,FALSE
"g2_m_checkpoint","fatty_acid_metabolism",0,0,FALSE
"g2_m_checkpoint","bile_acid_metabolism",0,0,FALSE
"g2_m_checkpoint","cholesterol_homeostasis",0,0,FALSE
"g2_m_checkpoint","heme_metabolism",0,0,FALSE
"g2_m_checkpoint","xenobiotic_metabolism",0,0,FALSE
"g2_m_checkpoint","pperoxisome",0,0,FALSE
"g2_m_checkpoint","adipogenesis",0,0,FALSE
"g2_m_checkpoint","spermatogenesis",0,0,FALSE
"g2_m_checkpoint","angiogenesis",0,0,FALSE
"g2_m_checkpoint","androgen_response",0,0,FALSE
"g2_m_checkpoint","estrogen_response_early",0,0,FALSE
"g2_m_checkpoint","apical_junction",0,0,FALSE
"mitotic_spindle","age_group",0,0,FALSE
"mitotic_spindle","sex",0,0,FALSE
"mitotic_spindle","cmv",0,0,FALSE
"mitotic_spindle","e2f_targets",0,0,FALSE
"mitotic_spindle","p53_pathway",0,0,FALSE
"mitotic_spindle","reactive_oxygen_species_pathway",0,0,FALSE
"mitotic_spindle","inflammatory_response",0,0,FALSE
"mitotic_spindle","interferon_gamma_response",0,0,FALSE
"mitotic_spindle","tnf_alpha_signaling_via_nf_kb",0,0,FALSE
"mitotic_spindle","il_2_stat5_signaling",0,0,FALSE
"mitotic_spindle","il_6_jak_stat3_signaling",0,0,FALSE
"mitotic_spindle","complement",0,0,FALSE
"mitotic_spindle","coagulation",0,0,FALSE
"mitotic_spindle","allograft_rejection",0,0,FALSE
"mitotic_spindle","kras_signaling_up",0,0,FALSE
"mitotic_spindle","kras_signaling_dn",0,0,FALSE
"mitotic_spindle","tgf_beta_signaling",0,0,FALSE
"mitotic_spindle","notch_signaling",0,0,FALSE
"mitotic_spindle","hedgehog_signaling",0,0,FALSE
"mitotic_spindle","oxidative_phosphorylation",0,0,FALSE
"mitotic_spindle","fatty_acid_metabolism",0,0,FALSE
"mitotic_spindle","bile_acid_metabolism",0,0,FALSE
"mitotic_spindle","heme_metabolism",0,0,FALSE
"mitotic_spindle","myogenesis",0,0,FALSE
"mitotic_spindle","epithelial_mesenchymal_transition",0,0,FALSE
"mitotic_spindle","angiogenesis",0,0,FALSE
"mitotic_spindle","apical_junction",0,0,FALSE
"mitotic_spindle","apical_surface",0,0,FALSE
"mitotic_spindle","protein_secretion",0,0,FALSE
"myc_targets_v1","age_group",0,0,FALSE
"myc_targets_v1","cmv",0,0,FALSE
"myc_targets_v1","g2_m_checkpoint",0,0,FALSE
"myc_targets_v1","p53_pathway",0,0,FALSE
"myc_targets_v1","uv_response_dn",0,0,FALSE
"myc_targets_v1","uv_response_up",0,0,FALSE
"myc_targets_v1","tnf_alpha_signaling_via_nf_kb",0,0,FALSE
"myc_targets_v1","il_6_jak_stat3_signaling",0,0,FALSE
"myc_targets_v1","complement",0,0,FALSE
"myc_targets_v1","coagulation",0,0,FALSE
"myc_targets_v1","pi3k_akt_mtor_signaling",0,0,FALSE
"myc_targets_v1","mtorc1_signaling",0,0,FALSE
"myc_targets_v1","kras_signaling_dn",0,0,FALSE
"myc_targets_v1","tgf_beta_signaling",0,0,FALSE
"myc_targets_v1","wnt_beta_catenin_signaling",0,0,FALSE
"myc_targets_v1","notch_signaling",0,0,FALSE
"myc_targets_v1","hedgehog_signaling",0,0,FALSE
"myc_targets_v1","bile_acid_metabolism",0,0,FALSE
"myc_targets_v1","xenobiotic_metabolism",0,0,FALSE
"myc_targets_v1","pperoxisome",0,0,FALSE
"myc_targets_v1","myogenesis",0,0,FALSE
"myc_targets_v1","epithelial_mesenchymal_transition",0,0,FALSE
"myc_targets_v1","angiogenesis",0,0,FALSE
"myc_targets_v1","androgen_response",0,0,FALSE
"myc_targets_v1","estrogen_response_early",0,0,FALSE
"myc_targets_v1","estrogen_response_late",0,0,FALSE
"myc_targets_v1","apical_junction",0,0,FALSE
"myc_targets_v1","apical_surface",0,0,FALSE
"myc_targets_v1","apoptosis",0,0,FALSE
"myc_targets_v2","sex",0,0,FALSE
"myc_targets_v2","cmv",0,0,FALSE
"myc_targets_v2","g2_m_checkpoint",0,0,FALSE
"myc_targets_v2","p53_pathway",0,0,FALSE
"myc_targets_v2","reactive_oxygen_species_pathway",0,0,FALSE
"myc_targets_v2","hypoxia",0,0,FALSE
"myc_targets_v2","interferon_alpha_response",0,0,FALSE
"myc_targets_v2","tnf_alpha_signaling_via_nf_kb",0,0,FALSE
"myc_targets_v2","il_2_stat5_signaling",0,0,FALSE
"myc_targets_v2","complement",0,0,FALSE
"myc_targets_v2","pi3k_akt_mtor_signaling",0,0,FALSE
"myc_targets_v2","kras_signaling_dn",0,0,FALSE
"myc_targets_v2","bile_acid_metabolism",0,0,FALSE
"myc_targets_v2","heme_metabolism",0,0,FALSE
"myc_targets_v2","myogenesis",0,0,FALSE
"myc_targets_v2","epithelial_mesenchymal_transition",0,0,FALSE
"myc_targets_v2","angiogenesis",0,0,FALSE
"myc_targets_v2","androgen_response",0,0,FALSE
"myc_targets_v2","apical_junction",0,0,FALSE
"myc_targets_v2","apical_surface",0,0,FALSE
"dna_repair","age_group",0,0,FALSE
"dna_repair","sex",0,0,FALSE
"dna_repair","cmv",0,0,FALSE
"dna_repair","e2f_targets",0,0,FALSE
"dna_repair","p53_pathway",0,0,FALSE
"dna_repair","uv_response_up",0,0,FALSE
"dna_repair","coagulation",0,0,FALSE
"dna_repair","kras_signaling_up",0,0,FALSE
"dna_repair","tgf_beta_signaling",0,0,FALSE
"dna_repair","wnt_beta_catenin_signaling",0,0,FALSE
"dna_repair","notch_signaling",0,0,FALSE
"dna_repair","fatty_acid_metabolism",0,0,FALSE
"dna_repair","bile_acid_metabolism",0,0,FALSE
"dna_repair","cholesterol_homeostasis",0,0,FALSE
"dna_repair","heme_metabolism",0,0,FALSE
"dna_repair","pperoxisome",0,0,FALSE
"dna_repair","myogenesis",0,0,FALSE
"dna_repair","spermatogenesis",0,0,FALSE
"dna_repair","epithelial_mesenchymal_transition",0,0,FALSE
"dna_repair","angiogenesis",0,0,FALSE
"p53_pathway","age_group",0,0,FALSE
"p53_pathway","sex",0,0,FALSE
"p53_pathway","cmv",0,0,FALSE
"p53_pathway","mitotic_spindle",0,0,FALSE
"p53_pathway","myc_targets_v1",0,0,FALSE
"p53_pathway","myc_targets_v2",0,0,FALSE
"p53_pathway","dna_repair",0,0,FALSE
"p53_pathway","uv_response_dn",0,0,FALSE
"p53_pathway","unfolded_protein_response",0,0,FALSE
"p53_pathway","inflammatory_response",0,0,FALSE
"p53_pathway","interferon_alpha_response",0,0,FALSE
"p53_pathway","interferon_gamma_response",0,0,FALSE
"p53_pathway","il_6_jak_stat3_signaling",0,0,FALSE
"p53_pathway","complement",0,0,FALSE
"p53_pathway","coagulation",0,0,FALSE
"p53_pathway","allograft_rejection",0,0,FALSE
"p53_pathway","pi3k_akt_mtor_signaling",0,0,FALSE
"p53_pathway","mtorc1_signaling",0,0,FALSE
"p53_pathway","tgf_beta_signaling",0,0,FALSE
"p53_pathway","notch_signaling",0,0,FALSE
"p53_pathway","hedgehog_signaling",0,0,FALSE
"p53_pathway","cholesterol_homeostasis",0,0,FALSE
"p53_pathway","pperoxisome",0,0,FALSE
"p53_pathway","adipogenesis",0,0,FALSE
"p53_pathway","epithelial_mesenchymal_transition",0,0,FALSE
"p53_pathway","estrogen_response_early",0,0,FALSE
"p53_pathway","apical_surface",0,0,FALSE
"p53_pathway","apoptosis",0,0,FALSE
"p53_pathway","protein_secretion",0,0,FALSE
"uv_response_dn","sex",0,0,FALSE
"uv_response_dn","cmv",0,0,FALSE
"uv_response_dn","g2_m_checkpoint",0,0,FALSE
"uv_response_dn","myc_targets_v1",0,0,FALSE
"uv_response_dn","p53_pathway",0,0,FALSE
"uv_response_dn","unfolded_protein_response",0,0,FALSE
"uv_response_dn","hypoxia",0,0,FALSE
"uv_response_dn","interferon_gamma_response",0,0,FALSE
"uv_response_dn","tnf_alpha_signaling_via_nf_kb",0,0,FALSE
"uv_response_dn","allograft_rejection",0,0,FALSE
"uv_response_dn","kras_signaling_dn",0,0,FALSE
"uv_response_dn","hedgehog_signaling",0,0,FALSE
"uv_response_dn","fatty_acid_metabolism",0,0,FALSE
"uv_response_dn","bile_acid_metabolism",0,0,FALSE
"uv_response_dn","cholesterol_homeostasis",0,0,FALSE
"uv_response_dn","pperoxisome",0,0,FALSE
"uv_response_dn","spermatogenesis",0,0,FALSE
"uv_response_dn","angiogenesis",0,0,FALSE
"uv_response_dn","estrogen_response_early",0,0,FALSE
"uv_response_dn","apical_junction",0,0,FALSE
"uv_response_dn","apical_surface",0,0,FALSE
"uv_response_dn","protein_secretion",0,0,FALSE
"uv_response_up","age_group",0,0,FALSE
"uv_response_up","sex",0,0,FALSE
"uv_response_up","cmv",0,0,FALSE
"uv_response_up","g2_m_checkpoint",0,0,FALSE
"uv_response_up","myc_targets_v1",0,0,FALSE
"uv_response_up","dna_repair",0,0,FALSE
"uv_response_up","reactive_oxygen_species_pathway",0,0,FALSE
"uv_response_up","inflammatory_response",0,0,FALSE
"uv_response_up","tnf_alpha_signaling_via_nf_kb",0,0,FALSE
"uv_response_up","coagulation",0,0,FALSE
"uv_response_up","kras_signaling_up",0,0,FALSE
"uv_response_up","wnt_beta_catenin_signaling",0,0,FALSE
"uv_response_up","oxidative_phosphorylation",0,0,FALSE
"uv_response_up","fatty_acid_metabolism",0,0,FALSE
"uv_response_up","bile_acid_metabolism",0,0,FALSE
"uv_response_up","adipogenesis",0,0,FALSE
"uv_response_up","myogenesis",0,0,FALSE
"uv_response_up","spermatogenesis",0,0,FALSE
"uv_response_up","angiogenesis",0,0,FALSE
"uv_response_up","androgen_response",0,0,FALSE
"uv_response_up","estrogen_response_late",0,0,FALSE
"uv_response_up","protein_secretion",0,0,FALSE
"unfolded_protein_response","age_group",0,0,FALSE
"unfolded_protein_response","sex",0,0,FALSE
"unfolded_protein_response","cmv",0,0,FALSE
"unfolded_protein_response","p53_pathway",0,0,FALSE
"unfolded_protein_response","uv_response_dn",0,0,FALSE
"unfolded_protein_response","hypoxia",0,0,FALSE
"unfolded_protein_response","inflammatory_response",0,0,FALSE
"unfolded_protein_response","coagulation",0,0,FALSE
"unfolded_protein_response","kras_signaling_dn",0,0,FALSE
"unfolded_protein_response","wnt_beta_catenin_signaling",0,0,FALSE
"unfolded_protein_response","hedgehog_signaling",0,0,FALSE
"unfolded_protein_response","glycolysis",0,0,FALSE
"unfolded_protein_response","pancreas_beta_cells",0,0,FALSE
"unfolded_protein_response","estrogen_response_early",0,0,FALSE
"unfolded_protein_response","protein_secretion",0,0,FALSE
"reactive_oxygen_species_pathway","cmv",0,0,FALSE
"reactive_oxygen_species_pathway","mitotic_spindle",0,0,FALSE
"reactive_oxygen_species_pathway","myc_targets_v2",0,0,FALSE
"reactive_oxygen_species_pathway","uv_response_up",0,0,FALSE
"reactive_oxygen_species_pathway","inflammatory_response",0,0,FALSE
"reactive_oxygen_species_pathway","interferon_alpha_response",0,0,FALSE
"reactive_oxygen_species_pathway","il_6_jak_stat3_signaling",0,0,FALSE
"reactive_oxygen_species_pathway","complement",0,0,FALSE
"reactive_oxygen_species_pathway","coagulation",0,0,FALSE
"reactive_oxygen_species_pathway","allograft_rejection",0,0,FALSE
"reactive_oxygen_species_pathway","pi3k_akt_mtor_signaling",0,0,FALSE
"reactive_oxygen_species_pathway","mtorc1_signaling",0,0,FALSE
"reactive_oxygen_species_pathway","kras_signaling_up",0,0,FALSE
"reactive_oxygen_species_pathway","kras_signaling_dn",0,0,FALSE
"reactive_oxygen_species_pathway","tgf_beta_signaling",0,0,FALSE
"reactive_oxygen_species_pathway","wnt_beta_catenin_signaling",0,0,FALSE
"reactive_oxygen_species_pathway","notch_signaling",0,0,FALSE
"reactive_oxygen_species_pathway","fatty_acid_metabolism",0,0,FALSE
"reactive_oxygen_species_pathway","bile_acid_metabolism",0,0,FALSE
"reactive_oxygen_species_pathway","xenobiotic_metabolism",0,0,FALSE
"reactive_oxygen_species_pathway","myogenesis",0,0,FALSE
"reactive_oxygen_species_pathway","epithelial_mesenchymal_transition",0,0,FALSE
"reactive_oxygen_species_pathway","androgen_response",0,0,FALSE
"reactive_oxygen_species_pathway","estrogen_response_early",0,0,FALSE
"reactive_oxygen_species_pathway","apical_junction",0,0,FALSE
"hypoxia","age_group",0,0,FALSE
"hypoxia","cmv",0,0,FALSE
"hypoxia","myc_targets_v2",0,0,FALSE
"hypoxia","uv_response_dn",0,0,FALSE
"hypoxia","unfolded_protein_response",0,0,FALSE
"hypoxia","interferon_alpha_response",0,0,FALSE
"hypoxia","il_6_jak_stat3_signaling",0,0,FALSE
"hypoxia","coagulation",0,0,FALSE
"hypoxia","kras_signaling_dn",0,0,FALSE
"hypoxia","notch_signaling",0,0,FALSE
"hypoxia","oxidative_phosphorylation",0,0,FALSE
"hypoxia","fatty_acid_metabolism",0,0,FALSE
"hypoxia","bile_acid_metabolism",0,0,FALSE
"hypoxia","cholesterol_homeostasis",0,0,FALSE
"hypoxia","heme_metabolism",0,0,FALSE
"hypoxia","xenobiotic_metabolism",0,0,FALSE
"hypoxia","pperoxisome",0,0,FALSE
"hypoxia","adipogenesis",0,0,FALSE
"hypoxia","spermatogenesis",0,0,FALSE
"hypoxia","estrogen_response_early",0,0,FALSE
"hypoxia","apical_junction",0,0,FALSE
"inflammatory_response","sex",0,0,FALSE
"inflammatory_response","cmv",0,0,FALSE
"inflammatory_response","mitotic_spindle",0,0,FALSE
"inflammatory_response","p53_pathway",0,0,FALSE
"inflammatory_response","uv_response_up",0,0,FALSE
"inflammatory_response","unfolded_protein_response",0,0,FALSE
"inflammatory_response","reactive_oxygen_species_pathway",0,0,FALSE
"inflammatory_response","interferon_gamma_response",0,0,FALSE
"inflammatory_response","tgf_beta_signaling",0,0,FALSE
"inflammatory_response","wnt_beta_catenin_signaling",0,0,FALSE
"inflammatory_response","notch_signaling",0,0,FALSE
"inflammatory_response","hedgehog_signaling",0,0,FALSE
"inflammatory_response","glycolysis",0,0,FALSE
"inflammatory_response","oxidative_phosphorylation",0,0,FALSE
"inflammatory_response","fatty_acid_metabolism",0,0,FALSE
"inflammatory_response","xenobiotic_metabolism",0,0,FALSE
"inflammatory_response","pperoxisome",0,0,FALSE
"inflammatory_response","adipogenesis",0,0,FALSE
"inflammatory_response","myogenesis",0,0,FALSE
"inflammatory_response","spermatogenesis",0,0,FALSE
"inflammatory_response","estrogen_response_early",0,0,FALSE
"inflammatory_response","apical_junction",0,0,FALSE
"inflammatory_response","apical_surface",0,0,FALSE
"interferon_alpha_response","sex",0,0,FALSE
"interferon_alpha_response","cmv",0,0,FALSE
"interferon_alpha_response","e2f_targets",0,0,FALSE
"interferon_alpha_response","myc_targets_v2",0,0,FALSE
"interferon_alpha_response","p53_pathway",0,0,FALSE
"interferon_alpha_response","reactive_oxygen_species_pathway",0,0,FALSE
"interferon_alpha_response","hypoxia",0,0,FALSE
"interferon_alpha_response","coagulation",0,0,FALSE
"interferon_alpha_response","mtorc1_signaling",0,0,FALSE
"interferon_alpha_response","kras_signaling_up",0,0,FALSE
"interferon_alpha_response","tgf_beta_signaling",0,0,FALSE
"interferon_alpha_response","wnt_beta_catenin_signaling",0,0,FALSE
"interferon_alpha_response","notch_signaling",0,0,FALSE
"interferon_alpha_response","oxidative_phosphorylation",0,0,FALSE
"interferon_alpha_response","fatty_acid_metabolism",0,0,FALSE
"interferon_alpha_response","bile_acid_metabolism",0,0,FALSE
"interferon_alpha_response","cholesterol_homeostasis",0,0,FALSE
"interferon_alpha_response","pperoxisome",0,0,FALSE
"interferon_alpha_response","myogenesis",0,0,FALSE
"interferon_alpha_response","epithelial_mesenchymal_transition",0,0,FALSE
"interferon_alpha_response","apical_surface",0,0,FALSE
"interferon_gamma_response","age_group",0,0,FALSE
"interferon_gamma_response","sex",0,0,FALSE
"interferon_gamma_response","cmv",0,0,FALSE
"interferon_gamma_response","mitotic_spindle",0,0,FALSE
"interferon_gamma_response","p53_pathway",0,0,FALSE
"interferon_gamma_response","uv_response_dn",0,0,FALSE
"interferon_gamma_response","inflammatory_response",0,0,FALSE
"interferon_gamma_response","complement",0,0,FALSE
"interferon_gamma_response","pi3k_akt_mtor_signaling",0,0,FALSE
"interferon_gamma_response","kras_signaling_up",0,0,FALSE
"interferon_gamma_response","notch_signaling",0,0,FALSE
"interferon_gamma_response","fatty_acid_metabolism",0,0,FALSE
"interferon_gamma_response","bile_acid_metabolism",0,0,FALSE
"interferon_gamma_response","pperoxisome",0,0,FALSE
"interferon_gamma_response","adipogenesis",0,0,FALSE
"interferon_gamma_response","pancreas_beta_cells",0,0,FALSE
"interferon_gamma_response","epithelial_mesenchymal_transition",0,0,FALSE
"interferon_gamma_response","estrogen_response_early",0,0,FALSE
"tnf_alpha_signaling_via_nf_kb","age_group",0,0,FALSE
"tnf_alpha_signaling_via_nf_kb","sex",0,0,FALSE
"tnf_alpha_signaling_via_nf_kb","cmv",0,0,FALSE
"tnf_alpha_signaling_via_nf_kb","g2_m_checkpoint",0,0,FALSE
"tnf_alpha_signaling_via_nf_kb","mitotic_spindle",0,0,FALSE
"tnf_alpha_signaling_via_nf_kb","myc_targets_v1",0,0,FALSE
"tnf_alpha_signaling_via_nf_kb","myc_targets_v2",0,0,FALSE
"tnf_alpha_signaling_via_nf_kb","uv_response_dn",0,0,FALSE
"tnf_alpha_signaling_via_nf_kb","uv_response_up",0,0,FALSE
"tnf_alpha_signaling_via_nf_kb","pi3k_akt_mtor_signaling",0,0,FALSE
"tnf_alpha_signaling_via_nf_kb","notch_signaling",0,0,FALSE
"tnf_alpha_signaling_via_nf_kb","hedgehog_signaling",0,0,FALSE
"tnf_alpha_signaling_via_nf_kb","glycolysis",0,0,FALSE
"tnf_alpha_signaling_via_nf_kb","oxidative_phosphorylation",0,0,FALSE
"tnf_alpha_signaling_via_nf_kb","fatty_acid_metabolism",0,0,FALSE
"tnf_alpha_signaling_via_nf_kb","cholesterol_homeostasis",0,0,FALSE
"tnf_alpha_signaling_via_nf_kb","heme_metabolism",0,0,FALSE
"tnf_alpha_signaling_via_nf_kb","pperoxisome",0,0,FALSE
"tnf_alpha_signaling_via_nf_kb","adipogenesis",0,0,FALSE
"tnf_alpha_signaling_via_nf_kb","pancreas_beta_cells",0,0,FALSE
"tnf_alpha_signaling_via_nf_kb","angiogenesis",0,0,FALSE
"tnf_alpha_signaling_via_nf_kb","estrogen_response_early",0,0,FALSE
"tnf_alpha_signaling_via_nf_kb","estrogen_response_late",0,0,FALSE
"tnf_alpha_signaling_via_nf_kb","apical_junction",0,0,FALSE
"tnf_alpha_signaling_via_nf_kb","apical_surface",0,0,FALSE
"il_2_stat5_signaling","age_group",0,0,FALSE
"il_2_stat5_signaling","sex",0,0,FALSE
"il_2_stat5_signaling","cmv",0,0,FALSE
"il_2_stat5_signaling","g2_m_checkpoint",0,0,FALSE
"il_2_stat5_signaling","mitotic_spindle",0,0,FALSE
"il_2_stat5_signaling","myc_targets_v2",0,0,FALSE
"il_2_stat5_signaling","complement",0,0,FALSE
"il_2_stat5_signaling","coagulation",0,0,FALSE
"il_2_stat5_signaling","pi3k_akt_mtor_signaling",0,0,FALSE
"il_2_stat5_signaling","mtorc1_signaling",0,0,FALSE
"il_2_stat5_signaling","kras_signaling_dn",0,0,FALSE
"il_2_stat5_signaling","wnt_beta_catenin_signaling",0,0,FALSE
"il_2_stat5_signaling","notch_signaling",0,0,FALSE
"il_2_stat5_signaling","hedgehog_signaling",0,0,FALSE
"il_2_stat5_signaling","oxidative_phosphorylation",0,0,FALSE
"il_2_stat5_signaling","cholesterol_homeostasis",0,0,FALSE
"il_2_stat5_signaling","xenobiotic_metabolism",0,0,FALSE
"il_2_stat5_signaling","myogenesis",0,0,FALSE
"il_2_stat5_signaling","pancreas_beta_cells",0,0,FALSE
"il_2_stat5_signaling","epithelial_mesenchymal_transition",0,0,FALSE
"il_2_stat5_signaling","angiogenesis",0,0,FALSE
"il_2_stat5_signaling","androgen_response",0,0,FALSE
"il_2_stat5_signaling","apical_junction",0,0,FALSE
"il_6_jak_stat3_signaling","age_group",0,0,FALSE
"il_6_jak_stat3_signaling","sex",0,0,FALSE
"il_6_jak_stat3_signaling","cmv",0,0,FALSE
"il_6_jak_stat3_signaling","e2f_targets",0,0,FALSE
"il_6_jak_stat3_signaling","g2_m_checkpoint",0,0,FALSE
"il_6_jak_stat3_signaling","mitotic_spindle",0,0,FALSE
"il_6_jak_stat3_signaling","myc_targets_v1",0,0,FALSE
"il_6_jak_stat3_signaling","p53_pathway",0,0,FALSE
"il_6_jak_stat3_signaling","reactive_oxygen_species_pathway",0,0,FALSE
"il_6_jak_stat3_signaling","hypoxia",0,0,FALSE
"il_6_jak_stat3_signaling","pi3k_akt_mtor_signaling",0,0,FALSE
"il_6_jak_stat3_signaling","tgf_beta_signaling",0,0,FALSE
"il_6_jak_stat3_signaling","wnt_beta_catenin_signaling",0,0,FALSE
"il_6_jak_stat3_signaling","hedgehog_signaling",0,0,FALSE
"il_6_jak_stat3_signaling","glycolysis",0,0,FALSE
"il_6_jak_stat3_signaling","oxidative_phosphorylation",0,0,FALSE
"il_6_jak_stat3_signaling","bile_acid_metabolism",0,0,FALSE
"il_6_jak_stat3_signaling","heme_metabolism",0,0,FALSE
"il_6_jak_stat3_signaling","pperoxisome",0,0,FALSE
"il_6_jak_stat3_signaling","myogenesis",0,0,FALSE
"il_6_jak_stat3_signaling","pancreas_beta_cells",0,0,FALSE
"il_6_jak_stat3_signaling","epithelial_mesenchymal_transition",0,0,FALSE
"il_6_jak_stat3_signaling","apical_junction",0,0,FALSE
"il_6_jak_stat3_signaling","protein_secretion",0,0,FALSE
"complement","age_group",0,0,FALSE
"complement","sex",0,0,FALSE
"complement","cmv",0,0,FALSE
"complement","mitotic_spindle",0,0,FALSE
"complement","myc_targets_v1",0,0,FALSE
"complement","myc_targets_v2",0,0,FALSE
"complement","p53_pathway",0,0,FALSE
"complement","reactive_oxygen_species_pathway",0,0,FALSE
"complement","interferon_gamma_response",0,0,FALSE
"complement","il_2_stat5_signaling",0,0,FALSE
"complement","mtorc1_signaling",0,0,FALSE
"complement","wnt_beta_catenin_signaling",0,0,FALSE
"complement","notch_signaling",0,0,FALSE
"complement","glycolysis",0,0,FALSE
"complement","oxidative_phosphorylation",0,0,FALSE
"complement","fatty_acid_metabolism",0,0,FALSE
"complement","bile_acid_metabolism",0,0,FALSE
"complement","heme_metabolism",0,0,FALSE
"complement","adipogenesis",0,0,FALSE
"complement","myogenesis",0,0,FALSE
"complement","angiogenesis",0,0,FALSE
"complement","androgen_response",0,0,FALSE
"complement","apoptosis",0,0,FALSE
"coagulation","age_group",0,0,FALSE
"coagulation","sex",0,0,FALSE
"coagulation","cmv",0,0,FALSE
"coagulation","mitotic_spindle",0,0,FALSE
"coagulation","myc_targets_v1",0,0,FALSE
"coagulation","dna_repair",0,0,FALSE
"coagulation","p53_pathway",0,0,FALSE
"coagulation","uv_response_up",0,0,FALSE
"coagulation","unfolded_protein_response",0,0,FALSE
"coagulation","reactive_oxygen_species_pathway",0,0,FALSE
"coagulation","hypoxia",0,0,FALSE
"coagulation","interferon_alpha_response",0,0,FALSE
"coagulation","il_2_stat5_signaling",0,0,FALSE
"coagulation","allograft_rejection",0,0,FALSE
"coagulation","mtorc1_signaling",0,0,FALSE
"coagulation","wnt_beta_catenin_signaling",0,0,FALSE
"coagulation","fatty_acid_metabolism",0,0,FALSE
"coagulation","bile_acid_metabolism",0,0,FALSE
"coagulation","pperoxisome",0,0,FALSE
"coagulation","myogenesis",0,0,FALSE
"coagulation","spermatogenesis",0,0,FALSE
"coagulation","angiogenesis",0,0,FALSE
"coagulation","estrogen_response_late",0,0,FALSE
"coagulation","apical_surface",0,0,FALSE
"allograft_rejection","age_group",0,0,FALSE
"allograft_rejection","sex",0,0,FALSE
"allograft_rejection","cmv",0,0,FALSE
"allograft_rejection","e2f_targets",0,0,FALSE
"allograft_rejection","mitotic_spindle",0,0,FALSE
"allograft_rejection","p53_pathway",0,0,FALSE
"allograft_rejection","uv_response_dn",0,0,FALSE
"allograft_rejection","reactive_oxygen_species_pathway",0,0,FALSE
"allograft_rejection","coagulation",0,0,FALSE
"allograft_rejection","pi3k_akt_mtor_signaling",0,0,FALSE
"allograft_rejection","mtorc1_signaling",0,0,FALSE
"allograft_rejection","kras_signaling_dn",0,0,FALSE
"allograft_rejection","notch_signaling",0,0,FALSE
"allograft_rejection","oxidative_phosphorylation",0,0,FALSE
"allograft_rejection","fatty_acid_metabolism",0,0,FALSE
"allograft_rejection","bile_acid_metabolism",0,0,FALSE
"allograft_rejection","heme_metabolism",0,0,FALSE
"allograft_rejection","pperoxisome",0,0,FALSE
"allograft_rejection","adipogenesis",0,0,FALSE
"allograft_rejection","myogenesis",0,0,FALSE
"allograft_rejection","spermatogenesis",0,0,FALSE
"allograft_rejection","pancreas_beta_cells",0,0,FALSE
"allograft_rejection","angiogenesis",0,0,FALSE
"allograft_rejection","estrogen_response_early",0,0,FALSE
"allograft_rejection","apical_junction",0,0,FALSE
"allograft_rejection","apical_surface",0,0,FALSE
"pi3k_akt_mtor_signaling","age_group",0,0,FALSE
"pi3k_akt_mtor_signaling","sex",0,0,FALSE
"pi3k_akt_mtor_signaling","cmv",0,0,FALSE
"pi3k_akt_mtor_signaling","myc_targets_v1",0,0,FALSE
"pi3k_akt_mtor_signaling","myc_targets_v2",0,0,FALSE
"pi3k_akt_mtor_signaling","p53_pathway",0,0,FALSE
"pi3k_akt_mtor_signaling","reactive_oxygen_species_pathway",0,0,FALSE
"pi3k_akt_mtor_signaling","interferon_gamma_response",0,0,FALSE
"pi3k_akt_mtor_signaling","tnf_alpha_signaling_via_nf_kb",0,0,FALSE
"pi3k_akt_mtor_signaling","il_2_stat5_signaling",0,0,FALSE
"pi3k_akt_mtor_signaling","il_6_jak_stat3_signaling",0,0,FALSE
"pi3k_akt_mtor_signaling","allograft_rejection",0,0,FALSE
"pi3k_akt_mtor_signaling","mtorc1_signaling",0,0,FALSE
"pi3k_akt_mtor_signaling","tgf_beta_signaling",0,0,FALSE
"pi3k_akt_mtor_signaling","wnt_beta_catenin_signaling",0,0,FALSE
"pi3k_akt_mtor_signaling","hedgehog_signaling",0,0,FALSE
"pi3k_akt_mtor_signaling","oxidative_phosphorylation",0,0,FALSE
"pi3k_akt_mtor_signaling","fatty_acid_metabolism",0,0,FALSE
"pi3k_akt_mtor_signaling","bile_acid_metabolism",0,0,FALSE
"pi3k_akt_mtor_signaling","cholesterol_homeostasis",0,0,FALSE
"pi3k_akt_mtor_signaling","xenobiotic_metabolism",0,0,FALSE
"pi3k_akt_mtor_signaling","pperoxisome",0,0,FALSE
"pi3k_akt_mtor_signaling","pancreas_beta_cells",0,0,FALSE
"pi3k_akt_mtor_signaling","angiogenesis",0,0,FALSE
"pi3k_akt_mtor_signaling","apical_junction",0,0,FALSE
"pi3k_akt_mtor_signaling","apoptosis",0,0,FALSE
"pi3k_akt_mtor_signaling","protein_secretion",0,0,FALSE
"mtorc1_signaling","age_group",0,0,FALSE
"mtorc1_signaling","cmv",0,0,FALSE
"mtorc1_signaling","myc_targets_v1",0,0,FALSE
"mtorc1_signaling","p53_pathway",0,0,FALSE
"mtorc1_signaling","reactive_oxygen_species_pathway",0,0,FALSE
"mtorc1_signaling","interferon_alpha_response",0,0,FALSE
"mtorc1_signaling","il_2_stat5_signaling",0,0,FALSE
"mtorc1_signaling","complement",0,0,FALSE
"mtorc1_signaling","coagulation",0,0,FALSE
"mtorc1_signaling","allograft_rejection",0,0,FALSE
"mtorc1_signaling","pi3k_akt_mtor_signaling",0,0,FALSE
"mtorc1_signaling","kras_signaling_dn",0,0,FALSE
"mtorc1_signaling","tgf_beta_signaling",0,0,FALSE
"mtorc1_signaling","fatty_acid_metabolism",0,0,FALSE
"mtorc1_signaling","xenobiotic_metabolism",0,0,FALSE
"mtorc1_signaling","myogenesis",0,0,FALSE
"mtorc1_signaling","spermatogenesis",0,0,FALSE
"mtorc1_signaling","epithelial_mesenchymal_transition",0,0,FALSE
"mtorc1_signaling","estrogen_response_early",0,0,FALSE
"mtorc1_signaling","apical_junction",0,0,FALSE
"mtorc1_signaling","apical_surface",0,0,FALSE
"kras_signaling_up","age_group",0,0,FALSE
"kras_signaling_up","sex",0,0,FALSE
"kras_signaling_up","mitotic_spindle",0,0,FALSE
"kras_signaling_up","dna_repair",0,0,FALSE
"kras_signaling_up","uv_response_up",0,0,FALSE
"kras_signaling_up","reactive_oxygen_species_pathway",0,0,FALSE
"kras_signaling_up","interferon_alpha_response",0,0,FALSE
"kras_signaling_up","interferon_gamma_response",0,0,FALSE
"kras_signaling_up","kras_signaling_dn",0,0,FALSE
"kras_signaling_up","notch_signaling",0,0,FALSE
"kras_signaling_up","glycolysis",0,0,FALSE
"kras_signaling_up","oxidative_phosphorylation",0,0,FALSE
"kras_signaling_up","fatty_acid_metabolism",0,0,FALSE
"kras_signaling_up","bile_acid_metabolism",0,0,FALSE
"kras_signaling_up","heme_metabolism",0,0,FALSE
"kras_signaling_up","xenobiotic_metabolism",0,0,FALSE
"kras_signaling_up","spermatogenesis",0,0,FALSE
"kras_signaling_up","pancreas_beta_cells",0,0,FALSE
"kras_signaling_up","angiogenesis",0,0,FALSE
"kras_signaling_up","estrogen_response_early",0,0,FALSE
"kras_signaling_up","apoptosis",0,0,FALSE
"kras_signaling_dn","age_group",0,0,FALSE
"kras_signaling_dn","cmv",0,0,FALSE
"kras_signaling_dn","mitotic_spindle",0,0,FALSE
"kras_signaling_dn","myc_targets_v1",0,0,FALSE
"kras_signaling_dn","myc_targets_v2",0,0,FALSE
"kras_signaling_dn","uv_response_dn",0,0,FALSE
"kras_signaling_dn","unfolded_protein_response",0,0,FALSE
"kras_signaling_dn","reactive_oxygen_species_pathway",0,0,FALSE
"kras_signaling_dn","hypoxia",0,0,FALSE
"kras_signaling_dn","il_2_stat5_signaling",0,0,FALSE
"kras_signaling_dn","allograft_rejection",0,0,FALSE
"kras_signaling_dn","mtorc1_signaling",0,0,FALSE
"kras_signaling_dn","kras_signaling_up",0,0,FALSE
"kras_signaling_dn","wnt_beta_catenin_signaling",0,0,FALSE
"kras_signaling_dn","hedgehog_signaling",0,0,FALSE
"kras_signaling_dn","heme_metabolism",0,0,FALSE
"kras_signaling_dn","xenobiotic_metabolism",0,0,FALSE
"kras_signaling_dn","pperoxisome",0,0,FALSE
"kras_signaling_dn","pancreas_beta_cells",0,0,FALSE
"kras_signaling_dn","protein_secretion",0,0,FALSE
"tgf_beta_signaling","age_group",0,0,FALSE
"tgf_beta_signaling","sex",0,0,FALSE
"tgf_beta_signaling","cmv",0,0,FALSE
"tgf_beta_signaling","e2f_targets",0,0,FALSE
"tgf_beta_signaling","mitotic_spindle",0,0,FALSE
"tgf_beta_signaling","myc_targets_v1",0,0,FALSE
"tgf_beta_signaling","dna_repair",0,0,FALSE
"tgf_beta_signaling","p53_pathway",0,0,FALSE
"tgf_beta_signaling","reactive_oxygen_species_pathway",0,0,FALSE
"tgf_beta_signaling","inflammatory_response",0,0,FALSE
"tgf_beta_signaling","interferon_alpha_response",0,0,FALSE
"tgf_beta_signaling","il_6_jak_stat3_signaling",0,0,FALSE
"tgf_beta_signaling","pi3k_akt_mtor_signaling",0,0,FALSE
"tgf_beta_signaling","mtorc1_signaling",0,0,FALSE
"tgf_beta_signaling","wnt_beta_catenin_signaling",0,0,FALSE
"tgf_beta_signaling","hedgehog_signaling",0,0,FALSE
"tgf_beta_signaling","oxidative_phosphorylation",0,0,FALSE
"tgf_beta_signaling","cholesterol_homeostasis",0,0,FALSE
"tgf_beta_signaling","heme_metabolism",0,0,FALSE
"tgf_beta_signaling","xenobiotic_metabolism",0,0,FALSE
"tgf_beta_signaling","pperoxisome",0,0,FALSE
"tgf_beta_signaling","adipogenesis",0,0,FALSE
"tgf_beta_signaling","myogenesis",0,0,FALSE
"tgf_beta_signaling","spermatogenesis",0,0,FALSE
"tgf_beta_signaling","pancreas_beta_cells",0,0,FALSE
"tgf_beta_signaling","epithelial_mesenchymal_transition",0,0,FALSE
"tgf_beta_signaling","angiogenesis",0,0,FALSE
"tgf_beta_signaling","estrogen_response_early",0,0,FALSE
"tgf_beta_signaling","estrogen_response_late",0,0,FALSE
"tgf_beta_signaling","apical_junction",0,0,FALSE
"tgf_beta_signaling","apical_surface",0,0,FALSE
"tgf_beta_signaling","protein_secretion",0,0,FALSE
"wnt_beta_catenin_signaling","age_group",0,0,FALSE
"wnt_beta_catenin_signaling","cmv",0,0,FALSE
"wnt_beta_catenin_signaling","e2f_targets",0,0,FALSE
"wnt_beta_catenin_signaling","g2_m_checkpoint",0,0,FALSE
"wnt_beta_catenin_signaling","myc_targets_v1",0,0,FALSE
"wnt_beta_catenin_signaling","dna_repair",0,0,FALSE
"wnt_beta_catenin_signaling","uv_response_up",0,0,FALSE
"wnt_beta_catenin_signaling","unfolded_protein_response",0,0,FALSE
"wnt_beta_catenin_signaling","reactive_oxygen_species_pathway",0,0,FALSE
"wnt_beta_catenin_signaling","inflammatory_response",0,0,FALSE
"wnt_beta_catenin_signaling","interferon_alpha_response",0,0,FALSE
"wnt_beta_catenin_signaling","il_2_stat5_signaling",0,0,FALSE
"wnt_beta_catenin_signaling","il_6_jak_stat3_signaling",0,0,FALSE
"wnt_beta_catenin_signaling","complement",0,0,FALSE
"wnt_beta_catenin_signaling","coagulation",0,0,FALSE
"wnt_beta_catenin_signaling","pi3k_akt_mtor_signaling",0,0,FALSE
"wnt_beta_catenin_signaling","kras_signaling_dn",0,0,FALSE
"wnt_beta_catenin_signaling","tgf_beta_signaling",0,0,FALSE
"wnt_beta_catenin_signaling","notch_signaling",0,0,FALSE
"wnt_beta_catenin_signaling","fatty_acid_metabolism",0,0,FALSE
"wnt_beta_catenin_signaling","spermatogenesis",0,0,FALSE
"wnt_beta_catenin_signaling","pancreas_beta_cells",0,0,FALSE
"wnt_beta_catenin_signaling","estrogen_response_early",0,0,FALSE
"wnt_beta_catenin_signaling","estrogen_response_late",0,0,FALSE
"wnt_beta_catenin_signaling","apical_surface",0,0,FALSE
"wnt_beta_catenin_signaling","apoptosis",0,0,FALSE
"wnt_beta_catenin_signaling","protein_secretion",0,0,FALSE
"notch_signaling","age_group",0,0,FALSE
"notch_signaling","sex",0,0,FALSE
"notch_signaling","cmv",0,0,FALSE
"notch_signaling","mitotic_spindle",0,0,FALSE
"notch_signaling","myc_targets_v1",0,0,FALSE
"notch_signaling","dna_repair",0,0,FALSE
"notch_signaling","p53_pathway",0,0,FALSE
"notch_signaling","reactive_oxygen_species_pathway",0,0,FALSE
"notch_signaling","hypoxia",0,0,FALSE
"notch_signaling","inflammatory_response",0,0,FALSE
"notch_signaling","interferon_alpha_response",0,0,FALSE
"notch_signaling","interferon_gamma_response",0,0,FALSE
"notch_signaling","tnf_alpha_signaling_via_nf_kb",0,0,FALSE
"notch_signaling","il_2_stat5_signaling",0,0,FALSE
"notch_signaling","complement",0,0,FALSE
"notch_signaling","allograft_rejection",0,0,FALSE
"notch_signaling","kras_signaling_up",0,0,FALSE
"notch_signaling","wnt_beta_catenin_signaling",0,0,FALSE
"notch_signaling","glycolysis",0,0,FALSE
"notch_signaling","oxidative_phosphorylation",0,0,FALSE
"notch_signaling","fatty_acid_metabolism",0,0,FALSE
"notch_signaling","bile_acid_metabolism",0,0,FALSE
"notch_signaling","pperoxisome",0,0,FALSE
"notch_signaling","adipogenesis",0,0,FALSE
"notch_signaling","myogenesis",0,0,FALSE
"notch_signaling","spermatogenesis",0,0,FALSE
"notch_signaling","pancreas_beta_cells",0,0,FALSE
"notch_signaling","angiogenesis",0,0,FALSE
"notch_signaling","androgen_response",0,0,FALSE
"notch_signaling","estrogen_response_early",0,0,FALSE
"notch_signaling","apical_junction",0,0,FALSE
"notch_signaling","apical_surface",0,0,FALSE
"notch_signaling","apoptosis",0,0,FALSE
"notch_signaling","protein_secretion",0,0,FALSE
"hedgehog_signaling","age_group",0,0,FALSE
"hedgehog_signaling","cmv",0,0,FALSE
"hedgehog_signaling","g2_m_checkpoint",0,0,FALSE
"hedgehog_signaling","mitotic_spindle",0,0,FALSE
"hedgehog_signaling","myc_targets_v1",0,0,FALSE
"hedgehog_signaling","p53_pathway",0,0,FALSE
"hedgehog_signaling","uv_response_dn",0,0,FALSE
"hedgehog_signaling","unfolded_protein_response",0,0,FALSE
"hedgehog_signaling","inflammatory_response",0,0,FALSE
"hedgehog_signaling","tnf_alpha_signaling_via_nf_kb",0,0,FALSE
"hedgehog_signaling","il_2_stat5_signaling",0,0,FALSE
"hedgehog_signaling","il_6_jak_stat3_signaling",0,0,FALSE
"hedgehog_signaling","pi3k_akt_mtor_signaling",0,0,FALSE
"hedgehog_signaling","kras_signaling_dn",0,0,FALSE
"hedgehog_signaling","tgf_beta_signaling",0,0,FALSE
"hedgehog_signaling","fatty_acid_metabolism",0,0,FALSE
"hedgehog_signaling","bile_acid_metabolism",0,0,FALSE
"hedgehog_signaling","heme_metabolism",0,0,FALSE
"hedgehog_signaling","pperoxisome",0,0,FALSE
"hedgehog_signaling","spermatogenesis",0,0,FALSE
"hedgehog_signaling","angiogenesis",0,0,FALSE
"hedgehog_signaling","androgen_response",0,0,FALSE
"hedgehog_signaling","estrogen_response_early",0,0,FALSE
"hedgehog_signaling","apical_junction",0,0,FALSE
"hedgehog_signaling","apoptosis",0,0,FALSE
"hedgehog_signaling","protein_secretion",0,0,FALSE
"glycolysis","age_group",0,0,FALSE
"glycolysis","sex",0,0,FALSE
"glycolysis","unfolded_protein_response",0,0,FALSE
"glycolysis","inflammatory_response",0,0,FALSE
"glycolysis","tnf_alpha_signaling_via_nf_kb",0,0,FALSE
"glycolysis","il_6_jak_stat3_signaling",0,0,FALSE
"glycolysis","complement",0,0,FALSE
"glycolysis","kras_signaling_up",0,0,FALSE
"glycolysis","notch_signaling",0,0,FALSE
"glycolysis","bile_acid_metabolism",0,0,FALSE
"glycolysis","xenobiotic_metabolism",0,0,FALSE
"glycolysis","androgen_response",0,0,FALSE
"glycolysis","estrogen_response_late",0,0,FALSE
"glycolysis","apoptosis",0,0,FALSE
"glycolysis","protein_secretion",0,0,FALSE
"oxidative_phosphorylation","age_group",0,0,FALSE
"oxidative_phosphorylation","sex",0,0,FALSE
"oxidative_phosphorylation","cmv",0,0,FALSE
"oxidative_phosphorylation","e2f_targets",0,0,FALSE
"oxidative_phosphorylation","mitotic_spindle",0,0,FALSE
"oxidative_phosphorylation","uv_response_up",0,0,FALSE
"oxidative_phosphorylation","hypoxia",0,0,FALSE
"oxidative_phosphorylation","inflammatory_response",0,0,FALSE
"oxidative_phosphorylation","interferon_alpha_response",0,0,FALSE
"oxidative_phosphorylation","tnf_alpha_signaling_via_nf_kb",0,0,FALSE
"oxidative_phosphorylation","il_2_stat5_signaling",0,0,FALSE
"oxidative_phosphorylation","il_6_jak_stat3_signaling",0,0,FALSE
"oxidative_phosphorylation","complement",0,0,FALSE
"oxidative_phosphorylation","allograft_rejection",0,0,FALSE
"oxidative_phosphorylation","pi3k_akt_mtor_signaling",0,0,FALSE
"oxidative_phosphorylation","kras_signaling_up",0,0,FALSE
"oxidative_phosphorylation","tgf_beta_signaling",0,0,FALSE
"oxidative_phosphorylation","notch_signaling",0,0,FALSE
"oxidative_phosphorylation","fatty_acid_metabolism",0,0,FALSE
"oxidative_phosphorylation","bile_acid_metabolism",0,0,FALSE
"oxidative_phosphorylation","cholesterol_homeostasis",0,0,FALSE
"oxidative_phosphorylation","pperoxisome",0,0,FALSE
"oxidative_phosphorylation","spermatogenesis",0,0,FALSE
"oxidative_phosphorylation","pancreas_beta_cells",0,0,FALSE
"oxidative_phosphorylation","epithelial_mesenchymal_transition",0,0,FALSE
"oxidative_phosphorylation","angiogenesis",0,0,FALSE
"oxidative_phosphorylation","estrogen_response_late",0,0,FALSE
"oxidative_phosphorylation","apical_junction",0,0,FALSE
"oxidative_phosphorylation","apical_surface",0,0,FALSE
"oxidative_phosphorylation","apoptosis",0,0,FALSE
"oxidative_phosphorylation","protein_secretion",0,0,FALSE
"fatty_acid_metabolism","cmv",0,0,FALSE
"fatty_acid_metabolism","g2_m_checkpoint",0,0,FALSE
"fatty_acid_metabolism","mitotic_spindle",0,0,FALSE
"fatty_acid_metabolism","dna_repair",0,0,FALSE
"fatty_acid_metabolism","uv_response_dn",0,0,FALSE
"fatty_acid_metabolism","uv_response_up",0,0,FALSE
"fatty_acid_metabolism","reactive_oxygen_species_pathway",0,0,FALSE
"fatty_acid_metabolism","hypoxia",0,0,FALSE
"fatty_acid_metabolism","inflammatory_response",0,0,FALSE
"fatty_acid_metabolism","interferon_alpha_response",0,0,FALSE
"fatty_acid_metabolism","interferon_gamma_response",0,0,FALSE
"fatty_acid_metabolism","tnf_alpha_signaling_via_nf_kb",0,0,FALSE
"fatty_acid_metabolism","complement",0,0,FALSE
"fatty_acid_metabolism","coagulation",0,0,FALSE
"fatty_acid_metabolism","allograft_rejection",0,0,FALSE
"fatty_acid_metabolism","pi3k_akt_mtor_signaling",0,0,FALSE
"fatty_acid_metabolism","mtorc1_signaling",0,0,FALSE
"fatty_acid_metabolism","kras_signaling_up",0,0,FALSE
"fatty_acid_metabolism","wnt_beta_catenin_signaling",0,0,FALSE
"fatty_acid_metabolism","notch_signaling",0,0,FALSE
"fatty_acid_metabolism","hedgehog_signaling",0,0,FALSE
"fatty_acid_metabolism","oxidative_phosphorylation",0,0,FALSE
"fatty_acid_metabolism","cholesterol_homeostasis",0,0,FALSE
"fatty_acid_metabolism","pperoxisome",0,0,FALSE
"fatty_acid_metabolism","adipogenesis",0,0,FALSE
"fatty_acid_metabolism","spermatogenesis",0,0,FALSE
"fatty_acid_metabolism","pancreas_beta_cells",0,0,FALSE
"fatty_acid_metabolism","angiogenesis",0,0,FALSE
"fatty_acid_metabolism","androgen_response",0,0,FALSE
"fatty_acid_metabolism","apical_junction",0,0,FALSE
"fatty_acid_metabolism","apoptosis",0,0,FALSE
"fatty_acid_metabolism","protein_secretion",0,0,FALSE
"bile_acid_metabolism","age_group",0,0,FALSE
"bile_acid_metabolism","sex",0,0,FALSE
"bile_acid_metabolism","cmv",0,0,FALSE
"bile_acid_metabolism","g2_m_checkpoint",0,0,FALSE
"bile_acid_metabolism","mitotic_spindle",0,0,FALSE
"bile_acid_metabolism","myc_targets_v1",0,0,FALSE
"bile_acid_metabolism","myc_targets_v2",0,0,FALSE
"bile_acid_metabolism","dna_repair",0,0,FALSE
"bile_acid_metabolism","uv_response_dn",0,0,FALSE
"bile_acid_metabolism","uv_response_up",0,0,FALSE
"bile_acid_metabolism","reactive_oxygen_species_pathway",0,0,FALSE
"bile_acid_metabolism","hypoxia",0,0,FALSE
"bile_acid_metabolism","interferon_alpha_response",0,0,FALSE
"bile_acid_metabolism","interferon_gamma_response",0,0,FALSE
"bile_acid_metabolism","il_6_jak_stat3_signaling",0,0,FALSE
"bile_acid_metabolism","complement",0,0,FALSE
"bile_acid_metabolism","coagulation",0,0,FALSE
"bile_acid_metabolism","allograft_rejection",0,0,FALSE
"bile_acid_metabolism","pi3k_akt_mtor_signaling",0,0,FALSE
"bile_acid_metabolism","kras_signaling_up",0,0,FALSE
"bile_acid_metabolism","notch_signaling",0,0,FALSE
"bile_acid_metabolism","hedgehog_signaling",0,0,FALSE
"bile_acid_metabolism","glycolysis",0,0,FALSE
"bile_acid_metabolism","oxidative_phosphorylation",0,0,FALSE
"bile_acid_metabolism","cholesterol_homeostasis",0,0,FALSE
"bile_acid_metabolism","heme_metabolism",0,0,FALSE
"bile_acid_metabolism","xenobiotic_metabolism",0,0,FALSE
"bile_acid_metabolism","adipogenesis",0,0,FALSE
"bile_acid_metabolism","pancreas_beta_cells",0,0,FALSE
"bile_acid_metabolism","angiogenesis",0,0,FALSE
"bile_acid_metabolism","androgen_response",0,0,FALSE
"bile_acid_metabolism","estrogen_response_late",0,0,FALSE
"bile_acid_metabolism","apical_surface",0,0,FALSE
"bile_acid_metabolism","protein_secretion",0,0,FALSE
"cholesterol_homeostasis","age_group",0,0,FALSE
"cholesterol_homeostasis","sex",0,0,FALSE
"cholesterol_homeostasis","cmv",0,0,FALSE
"cholesterol_homeostasis","g2_m_checkpoint",0,0,FALSE
"cholesterol_homeostasis","dna_repair",0,0,FALSE
"cholesterol_homeostasis","p53_pathway",0,0,FALSE
"cholesterol_homeostasis","uv_response_dn",0,0,FALSE
"cholesterol_homeostasis","hypoxia",0,0,FALSE
"cholesterol_homeostasis","interferon_alpha_response",0,0,FALSE
"cholesterol_homeostasis","tnf_alpha_signaling_via_nf_kb",0,0,FALSE
"cholesterol_homeostasis","il_2_stat5_signaling",0,0,FALSE
"cholesterol_homeostasis","pi3k_akt_mtor_signaling",0,0,FALSE
"cholesterol_homeostasis","tgf_beta_signaling",0,0,FALSE
"cholesterol_homeostasis","oxidative_phosphorylation",0,0,FALSE
"cholesterol_homeostasis","fatty_acid_metabolism",0,0,FALSE
"cholesterol_homeostasis","bile_acid_metabolism",0,0,FALSE
"cholesterol_homeostasis","myogenesis",0,0,FALSE
"cholesterol_homeostasis","androgen_response",0,0,FALSE
"cholesterol_homeostasis","estrogen_response_early",0,0,FALSE
"cholesterol_homeostasis","estrogen_response_late",0,0,FALSE
"cholesterol_homeostasis","apical_junction",0,0,FALSE
"cholesterol_homeostasis","apical_surface",0,0,FALSE
"heme_metabolism","age_group",0,0,FALSE
"heme_metabolism","sex",0,0,FALSE
"heme_metabolism","cmv",0,0,FALSE
"heme_metabolism","g2_m_checkpoint",0,0,FALSE
"heme_metabolism","mitotic_spindle",0,0,FALSE
"heme_metabolism","myc_targets_v2",0,0,FALSE
"heme_metabolism","dna_repair",0,0,FALSE
"heme_metabolism","hypoxia",0,0,FALSE
"heme_metabolism","tnf_alpha_signaling_via_nf_kb",0,0,FALSE
"heme_metabolism","il_6_jak_stat3_signaling",0,0,FALSE
"heme_metabolism","complement",0,0,FALSE
"heme_metabolism","allograft_rejection",0,0,FALSE
"heme_metabolism","kras_signaling_up",0,0,FALSE
"heme_metabolism","kras_signaling_dn",0,0,FALSE
"heme_metabolism","tgf_beta_signaling",0,0,FALSE
"heme_metabolism","hedgehog_signaling",0,0,FALSE
"heme_metabolism","bile_acid_metabolism",0,0,FALSE
"heme_metabolism","xenobiotic_metabolism",0,0,FALSE
"heme_metabolism","pperoxisome",0,0,FALSE
"heme_metabolism","adipogenesis",0,0,FALSE
"heme_metabolism","spermatogenesis",0,0,FALSE
"heme_metabolism","pancreas_beta_cells",0,0,FALSE
"heme_metabolism","angiogenesis",0,0,FALSE
"heme_metabolism","androgen_response",0,0,FALSE
"heme_metabolism","estrogen_response_late",0,0,FALSE
"heme_metabolism","apical_junction",0,0,FALSE
"heme_metabolism","apical_surface",0,0,FALSE
"heme_metabolism","apoptosis",0,0,FALSE
"heme_metabolism","protein_secretion",0,0,FALSE
"xenobiotic_metabolism","age_group",0,0,FALSE
"xenobiotic_metabolism","cmv",0,0,FALSE
"xenobiotic_metabolism","g2_m_checkpoint",0,0,FALSE
"xenobiotic_metabolism","myc_targets_v1",0,0,FALSE
"xenobiotic_metabolism","reactive_oxygen_species_pathway",0,0,FALSE
"xenobiotic_metabolism","hypoxia",0,0,FALSE
"xenobiotic_metabolism","inflammatory_response",0,0,FALSE
"xenobiotic_metabolism","il_2_stat5_signaling",0,0,FALSE
"xenobiotic_metabolism","pi3k_akt_mtor_signaling",0,0,FALSE
"xenobiotic_metabolism","mtorc1_signaling",0,0,FALSE
"xenobiotic_metabolism","kras_signaling_up",0,0,FALSE
"xenobiotic_metabolism","kras_signaling_dn",0,0,FALSE
"xenobiotic_metabolism","tgf_beta_signaling",0,0,FALSE
"xenobiotic_metabolism","glycolysis",0,0,FALSE
"xenobiotic_metabolism","bile_acid_metabolism",0,0,FALSE
"xenobiotic_metabolism","heme_metabolism",0,0,FALSE
"xenobiotic_metabolism","myogenesis",0,0,FALSE
"xenobiotic_metabolism","pancreas_beta_cells",0,0,FALSE
"xenobiotic_metabolism","apoptosis",0,0,FALSE
"xenobiotic_metabolism","protein_secretion",0,0,FALSE
"pperoxisome","age_group",0,0,FALSE
"pperoxisome","sex",0,0,FALSE
"pperoxisome","cmv",0,0,FALSE
"pperoxisome","e2f_targets",0,0,FALSE
"pperoxisome","g2_m_checkpoint",0,0,FALSE
"pperoxisome","myc_targets_v1",0,0,FALSE
"pperoxisome","dna_repair",0,0,FALSE
"pperoxisome","p53_pathway",0,0,FALSE
"pperoxisome","uv_response_dn",0,0,FALSE
"pperoxisome","hypoxia",0,0,FALSE
"pperoxisome","inflammatory_response",0,0,FALSE
"pperoxisome","interferon_alpha_response",0,0,FALSE
"pperoxisome","interferon_gamma_response",0,0,FALSE
"pperoxisome","tnf_alpha_signaling_via_nf_kb",0,0,FALSE
"pperoxisome","il_6_jak_stat3_signaling",0,0,FALSE
"pperoxisome","coagulation",0,0,FALSE
"pperoxisome","allograft_rejection",0,0,FALSE
"pperoxisome","pi3k_akt_mtor_signaling",0,0,FALSE
"pperoxisome","kras_signaling_dn",0,0,FALSE
"pperoxisome","tgf_beta_signaling",0,0,FALSE
"pperoxisome","notch_signaling",0,0,FALSE
"pperoxisome","hedgehog_signaling",0,0,FALSE
"pperoxisome","oxidative_phosphorylation",0,0,FALSE
"pperoxisome","fatty_acid_metabolism",0,0,FALSE
"pperoxisome","heme_metabolism",0,0,FALSE
"pperoxisome","adipogenesis",0,0,FALSE
"pperoxisome","angiogenesis",0,0,FALSE
"pperoxisome","estrogen_response_early",0,0,FALSE
"pperoxisome","estrogen_response_late",0,0,FALSE
"pperoxisome","apical_junction",0,0,FALSE
"pperoxisome","apical_surface",0,0,FALSE
"pperoxisome","apoptosis",0,0,FALSE
"adipogenesis","age_group",0,0,FALSE
"adipogenesis","sex",0,0,FALSE
"adipogenesis","cmv",0,0,FALSE
"adipogenesis","e2f_targets",0,0,FALSE
"adipogenesis","g2_m_checkpoint",0,0,FALSE
"adipogenesis","p53_pathway",0,0,FALSE
"adipogenesis","uv_response_up",0,0,FALSE
"adipogenesis","hypoxia",0,0,FALSE
"adipogenesis","inflammatory_response",0,0,FALSE
"adipogenesis","interferon_gamma_response",0,0,FALSE
"adipogenesis","tnf_alpha_signaling_via_nf_kb",0,0,FALSE
"adipogenesis","complement",0,0,FALSE
"adipogenesis","allograft_rejection",0,0,FALSE
"adipogenesis","tgf_beta_signaling",0,0,FALSE
"adipogenesis","notch_signaling",0,0,FALSE
"adipogenesis","fatty_acid_metabolism",0,0,FALSE
"adipogenesis","bile_acid_metabolism",0,0,FALSE
"adipogenesis","heme_metabolism",0,0,FALSE
"adipogenesis","pperoxisome",0,0,FALSE
"adipogenesis","pancreas_beta_cells",0,0,FALSE
"adipogenesis","androgen_response",0,0,FALSE
"adipogenesis","estrogen_response_late",0,0,FALSE
"adipogenesis","apical_junction",0,0,FALSE
"myogenesis","age_group",0,0,FALSE
"myogenesis","cmv",0,0,FALSE
"myogenesis","mitotic_spindle",0,0,FALSE
"myogenesis","myc_targets_v1",0,0,FALSE
"myogenesis","myc_targets_v2",0,0,FALSE
"myogenesis","dna_repair",0,0,FALSE
"myogenesis","uv_response_up",0,0,FALSE
"myogenesis","reactive_oxygen_species_pathway",0,0,FALSE
"myogenesis","inflammatory_response",0,0,FALSE
"myogenesis","interferon_alpha_response",0,0,FALSE
"myogenesis","il_2_stat5_signaling",0,0,FALSE
"myogenesis","il_6_jak_stat3_signaling",0,0,FALSE
"myogenesis","complement",0,0,FALSE
"myogenesis","coagulation",0,0,FALSE
"myogenesis","allograft_rejection",0,0,FALSE
"myogenesis","mtorc1_signaling",0,0,FALSE
"myogenesis","tgf_beta_signaling",0,0,FALSE
"myogenesis","notch_signaling",0,0,FALSE
"myogenesis","cholesterol_homeostasis",0,0,FALSE
"myogenesis","xenobiotic_metabolism",0,0,FALSE
"myogenesis","pancreas_beta_cells",0,0,FALSE
"myogenesis","angiogenesis",0,0,FALSE
"myogenesis","androgen_response",0,0,FALSE
"myogenesis","apical_surface",0,0,FALSE
"myogenesis","apoptosis",0,0,FALSE
"myogenesis","protein_secretion",0,0,FALSE
"spermatogenesis","age_group",0,0,FALSE
"spermatogenesis","sex",0,0,FALSE
"spermatogenesis","cmv",0,0,FALSE
"spermatogenesis","g2_m_checkpoint",0,0,FALSE
"spermatogenesis","dna_repair",0,0,FALSE
"spermatogenesis","uv_response_dn",0,0,FALSE
"spermatogenesis","uv_response_up",0,0,FALSE
"spermatogenesis","hypoxia",0,0,FALSE
"spermatogenesis","inflammatory_response",0,0,FALSE
"spermatogenesis","coagulation",0,0,FALSE
"spermatogenesis","allograft_rejection",0,0,FALSE
"spermatogenesis","mtorc1_signaling",0,0,FALSE
"spermatogenesis","kras_signaling_up",0,0,FALSE
"spermatogenesis","tgf_beta_signaling",0,0,FALSE
"spermatogenesis","wnt_beta_catenin_signaling",0,0,FALSE
"spermatogenesis","notch_signaling",0,0,FALSE
"spermatogenesis","hedgehog_signaling",0,0,FALSE
"spermatogenesis","oxidative_phosphorylation",0,0,FALSE
"spermatogenesis","fatty_acid_metabolism",0,0,FALSE
"spermatogenesis","heme_metabolism",0,0,FALSE
"spermatogenesis","pancreas_beta_cells",0,0,FALSE
"spermatogenesis","estrogen_response_late",0,0,FALSE
"spermatogenesis","apical_junction",0,0,FALSE
"pancreas_beta_cells","age_group",0,0,FALSE
"pancreas_beta_cells","sex",0,0,FALSE
"pancreas_beta_cells","cmv",0,0,FALSE
"pancreas_beta_cells","unfolded_protein_response",0,0,FALSE
"pancreas_beta_cells","interferon_gamma_response",0,0,FALSE
"pancreas_beta_cells","tnf_alpha_signaling_via_nf_kb",0,0,FALSE
"pancreas_beta_cells","il_2_stat5_signaling",0,0,FALSE
"pancreas_beta_cells","il_6_jak_stat3_signaling",0,0,FALSE
"pancreas_beta_cells","allograft_rejection",0,0,FALSE
"pancreas_beta_cells","pi3k_akt_mtor_signaling",0,0,FALSE
"pancreas_beta_cells","kras_signaling_up",0,0,FALSE
"pancreas_beta_cells","kras_signaling_dn",0,0,FALSE
"pancreas_beta_cells","tgf_beta_signaling",0,0,FALSE
"pancreas_beta_cells","wnt_beta_catenin_signaling",0,0,FALSE
"pancreas_beta_cells","notch_signaling",0,0,FALSE
"pancreas_beta_cells","oxidative_phosphorylation",0,0,FALSE
"pancreas_beta_cells","fatty_acid_metabolism",0,0,FALSE
"pancreas_beta_cells","bile_acid_metabolism",0,0,FALSE
"pancreas_beta_cells","heme_metabolism",0,0,FALSE
"pancreas_beta_cells","xenobiotic_metabolism",0,0,FALSE
"pancreas_beta_cells","adipogenesis",0,0,FALSE
"pancreas_beta_cells","myogenesis",0,0,FALSE
"pancreas_beta_cells","spermatogenesis",0,0,FALSE
"pancreas_beta_cells","angiogenesis",0,0,FALSE
"pancreas_beta_cells","androgen_response",0,0,FALSE
"pancreas_beta_cells","estrogen_response_late",0,0,FALSE
"pancreas_beta_cells","apical_surface",0,0,FALSE
"pancreas_beta_cells","apoptosis",0,0,FALSE
"pancreas_beta_cells","protein_secretion",0,0,FALSE
"epithelial_mesenchymal_transition","age_group",0,0,FALSE
"epithelial_mesenchymal_transition","cmv",0,0,FALSE
"epithelial_mesenchymal_transition","e2f_targets",0,0,FALSE
"epithelial_mesenchymal_transition","mitotic_spindle",0,0,FALSE
"epithelial_mesenchymal_transition","myc_targets_v1",0,0,FALSE
"epithelial_mesenchymal_transition","myc_targets_v2",0,0,FALSE
"epithelial_mesenchymal_transition","dna_repair",0,0,FALSE
"epithelial_mesenchymal_transition","p53_pathway",0,0,FALSE
"epithelial_mesenchymal_transition","reactive_oxygen_species_pathway",0,0,FALSE
"epithelial_mesenchymal_transition","interferon_alpha_response",0,0,FALSE
"epithelial_mesenchymal_transition","interferon_gamma_response",0,0,FALSE
"epithelial_mesenchymal_transition","il_2_stat5_signaling",0,0,FALSE
"epithelial_mesenchymal_transition","il_6_jak_stat3_signaling",0,0,FALSE
"epithelial_mesenchymal_transition","mtorc1_signaling",0,0,FALSE
"epithelial_mesenchymal_transition","tgf_beta_signaling",0,0,FALSE
"epithelial_mesenchymal_transition","oxidative_phosphorylation",0,0,FALSE
"epithelial_mesenchymal_transition","apical_surface",0,0,FALSE
"epithelial_mesenchymal_transition","apoptosis",0,0,FALSE
"epithelial_mesenchymal_transition","protein_secretion",0,0,FALSE
"angiogenesis","age_group",0,0,FALSE
"angiogenesis","sex",0,0,FALSE
"angiogenesis","g2_m_checkpoint",0,0,FALSE
"angiogenesis","mitotic_spindle",0,0,FALSE
"angiogenesis","myc_targets_v1",0,0,FALSE
"angiogenesis","myc_targets_v2",0,0,FALSE
"angiogenesis","dna_repair",0,0,FALSE
"angiogenesis","uv_response_dn",0,0,FALSE
"angiogenesis","uv_response_up",0,0,FALSE
"angiogenesis","tnf_alpha_signaling_via_nf_kb",0,0,FALSE
"angiogenesis","il_2_stat5_signaling",0,0,FALSE
"angiogenesis","complement",0,0,FALSE
"angiogenesis","coagulation",0,0,FALSE
"angiogenesis","allograft_rejection",0,0,FALSE
"angiogenesis","pi3k_akt_mtor_signaling",0,0,FALSE
"angiogenesis","kras_signaling_up",0,0,FALSE
"angiogenesis","tgf_beta_signaling",0,0,FALSE
"angiogenesis","notch_signaling",0,0,FALSE
"angiogenesis","hedgehog_signaling",0,0,FALSE
"angiogenesis","oxidative_phosphorylation",0,0,FALSE
"angiogenesis","fatty_acid_metabolism",0,0,FALSE
"angiogenesis","bile_acid_metabolism",0,0,FALSE
"angiogenesis","heme_metabolism",0,0,FALSE
"angiogenesis","pperoxisome",0,0,FALSE
"angiogenesis","myogenesis",0,0,FALSE
"angiogenesis","pancreas_beta_cells",0,0,FALSE
"angiogenesis","estrogen_response_early",0,0,FALSE
"angiogenesis","estrogen_response_late",0,0,FALSE
"angiogenesis","apoptosis",0,0,FALSE
"androgen_response","age_group",0,0,FALSE
"androgen_response","sex",0,0,FALSE
"androgen_response","cmv",0,0,FALSE
"androgen_response","g2_m_checkpoint",0,0,FALSE
"androgen_response","myc_targets_v1",0,0,FALSE
"androgen_response","myc_targets_v2",0,0,FALSE
"androgen_response","uv_response_up",0,0,FALSE
"androgen_response","reactive_oxygen_species_pathway",0,0,FALSE
"androgen_response","il_2_stat5_signaling",0,0,FALSE
"androgen_response","complement",0,0,FALSE
"androgen_response","notch_signaling",0,0,FALSE
"androgen_response","hedgehog_signaling",0,0,FALSE
"androgen_response","glycolysis",0,0,FALSE
"androgen_response","fatty_acid_metabolism",0,0,FALSE
"androgen_response","bile_acid_metabolism",0,0,FALSE
"androgen_response","cholesterol_homeostasis",0,0,FALSE
"androgen_response","heme_metabolism",0,0,FALSE
"androgen_response","adipogenesis",0,0,FALSE
"androgen_response","myogenesis",0,0,FALSE
"androgen_response","pancreas_beta_cells",0,0,FALSE
"estrogen_response_early","age_group",0,0,FALSE
"estrogen_response_early","cmv",0,0,FALSE
"estrogen_response_early","e2f_targets",0,0,FALSE
"estrogen_response_early","g2_m_checkpoint",0,0,FALSE
"estrogen_response_early","myc_targets_v1",0,0,FALSE
"estrogen_response_early","p53_pathway",0,0,FALSE
"estrogen_response_early","uv_response_dn",0,0,FALSE
"estrogen_response_early","unfolded_protein_response",0,0,FALSE
"estrogen_response_early","reactive_oxygen_species_pathway",0,0,FALSE
"estrogen_response_early","hypoxia",0,0,FALSE
"estrogen_response_early","inflammatory_response",0,0,FALSE
"estrogen_response_early","interferon_gamma_response",0,0,FALSE
"estrogen_response_early","tnf_alpha_signaling_via_nf_kb",0,0,FALSE
"estrogen_response_early","allograft_rejection",0,0,FALSE
"estrogen_response_early","mtorc1_signaling",0,0,FALSE
"estrogen_response_early","kras_signaling_up",0,0,FALSE
"estrogen_response_early","tgf_beta_signaling",0,0,FALSE
"estrogen_response_early","wnt_beta_catenin_signaling",0,0,FALSE
"estrogen_response_early","notch_signaling",0,0,FALSE
"estrogen_response_early","hedgehog_signaling",0,0,FALSE
"estrogen_response_early","cholesterol_homeostasis",0,0,FALSE
"estrogen_response_early","pperoxisome",0,0,FALSE
"estrogen_response_early","angiogenesis",0,0,FALSE
"estrogen_response_early","apoptosis",0,0,FALSE
"estrogen_response_late","age_group",0,0,FALSE
"estrogen_response_late","sex",0,0,FALSE
"estrogen_response_late","cmv",0,0,FALSE
"estrogen_response_late","myc_targets_v1",0,0,FALSE
"estrogen_response_late","uv_response_up",0,0,FALSE
"estrogen_response_late","tnf_alpha_signaling_via_nf_kb",0,0,FALSE
"estrogen_response_late","coagulation",0,0,FALSE
"estrogen_response_late","tgf_beta_signaling",0,0,FALSE
"estrogen_response_late","wnt_beta_catenin_signaling",0,0,FALSE
"estrogen_response_late","glycolysis",0,0,FALSE
"estrogen_response_late","oxidative_phosphorylation",0,0,FALSE
"estrogen_response_late","bile_acid_metabolism",0,0,FALSE
"estrogen_response_late","cholesterol_homeostasis",0,0,FALSE
"estrogen_response_late","heme_metabolism",0,0,FALSE
"estrogen_response_late","pperoxisome",0,0,FALSE
"estrogen_response_late","adipogenesis",0,0,FALSE
"estrogen_response_late","spermatogenesis",0,0,FALSE
"estrogen_response_late","pancreas_beta_cells",0,0,FALSE
"estrogen_response_late","angiogenesis",0,0,FALSE
"apical_junction","age_group",0,0,FALSE
"apical_junction","cmv",0,0,FALSE
"apical_junction","e2f_targets",0,0,FALSE
"apical_junction","g2_m_checkpoint",0,0,FALSE
"apical_junction","mitotic_spindle",0,0,FALSE
"apical_junction","myc_targets_v1",0,0,FALSE
"apical_junction","myc_targets_v2",0,0,FALSE
"apical_junction","uv_response_dn",0,0,FALSE
"apical_junction","reactive_oxygen_species_pathway",0,0,FALSE
"apical_junction","hypoxia",0,0,FALSE
"apical_junction","inflammatory_response",0,0,FALSE
"apical_junction","tnf_alpha_signaling_via_nf_kb",0,0,FALSE
"apical_junction","il_2_stat5_signaling",0,0,FALSE
"apical_junction","il_6_jak_stat3_signaling",0,0,FALSE
"apical_junction","allograft_rejection",0,0,FALSE
"apical_junction","pi3k_akt_mtor_signaling",0,0,FALSE
"apical_junction","mtorc1_signaling",0,0,FALSE
"apical_junction","tgf_beta_signaling",0,0,FALSE
"apical_junction","notch_signaling",0,0,FALSE
"apical_junction","hedgehog_signaling",0,0,FALSE
"apical_junction","oxidative_phosphorylation",0,0,FALSE
"apical_junction","fatty_acid_metabolism",0,0,FALSE
"apical_junction","cholesterol_homeostasis",0,0,FALSE
"apical_junction","heme_metabolism",0,0,FALSE
"apical_junction","pperoxisome",0,0,FALSE
"apical_junction","adipogenesis",0,0,FALSE
"apical_junction","spermatogenesis",0,0,FALSE
"apical_junction","apical_surface",0,0,FALSE
"apical_junction","apoptosis",0,0,FALSE
"apical_surface","age_group",0,0,FALSE
"apical_surface","sex",0,0,FALSE
"apical_surface","cmv",0,0,FALSE
"apical_surface","e2f_targets",0,0,FALSE
"apical_surface","mitotic_spindle",0,0,FALSE
"apical_surface","myc_targets_v1",0,0,FALSE
"apical_surface","myc_targets_v2",0,0,FALSE
"apical_surface","p53_pathway",0,0,FALSE
"apical_surface","uv_response_dn",0,0,FALSE
"apical_surface","inflammatory_response",0,0,FALSE
"apical_surface","interferon_alpha_response",0,0,FALSE
"apical_surface","tnf_alpha_signaling_via_nf_kb",0,0,FALSE
"apical_surface","coagulation",0,0,FALSE
"apical_surface","allograft_rejection",0,0,FALSE
"apical_surface","mtorc1_signaling",0,0,FALSE
"apical_surface","tgf_beta_signaling",0,0,FALSE
"apical_surface","wnt_beta_catenin_signaling",0,0,FALSE
"apical_surface","notch_signaling",0,0,FALSE
"apical_surface","oxidative_phosphorylation",0,0,FALSE
"apical_surface","bile_acid_metabolism",0,0,FALSE
"apical_surface","cholesterol_homeostasis",0,0,FALSE
"apical_surface","heme_metabolism",0,0,FALSE
"apical_surface","pperoxisome",0,0,FALSE
"apical_surface","myogenesis",0,0,FALSE
"apical_surface","pancreas_beta_cells",0,0,FALSE
"apical_surface","epithelial_mesenchymal_transition",0,0,FALSE
"apical_surface","apical_junction",0,0,FALSE
"apical_surface","protein_secretion",0,0,FALSE
"apoptosis","age_group",0,0,FALSE
"apoptosis","sex",0,0,FALSE
"apoptosis","myc_targets_v1",0,0,FALSE
"apoptosis","p53_pathway",0,0,FALSE
"apoptosis","complement",0,0,FALSE
"apoptosis","pi3k_akt_mtor_signaling",0,0,FALSE
"apoptosis","kras_signaling_up",0,0,FALSE
"apoptosis","wnt_beta_catenin_signaling",0,0,FALSE
"apoptosis","notch_signaling",0,0,FALSE
"apoptosis","hedgehog_signaling",0,0,FALSE
"apoptosis","glycolysis",0,0,FALSE
"apoptosis","oxidative_phosphorylation",0,0,FALSE
"apoptosis","fatty_acid_metabolism",0,0,FALSE
"apoptosis","heme_metabolism",0,0,FALSE
"apoptosis","xenobiotic_metabolism",0,0,FALSE
"apoptosis","pperoxisome",0,0,FALSE
"apoptosis","myogenesis",0,0,FALSE
"apoptosis","pancreas_beta_cells",0,0,FALSE
"apoptosis","epithelial_mesenchymal_transition",0,0,FALSE
"apoptosis","angiogenesis",0,0,FALSE
"apoptosis","estrogen_response_early",0,0,FALSE
"apoptosis","apical_junction",0,0,FALSE
"protein_secretion","age_group",0,0,FALSE
"protein_secretion","sex",0,0,FALSE
"protein_secretion","mitotic_spindle",0,0,FALSE
"protein_secretion","p53_pathway",0,0,FALSE
"protein_secretion","uv_response_dn",0,0,FALSE
"protein_secretion","uv_response_up",0,0,FALSE
"protein_secretion","unfolded_protein_response",0,0,FALSE
"protein_secretion","il_6_jak_stat3_signaling",0,0,FALSE
"protein_secretion","pi3k_akt_mtor_signaling",0,0,FALSE
"protein_secretion","kras_signaling_dn",0,0,FALSE
"protein_secretion","tgf_beta_signaling",0,0,FALSE
"protein_secretion","wnt_beta_catenin_signaling",0,0,FALSE
"protein_secretion","notch_signaling",0,0,FALSE
"protein_secretion","hedgehog_signaling",0,0,FALSE
"protein_secretion","glycolysis",0,0,FALSE
"protein_secretion","oxidative_phosphorylation",0,0,FALSE
"protein_secretion","fatty_acid_metabolism",0,0,FALSE
"protein_secretion","bile_acid_metabolism",0,0,FALSE
"protein_secretion","heme_metabolism",0,0,FALSE
"protein_secretion","xenobiotic_metabolism",0,0,FALSE
"protein_secretion","myogenesis",0,0,FALSE
"protein_secretion","pancreas_beta_cells",0,0,FALSE
"protein_secretion","epithelial_mesenchymal_transition",0,0,FALSE
"protein_secretion","apical_surface",0,0,FALSE
