"from","to","strength","direction","in_final_dag"
"cmv","l3_klrf1_gzmb_cd27_memory_cd4_t_cell_alr",1,1,TRUE
"l2_progenitor_cell","l3_clp_cell_alr",1,0.63,TRUE
"l2_progenitor_cell","l1_progenitor_cell_alr",1,1,TRUE
"l3_asdc","l2_asdc_alr",1,1,TRUE
"l3_cd56bright_nk_cell","l2_cd56bright_nk_cell_alr",1,1,TRUE
"l3_cd8aa","l2_cd8aa_alr",1,1,TRUE
"l3_cdc1","l2_cdc1_alr",1,1,TRUE
"l3_dn_t_cell","l2_dn_t_cell_alr",1,1,TRUE
"l3_erythrocyte","l1_erythrocyte_alr",1,1,TRUE
"l3_ilc","l1_ilc_alr",1,1,TRUE
"l3_intermediate_monocyte","l2_intermediate_monocyte_alr",1,1,TRUE
"l3_pdc","l2_pdc_alr",1,1,TRUE
"l3_pdc","l1_dc_alr",1,0.93,TRUE
"l3_plasma_cell","l2_plasma_cell_alr",1,1,TRUE
"l3_platelet","l1_platelet_alr",1,1,TRUE
"l3_proliferating_t_cell","l2_proliferating_t_cell_alr",1,1,TRUE
"l3_transitional_b_cell","l2_transitional_b_cell_alr",1,0.52,TRUE
"l3_transitional_b_cell","l1_b_cell_alr",1,0.52,TRUE
"l2_effector_b_cell_alr","l2_memory_b_cell_alr",1,0.91,TRUE
"l2_memory_b_cell_alr","l3_transitional_b_cell",1,0.98,TRUE
"l2_memory_b_cell_alr","l2_plasma_cell_alr",1,1,TRUE
"l2_asdc_alr","l2_cdc1_alr",1,0.65,TRUE
"l2_pdc_alr","l2_asdc_alr",1,1,TRUE
"l2_pdc_alr","l2_cdc1_alr",1,1,TRUE
"l2_cd16_monocyte_alr","l2_intermediate_monocyte_alr",1,1,TRUE
"l2_proliferating_nk_cell_alr","l3_proliferating_nk_cell",1,0.54,TRUE
"l2_mait_alr","l3_isg_mait_alr",1,0.97,TRUE
"l2_memory_cd4_t_cell_alr","l2_cd8aa_alr",1,1,TRUE
"l2_memory_cd4_t_cell_alr","l2_treg_alr",1,1,TRUE
"l2_memory_cd4_t_cell_alr","l3_isg_memory_cd8_t_cell_alr",1,1,TRUE
"l2_memory_cd8_t_cell_alr","l2_cd8aa_alr",1,1,TRUE
"l2_memory_cd8_t_cell_alr","l2_dn_t_cell_alr",1,1,TRUE
"l2_memory_cd8_t_cell_alr","l2_proliferating_t_cell_alr",1,1,TRUE
"l2_memory_cd8_t_cell_alr","l3_isg_memory_cd8_t_cell_alr",1,1,TRUE
"l2_naive_cd8_t_cell_alr","l3_isg_naive_cd8_t_cell_alr",1,1,TRUE
"l2_naive_cd8_t_cell_alr","l3_sox4_naive_cd8_t_cell_alr",1,0.83,TRUE
"l2_treg_alr","l2_memory_cd8_t_cell_alr",1,1,TRUE
"l3_isg_cd14_monocyte_alr","l3_isg_cd16_monocyte_alr",1,0.91,TRUE
"l3_isg_cd14_monocyte_alr","l3_isg_cdc2_alr",1,1,TRUE
"l3_isg_cd14_monocyte_alr","l3_isg_memory_cd4_t_cell_alr",1,0.995,TRUE
"l3_isg_cd14_monocyte_alr","l3_isg_naive_b_cell_alr",1,1,TRUE
"l3_isg_cd14_monocyte_alr","l3_isg_naive_cd4_t_cell_alr",1,0.995,TRUE
"l3_adaptive_nk_cell_alr","l3_gzmk_cd56dim_nk_cell_alr",1,0.54,TRUE
"l3_cd14_cdc2_alr","l3_isg_cdc2_alr",1,1,TRUE
"l3_klrf1_effector_vd1_gdt_alr","l3_sox4_vd1_gdt_alr",1,0.97,TRUE
"l3_naive_vd1_gdt_alr","l3_sox4_vd1_gdt_alr",1,1,TRUE
"l3_cd4_mait_alr","l2_mait_alr",1,0.85,TRUE
"l3_cd95_memory_b_cell_alr","l3_activated_memory_b_cell_alr",1,0.775,TRUE
"l3_cd95_memory_b_cell_alr","l3_type_2_polarized_memory_b_cell_alr",1,0.53,TRUE
"l3_isg_memory_cd4_t_cell_alr","l3_isg_memory_cd8_t_cell_alr",1,1,TRUE
"l3_klrf1_gzmb_cd27_memory_cd4_t_cell_alr","l3_cd56bright_nk_cell",1,1,TRUE
"l3_cm_cd8_t_cell_alr","l3_gzmk_cd27_em_cd8_t_cell_alt_alr",1,0.96,TRUE
"l3_isg_naive_cd4_t_cell_alr","l3_isg_naive_cd8_t_cell_alr",1,1,TRUE
"l3_sox4_naive_cd4_t_cell_alr","l2_naive_cd8_t_cell_alr",1,1,TRUE
"l3_sox4_naive_cd4_t_cell_alr","l3_sox4_naive_cd8_t_cell_alr",1,1,TRUE
"l3_sox4_naive_cd8_t_cell_alr","l3_sox4_vd1_gdt_alr",1,1,TRUE
"l3_naive_cd4_treg_alr","l3_gzmb_cd27_em_cd4_t_cell_alt_alr",1,0.93,TRUE
"l1_dc_alr","l2_erythrocyte",1,1,TRUE
"l1_dc_alr","l2_asdc_alr",1,1,TRUE
"l1_dc_alr","l2_cdc1_alr",1,1,TRUE
"l1_dc_alr","l2_pdc_alr",1,1,TRUE
"l1_dc_alr","l1_monocyte_alr",1,1,TRUE
"l1_monocyte_alr","l3_intermediate_monocyte",1,1,TRUE
"l1_monocyte_alr","l2_intermediate_monocyte_alr",1,1,TRUE
"l1_nk_cell_alr","l3_proliferating_nk_cell",1,0.95,TRUE
"l1_nk_cell_alr","l2_cd56bright_nk_cell_alr",1,0.65,TRUE
"l1_b_cell_alr","l2_erythrocyte",1,1,TRUE
"l1_b_cell_alr","l2_plasma_cell_alr",1,0.99,TRUE
"l1_erythrocyte_alr","l2_erythrocyte",1,1,TRUE
"l1_ilc_alr","l2_ilc",1,1,TRUE
"l1_platelet_alr","l2_platelet",1,1,TRUE
"l2_effector_b_cell_alr","l3_isg_naive_b_cell_alr",0.99,1,TRUE
"l2_memory_cd4_t_cell_alr","l2_dn_t_cell_alr",0.99,1,TRUE
"l3_cd27_effector_b_cell_alt_alr","l3_klrf1_effector_vd1_gdt_alr",0.99,0.545454545454546,TRUE
"l1_dc_alr","l3_cdc1",0.99,0.616161616161616,TRUE
"l1_dc_alr","l1_erythrocyte_alr",0.99,1,TRUE
"l2_mait_alr","l3_gzmk_cd27_em_cd8_t_cell_alt_alr",0.98,0.948979591836735,TRUE
"age_group","l3_sox4_naive_cd4_t_cell_alr",0.98,1,TRUE
"l2_memory_cd4_t_cell_alr","l2_proliferating_t_cell_alr",0.98,1,TRUE
"l3_il1b_cd14_monocyte_alr","l3_activated_memory_b_cell_alr",0.98,0.744897959183674,TRUE
"l3_klrf1_effector_vd1_gdt_alr","l3_klrf1_effector_vd1_gdt_alt_alr",0.98,0.887755102040816,TRUE
"l3_klrf1_gzmb_cd27_memory_cd4_t_cell_alr","l3_klrf1_gzmb_cd27_em_cd8_t_cell_alt_alr",0.98,1,TRUE
"l3_klrf1_gzmb_cd27_em_cd8_t_cell_alt_alr","l2_memory_cd8_t_cell_alr",0.98,0.979591836734694,TRUE
"l3_klrf1_gzmb_cd27_em_cd8_t_cell_alt_alr","l3_klrf1_gzmb_cd27_em_cd8_t_cell_alr",0.98,1,TRUE
"l3_sox4_naive_cd4_t_cell_alr","l3_naive_vd1_gdt_alr",0.98,1,TRUE
"l3_naive_cd4_treg_alr","l3_memory_cd8_treg_alr",0.98,0.816326530612245,TRUE
"l3_naive_cd4_treg_alr","l2_memory_cd4_t_cell_alr",0.97,0.824742268041237,TRUE
"l3_proliferating_t_cell","l3_gzmb_cd27_em_cd4_t_cell_alr",0.97,0.927835051546392,TRUE
"l2_pdc_alr","l1_platelet_alr",0.97,0.917525773195876,TRUE
"l3_gzmb_cd27_em_cd4_t_cell_alr","l2_mait_alr",0.97,0.865979381443299,TRUE
"l3_gzmb_cd27_em_cd4_t_cell_alt_alr","l3_klrf1_gzmb_cd27_em_cd8_t_cell_alr",0.97,0.969072164948454,TRUE
"l3_gzmk_cd27_em_cd8_t_cell_alt_alr","l3_gzmb_cd27_em_cd4_t_cell_alt_alr",0.97,0.896907216494845,TRUE
"l3_gzmk_memory_cd4_treg_alr","l3_klrb1_memory_cd4_treg_alr",0.97,0.582474226804124,TRUE
"l1_dc_alr","l2_ilc",0.97,1,TRUE
"l2_cd16_monocyte_alr","l3_intermediate_monocyte",0.96,0.96875,TRUE
"cmv","l3_adaptive_nk_cell_alr",0.96,1,TRUE
"l2_memory_cd8_t_cell_alr","l2_gdt_alr",0.96,1,TRUE
"l3_isg_cdc2_alr","l3_isg_cd56dim_nk_cell_alr",0.96,0.729166666666667,TRUE
"l1_dc_alr","l1_platelet_alr",0.96,1,TRUE
"l3_pdc","l1_erythrocyte_alr",0.95,1,TRUE
"l2_memory_b_cell_alr","l3_baeomap_cell",0.95,1,TRUE
"l3_klrf1_gzmb_cd27_memory_cd4_t_cell_alr","l2_memory_cd4_t_cell_alr",0.95,0.631578947368421,TRUE
"l2_pdc_alr","l1_erythrocyte_alr",0.94,0.978723404255319,TRUE
"l3_cd8aa","l3_naive_cd4_treg_alr",0.94,0.882978723404255,TRUE
"l3_gzmk_memory_cd4_treg_alr","l3_sox4_vd1_gdt_alr",0.94,1,TRUE
"l1_dc_alr","l2_platelet",0.94,1,TRUE
"l3_asdc","l1_erythrocyte_alr",0.93,1,TRUE
"l3_pdc","l1_platelet_alr",0.93,1,TRUE
"l3_platelet","l3_gzmb_cd27_em_cd4_t_cell_alr",0.93,0.741935483870968,TRUE
"sex","l3_early_memory_b_cell_alr",0.92,1,TRUE
"l3_pdc","l1_ilc_alr",0.92,1,TRUE
"l3_asdc","l1_ilc_alr",0.91,1,TRUE
"l2_pdc_alr","l1_ilc_alr",0.91,1,TRUE
"l3_isg_memory_cd8_t_cell_alr","l3_naive_vd1_gdt_alr",0.91,0.89010989010989,TRUE
"l1_dc_alr","l1_ilc_alr",0.91,1,TRUE
"l3_proliferating_t_cell","l3_dn_t_cell",0.91,0.901098901098901,TRUE
"l2_cd56bright_nk_cell_alr","l2_proliferating_nk_cell_alr",0.91,0.802197802197802,TRUE
"l2_gdt_alr","l2_cd8aa_alr",0.91,0.923076923076923,TRUE
"l3_gzmb_cd27_em_cd4_t_cell_alt_alr","l3_intermediate_monocyte",0.91,0.934065934065934,TRUE
"l2_progenitor_cell","l1_dc_alr",0.9,0.988888888888889,TRUE
"l2_cd16_monocyte_alr","l3_c1q_cd16_monocyte_alr",0.9,0.733333333333333,TRUE
"l3_early_memory_b_cell_alr","l3_gzmb_vd2_gdt_alr",0.9,0.922222222222222,TRUE
"l3_asdc","l1_platelet_alr",0.89,1,TRUE
"l2_gdt_alr","l3_naive_vd1_gdt_alr",0.89,0.853932584269663,TRUE
"l1_nk_cell_alr","l2_proliferating_nk_cell_alr",0.89,0.842696629213483,TRUE
"l1_b_cell_alr","l1_progenitor_cell_alr",0.88,0.920454545454545,TRUE
"l3_plasma_cell","l3_isg_naive_cd8_t_cell_alr",0.88,0.954545454545454,TRUE
"l3_klrf1_effector_vd1_gdt_alt_alr","l3_dn_t_cell",0.88,0.715909090909091,TRUE
"l3_gzmb_cd27_em_cd4_t_cell_alt_alr","l3_cd14_cdc2_alr",0.88,0.818181818181818,TRUE
"l3_intermediate_monocyte","l3_il1b_cd14_monocyte_alr",0.88,0.784090909090909,TRUE
"l2_erythrocyte","l1_dc_alr",1,0,FALSE
"l2_erythrocyte","l1_b_cell_alr",1,0,FALSE
"l2_erythrocyte","l1_erythrocyte_alr",1,0,FALSE
"l2_ilc","l1_ilc_alr",1,0,FALSE
"l2_platelet","l1_platelet_alr",1,0,FALSE
"l3_cd56bright_nk_cell","l3_klrf1_gzmb_cd27_memory_cd4_t_cell_alr",1,0,FALSE
"l3_intermediate_monocyte","l1_monocyte_alr",1,0,FALSE
"l3_proliferating_nk_cell","l2_proliferating_nk_cell_alr",1,0.46,FALSE
"l3_proliferating_nk_cell","l1_nk_cell_alr",1,0.05,FALSE
"l3_transitional_b_cell","l2_memory_b_cell_alr",1,0.02,FALSE
"l2_memory_b_cell_alr","l2_effector_b_cell_alr",1,0.09,FALSE
"l2_plasma_cell_alr","l3_plasma_cell",1,0,FALSE
"l2_plasma_cell_alr","l2_memory_b_cell_alr",1,0,FALSE
"l2_plasma_cell_alr","l1_b_cell_alr",1,0.01,FALSE
"l2_transitional_b_cell_alr","l3_transitional_b_cell",1,0.48,FALSE
"l2_asdc_alr","l3_asdc",1,0,FALSE
"l2_asdc_alr","l2_pdc_alr",1,0,FALSE
"l2_asdc_alr","l1_dc_alr",1,0,FALSE
"l2_cdc1_alr","l3_cdc1",1,0,FALSE
"l2_cdc1_alr","l2_asdc_alr",1,0.35,FALSE
"l2_cdc1_alr","l2_pdc_alr",1,0,FALSE
"l2_cdc1_alr","l1_dc_alr",1,0,FALSE
"l2_pdc_alr","l3_pdc",1,0,FALSE
"l2_pdc_alr","l1_dc_alr",1,0,FALSE
"l2_intermediate_monocyte_alr","l3_intermediate_monocyte",1,0,FALSE
"l2_intermediate_monocyte_alr","l2_cd16_monocyte_alr",1,0,FALSE
"l2_intermediate_monocyte_alr","l1_monocyte_alr",1,0,FALSE
"l2_cd56bright_nk_cell_alr","l3_cd56bright_nk_cell",1,0,FALSE
"l2_cd56bright_nk_cell_alr","l1_nk_cell_alr",1,0.35,FALSE
"l2_cd8aa_alr","l3_cd8aa",1,0,FALSE
"l2_cd8aa_alr","l2_memory_cd4_t_cell_alr",1,0,FALSE
"l2_cd8aa_alr","l2_memory_cd8_t_cell_alr",1,0,FALSE
"l2_dn_t_cell_alr","l3_dn_t_cell",1,0,FALSE
"l2_dn_t_cell_alr","l2_memory_cd8_t_cell_alr",1,0,FALSE
"l2_mait_alr","l3_cd4_mait_alr",1,0.15,FALSE
"l2_memory_cd8_t_cell_alr","l2_treg_alr",1,0,FALSE
"l2_naive_cd8_t_cell_alr","l3_sox4_naive_cd4_t_cell_alr",1,0,FALSE
"l2_proliferating_t_cell_alr","l3_proliferating_t_cell",1,0,FALSE
"l2_proliferating_t_cell_alr","l2_memory_cd8_t_cell_alr",1,0,FALSE
"l2_treg_alr","l2_memory_cd4_t_cell_alr",1,0,FALSE
"l3_isg_cd16_monocyte_alr","l3_isg_cd14_monocyte_alr",1,0.09,FALSE
"l3_gzmk_cd56dim_nk_cell_alr","l3_adaptive_nk_cell_alr",1,0.46,FALSE
"l3_isg_cdc2_alr","l3_isg_cd14_monocyte_alr",1,0,FALSE
"l3_isg_cdc2_alr","l3_cd14_cdc2_alr",1,0,FALSE
"l3_sox4_vd1_gdt_alr","l3_klrf1_effector_vd1_gdt_alr",1,0.03,FALSE
"l3_sox4_vd1_gdt_alr","l3_naive_vd1_gdt_alr",1,0,FALSE
"l3_sox4_vd1_gdt_alr","l3_sox4_naive_cd8_t_cell_alr",1,0,FALSE
"l3_isg_mait_alr","l2_mait_alr",1,0.03,FALSE
"l3_activated_memory_b_cell_alr","l3_cd95_memory_b_cell_alr",1,0.225,FALSE
"l3_type_2_polarized_memory_b_cell_alr","l3_cd95_memory_b_cell_alr",1,0.47,FALSE
"l3_isg_memory_cd4_t_cell_alr","l3_isg_cd14_monocyte_alr",1,0.005,FALSE
"l3_klrf1_gzmb_cd27_memory_cd4_t_cell_alr","cmv",1,0,FALSE
"l3_gzmb_cd27_em_cd4_t_cell_alt_alr","l3_naive_cd4_treg_alr",1,0.07,FALSE
"l3_isg_memory_cd8_t_cell_alr","l2_memory_cd4_t_cell_alr",1,0,FALSE
"l3_isg_memory_cd8_t_cell_alr","l2_memory_cd8_t_cell_alr",1,0,FALSE
"l3_isg_memory_cd8_t_cell_alr","l3_isg_memory_cd4_t_cell_alr",1,0,FALSE
"l3_gzmk_cd27_em_cd8_t_cell_alt_alr","l3_cm_cd8_t_cell_alr",1,0.04,FALSE
"l3_isg_naive_b_cell_alr","l3_isg_cd14_monocyte_alr",1,0,FALSE
"l3_isg_naive_cd4_t_cell_alr","l3_isg_cd14_monocyte_alr",1,0.005,FALSE
"l3_isg_naive_cd8_t_cell_alr","l2_naive_cd8_t_cell_alr",1,0,FALSE
"l3_isg_naive_cd8_t_cell_alr","l3_isg_naive_cd4_t_cell_alr",1,0,FALSE
"l3_sox4_naive_cd8_t_cell_alr","l2_naive_cd8_t_cell_alr",1,0.17,FALSE
"l3_sox4_naive_cd8_t_cell_alr","l3_sox4_naive_cd4_t_cell_alr",1,0,FALSE
"l3_clp_cell_alr","l2_progenitor_cell",1,0.37,FALSE
"l1_dc_alr","l3_pdc",1,0.07,FALSE
"l1_monocyte_alr","l1_dc_alr",1,0,FALSE
"l1_b_cell_alr","l3_transitional_b_cell",1,0.48,FALSE
"l1_erythrocyte_alr","l3_erythrocyte",1,0,FALSE
"l1_ilc_alr","l3_ilc",1,0,FALSE
"l1_platelet_alr","l3_platelet",1,0,FALSE
"l1_progenitor_cell_alr","l2_progenitor_cell",1,0,FALSE
"l3_cdc1","l1_dc_alr",0.99,0.383838383838384,FALSE
"l2_dn_t_cell_alr","l2_memory_cd4_t_cell_alr",0.99,0,FALSE
"l3_klrf1_effector_vd1_gdt_alr","l3_cd27_effector_b_cell_alt_alr",0.99,0.454545454545455,FALSE
"l3_isg_naive_b_cell_alr","l2_effector_b_cell_alr",0.99,0,FALSE
"l1_erythrocyte_alr","l1_dc_alr",0.99,0,FALSE
"l3_gzmk_cd27_em_cd8_t_cell_alt_alr","l2_mait_alr",0.98,0.0510204081632653,FALSE
"l2_memory_cd8_t_cell_alr","l3_klrf1_gzmb_cd27_em_cd8_t_cell_alt_alr",0.98,0.0204081632653061,FALSE
"l2_proliferating_t_cell_alr","l2_memory_cd4_t_cell_alr",0.98,0,FALSE
"l3_klrf1_effector_vd1_gdt_alt_alr","l3_klrf1_effector_vd1_gdt_alr",0.98,0.112244897959184,FALSE
"l3_naive_vd1_gdt_alr","l3_sox4_naive_cd4_t_cell_alr",0.98,0,FALSE
"l3_activated_memory_b_cell_alr","l3_il1b_cd14_monocyte_alr",0.98,0.255102040816327,FALSE
"l3_klrf1_gzmb_cd27_em_cd8_t_cell_alr","l3_klrf1_gzmb_cd27_em_cd8_t_cell_alt_alr",0.98,0,FALSE
"l3_klrf1_gzmb_cd27_em_cd8_t_cell_alt_alr","l3_klrf1_gzmb_cd27_memory_cd4_t_cell_alr",0.98,0,FALSE
"l3_sox4_naive_cd4_t_cell_alr","age_group",0.98,0,FALSE
"l3_memory_cd8_treg_alr","l3_naive_cd4_treg_alr",0.98,0.183673469387755,FALSE
"l2_memory_cd4_t_cell_alr","l3_naive_cd4_treg_alr",0.97,0.175257731958763,FALSE
"l2_ilc","l1_dc_alr",0.97,0,FALSE
"l2_mait_alr","l3_gzmb_cd27_em_cd4_t_cell_alr",0.97,0.134020618556701,FALSE
"l3_gzmb_cd27_em_cd4_t_cell_alr","l3_proliferating_t_cell",0.97,0.0721649484536083,FALSE
"l3_gzmb_cd27_em_cd4_t_cell_alt_alr","l3_gzmk_cd27_em_cd8_t_cell_alt_alr",0.97,0.103092783505155,FALSE
"l3_klrf1_gzmb_cd27_em_cd8_t_cell_alr","l3_gzmb_cd27_em_cd4_t_cell_alt_alr",0.97,0.0309278350515464,FALSE
"l3_klrb1_memory_cd4_treg_alr","l3_gzmk_memory_cd4_treg_alr",0.97,0.417525773195876,FALSE
"l1_platelet_alr","l2_pdc_alr",0.97,0.0824742268041237,FALSE
"l3_intermediate_monocyte","l2_cd16_monocyte_alr",0.96,0.03125,FALSE
"l2_gdt_alr","l2_memory_cd8_t_cell_alr",0.96,0,FALSE
"l3_isg_cd56dim_nk_cell_alr","l3_isg_cdc2_alr",0.96,0.270833333333333,FALSE
"l3_adaptive_nk_cell_alr","cmv",0.96,0,FALSE
"l1_platelet_alr","l1_dc_alr",0.96,0,FALSE
"l3_baeomap_cell","l2_memory_b_cell_alr",0.95,0,FALSE
"l2_memory_cd4_t_cell_alr","l3_klrf1_gzmb_cd27_memory_cd4_t_cell_alr",0.95,0.368421052631579,FALSE
"l1_erythrocyte_alr","l3_pdc",0.95,0,FALSE
"l1_erythrocyte_alr","l2_pdc_alr",0.94,0.0212765957446809,FALSE
"l2_platelet","l1_dc_alr",0.94,0,FALSE
"l3_sox4_vd1_gdt_alr","l3_gzmk_memory_cd4_treg_alr",0.94,0,FALSE
"l3_naive_cd4_treg_alr","l3_cd8aa",0.94,0.117021276595745,FALSE
"l1_erythrocyte_alr","l3_asdc",0.93,0,FALSE
"l1_platelet_alr","l3_pdc",0.93,0,FALSE
"l3_gzmb_cd27_em_cd4_t_cell_alr","l3_platelet",0.93,0.258064516129032,FALSE
"l3_early_memory_b_cell_alr","sex",0.92,0,FALSE
"l1_ilc_alr","l3_pdc",0.92,0,FALSE
"l3_naive_vd1_gdt_alr","l3_isg_memory_cd8_t_cell_alr",0.91,0.10989010989011,FALSE
"l1_ilc_alr","l3_asdc",0.91,0,FALSE
"l1_ilc_alr","l2_pdc_alr",0.91,0,FALSE
"l1_ilc_alr","l1_dc_alr",0.91,0,FALSE
"l3_dn_t_cell","l3_proliferating_t_cell",0.91,0.0989010989010989,FALSE
"l3_intermediate_monocyte","l3_gzmb_cd27_em_cd4_t_cell_alt_alr",0.91,0.0659340659340659,FALSE
"l2_proliferating_nk_cell_alr","l2_cd56bright_nk_cell_alr",0.91,0.197802197802198,FALSE
"l2_cd8aa_alr","l2_gdt_alr",0.91,0.0769230769230769,FALSE
"l3_c1q_cd16_monocyte_alr","l2_cd16_monocyte_alr",0.9,0.266666666666667,FALSE
"l1_dc_alr","l2_progenitor_cell",0.9,0.0111111111111111,FALSE
"l3_gzmb_vd2_gdt_alr","l3_early_memory_b_cell_alr",0.9,0.0777777777777778,FALSE
"l2_proliferating_nk_cell_alr","l1_nk_cell_alr",0.89,0.157303370786517,FALSE
"l3_naive_vd1_gdt_alr","l2_gdt_alr",0.89,0.146067415730337,FALSE
"l1_platelet_alr","l3_asdc",0.89,0,FALSE
"l1_progenitor_cell_alr","l1_b_cell_alr",0.88,0.0795454545454545,FALSE
"l3_dn_t_cell","l3_klrf1_effector_vd1_gdt_alt_alr",0.88,0.284090909090909,FALSE
"l3_cd14_cdc2_alr","l3_gzmb_cd27_em_cd4_t_cell_alt_alr",0.88,0.181818181818182,FALSE
"l3_isg_naive_cd8_t_cell_alr","l3_plasma_cell",0.88,0.0454545454545455,FALSE
"l3_il1b_cd14_monocyte_alr","l3_intermediate_monocyte",0.88,0.215909090909091,FALSE
"l2_memory_b_cell_alr","l1_monocyte_alr",0.87,0.988505747126437,FALSE
"l1_monocyte_alr","l2_memory_b_cell_alr",0.87,0.0114942528735632,FALSE
"l3_plasma_cell","l3_cd95_memory_b_cell_alr",0.86,0.569767441860465,FALSE
"l3_cd95_memory_b_cell_alr","l3_plasma_cell",0.86,0.430232558139535,FALSE
"l3_erythrocyte","l1_progenitor_cell_alr",0.85,1,FALSE
"l2_proliferating_t_cell_alr","l3_cm_cd8_t_cell_alr",0.85,1,FALSE
"l3_klrf1_gzmb_cd27_memory_cd4_t_cell_alr","l1_progenitor_cell_alr",0.85,1,FALSE
"l3_cm_cd8_t_cell_alr","l2_proliferating_t_cell_alr",0.85,0,FALSE
"l1_dc_alr","l1_nk_cell_alr",0.85,0.823529411764706,FALSE
"l1_nk_cell_alr","l1_dc_alr",0.85,0.176470588235294,FALSE
"l1_progenitor_cell_alr","l3_erythrocyte",0.85,0,FALSE
"l1_progenitor_cell_alr","l3_klrf1_gzmb_cd27_memory_cd4_t_cell_alr",0.85,0,FALSE
"l3_plasma_cell","l3_gzmb_cd27_em_cd4_t_cell_alr",0.84,0.761904761904762,FALSE
"l3_proliferating_t_cell","l3_gzmb_cd27_em_cd4_t_cell_alt_alr",0.84,0.964285714285714,FALSE
"l3_gzmb_cd27_em_cd4_t_cell_alr","l3_plasma_cell",0.84,0.238095238095238,FALSE
"l3_gzmb_cd27_em_cd4_t_cell_alt_alr","l3_proliferating_t_cell",0.84,0.0357142857142857,FALSE
"l2_platelet","l3_klrf1_gzmb_cd27_memory_cd4_t_cell_alr",0.84,0,FALSE
"l3_asdc","l3_sox4_naive_cd8_t_cell_alr",0.84,0.0238095238095238,FALSE
"l3_klrf1_gzmb_cd27_memory_cd4_t_cell_alr","l2_platelet",0.84,1,FALSE
"l3_sox4_naive_cd8_t_cell_alr","l3_asdc",0.84,0.976190476190476,FALSE
"l3_sox4_vd1_gdt_alr","l1_dc_alr",0.83,0,FALSE
"l1_dc_alr","l3_sox4_vd1_gdt_alr",0.83,1,FALSE
"l3_cd8aa","l3_klrb1_memory_cd8_treg_alr",0.82,0.975609756097561,FALSE
"l2_gdt_alr","l2_proliferating_t_cell_alr",0.82,0.98780487804878,FALSE
"l2_proliferating_t_cell_alr","l2_gdt_alr",0.82,0.0121951219512195,FALSE
"l3_isg_memory_cd4_t_cell_alr","l3_isg_naive_cd4_t_cell_alr",0.82,0.939024390243902,FALSE
"l3_isg_naive_cd4_t_cell_alr","l3_isg_memory_cd4_t_cell_alr",0.82,0.0609756097560976,FALSE
"l3_klrb1_memory_cd8_treg_alr","l3_cd8aa",0.82,0.024390243902439,FALSE
"l3_dn_t_cell","l1_b_cell_alr",0.82,0.25609756097561,FALSE
"l1_b_cell_alr","l3_dn_t_cell",0.82,0.74390243902439,FALSE
"l3_proliferating_nk_cell","l3_baeomap_cell",0.81,0.950617283950617,FALSE
"l3_baeomap_cell","l3_proliferating_nk_cell",0.81,0.0493827160493827,FALSE
"l1_erythrocyte_alr","l1_progenitor_cell_alr",0.81,1,FALSE
"l1_progenitor_cell_alr","l1_erythrocyte_alr",0.81,0,FALSE
"l3_cd8aa","l3_sox4_naive_cd4_t_cell_alr",0.81,0.740740740740741,FALSE
"l3_sox4_naive_cd4_t_cell_alr","l3_cd8aa",0.81,0.259259259259259,FALSE
"age_group","l3_cd8aa",0.79,1,FALSE
"l3_cd8aa","age_group",0.79,0,FALSE
"l3_cdc1","l1_platelet_alr",0.79,1,FALSE
"l3_gzmb_vd2_gdt_alr","l3_memory_cd8_treg_alr",0.79,0.208860759493671,FALSE
"l3_memory_cd8_treg_alr","l3_gzmb_vd2_gdt_alr",0.79,0.791139240506329,FALSE
"l1_platelet_alr","l3_cdc1",0.79,0,FALSE
"l3_plasma_cell","l3_proliferating_t_cell",0.79,0.721518987341772,FALSE
"l3_proliferating_t_cell","l3_plasma_cell",0.79,0.278481012658228,FALSE
"age_group","l2_cd16_monocyte_alr",0.78,1,FALSE
"l3_proliferating_t_cell","l2_treg_alr",0.78,0.987179487179487,FALSE
"l2_pdc_alr","l2_naive_cd8_t_cell_alr",0.78,0,FALSE
"l2_cd16_monocyte_alr","age_group",0.78,0,FALSE
"l2_cd8aa_alr","l1_dc_alr",0.78,0,FALSE
"l2_naive_cd8_t_cell_alr","l2_pdc_alr",0.78,1,FALSE
"l2_treg_alr","l3_proliferating_t_cell",0.78,0.0128205128205128,FALSE
"l3_c1q_cd16_monocyte_alr","l3_isg_cd16_monocyte_alr",0.78,0,FALSE
"l3_isg_cd16_monocyte_alr","l3_c1q_cd16_monocyte_alr",0.78,1,FALSE
"l3_klrf1_effector_vd1_gdt_alr","l3_klrf1_gzmb_cd27_memory_cd4_t_cell_alr",0.78,0,FALSE
"l3_klrf1_gzmb_cd27_memory_cd4_t_cell_alr","l3_klrf1_effector_vd1_gdt_alr",0.78,1,FALSE
"l1_dc_alr","l2_cd8aa_alr",0.78,1,FALSE
"l1_dc_alr","l1_progenitor_cell_alr",0.78,1,FALSE
"l1_progenitor_cell_alr","l1_dc_alr",0.78,0,FALSE
"l2_memory_cd8_t_cell_alr","l3_gzmb_cd27_em_cd4_t_cell_alr",0.77,0.909090909090909,FALSE
"l3_gzmb_cd27_em_cd4_t_cell_alr","l2_memory_cd8_t_cell_alr",0.77,0.0909090909090909,FALSE
"l3_gzmb_cd27_em_cd4_t_cell_alr","l3_gzmb_cd27_em_cd4_t_cell_alt_alr",0.77,0.87012987012987,FALSE
"l3_gzmb_cd27_em_cd4_t_cell_alt_alr","l3_gzmb_cd27_em_cd4_t_cell_alr",0.77,0.12987012987013,FALSE
"l3_isg_memory_cd8_t_cell_alr","l3_cm_cd8_t_cell_alr",0.77,0.623376623376623,FALSE
"l3_cm_cd8_t_cell_alr","l3_isg_memory_cd8_t_cell_alr",0.77,0.376623376623377,FALSE
"cmv","l3_cm_cd8_t_cell_alr",0.76,1,FALSE
"l2_pdc_alr","l1_nk_cell_alr",0.76,0.355263157894737,FALSE
"l2_dn_t_cell_alr","l2_naive_cd8_t_cell_alr",0.76,0,FALSE
"l2_naive_cd8_t_cell_alr","l2_dn_t_cell_alr",0.76,1,FALSE
"l2_naive_cd8_t_cell_alr","l2_proliferating_t_cell_alr",0.76,1,FALSE
"l2_proliferating_t_cell_alr","l2_naive_cd8_t_cell_alr",0.76,0,FALSE
"l3_klrf1_effector_vd1_gdt_alr","l3_early_memory_b_cell_alr",0.76,0.0263157894736842,FALSE
"l3_early_memory_b_cell_alr","l3_klrf1_effector_vd1_gdt_alr",0.76,0.973684210526316,FALSE
"l3_cm_cd8_t_cell_alr","cmv",0.76,0,FALSE
"l1_nk_cell_alr","l2_pdc_alr",0.76,0.644736842105263,FALSE
"l3_platelet","l3_activated_memory_b_cell_alr",0.75,0.786666666666667,FALSE
"l2_cd8aa_alr","l2_proliferating_t_cell_alr",0.75,0.626666666666667,FALSE
"l2_proliferating_t_cell_alr","l2_cd8aa_alr",0.75,0.373333333333333,FALSE
"l2_treg_alr","l1_dc_alr",0.75,1,FALSE
"l3_activated_memory_b_cell_alr","l3_platelet",0.75,0.213333333333333,FALSE
"l1_dc_alr","l2_treg_alr",0.75,0,FALSE
"l2_erythrocyte","l1_platelet_alr",0.74,0,FALSE
"l3_cdc1","l1_erythrocyte_alr",0.74,1,FALSE
"l3_pdc","l3_isg_naive_b_cell_alr",0.74,1,FALSE
"l3_proliferating_t_cell","l3_isg_memory_cd4_t_cell_alr",0.74,0.986486486486487,FALSE
"l3_cd95_memory_b_cell_alr","l3_gzmk_cd27_em_cd8_t_cell_alt_alr",0.74,0.945945945945946,FALSE
"l3_isg_memory_cd4_t_cell_alr","l3_proliferating_t_cell",0.74,0.0135135135135135,FALSE
"l3_gzmk_cd27_em_cd8_t_cell_alt_alr","l3_cd95_memory_b_cell_alr",0.74,0.0540540540540541,FALSE
"l3_isg_naive_b_cell_alr","l3_pdc",0.74,0,FALSE
"l1_erythrocyte_alr","l3_cdc1",0.74,0,FALSE
"l1_platelet_alr","l2_erythrocyte",0.74,1,FALSE
"l2_ilc","l3_erythrocyte",0.73,0,FALSE
"l3_erythrocyte","l2_ilc",0.73,1,FALSE
"l2_cdc1_alr","l3_type_2_polarized_memory_b_cell_alr",0.73,0,FALSE
"l3_cd95_memory_b_cell_alr","l3_klrb1_memory_cd4_treg_alr",0.73,0.787671232876712,FALSE
"l3_type_2_polarized_memory_b_cell_alr","l2_cdc1_alr",0.73,1,FALSE
"l3_klrb1_memory_cd4_treg_alr","l3_cd95_memory_b_cell_alr",0.73,0.212328767123288,FALSE
"l3_pdc","l3_adaptive_nk_cell_alr",0.72,0.0277777777777778,FALSE
"l3_adaptive_nk_cell_alr","l3_pdc",0.72,0.972222222222222,FALSE
"l3_klrf1_gzmb_cd27_em_cd8_t_cell_alr","l1_erythrocyte_alr",0.72,0.0138888888888889,FALSE
"l1_erythrocyte_alr","l3_klrf1_gzmb_cd27_em_cd8_t_cell_alr",0.72,0.986111111111111,FALSE
"l2_cd8aa_alr","l2_dn_t_cell_alr",0.71,0.929577464788732,FALSE
"l2_dn_t_cell_alr","l2_cd8aa_alr",0.71,0.0704225352112676,FALSE
"l2_erythrocyte","l3_platelet",0.71,0,FALSE
"l3_platelet","l2_erythrocyte",0.71,1,FALSE
"l3_baeomap_cell","l2_cd16_monocyte_alr",0.71,0.408450704225352,FALSE
"l2_cd16_monocyte_alr","l3_baeomap_cell",0.71,0.591549295774648,FALSE
"l2_intermediate_monocyte_alr","l3_isg_naive_cd4_t_cell_alr",0.71,0,FALSE
"l2_dn_t_cell_alr","l1_monocyte_alr",0.71,0,FALSE
"l3_gzmk_cd27_em_cd8_t_cell_alt_alr","l1_monocyte_alr",0.71,0,FALSE
"l3_isg_naive_cd4_t_cell_alr","l2_intermediate_monocyte_alr",0.71,1,FALSE
"l3_isg_naive_cd4_t_cell_alr","l1_erythrocyte_alr",0.71,1,FALSE
"l1_monocyte_alr","l2_dn_t_cell_alr",0.71,1,FALSE
"l1_monocyte_alr","l3_gzmk_cd27_em_cd8_t_cell_alt_alr",0.71,1,FALSE
"l1_erythrocyte_alr","l3_isg_naive_cd4_t_cell_alr",0.71,0,FALSE
"l2_intermediate_monocyte_alr","l1_platelet_alr",0.7,0.0285714285714286,FALSE
"l1_platelet_alr","l2_intermediate_monocyte_alr",0.7,0.971428571428571,FALSE
"l3_intermediate_monocyte","l3_pdc",0.7,0,FALSE
"l3_pdc","l3_intermediate_monocyte",0.7,1,FALSE
"l3_pdc","l3_activated_memory_b_cell_alr",0.7,0.671428571428571,FALSE
"l3_platelet","l2_intermediate_monocyte_alr",0.7,1,FALSE
"l2_memory_b_cell_alr","l3_cd95_memory_b_cell_alr",0.7,0.685714285714286,FALSE
"l2_transitional_b_cell_alr","l1_b_cell_alr",0.7,0.257142857142857,FALSE
"l2_intermediate_monocyte_alr","l3_platelet",0.7,0,FALSE
"l3_isg_cd56dim_nk_cell_alr","l3_type_2_polarized_memory_b_cell_alr",0.7,0,FALSE
"l3_sox4_vd1_gdt_alr","l3_type_2_polarized_memory_b_cell_alr",0.7,0.1,FALSE
"l3_activated_memory_b_cell_alr","l3_pdc",0.7,0.328571428571429,FALSE
"l3_cd95_memory_b_cell_alr","l2_memory_b_cell_alr",0.7,0.314285714285714,FALSE
"l3_type_2_polarized_memory_b_cell_alr","l3_isg_cd56dim_nk_cell_alr",0.7,1,FALSE
"l3_type_2_polarized_memory_b_cell_alr","l3_sox4_vd1_gdt_alr",0.7,0.9,FALSE
"l1_b_cell_alr","l2_transitional_b_cell_alr",0.7,0.742857142857143,FALSE
"l2_plasma_cell_alr","l2_transitional_b_cell_alr",0.69,0.0289855072463768,FALSE
"l2_transitional_b_cell_alr","l2_plasma_cell_alr",0.69,0.971014492753623,FALSE
"l2_memory_cd4_t_cell_alr","l3_isg_naive_cd4_t_cell_alr",0.69,0.927536231884058,FALSE
"l3_naive_vd1_gdt_alr","l3_gzmb_cd27_em_cd4_t_cell_alr",0.69,0.0289855072463768,FALSE
"l3_gzmb_cd27_em_cd4_t_cell_alr","l3_naive_vd1_gdt_alr",0.69,0.971014492753623,FALSE
"l3_isg_naive_cd4_t_cell_alr","l2_memory_cd4_t_cell_alr",0.69,0.072463768115942,FALSE
"l2_platelet","l3_erythrocyte",0.69,0,FALSE
"l3_erythrocyte","l2_platelet",0.69,1,FALSE
"l3_isg_cd56dim_nk_cell_alr","l3_cd4_mait_alr",0.69,0,FALSE
"l3_cd4_mait_alr","l3_isg_cd56dim_nk_cell_alr",0.69,1,FALSE
"l3_proliferating_nk_cell","l3_sox4_naive_cd4_t_cell_alr",0.68,0,FALSE
"l2_plasma_cell_alr","l2_proliferating_t_cell_alr",0.68,0,FALSE
"l2_asdc_alr","l3_type_2_polarized_memory_b_cell_alr",0.68,0,FALSE
"l2_proliferating_t_cell_alr","l2_plasma_cell_alr",0.68,1,FALSE
"l2_proliferating_t_cell_alr","l1_monocyte_alr",0.68,0.0147058823529412,FALSE
"l3_isg_cd14_monocyte_alr","l3_isg_cd56dim_nk_cell_alr",0.68,0.985294117647059,FALSE
"l3_isg_cd56dim_nk_cell_alr","l3_isg_cd14_monocyte_alr",0.68,0.0147058823529412,FALSE
"l3_klrf1_effector_vd1_gdt_alr","l3_isg_memory_cd8_t_cell_alr",0.68,0.823529411764706,FALSE
"l3_type_2_polarized_memory_b_cell_alr","l2_asdc_alr",0.68,1,FALSE
"l3_isg_memory_cd8_t_cell_alr","l3_klrf1_effector_vd1_gdt_alr",0.68,0.176470588235294,FALSE
"l3_sox4_naive_cd4_t_cell_alr","l3_proliferating_nk_cell",0.68,1,FALSE
"l1_monocyte_alr","l2_proliferating_t_cell_alr",0.68,0.985294117647059,FALSE
"l2_cd16_monocyte_alr","l1_monocyte_alr",0.68,0.838235294117647,FALSE
"l1_monocyte_alr","l2_cd16_monocyte_alr",0.68,0.161764705882353,FALSE
"l3_plasma_cell","l3_gzmk_cd56dim_nk_cell_alr",0.67,0.813432835820896,FALSE
"l2_pdc_alr","l3_isg_naive_cd4_t_cell_alr",0.67,0.0746268656716418,FALSE
"l2_dn_t_cell_alr","l2_gdt_alr",0.67,0,FALSE
"l2_gdt_alr","l2_dn_t_cell_alr",0.67,1,FALSE
"l3_gzmk_cd56dim_nk_cell_alr","l3_plasma_cell",0.67,0.186567164179104,FALSE
"l3_klrf1_gzmb_cd27_em_cd8_t_cell_alr","l3_gzmk_memory_cd4_treg_alr",0.67,0.0597014925373134,FALSE
"l3_isg_naive_cd4_t_cell_alr","l2_pdc_alr",0.67,0.925373134328358,FALSE
"l3_gzmk_memory_cd4_treg_alr","l3_klrf1_gzmb_cd27_em_cd8_t_cell_alr",0.67,0.940298507462687,FALSE
"l3_type_2_polarized_memory_b_cell_alr","l3_naive_cd4_treg_alr",0.67,0.0895522388059702,FALSE
"l3_naive_cd4_treg_alr","l3_type_2_polarized_memory_b_cell_alr",0.67,0.91044776119403,FALSE
"age_group","l2_intermediate_monocyte_alr",0.66,1,FALSE
"l3_cd56bright_nk_cell","l1_nk_cell_alr",0.66,1,FALSE
"l3_cd8aa","l3_adaptive_nk_cell_alr",0.66,1,FALSE
"l3_platelet","l2_asdc_alr",0.66,1,FALSE
"l3_platelet","l2_pdc_alr",0.66,1,FALSE
"l2_asdc_alr","l3_platelet",0.66,0,FALSE
"l2_asdc_alr","l1_platelet_alr",0.66,0,FALSE
"l2_pdc_alr","l3_platelet",0.66,0,FALSE
"l2_intermediate_monocyte_alr","age_group",0.66,0,FALSE
"l2_gdt_alr","l3_gzmb_vd2_gdt_alr",0.66,0.0606060606060606,FALSE
"l3_adaptive_nk_cell_alr","l3_cd8aa",0.66,0,FALSE
"l3_gzmb_vd2_gdt_alr","l2_gdt_alr",0.66,0.939393939393939,FALSE
"l1_nk_cell_alr","l3_cd56bright_nk_cell",0.66,0,FALSE
"l1_platelet_alr","l2_asdc_alr",0.66,1,FALSE
"l2_dn_t_cell_alr","l2_proliferating_t_cell_alr",0.66,0.287878787878788,FALSE
"l2_proliferating_t_cell_alr","l2_dn_t_cell_alr",0.66,0.712121212121212,FALSE
"l3_gzmk_cd56dim_nk_cell_alr","l1_nk_cell_alr",0.66,0.878787878787879,FALSE
"l1_nk_cell_alr","l3_gzmk_cd56dim_nk_cell_alr",0.66,0.121212121212121,FALSE
"l2_progenitor_cell","l3_klrb1_memory_cd4_treg_alr",0.65,0.938461538461538,FALSE
"l3_proliferating_nk_cell","l3_c1q_cd16_monocyte_alr",0.65,1,FALSE
"l3_transitional_b_cell","l3_cd14_cdc2_alr",0.65,1,FALSE
"l2_pdc_alr","l1_b_cell_alr",0.65,0.0153846153846154,FALSE
"l3_c1q_cd16_monocyte_alr","l3_proliferating_nk_cell",0.65,0,FALSE
"l3_cd14_cdc2_alr","l3_transitional_b_cell",0.65,0,FALSE
"l3_klrb1_memory_cd4_treg_alr","l2_progenitor_cell",0.65,0.0615384615384615,FALSE
"l1_b_cell_alr","l2_pdc_alr",0.65,0.984615384615385,FALSE
"l3_asdc","l3_plasma_cell",0.65,0.0923076923076923,FALSE
"l3_plasma_cell","l3_asdc",0.65,0.907692307692308,FALSE
"l3_cdc1","l3_adaptive_nk_cell_alr",0.64,0.53125,FALSE
"l3_erythrocyte","l1_b_cell_alr",0.64,0.71875,FALSE
"l3_proliferating_nk_cell","l2_cd56bright_nk_cell_alr",0.64,0.171875,FALSE
"l3_proliferating_t_cell","l3_klrf1_effector_vd1_gdt_alr",0.64,0.75,FALSE
"l2_cd56bright_nk_cell_alr","l3_proliferating_nk_cell",0.64,0.828125,FALSE
"l2_gdt_alr","l2_naive_cd8_t_cell_alr",0.64,0.40625,FALSE
"l2_naive_cd8_t_cell_alr","l2_gdt_alr",0.64,0.59375,FALSE
"l3_adaptive_nk_cell_alr","l3_cdc1",0.64,0.46875,FALSE
"l3_klrf1_effector_vd1_gdt_alr","l3_proliferating_t_cell",0.64,0.25,FALSE
"l1_b_cell_alr","l3_erythrocyte",0.64,0.28125,FALSE
"l2_ilc","l1_b_cell_alr",0.63,0,FALSE
"l3_intermediate_monocyte","l2_dn_t_cell_alr",0.63,0.0476190476190476,FALSE
"l2_dn_t_cell_alr","l3_intermediate_monocyte",0.63,0.952380952380952,FALSE
"l2_dn_t_cell_alr","l3_isg_memory_cd4_t_cell_alr",0.63,0,FALSE
"l2_memory_cd4_t_cell_alr","l3_memory_cd8_treg_alr",0.63,0.5,FALSE
"l3_adaptive_nk_cell_alr","l3_klrf1_effector_vd1_gdt_alt_alr",0.63,0.873015873015873,FALSE
"l3_klrf1_effector_vd1_gdt_alt_alr","l3_adaptive_nk_cell_alr",0.63,0.126984126984127,FALSE
"l3_isg_memory_cd4_t_cell_alr","l2_dn_t_cell_alr",0.63,1,FALSE
"l3_isg_naive_cd4_t_cell_alr","l1_platelet_alr",0.63,1,FALSE
"l3_memory_cd8_treg_alr","l2_memory_cd4_t_cell_alr",0.63,0.5,FALSE
"l1_b_cell_alr","l2_ilc",0.63,1,FALSE
"l1_platelet_alr","l3_isg_naive_cd4_t_cell_alr",0.63,0,FALSE
"l2_ilc","l1_erythrocyte_alr",0.62,0,FALSE
"l2_cd8aa_alr","l2_naive_cd8_t_cell_alr",0.62,0,FALSE
"l2_naive_cd8_t_cell_alr","l2_cd8aa_alr",0.62,1,FALSE
"l3_klrf1_gzmb_cd27_memory_cd4_t_cell_alr","l3_gzmk_cd27_em_cd8_t_cell_alt_alr",0.62,0.959677419354839,FALSE
"l3_gzmk_cd27_em_cd8_t_cell_alt_alr","l3_klrf1_gzmb_cd27_memory_cd4_t_cell_alr",0.62,0.0403225806451613,FALSE
"l1_erythrocyte_alr","l2_ilc",0.62,1,FALSE
"l2_platelet","l3_klrf1_gzmb_cd27_em_cd8_t_cell_alr",0.61,0.0327868852459016,FALSE
"l3_erythrocyte","l2_pdc_alr",0.61,0.80327868852459,FALSE
"l2_pdc_alr","l3_erythrocyte",0.61,0.19672131147541,FALSE
"l3_klrf1_effector_vd1_gdt_alr","l3_naive_vd1_gdt_alr",0.61,0.983606557377049,FALSE
"l3_naive_vd1_gdt_alr","l3_klrf1_effector_vd1_gdt_alr",0.61,0.0163934426229508,FALSE
"l3_gzmb_cd27_em_cd4_t_cell_alt_alr","l3_gzmk_memory_cd4_treg_alr",0.61,0.0573770491803279,FALSE
"l3_klrf1_gzmb_cd27_em_cd8_t_cell_alr","l2_platelet",0.61,0.967213114754098,FALSE
"l3_klrf1_gzmb_cd27_em_cd8_t_cell_alt_alr","l3_sox4_naive_cd8_t_cell_alr",0.61,0.934426229508197,FALSE
"l3_sox4_naive_cd8_t_cell_alr","l3_klrf1_gzmb_cd27_em_cd8_t_cell_alt_alr",0.61,0.0655737704918033,FALSE
"l3_gzmk_memory_cd4_treg_alr","l3_gzmb_cd27_em_cd4_t_cell_alt_alr",0.61,0.942622950819672,FALSE
"l3_adaptive_nk_cell_alr","l3_klrf1_gzmb_cd27_em_cd8_t_cell_alt_alr",0.6,0.433333333333333,FALSE
"l3_klrf1_gzmb_cd27_em_cd8_t_cell_alt_alr","l3_adaptive_nk_cell_alr",0.6,0.566666666666667,FALSE
"l2_platelet","l3_ilc",0.6,0.0166666666666667,FALSE
"l3_ilc","l2_platelet",0.6,0.983333333333333,FALSE
"l3_platelet","l2_cdc1_alr",0.6,0.966666666666667,FALSE
"l2_cdc1_alr","l3_platelet",0.6,0.0333333333333333,FALSE
"l2_proliferating_nk_cell_alr","l3_adaptive_nk_cell_alr",0.6,0.516666666666667,FALSE
"l3_adaptive_nk_cell_alr","l2_proliferating_nk_cell_alr",0.6,0.483333333333333,FALSE
"l3_isg_naive_cd8_t_cell_alr","l1_monocyte_alr",0.6,0.983333333333333,FALSE
"l1_monocyte_alr","l3_isg_naive_cd8_t_cell_alr",0.6,0.0166666666666667,FALSE
"l2_platelet","l1_erythrocyte_alr",0.59,0.0508474576271186,FALSE
"l1_erythrocyte_alr","l2_platelet",0.59,0.949152542372881,FALSE
"age_group","l2_gdt_alr",0.59,1,FALSE
"l2_erythrocyte","l1_nk_cell_alr",0.59,0,FALSE
"l2_cd16_monocyte_alr","l3_cd95_memory_b_cell_alr",0.59,0.627118644067797,FALSE
"l2_gdt_alr","age_group",0.59,0,FALSE
"l3_cd95_memory_b_cell_alr","l2_cd16_monocyte_alr",0.59,0.372881355932203,FALSE
"l1_nk_cell_alr","l2_erythrocyte",0.59,1,FALSE
"l2_ilc","l3_klrf1_gzmb_cd27_em_cd8_t_cell_alr",0.58,0.0172413793103448,FALSE
"l3_cdc1","l1_ilc_alr",0.58,1,FALSE
"l2_memory_b_cell_alr","l3_early_memory_b_cell_alr",0.58,0.0172413793103448,FALSE
"l2_plasma_cell_alr","l3_isg_memory_cd4_t_cell_alr",0.58,0,FALSE
"l2_cdc1_alr","l1_platelet_alr",0.58,0,FALSE
"l3_early_memory_b_cell_alr","l2_memory_b_cell_alr",0.58,0.982758620689655,FALSE
"l3_isg_memory_cd4_t_cell_alr","l2_plasma_cell_alr",0.58,1,FALSE
"l3_klrf1_gzmb_cd27_em_cd8_t_cell_alr","l2_ilc",0.58,0.982758620689655,FALSE
"l1_ilc_alr","l3_cdc1",0.58,0,FALSE
"l1_platelet_alr","l2_cdc1_alr",0.58,1,FALSE
"l3_ilc","l2_effector_b_cell_alr",0.57,0.570175438596491,FALSE
"l2_effector_b_cell_alr","l3_ilc",0.57,0.429824561403509,FALSE
"l3_gzmk_cd56dim_nk_cell_alr","l3_cd27_effector_b_cell_alt_alr",0.57,0.798245614035088,FALSE
"l3_isg_cd56dim_nk_cell_alr","l3_klrf1_effector_vd1_gdt_alt_alr",0.57,0.0350877192982456,FALSE
"l3_cd27_effector_b_cell_alt_alr","l3_gzmk_cd56dim_nk_cell_alr",0.57,0.201754385964912,FALSE
"l3_klrf1_effector_vd1_gdt_alt_alr","l3_isg_cd56dim_nk_cell_alr",0.57,0.964912280701754,FALSE
"l3_klrb1_memory_cd8_treg_alr","l1_monocyte_alr",0.57,1,FALSE
"l1_monocyte_alr","l3_klrb1_memory_cd8_treg_alr",0.57,0,FALSE
"l2_ilc","l3_isg_cd56dim_nk_cell_alr",0.56,0,FALSE
"l2_platelet","l1_b_cell_alr",0.56,0,FALSE
"l3_cd56bright_nk_cell","l3_ilc",0.56,0.928571428571428,FALSE
"l3_ilc","l3_cd56bright_nk_cell",0.56,0.0714285714285714,FALSE
"l2_dn_t_cell_alr","l1_nk_cell_alr",0.56,0,FALSE
"l3_isg_cd56dim_nk_cell_alr","l2_ilc",0.56,1,FALSE
"l3_klrf1_gzmb_cd27_em_cd8_t_cell_alr","l1_nk_cell_alr",0.56,0.0178571428571429,FALSE
"l1_nk_cell_alr","l2_dn_t_cell_alr",0.56,1,FALSE
"l1_nk_cell_alr","l3_klrf1_gzmb_cd27_em_cd8_t_cell_alr",0.56,0.982142857142857,FALSE
"l1_b_cell_alr","l2_platelet",0.56,1,FALSE
"l2_ilc","l3_klrf1_effector_vd1_gdt_alt_alr",0.55,0,FALSE
"l3_dn_t_cell","l3_isg_naive_cd8_t_cell_alr",0.55,0.254545454545455,FALSE
"l3_klrf1_effector_vd1_gdt_alt_alr","l2_ilc",0.55,1,FALSE
"l3_isg_naive_cd8_t_cell_alr","l3_dn_t_cell",0.55,0.745454545454545,FALSE
"l3_platelet","l3_adaptive_nk_cell_alr",0.54,0.0185185185185185,FALSE
"l2_effector_b_cell_alr","l3_klrf1_gzmb_cd27_memory_cd4_t_cell_alr",0.54,0,FALSE
"l2_cd8aa_alr","l3_isg_memory_cd4_t_cell_alr",0.54,0,FALSE
"l3_adaptive_nk_cell_alr","l3_platelet",0.54,0.981481481481482,FALSE
"l3_isg_memory_cd4_t_cell_alr","l2_cd8aa_alr",0.54,1,FALSE
"l3_isg_memory_cd4_t_cell_alr","l3_isg_naive_b_cell_alr",0.54,0.574074074074074,FALSE
"l3_isg_memory_cd4_t_cell_alr","l3_isg_naive_cd8_t_cell_alr",0.54,0.666666666666667,FALSE
"l3_klrf1_gzmb_cd27_memory_cd4_t_cell_alr","l2_effector_b_cell_alr",0.54,1,FALSE
"l3_isg_naive_b_cell_alr","l3_isg_memory_cd4_t_cell_alr",0.54,0.425925925925926,FALSE
"l3_isg_naive_cd4_t_cell_alr","l3_naive_cd4_treg_alr",0.54,0,FALSE
"l3_isg_naive_cd8_t_cell_alr","l3_isg_memory_cd4_t_cell_alr",0.54,0.333333333333333,FALSE
"l3_naive_cd4_treg_alr","l3_isg_naive_cd4_t_cell_alr",0.54,1,FALSE
"l2_ilc","l3_klrf1_gzmb_cd27_memory_cd4_t_cell_alr",0.53,0,FALSE
"l3_intermediate_monocyte","l3_proliferating_t_cell",0.53,0.132075471698113,FALSE
"l3_proliferating_t_cell","l3_intermediate_monocyte",0.53,0.867924528301887,FALSE
"l3_proliferating_t_cell","l2_plasma_cell_alr",0.53,0.981132075471698,FALSE
"l2_plasma_cell_alr","l3_proliferating_t_cell",0.53,0.0188679245283019,FALSE
"l2_cd8aa_alr","l1_b_cell_alr",0.53,0,FALSE
"l2_proliferating_t_cell_alr","l3_isg_memory_cd4_t_cell_alr",0.53,0,FALSE
"l2_proliferating_t_cell_alr","l1_nk_cell_alr",0.53,0,FALSE
"l3_adaptive_nk_cell_alr","l3_gzmb_cd27_em_cd4_t_cell_alt_alr",0.53,0.981132075471698,FALSE
"l3_cd27_effector_b_cell_alt_alr","l3_klrf1_gzmb_cd27_em_cd8_t_cell_alt_alr",0.53,0.452830188679245,FALSE
"l3_isg_memory_cd4_t_cell_alr","l2_proliferating_t_cell_alr",0.53,1,FALSE
"l3_klrf1_gzmb_cd27_memory_cd4_t_cell_alr","l2_ilc",0.53,1,FALSE
"l3_gzmb_cd27_em_cd4_t_cell_alt_alr","l3_adaptive_nk_cell_alr",0.53,0.0188679245283019,FALSE
"l3_klrf1_gzmb_cd27_em_cd8_t_cell_alt_alr","l3_cd27_effector_b_cell_alt_alr",0.53,0.547169811320755,FALSE
"l1_nk_cell_alr","l2_proliferating_t_cell_alr",0.53,1,FALSE
"l1_b_cell_alr","l2_cd8aa_alr",0.53,1,FALSE
"l3_cdc1","l3_isg_cd14_monocyte_alr",0.52,0.346153846153846,FALSE
"l2_memory_b_cell_alr","l2_transitional_b_cell_alr",0.52,1,FALSE
"l2_transitional_b_cell_alr","l2_memory_b_cell_alr",0.52,0,FALSE
"l2_mait_alr","l3_klrf1_effector_vd1_gdt_alr",0.52,0.461538461538462,FALSE
"l3_isg_cd14_monocyte_alr","l3_cdc1",0.52,0.653846153846154,FALSE
"l3_klrf1_effector_vd1_gdt_alr","l2_mait_alr",0.52,0.538461538461539,FALSE
"l3_isg_naive_cd4_t_cell_alr","l1_ilc_alr",0.52,1,FALSE
"l3_klrb1_memory_cd4_treg_alr","l3_naive_cd4_treg_alr",0.52,0.153846153846154,FALSE
"l3_naive_cd4_treg_alr","l3_klrb1_memory_cd4_treg_alr",0.52,0.846153846153846,FALSE
"l1_ilc_alr","l3_isg_naive_cd4_t_cell_alr",0.52,0,FALSE
"l2_ilc","l3_gzmb_cd27_em_cd4_t_cell_alr",0.51,0,FALSE
"l3_proliferating_nk_cell","l3_adaptive_nk_cell_alr",0.51,0,FALSE
"l2_plasma_cell_alr","l2_memory_cd8_t_cell_alr",0.51,0,FALSE
"l2_intermediate_monocyte_alr","l3_sox4_naive_cd4_t_cell_alr",0.51,0,FALSE
"l2_cd56bright_nk_cell_alr","l1_dc_alr",0.51,0.0784313725490196,FALSE
"l2_mait_alr","l3_klrf1_gzmb_cd27_memory_cd4_t_cell_alr",0.51,0,FALSE
"l2_memory_cd8_t_cell_alr","l2_plasma_cell_alr",0.51,1,FALSE
"l2_memory_cd8_t_cell_alr","l1_b_cell_alr",0.51,0.333333333333333,FALSE
"l3_c1q_cd16_monocyte_alr","l3_gzmb_cd27_em_cd4_t_cell_alt_alr",0.51,0.137254901960784,FALSE
"l3_adaptive_nk_cell_alr","l3_proliferating_nk_cell",0.51,1,FALSE
"l3_type_2_polarized_memory_b_cell_alr","l1_platelet_alr",0.51,1,FALSE
"l3_klrf1_gzmb_cd27_memory_cd4_t_cell_alr","l2_mait_alr",0.51,1,FALSE
"l3_gzmb_cd27_em_cd4_t_cell_alr","l2_ilc",0.51,1,FALSE
"l3_gzmb_cd27_em_cd4_t_cell_alt_alr","l3_c1q_cd16_monocyte_alr",0.51,0.862745098039216,FALSE
"l3_gzmb_cd27_em_cd4_t_cell_alt_alr","l1_progenitor_cell_alr",0.51,1,FALSE
"l3_sox4_naive_cd4_t_cell_alr","l2_intermediate_monocyte_alr",0.51,1,FALSE
"l1_dc_alr","l2_cd56bright_nk_cell_alr",0.51,0.92156862745098,FALSE
"l1_b_cell_alr","l2_memory_cd8_t_cell_alr",0.51,0.666666666666667,FALSE
"l1_platelet_alr","l3_type_2_polarized_memory_b_cell_alr",0.51,0,FALSE
"l1_progenitor_cell_alr","l3_gzmb_cd27_em_cd4_t_cell_alt_alr",0.51,0,FALSE
"l2_erythrocyte","l3_klrf1_gzmb_cd27_memory_cd4_t_cell_alr",0.5,0,FALSE
"l3_cdc1","l2_asdc_alr",0.5,1,FALSE
"l3_cdc1","l3_early_memory_b_cell_alr",0.5,0.94,FALSE
"l3_pdc","l3_isg_naive_cd4_t_cell_alr",0.5,1,FALSE
"l3_transitional_b_cell","l3_klrb1_memory_cd8_treg_alr",0.5,0.38,FALSE
"l2_asdc_alr","l3_cdc1",0.5,0,FALSE
"l2_dn_t_cell_alr","l1_b_cell_alr",0.5,0.44,FALSE
"l3_il1b_cd14_monocyte_alr","l3_isg_naive_cd8_t_cell_alr",0.5,0,FALSE
"l3_isg_cd16_monocyte_alr","l3_isg_mait_alr",0.5,0.94,FALSE
"l3_gzmk_cd56dim_nk_cell_alr","l3_klrf1_gzmb_cd27_memory_cd4_t_cell_alr",0.5,0,FALSE
"l3_isg_cd56dim_nk_cell_alr","l1_nk_cell_alr",0.5,0,FALSE
"l3_isg_mait_alr","l3_isg_cd16_monocyte_alr",0.5,0.06,FALSE
"l3_early_memory_b_cell_alr","l3_cdc1",0.5,0.06,FALSE
"l3_klrf1_gzmb_cd27_memory_cd4_t_cell_alr","l2_erythrocyte",0.5,1,FALSE
"l3_klrf1_gzmb_cd27_memory_cd4_t_cell_alr","l3_gzmk_cd56dim_nk_cell_alr",0.5,1,FALSE
"l3_cm_cd8_t_cell_alr","l3_klrb1_memory_cd4_treg_alr",0.5,0.04,FALSE
"l3_klrf1_gzmb_cd27_em_cd8_t_cell_alr","l1_progenitor_cell_alr",0.5,0.72,FALSE
"l3_isg_naive_cd4_t_cell_alr","l3_pdc",0.5,0,FALSE
"l3_isg_naive_cd8_t_cell_alr","l3_il1b_cd14_monocyte_alr",0.5,1,FALSE
"l3_klrb1_memory_cd4_treg_alr","l3_cm_cd8_t_cell_alr",0.5,0.96,FALSE
"l3_klrb1_memory_cd8_treg_alr","l3_transitional_b_cell",0.5,0.62,FALSE
"l1_nk_cell_alr","l3_isg_cd56dim_nk_cell_alr",0.5,1,FALSE
"l1_b_cell_alr","l2_dn_t_cell_alr",0.5,0.56,FALSE
"l1_progenitor_cell_alr","l3_klrf1_gzmb_cd27_em_cd8_t_cell_alr",0.5,0.28,FALSE
"l2_platelet","l1_ilc_alr",0.49,0.142857142857143,FALSE
"l2_memory_b_cell_alr","l1_b_cell_alr",0.49,0.897959183673469,FALSE
"l2_mait_alr","l3_cd95_memory_b_cell_alr",0.49,0.285714285714286,FALSE
"l2_memory_cd8_t_cell_alr","l3_klrf1_effector_vd1_gdt_alr",0.49,0.653061224489796,FALSE
"l2_memory_cd8_t_cell_alr","l3_klrf1_gzmb_cd27_memory_cd4_t_cell_alr",0.49,0,FALSE
"l2_treg_alr","l3_sox4_naive_cd8_t_cell_alr",0.49,0.979591836734694,FALSE
"l3_klrf1_effector_vd1_gdt_alr","l2_memory_cd8_t_cell_alr",0.49,0.346938775510204,FALSE
"l3_cd95_memory_b_cell_alr","l2_mait_alr",0.49,0.714285714285714,FALSE
"l3_klrf1_gzmb_cd27_memory_cd4_t_cell_alr","l2_memory_cd8_t_cell_alr",0.49,1,FALSE
"l3_sox4_naive_cd8_t_cell_alr","l2_treg_alr",0.49,0.0204081632653061,FALSE
"l1_b_cell_alr","l2_memory_b_cell_alr",0.49,0.102040816326531,FALSE
"l1_ilc_alr","l2_platelet",0.49,0.857142857142857,FALSE
"l3_erythrocyte","l3_proliferating_t_cell",0.48,0.333333333333333,FALSE
"l3_proliferating_t_cell","l3_erythrocyte",0.48,0.666666666666667,FALSE
"l2_plasma_cell_alr","l2_memory_cd4_t_cell_alr",0.48,0,FALSE
"l2_asdc_alr","l2_naive_cd8_t_cell_alr",0.48,0,FALSE
"l2_cdc1_alr","l2_naive_cd8_t_cell_alr",0.48,0,FALSE
"l2_memory_cd4_t_cell_alr","l2_plasma_cell_alr",0.48,1,FALSE
"l2_naive_cd8_t_cell_alr","l2_asdc_alr",0.48,1,FALSE
"l2_naive_cd8_t_cell_alr","l2_cdc1_alr",0.48,1,FALSE
"l3_isg_cd56dim_nk_cell_alr","l1_progenitor_cell_alr",0.48,1,FALSE
"l3_sox4_vd1_gdt_alr","l3_isg_mait_alr",0.48,0.145833333333333,FALSE
"l3_isg_mait_alr","l3_sox4_vd1_gdt_alr",0.48,0.854166666666667,FALSE
"l3_klrf1_gzmb_cd27_em_cd8_t_cell_alt_alr","l3_gzmk_memory_cd4_treg_alr",0.48,0.4375,FALSE
"l3_gzmk_memory_cd4_treg_alr","l3_klrf1_gzmb_cd27_em_cd8_t_cell_alt_alr",0.48,0.5625,FALSE
"l1_progenitor_cell_alr","l3_isg_cd56dim_nk_cell_alr",0.48,0,FALSE
"l3_intermediate_monocyte","l3_isg_memory_cd4_t_cell_alr",0.47,0.0638297872340425,FALSE
"l2_gdt_alr","l3_isg_memory_cd8_t_cell_alr",0.47,0.872340425531915,FALSE
"l2_memory_cd4_t_cell_alr","l2_memory_cd8_t_cell_alr",0.47,1,FALSE
"l2_memory_cd8_t_cell_alr","l2_memory_cd4_t_cell_alr",0.47,0,FALSE
"l3_isg_memory_cd4_t_cell_alr","l3_intermediate_monocyte",0.47,0.936170212765957,FALSE
"l3_isg_memory_cd8_t_cell_alr","l2_gdt_alr",0.47,0.127659574468085,FALSE
"l3_cd56bright_nk_cell","l2_treg_alr",0.46,0.978260869565217,FALSE
"l3_proliferating_nk_cell","l1_platelet_alr",0.46,0,FALSE
"l2_dn_t_cell_alr","l1_dc_alr",0.46,0,FALSE
"l2_treg_alr","l3_cd56bright_nk_cell",0.46,0.0217391304347826,FALSE
"l2_treg_alr","l3_gzmk_memory_cd4_treg_alr",0.46,0.0434782608695652,FALSE
"l3_isg_cdc2_alr","l3_klrf1_effector_vd1_gdt_alt_alr",0.46,0,FALSE
"l3_klrf1_effector_vd1_gdt_alt_alr","l3_isg_cdc2_alr",0.46,1,FALSE
"l3_isg_memory_cd8_t_cell_alr","l3_klrf1_gzmb_cd27_em_cd8_t_cell_alt_alr",0.46,0,FALSE
"l3_klrf1_gzmb_cd27_em_cd8_t_cell_alt_alr","l3_isg_memory_cd8_t_cell_alr",0.46,1,FALSE
"l3_gzmk_memory_cd4_treg_alr","l2_treg_alr",0.46,0.956521739130435,FALSE
"l1_dc_alr","l2_dn_t_cell_alr",0.46,1,FALSE
"l1_platelet_alr","l3_proliferating_nk_cell",0.46,1,FALSE
"l3_klrf1_effector_vd1_gdt_alr","l3_cd4_mait_alr",0.46,0.91304347826087,FALSE
"l3_cd4_mait_alr","l3_klrf1_effector_vd1_gdt_alr",0.46,0.0869565217391304,FALSE
"l2_platelet","l3_dn_t_cell",0.45,0.0222222222222222,FALSE
"l3_dn_t_cell","l2_platelet",0.45,0.977777777777778,FALSE
"l2_effector_b_cell_alr","l2_plasma_cell_alr",0.44,1,FALSE
"l2_plasma_cell_alr","l2_effector_b_cell_alr",0.44,0,FALSE
"l2_mait_alr","l1_nk_cell_alr",0.44,0.113636363636364,FALSE
"l2_proliferating_t_cell_alr","l3_isg_mait_alr",0.44,1,FALSE
"l2_proliferating_t_cell_alr","l1_dc_alr",0.44,0.0454545454545455,FALSE
"l3_isg_mait_alr","l2_proliferating_t_cell_alr",0.44,0,FALSE
"l3_type_2_polarized_memory_b_cell_alr","l1_erythrocyte_alr",0.44,1,FALSE
"l1_dc_alr","l2_proliferating_t_cell_alr",0.44,0.954545454545454,FALSE
"l1_nk_cell_alr","l2_mait_alr",0.44,0.886363636363636,FALSE
"l1_erythrocyte_alr","l3_type_2_polarized_memory_b_cell_alr",0.44,0,FALSE
"l3_isg_cd16_monocyte_alr","l3_isg_cd56dim_nk_cell_alr",0.44,0.795454545454546,FALSE
"l3_isg_cd56dim_nk_cell_alr","l3_isg_cd16_monocyte_alr",0.44,0.204545454545455,FALSE
"l3_intermediate_monocyte","l3_isg_cd16_monocyte_alr",0.43,0.0697674418604651,FALSE
"l2_proliferating_nk_cell_alr","l3_klrf1_effector_vd1_gdt_alr",0.43,0.767441860465116,FALSE
"l2_naive_cd8_t_cell_alr","l3_klrb1_memory_cd4_treg_alr",0.43,0.0697674418604651,FALSE
"l3_isg_cd16_monocyte_alr","l3_intermediate_monocyte",0.43,0.930232558139535,FALSE
"l3_klrf1_effector_vd1_gdt_alr","l2_proliferating_nk_cell_alr",0.43,0.232558139534884,FALSE
"l3_klrb1_memory_cd4_treg_alr","l2_naive_cd8_t_cell_alr",0.43,0.930232558139535,FALSE
"l2_erythrocyte","l3_proliferating_nk_cell",0.43,0,FALSE
"l3_cd56bright_nk_cell","l3_activated_memory_b_cell_alr",0.43,0.953488372093023,FALSE
"l3_platelet","l3_proliferating_nk_cell",0.43,1,FALSE
"l3_proliferating_nk_cell","l2_erythrocyte",0.43,1,FALSE
"l3_proliferating_nk_cell","l3_platelet",0.43,0,FALSE
"l2_cd56bright_nk_cell_alr","l3_gzmk_cd56dim_nk_cell_alr",0.43,0.0232558139534884,FALSE
"l3_gzmk_cd56dim_nk_cell_alr","l2_cd56bright_nk_cell_alr",0.43,0.976744186046512,FALSE
"l3_gzmb_vd2_gdt_alr","l3_klrf1_gzmb_cd27_em_cd8_t_cell_alt_alr",0.43,1,FALSE
"l3_activated_memory_b_cell_alr","l3_cd56bright_nk_cell",0.43,0.0465116279069767,FALSE
"l3_early_memory_b_cell_alr","l1_b_cell_alr",0.43,0.976744186046512,FALSE
"l3_isg_memory_cd4_t_cell_alr","l1_monocyte_alr",0.43,0.0465116279069767,FALSE
"l3_gzmb_cd27_em_cd4_t_cell_alr","l3_klrf1_gzmb_cd27_em_cd8_t_cell_alt_alr",0.43,0.116279069767442,FALSE
"l3_klrf1_gzmb_cd27_em_cd8_t_cell_alt_alr","l3_gzmb_vd2_gdt_alr",0.43,0,FALSE
"l3_klrf1_gzmb_cd27_em_cd8_t_cell_alt_alr","l3_gzmb_cd27_em_cd4_t_cell_alr",0.43,0.883720930232558,FALSE
"l3_klrf1_gzmb_cd27_em_cd8_t_cell_alt_alr","l3_naive_cd4_treg_alr",0.43,0.13953488372093,FALSE
"l3_clp_cell_alr","l1_b_cell_alr",0.43,0.581395348837209,FALSE
"l3_naive_cd4_treg_alr","l3_klrf1_gzmb_cd27_em_cd8_t_cell_alt_alr",0.43,0.86046511627907,FALSE
"l1_monocyte_alr","l3_isg_memory_cd4_t_cell_alr",0.43,0.953488372093023,FALSE
"l1_b_cell_alr","l3_early_memory_b_cell_alr",0.43,0.0232558139534884,FALSE
"l1_b_cell_alr","l3_clp_cell_alr",0.43,0.418604651162791,FALSE
"l2_naive_cd8_t_cell_alr","l3_early_memory_b_cell_alr",0.42,0.0714285714285714,FALSE
"l3_cd14_cdc2_alr","l1_nk_cell_alr",0.42,0.0476190476190476,FALSE
"l3_early_memory_b_cell_alr","l2_naive_cd8_t_cell_alr",0.42,0.928571428571428,FALSE
"l1_nk_cell_alr","l3_cd14_cdc2_alr",0.42,0.952380952380952,FALSE
"l2_platelet","l3_isg_cd56dim_nk_cell_alr",0.42,0,FALSE
"l3_ilc","l3_baeomap_cell",0.42,0.166666666666667,FALSE
"l3_intermediate_monocyte","l3_klrf1_gzmb_cd27_em_cd8_t_cell_alr",0.42,0.166666666666667,FALSE
"l3_platelet","l3_sox4_naive_cd4_t_cell_alr",0.42,0.904761904761905,FALSE
"l3_baeomap_cell","l3_ilc",0.42,0.833333333333333,FALSE
"l2_cd8aa_alr","l1_monocyte_alr",0.42,0,FALSE
"l2_cd8aa_alr","l1_nk_cell_alr",0.42,0,FALSE
"l2_proliferating_t_cell_alr","l1_b_cell_alr",0.42,0.0238095238095238,FALSE
"l3_isg_cd56dim_nk_cell_alr","l2_platelet",0.42,1,FALSE
"l3_isg_cdc2_alr","l3_isg_mait_alr",0.42,0.857142857142857,FALSE
"l3_naive_vd1_gdt_alr","l3_clp_cell_alr",0.42,0,FALSE
"l3_isg_mait_alr","l3_isg_cdc2_alr",0.42,0.142857142857143,FALSE
"l3_klrf1_gzmb_cd27_em_cd8_t_cell_alr","l3_intermediate_monocyte",0.42,0.833333333333333,FALSE
"l3_sox4_naive_cd4_t_cell_alr","l3_platelet",0.42,0.0952380952380952,FALSE
"l3_clp_cell_alr","l3_naive_vd1_gdt_alr",0.42,1,FALSE
"l1_monocyte_alr","l2_cd8aa_alr",0.42,1,FALSE
"l1_nk_cell_alr","l2_cd8aa_alr",0.42,1,FALSE
"l1_b_cell_alr","l2_proliferating_t_cell_alr",0.42,0.976190476190476,FALSE
"l3_erythrocyte","l3_pdc",0.41,0.195121951219512,FALSE
"l3_pdc","l3_erythrocyte",0.41,0.804878048780488,FALSE
"l2_cdc1_alr","l3_gzmb_vd2_gdt_alr",0.41,0.024390243902439,FALSE
"l2_cdc1_alr","l1_erythrocyte_alr",0.41,0.024390243902439,FALSE
"l3_gzmb_vd2_gdt_alr","l2_cdc1_alr",0.41,0.975609756097561,FALSE
"l3_activated_memory_b_cell_alr","l3_gzmb_cd27_em_cd4_t_cell_alt_alr",0.41,0.634146341463415,FALSE
"l3_gzmb_cd27_em_cd4_t_cell_alt_alr","l3_activated_memory_b_cell_alr",0.41,0.365853658536585,FALSE
"l1_erythrocyte_alr","l2_cdc1_alr",0.41,0.975609756097561,FALSE
"l3_erythrocyte","l2_cdc1_alr",0.41,1,FALSE
"l3_proliferating_nk_cell","l3_klrf1_gzmb_cd27_memory_cd4_t_cell_alr",0.41,0,FALSE
"l2_cdc1_alr","l3_erythrocyte",0.41,0,FALSE
"l3_klrf1_gzmb_cd27_memory_cd4_t_cell_alr","l3_proliferating_nk_cell",0.41,1,FALSE
"cmv","l3_klrf1_effector_vd1_gdt_alt_alr",0.4,1,FALSE
"l2_ilc","l3_platelet",0.4,0,FALSE
"l3_cd56bright_nk_cell","l3_transitional_b_cell",0.4,0.95,FALSE
"l3_cd56bright_nk_cell","l2_transitional_b_cell_alr",0.4,0.35,FALSE
"l3_cdc1","l2_cd56bright_nk_cell_alr",0.4,0.775,FALSE
"l3_erythrocyte","l3_transitional_b_cell",0.4,1,FALSE
"l3_platelet","l2_ilc",0.4,1,FALSE
"l3_transitional_b_cell","l3_cd56bright_nk_cell",0.4,0.05,FALSE
"l3_transitional_b_cell","l3_erythrocyte",0.4,0,FALSE
"l2_plasma_cell_alr","l3_cd95_memory_b_cell_alr",0.4,0.35,FALSE
"l2_transitional_b_cell_alr","l3_cd56bright_nk_cell",0.4,0.65,FALSE
"l2_cd56bright_nk_cell_alr","l3_cdc1",0.4,0.225,FALSE
"l2_gdt_alr","l2_mait_alr",0.4,0.925,FALSE
"l2_mait_alr","l2_gdt_alr",0.4,0.075,FALSE
"l2_mait_alr","l2_naive_cd8_t_cell_alr",0.4,0.375,FALSE
"l2_naive_cd8_t_cell_alr","l2_mait_alr",0.4,0.625,FALSE
"l2_naive_cd8_t_cell_alr","l3_klrf1_effector_vd1_gdt_alr",0.4,0.975,FALSE
"l3_klrf1_effector_vd1_gdt_alr","l2_naive_cd8_t_cell_alr",0.4,0.025,FALSE
"l3_klrf1_effector_vd1_gdt_alt_alr","cmv",0.4,0,FALSE
"l3_isg_mait_alr","l1_monocyte_alr",0.4,0.025,FALSE
"l3_cd95_memory_b_cell_alr","l2_plasma_cell_alr",0.4,0.65,FALSE
"l3_gzmb_cd27_em_cd4_t_cell_alt_alr","l3_memory_cd8_treg_alr",0.4,0.65,FALSE
"l3_memory_cd8_treg_alr","l3_gzmb_cd27_em_cd4_t_cell_alt_alr",0.4,0.35,FALSE
"l1_monocyte_alr","l3_isg_mait_alr",0.4,0.975,FALSE
"l3_baeomap_cell","l3_gzmk_memory_cd4_treg_alr",0.39,0.153846153846154,FALSE
"l2_gdt_alr","l3_sox4_vd1_gdt_alr",0.39,0.717948717948718,FALSE
"l2_mait_alr","l3_naive_vd1_gdt_alr",0.39,0.948717948717949,FALSE
"l3_klrf1_effector_vd1_gdt_alt_alr","l3_klrf1_gzmb_cd27_em_cd8_t_cell_alt_alr",0.39,0.256410256410256,FALSE
"l3_naive_vd1_gdt_alr","l2_mait_alr",0.39,0.0512820512820513,FALSE
"l3_sox4_vd1_gdt_alr","l2_gdt_alr",0.39,0.282051282051282,FALSE
"l3_klrf1_gzmb_cd27_em_cd8_t_cell_alt_alr","l3_klrf1_effector_vd1_gdt_alt_alr",0.39,0.743589743589744,FALSE
"l3_gzmk_memory_cd4_treg_alr","l3_baeomap_cell",0.39,0.846153846153846,FALSE
"l2_ilc","l3_cd56bright_nk_cell",0.38,0,FALSE
"l2_ilc","l1_platelet_alr",0.38,0,FALSE
"l3_cd56bright_nk_cell","l2_ilc",0.38,1,FALSE
"l2_memory_b_cell_alr","l3_type_2_polarized_memory_b_cell_alr",0.38,0.921052631578947,FALSE
"l2_pdc_alr","l2_cd56bright_nk_cell_alr",0.38,0.947368421052632,FALSE
"l2_intermediate_monocyte_alr","l3_isg_cd16_monocyte_alr",0.38,1,FALSE
"l2_cd56bright_nk_cell_alr","l2_pdc_alr",0.38,0.0526315789473684,FALSE
"l2_memory_cd4_t_cell_alr","l3_sox4_naive_cd8_t_cell_alr",0.38,1,FALSE
"l3_isg_cd16_monocyte_alr","l2_intermediate_monocyte_alr",0.38,0,FALSE
"l3_type_2_polarized_memory_b_cell_alr","l2_memory_b_cell_alr",0.38,0.0789473684210526,FALSE
"l3_sox4_naive_cd8_t_cell_alr","l2_memory_cd4_t_cell_alr",0.38,0,FALSE
"l1_platelet_alr","l2_ilc",0.38,1,FALSE
"l2_erythrocyte","l2_intermediate_monocyte_alr",0.37,0.594594594594595,FALSE
"l2_platelet","l3_gzmb_cd27_em_cd4_t_cell_alt_alr",0.37,0,FALSE
"l2_progenitor_cell","l3_baeomap_cell",0.37,0.945945945945946,FALSE
"l3_pdc","l2_cd56bright_nk_cell_alr",0.37,1,FALSE
"l3_proliferating_nk_cell","l1_b_cell_alr",0.37,0.108108108108108,FALSE
"l3_baeomap_cell","l2_progenitor_cell",0.37,0.0540540540540541,FALSE
"l2_intermediate_monocyte_alr","l2_erythrocyte",0.37,0.405405405405405,FALSE
"l2_cd56bright_nk_cell_alr","l3_pdc",0.37,0,FALSE
"l2_mait_alr","l2_memory_cd8_t_cell_alr",0.37,0.027027027027027,FALSE
"l2_memory_cd8_t_cell_alr","l2_mait_alr",0.37,0.972972972972973,FALSE
"l3_gzmb_vd2_gdt_alr","l3_klrf1_effector_vd1_gdt_alt_alr",0.37,0.972972972972973,FALSE
"l3_klrf1_effector_vd1_gdt_alt_alr","l3_gzmb_vd2_gdt_alr",0.37,0.027027027027027,FALSE
"l3_type_2_polarized_memory_b_cell_alr","l1_ilc_alr",0.37,1,FALSE
"l3_gzmb_cd27_em_cd4_t_cell_alt_alr","l2_platelet",0.37,1,FALSE
"l1_b_cell_alr","l3_proliferating_nk_cell",0.37,0.891891891891892,FALSE
"l1_ilc_alr","l3_type_2_polarized_memory_b_cell_alr",0.37,0,FALSE
"l3_asdc","l2_cd56bright_nk_cell_alr",0.36,1,FALSE
"l3_erythrocyte","l2_asdc_alr",0.36,1,FALSE
"l3_platelet","l2_proliferating_nk_cell_alr",0.36,1,FALSE
"l2_effector_b_cell_alr","l2_transitional_b_cell_alr",0.36,1,FALSE
"l2_transitional_b_cell_alr","l2_effector_b_cell_alr",0.36,0,FALSE
"l2_asdc_alr","l3_erythrocyte",0.36,0,FALSE
"l2_cd56bright_nk_cell_alr","l3_asdc",0.36,0,FALSE
"l2_proliferating_nk_cell_alr","l3_platelet",0.36,0,FALSE
"l3_cd14_cdc2_alr","l3_klrb1_memory_cd8_treg_alr",0.36,0.444444444444444,FALSE
"l3_klrb1_memory_cd8_treg_alr","l3_cd14_cdc2_alr",0.36,0.555555555555556,FALSE
"l3_plasma_cell","l3_early_memory_b_cell_alr",0.35,0.2,FALSE
"l2_transitional_b_cell_alr","l2_proliferating_t_cell_alr",0.35,0.0571428571428571,FALSE
"l2_proliferating_t_cell_alr","l2_transitional_b_cell_alr",0.35,0.942857142857143,FALSE
"l3_early_memory_b_cell_alr","l3_plasma_cell",0.35,0.8,FALSE
"l3_cd8aa","l3_cdc1",0.35,1,FALSE
"l3_cdc1","l3_cd8aa",0.35,0,FALSE
"l3_ilc","l3_gzmk_cd56dim_nk_cell_alr",0.35,0.685714285714286,FALSE
"l3_plasma_cell","l1_b_cell_alr",0.35,0.457142857142857,FALSE
"l2_memory_b_cell_alr","l3_c1q_cd16_monocyte_alr",0.35,0.457142857142857,FALSE
"l2_proliferating_nk_cell_alr","l1_platelet_alr",0.35,0,FALSE
"l2_dn_t_cell_alr","l3_klrb1_memory_cd4_treg_alr",0.35,1,FALSE
"l3_c1q_cd16_monocyte_alr","l2_memory_b_cell_alr",0.35,0.542857142857143,FALSE
"l3_gzmk_cd56dim_nk_cell_alr","l3_ilc",0.35,0.314285714285714,FALSE
"l3_isg_cdc2_alr","l1_ilc_alr",0.35,1,FALSE
"l3_klrb1_memory_cd4_treg_alr","l2_dn_t_cell_alr",0.35,0,FALSE
"l1_b_cell_alr","l3_plasma_cell",0.35,0.542857142857143,FALSE
"l1_ilc_alr","l3_isg_cdc2_alr",0.35,0,FALSE
"l1_platelet_alr","l2_proliferating_nk_cell_alr",0.35,1,FALSE
"l3_asdc","l2_cdc1_alr",0.34,1,FALSE
"l3_asdc","l1_monocyte_alr",0.34,1,FALSE
"l2_effector_b_cell_alr","l2_pdc_alr",0.34,1,FALSE
"l2_cdc1_alr","l3_asdc",0.34,0,FALSE
"l2_pdc_alr","l2_effector_b_cell_alr",0.34,0,FALSE
"l1_monocyte_alr","l3_asdc",0.34,0,FALSE
"l2_asdc_alr","l3_gzmb_vd2_gdt_alr",0.34,0.0882352941176471,FALSE
"l2_proliferating_nk_cell_alr","l3_klrf1_gzmb_cd27_memory_cd4_t_cell_alr",0.34,0.0882352941176471,FALSE
"l3_gzmb_vd2_gdt_alr","l2_asdc_alr",0.34,0.911764705882353,FALSE
"l3_klrf1_gzmb_cd27_memory_cd4_t_cell_alr","l2_proliferating_nk_cell_alr",0.34,0.911764705882353,FALSE
"l3_cm_cd8_t_cell_alr","l3_isg_naive_cd8_t_cell_alr",0.34,0.382352941176471,FALSE
"l3_isg_naive_cd8_t_cell_alr","l3_cm_cd8_t_cell_alr",0.34,0.61764705882353,FALSE
"cmv","l3_isg_cd14_monocyte_alr",0.33,1,FALSE
"l2_ilc","l3_dn_t_cell",0.33,0,FALSE
"l3_dn_t_cell","l2_ilc",0.33,1,FALSE
"l3_pdc","l2_cd8aa_alr",0.33,1,FALSE
"l3_proliferating_t_cell","l3_naive_cd4_treg_alr",0.33,0.0606060606060606,FALSE
"l3_baeomap_cell","l2_cdc1_alr",0.33,0.0303030303030303,FALSE
"l2_plasma_cell_alr","l1_erythrocyte_alr",0.33,0,FALSE
"l2_asdc_alr","l1_erythrocyte_alr",0.33,0,FALSE
"l2_cdc1_alr","l3_baeomap_cell",0.33,0.96969696969697,FALSE
"l2_cd8aa_alr","l3_pdc",0.33,0,FALSE
"l3_isg_cd14_monocyte_alr","cmv",0.33,0,FALSE
"l3_c1q_cd16_monocyte_alr","l3_klrf1_gzmb_cd27_memory_cd4_t_cell_alr",0.33,0,FALSE
"l3_isg_cd16_monocyte_alr","l3_memory_cd8_treg_alr",0.33,0.0303030303030303,FALSE
"l3_isg_cd56dim_nk_cell_alr","l3_isg_memory_cd4_t_cell_alr",0.33,0.0606060606060606,FALSE
"l3_gzmb_vd2_gdt_alr","l1_platelet_alr",0.33,0.96969696969697,FALSE
"l3_cd95_memory_b_cell_alr","l1_b_cell_alr",0.33,0.696969696969697,FALSE
"l3_isg_memory_cd4_t_cell_alr","l3_isg_cd56dim_nk_cell_alr",0.33,0.939393939393939,FALSE
"l3_klrf1_gzmb_cd27_memory_cd4_t_cell_alr","l3_c1q_cd16_monocyte_alr",0.33,1,FALSE
"l3_sox4_naive_cd8_t_cell_alr","l3_klrb1_memory_cd4_treg_alr",0.33,1,FALSE
"l3_klrb1_memory_cd4_treg_alr","l3_sox4_naive_cd8_t_cell_alr",0.33,0,FALSE
"l3_memory_cd8_treg_alr","l3_isg_cd16_monocyte_alr",0.33,0.96969696969697,FALSE
"l3_naive_cd4_treg_alr","l3_proliferating_t_cell",0.33,0.939393939393939,FALSE
"l1_b_cell_alr","l3_cd95_memory_b_cell_alr",0.33,0.303030303030303,FALSE
"l1_erythrocyte_alr","l2_plasma_cell_alr",0.33,1,FALSE
"l1_erythrocyte_alr","l2_asdc_alr",0.33,1,FALSE
"l1_platelet_alr","l3_gzmb_vd2_gdt_alr",0.33,0.0303030303030303,FALSE
"l3_pdc","l1_monocyte_alr",0.33,0.909090909090909,FALSE
"l2_naive_cd8_t_cell_alr","l1_monocyte_alr",0.33,0.909090909090909,FALSE
"l1_monocyte_alr","l3_pdc",0.33,0.0909090909090909,FALSE
"l1_monocyte_alr","l2_naive_cd8_t_cell_alr",0.33,0.0909090909090909,FALSE
"l3_cd56bright_nk_cell","l2_proliferating_nk_cell_alr",0.32,1,FALSE
"l3_cd8aa","l3_proliferating_t_cell",0.32,1,FALSE
"l3_platelet","l3_memory_cd8_treg_alr",0.32,0.5625,FALSE
"l3_proliferating_t_cell","l3_cd8aa",0.32,0,FALSE
"l2_proliferating_nk_cell_alr","l3_cd56bright_nk_cell",0.32,0,FALSE
"l2_mait_alr","l2_memory_cd4_t_cell_alr",0.32,0.125,FALSE
"l2_mait_alr","l2_treg_alr",0.32,0,FALSE
"l2_memory_cd4_t_cell_alr","l2_mait_alr",0.32,0.875,FALSE
"l2_memory_cd4_t_cell_alr","l3_isg_mait_alr",0.32,0.96875,FALSE
"l2_treg_alr","l2_mait_alr",0.32,1,FALSE
"l3_isg_mait_alr","l2_memory_cd4_t_cell_alr",0.32,0.03125,FALSE
"l3_memory_cd8_treg_alr","l3_platelet",0.32,0.4375,FALSE
"l1_dc_alr","l1_b_cell_alr",0.32,1,FALSE
"l1_b_cell_alr","l1_dc_alr",0.32,0,FALSE
"l3_cd56bright_nk_cell","l3_clp_cell_alr",0.31,0.0645161290322581,FALSE
"l3_intermediate_monocyte","l1_nk_cell_alr",0.31,0,FALSE
"l3_pdc","l3_sox4_naive_cd4_t_cell_alr",0.31,0.419354838709677,FALSE
"l2_transitional_b_cell_alr","l1_erythrocyte_alr",0.31,0.354838709677419,FALSE
"l2_cd56bright_nk_cell_alr","l3_isg_naive_cd4_t_cell_alr",0.31,0,FALSE
"l2_proliferating_nk_cell_alr","l3_naive_cd4_treg_alr",0.31,0.193548387096774,FALSE
"l3_cd27_effector_b_cell_alt_alr","l3_sox4_naive_cd4_t_cell_alr",0.31,0.032258064516129,FALSE
"l3_isg_naive_cd4_t_cell_alr","l2_cd56bright_nk_cell_alr",0.31,1,FALSE
"l3_sox4_naive_cd4_t_cell_alr","l3_pdc",0.31,0.580645161290323,FALSE
"l3_sox4_naive_cd4_t_cell_alr","l3_cd27_effector_b_cell_alt_alr",0.31,0.967741935483871,FALSE
"l3_clp_cell_alr","l3_cd56bright_nk_cell",0.31,0.935483870967742,FALSE
"l3_naive_cd4_treg_alr","l2_proliferating_nk_cell_alr",0.31,0.806451612903226,FALSE
"l1_nk_cell_alr","l3_intermediate_monocyte",0.31,1,FALSE
"l1_nk_cell_alr","l1_progenitor_cell_alr",0.31,1,FALSE
"l1_erythrocyte_alr","l2_transitional_b_cell_alr",0.31,0.645161290322581,FALSE
"l1_progenitor_cell_alr","l1_nk_cell_alr",0.31,0,FALSE
"l3_transitional_b_cell","l2_proliferating_t_cell_alr",0.3,0.0666666666666667,FALSE
"l2_dn_t_cell_alr","l3_type_2_polarized_memory_b_cell_alr",0.3,0.933333333333333,FALSE
"l2_proliferating_t_cell_alr","l3_transitional_b_cell",0.3,0.933333333333333,FALSE
"l3_type_2_polarized_memory_b_cell_alr","l2_dn_t_cell_alr",0.3,0.0666666666666667,FALSE
"l3_pdc","l3_type_2_polarized_memory_b_cell_alr",0.3,0.966666666666667,FALSE
"l3_pdc","l1_nk_cell_alr",0.3,1,FALSE
"l3_proliferating_t_cell","l3_baeomap_cell",0.3,0.866666666666667,FALSE
"l3_transitional_b_cell","l2_effector_b_cell_alr",0.3,0,FALSE
"l3_transitional_b_cell","l3_gzmb_cd27_em_cd4_t_cell_alt_alr",0.3,1,FALSE
"l3_baeomap_cell","l3_proliferating_t_cell",0.3,0.133333333333333,FALSE
"l2_effector_b_cell_alr","l3_transitional_b_cell",0.3,1,FALSE
"l2_transitional_b_cell_alr","l3_isg_memory_cd8_t_cell_alr",0.3,0.966666666666667,FALSE
"l2_proliferating_nk_cell_alr","l3_sox4_naive_cd4_t_cell_alr",0.3,0,FALSE
"l2_proliferating_nk_cell_alr","l1_monocyte_alr",0.3,0.3,FALSE
"l2_naive_cd8_t_cell_alr","l3_klrf1_gzmb_cd27_em_cd8_t_cell_alt_alr",0.3,0.0333333333333333,FALSE
"l3_gzmk_cd56dim_nk_cell_alr","l3_isg_cd56dim_nk_cell_alr",0.3,0.966666666666667,FALSE
"l3_isg_cd56dim_nk_cell_alr","l3_gzmk_cd56dim_nk_cell_alr",0.3,0.0333333333333333,FALSE
"l3_cd27_effector_b_cell_alt_alr","l3_klrb1_memory_cd4_treg_alr",0.3,0.266666666666667,FALSE
"l3_type_2_polarized_memory_b_cell_alr","l3_pdc",0.3,0.0333333333333333,FALSE
"l3_klrf1_gzmb_cd27_memory_cd4_t_cell_alr","l3_gzmb_cd27_em_cd4_t_cell_alr",0.3,1,FALSE
"l3_gzmb_cd27_em_cd4_t_cell_alr","l3_klrf1_gzmb_cd27_memory_cd4_t_cell_alr",0.3,0,FALSE
"l3_gzmb_cd27_em_cd4_t_cell_alt_alr","l3_transitional_b_cell",0.3,0,FALSE
"l3_isg_memory_cd8_t_cell_alr","l2_transitional_b_cell_alr",0.3,0.0333333333333333,FALSE
"l3_klrf1_gzmb_cd27_em_cd8_t_cell_alt_alr","l2_naive_cd8_t_cell_alr",0.3,0.966666666666667,FALSE
"l3_sox4_naive_cd4_t_cell_alr","l2_proliferating_nk_cell_alr",0.3,1,FALSE
"l3_klrb1_memory_cd4_treg_alr","l3_cd27_effector_b_cell_alt_alr",0.3,0.733333333333333,FALSE
"l1_monocyte_alr","l2_proliferating_nk_cell_alr",0.3,0.7,FALSE
"l1_nk_cell_alr","l3_pdc",0.3,0,FALSE
"l2_memory_b_cell_alr","l3_sox4_naive_cd8_t_cell_alr",0.29,0.0344827586206897,FALSE
"l2_pdc_alr","l2_cd8aa_alr",0.29,0.482758620689655,FALSE
"l2_cd8aa_alr","l2_pdc_alr",0.29,0.517241379310345,FALSE
"l3_cd95_memory_b_cell_alr","l1_dc_alr",0.29,0.413793103448276,FALSE
"l3_sox4_naive_cd8_t_cell_alr","l2_memory_b_cell_alr",0.29,0.96551724137931,FALSE
"l1_dc_alr","l3_cd95_memory_b_cell_alr",0.29,0.586206896551724,FALSE
"l2_erythrocyte","l3_dn_t_cell",0.29,0,FALSE
"l2_erythrocyte","l3_gzmb_cd27_em_cd4_t_cell_alt_alr",0.29,0,FALSE
"l3_dn_t_cell","l2_erythrocyte",0.29,1,FALSE
"l3_dn_t_cell","l3_cd95_memory_b_cell_alr",0.29,0.724137931034483,FALSE
"l3_erythrocyte","l2_plasma_cell_alr",0.29,1,FALSE
"l3_proliferating_t_cell","l2_transitional_b_cell_alr",0.29,1,FALSE
"l2_plasma_cell_alr","l3_erythrocyte",0.29,0,FALSE
"l2_transitional_b_cell_alr","l3_proliferating_t_cell",0.29,0,FALSE
"l2_pdc_alr","l3_klrf1_gzmb_cd27_memory_cd4_t_cell_alr",0.29,0,FALSE
"l3_cd95_memory_b_cell_alr","l3_dn_t_cell",0.29,0.275862068965517,FALSE
"l3_klrf1_gzmb_cd27_memory_cd4_t_cell_alr","l2_pdc_alr",0.29,1,FALSE
"l3_gzmb_cd27_em_cd4_t_cell_alt_alr","l2_erythrocyte",0.29,1,FALSE
"l2_erythrocyte","l3_intermediate_monocyte",0.28,0,FALSE
"l3_dn_t_cell","l3_memory_cd8_treg_alr",0.28,0.357142857142857,FALSE
"l3_intermediate_monocyte","l2_erythrocyte",0.28,1,FALSE
"l2_transitional_b_cell_alr","l2_memory_cd8_t_cell_alr",0.28,0,FALSE
"l2_pdc_alr","l2_gdt_alr",0.28,0,FALSE
"l2_gdt_alr","l2_pdc_alr",0.28,1,FALSE
"l2_memory_cd8_t_cell_alr","l2_transitional_b_cell_alr",0.28,1,FALSE
"l3_adaptive_nk_cell_alr","l3_gzmb_vd2_gdt_alr",0.28,0,FALSE
"l3_gzmb_vd2_gdt_alr","l3_adaptive_nk_cell_alr",0.28,1,FALSE
"l3_cm_cd8_t_cell_alr","l3_gzmk_memory_cd4_treg_alr",0.28,0.214285714285714,FALSE
"l3_gzmk_memory_cd4_treg_alr","l3_cm_cd8_t_cell_alr",0.28,0.785714285714286,FALSE
"l3_memory_cd8_treg_alr","l3_dn_t_cell",0.28,0.642857142857143,FALSE
"l3_transitional_b_cell","l2_memory_cd8_t_cell_alr",0.28,0.142857142857143,FALSE
"l2_memory_cd8_t_cell_alr","l3_transitional_b_cell",0.28,0.857142857142857,FALSE
"l3_asdc","l1_nk_cell_alr",0.27,1,FALSE
"l3_cdc1","l3_isg_cd16_monocyte_alr",0.27,0.0185185185185185,FALSE
"l3_pdc","l3_klrf1_gzmb_cd27_memory_cd4_t_cell_alr",0.27,0,FALSE
"l3_baeomap_cell","l3_klrb1_memory_cd4_treg_alr",0.27,0.777777777777778,FALSE
"l2_memory_b_cell_alr","l3_cd14_cdc2_alr",0.27,0.0740740740740741,FALSE
"l3_il1b_cd14_monocyte_alr","l3_isg_cd16_monocyte_alr",0.27,0.203703703703704,FALSE
"l3_isg_cd16_monocyte_alr","l3_cdc1",0.27,0.981481481481482,FALSE
"l3_isg_cd16_monocyte_alr","l3_il1b_cd14_monocyte_alr",0.27,0.796296296296296,FALSE
"l3_cd14_cdc2_alr","l2_memory_b_cell_alr",0.27,0.925925925925926,FALSE
"l3_klrf1_effector_vd1_gdt_alt_alr","l3_naive_vd1_gdt_alr",0.27,0.962962962962963,FALSE
"l3_klrf1_effector_vd1_gdt_alt_alr","l3_activated_memory_b_cell_alr",0.27,0.962962962962963,FALSE
"l3_naive_vd1_gdt_alr","l3_klrf1_effector_vd1_gdt_alt_alr",0.27,0.037037037037037,FALSE
"l3_activated_memory_b_cell_alr","l3_klrf1_effector_vd1_gdt_alt_alr",0.27,0.037037037037037,FALSE
"l3_klrf1_gzmb_cd27_memory_cd4_t_cell_alr","l3_pdc",0.27,1,FALSE
"l3_klrb1_memory_cd4_treg_alr","l3_baeomap_cell",0.27,0.222222222222222,FALSE
"l1_monocyte_alr","l1_b_cell_alr",0.27,0.814814814814815,FALSE
"l1_nk_cell_alr","l3_asdc",0.27,0,FALSE
"l1_b_cell_alr","l1_monocyte_alr",0.27,0.185185185185185,FALSE
"l2_erythrocyte","l2_naive_cd8_t_cell_alr",0.26,0,FALSE
"l3_erythrocyte","l2_intermediate_monocyte_alr",0.26,1,FALSE
"l3_ilc","l1_progenitor_cell_alr",0.26,1,FALSE
"l3_baeomap_cell","l2_gdt_alr",0.26,0.769230769230769,FALSE
"l2_transitional_b_cell_alr","l2_memory_cd4_t_cell_alr",0.26,0,FALSE
"l2_transitional_b_cell_alr","l3_isg_cd16_monocyte_alr",0.26,0.961538461538461,FALSE
"l2_pdc_alr","l3_isg_naive_b_cell_alr",0.26,0.692307692307692,FALSE
"l2_intermediate_monocyte_alr","l3_erythrocyte",0.26,0,FALSE
"l2_gdt_alr","l3_baeomap_cell",0.26,0.230769230769231,FALSE
"l2_memory_cd4_t_cell_alr","l2_transitional_b_cell_alr",0.26,1,FALSE
"l2_memory_cd8_t_cell_alr","l3_isg_naive_cd4_t_cell_alr",0.26,1,FALSE
"l2_naive_cd8_t_cell_alr","l2_erythrocyte",0.26,1,FALSE
"l3_isg_cd16_monocyte_alr","l2_transitional_b_cell_alr",0.26,0.0384615384615385,FALSE
"l3_isg_cd16_monocyte_alr","l3_isg_naive_cd4_t_cell_alr",0.26,0.807692307692308,FALSE
"l3_isg_cd56dim_nk_cell_alr","l3_isg_naive_b_cell_alr",0.26,0.730769230769231,FALSE
"l3_adaptive_nk_cell_alr","l3_klrf1_effector_vd1_gdt_alr",0.26,0.884615384615385,FALSE
"l3_gzmb_vd2_gdt_alr","l3_sox4_vd1_gdt_alr",0.26,0.884615384615385,FALSE
"l3_klrf1_effector_vd1_gdt_alr","l3_adaptive_nk_cell_alr",0.26,0.115384615384615,FALSE
"l3_naive_vd1_gdt_alr","l3_early_memory_b_cell_alr",0.26,0.0384615384615385,FALSE
"l3_sox4_vd1_gdt_alr","l3_gzmb_vd2_gdt_alr",0.26,0.115384615384615,FALSE
"l3_early_memory_b_cell_alr","l3_naive_vd1_gdt_alr",0.26,0.961538461538461,FALSE
"l3_isg_naive_b_cell_alr","l2_pdc_alr",0.26,0.307692307692308,FALSE
"l3_isg_naive_b_cell_alr","l3_isg_cd56dim_nk_cell_alr",0.26,0.269230769230769,FALSE
"l3_isg_naive_cd4_t_cell_alr","l2_memory_cd8_t_cell_alr",0.26,0,FALSE
"l3_isg_naive_cd4_t_cell_alr","l3_isg_cd16_monocyte_alr",0.26,0.192307692307692,FALSE
"l1_progenitor_cell_alr","l3_ilc",0.26,0,FALSE
"l2_progenitor_cell","l1_b_cell_alr",0.25,1,FALSE
"l3_pdc","l3_baeomap_cell",0.25,0.96,FALSE
"l3_pdc","l3_early_memory_b_cell_alr",0.25,0.04,FALSE
"l3_plasma_cell","l1_dc_alr",0.25,0.88,FALSE
"l3_baeomap_cell","l3_pdc",0.25,0.04,FALSE
"l3_baeomap_cell","l3_gzmk_cd56dim_nk_cell_alr",0.25,0.48,FALSE
"l2_transitional_b_cell_alr","l2_mait_alr",0.25,0.32,FALSE
"l2_transitional_b_cell_alr","l3_klrf1_effector_vd1_gdt_alr",0.25,0.72,FALSE
"l2_transitional_b_cell_alr","l3_cd4_mait_alr",0.25,0.76,FALSE
"l2_transitional_b_cell_alr","l3_isg_memory_cd4_t_cell_alr",0.25,0,FALSE
"l2_intermediate_monocyte_alr","l2_cd8aa_alr",0.25,0.04,FALSE
"l2_cd8aa_alr","l2_intermediate_monocyte_alr",0.25,0.96,FALSE
"l2_cd8aa_alr","l2_mait_alr",0.25,0.48,FALSE
"l2_cd8aa_alr","l3_isg_naive_cd8_t_cell_alr",0.25,0.08,FALSE
"l2_mait_alr","l2_transitional_b_cell_alr",0.25,0.68,FALSE
"l2_mait_alr","l2_cd8aa_alr",0.25,0.52,FALSE
"l2_memory_cd4_t_cell_alr","l3_c1q_cd16_monocyte_alr",0.25,1,FALSE
"l2_proliferating_t_cell_alr","l3_isg_naive_cd4_t_cell_alr",0.25,0,FALSE
"l3_c1q_cd16_monocyte_alr","l2_memory_cd4_t_cell_alr",0.25,0,FALSE
"l3_isg_cd16_monocyte_alr","l3_cd4_mait_alr",0.25,0,FALSE
"l3_gzmk_cd56dim_nk_cell_alr","l3_baeomap_cell",0.25,0.52,FALSE
"l3_klrf1_effector_vd1_gdt_alr","l2_transitional_b_cell_alr",0.25,0.28,FALSE
"l3_klrf1_effector_vd1_gdt_alr","l1_nk_cell_alr",0.25,0.08,FALSE
"l3_cd4_mait_alr","l2_transitional_b_cell_alr",0.25,0.24,FALSE
"l3_cd4_mait_alr","l3_isg_cd16_monocyte_alr",0.25,1,FALSE
"l3_cd95_memory_b_cell_alr","l3_early_memory_b_cell_alr",0.25,0,FALSE
"l3_early_memory_b_cell_alr","l3_pdc",0.25,0.96,FALSE
"l3_early_memory_b_cell_alr","l3_cd95_memory_b_cell_alr",0.25,1,FALSE
"l3_isg_memory_cd4_t_cell_alr","l2_transitional_b_cell_alr",0.25,1,FALSE
"l3_isg_naive_cd4_t_cell_alr","l2_proliferating_t_cell_alr",0.25,1,FALSE
"l3_isg_naive_cd8_t_cell_alr","l2_cd8aa_alr",0.25,0.92,FALSE
"l1_dc_alr","l3_plasma_cell",0.25,0.12,FALSE
"l1_nk_cell_alr","l3_klrf1_effector_vd1_gdt_alr",0.25,0.92,FALSE
"l1_b_cell_alr","l2_progenitor_cell",0.25,0,FALSE
"l3_proliferating_t_cell","l3_cd95_memory_b_cell_alr",0.24,0.958333333333333,FALSE
"l2_transitional_b_cell_alr","l2_pdc_alr",0.24,0.833333333333333,FALSE
"l2_pdc_alr","l2_transitional_b_cell_alr",0.24,0.166666666666667,FALSE
"l3_adaptive_nk_cell_alr","l3_cd27_effector_b_cell_alt_alr",0.24,0.291666666666667,FALSE
"l3_adaptive_nk_cell_alr","l3_isg_memory_cd4_t_cell_alr",0.24,0.958333333333333,FALSE
"l3_cd27_effector_b_cell_alt_alr","l3_adaptive_nk_cell_alr",0.24,0.708333333333333,FALSE
"l3_cd95_memory_b_cell_alr","l3_proliferating_t_cell",0.24,0.0416666666666667,FALSE
"l3_isg_memory_cd4_t_cell_alr","l3_adaptive_nk_cell_alr",0.24,0.0416666666666667,FALSE
"l2_progenitor_cell","l3_cd14_cdc2_alr",0.24,0.333333333333333,FALSE
"l3_cd8aa","l2_transitional_b_cell_alr",0.24,1,FALSE
"l3_dn_t_cell","l3_klrb1_memory_cd4_treg_alr",0.24,0.375,FALSE
"l3_platelet","l1_progenitor_cell_alr",0.24,1,FALSE
"l3_baeomap_cell","l3_klrf1_gzmb_cd27_em_cd8_t_cell_alt_alr",0.24,0.125,FALSE
"l2_transitional_b_cell_alr","l3_cd8aa",0.24,0,FALSE
"l2_naive_cd8_t_cell_alr","l3_isg_memory_cd8_t_cell_alr",0.24,1,FALSE
"l2_proliferating_t_cell_alr","l3_sox4_naive_cd4_t_cell_alr",0.24,0,FALSE
"l3_cd14_cdc2_alr","l2_progenitor_cell",0.24,0.666666666666667,FALSE
"l3_isg_cdc2_alr","l3_gzmb_cd27_em_cd4_t_cell_alr",0.24,0.0833333333333333,FALSE
"l3_klrf1_effector_vd1_gdt_alt_alr","l1_progenitor_cell_alr",0.24,1,FALSE
"l3_gzmb_cd27_em_cd4_t_cell_alr","l3_isg_cdc2_alr",0.24,0.916666666666667,FALSE
"l3_isg_memory_cd8_t_cell_alr","l2_naive_cd8_t_cell_alr",0.24,0,FALSE
"l3_klrf1_gzmb_cd27_em_cd8_t_cell_alt_alr","l3_baeomap_cell",0.24,0.875,FALSE
"l3_sox4_naive_cd4_t_cell_alr","l2_proliferating_t_cell_alr",0.24,1,FALSE
"l3_klrb1_memory_cd4_treg_alr","l3_dn_t_cell",0.24,0.625,FALSE
"l1_progenitor_cell_alr","l3_platelet",0.24,0,FALSE
"l1_progenitor_cell_alr","l3_klrf1_effector_vd1_gdt_alt_alr",0.24,0,FALSE
"l2_erythrocyte","l3_klrf1_effector_vd1_gdt_alt_alr",0.23,0,FALSE
"l3_cd8aa","l3_cd95_memory_b_cell_alr",0.23,0.0434782608695652,FALSE
"l3_cdc1","l1_nk_cell_alr",0.23,0.956521739130435,FALSE
"l3_erythrocyte","l3_gzmb_vd2_gdt_alr",0.23,0.695652173913043,FALSE
"l3_platelet","l2_cd56bright_nk_cell_alr",0.23,1,FALSE
"l3_proliferating_t_cell","l3_transitional_b_cell",0.23,1,FALSE
"l3_transitional_b_cell","l3_proliferating_t_cell",0.23,0,FALSE
"l3_transitional_b_cell","l2_memory_cd4_t_cell_alr",0.23,0,FALSE
"l2_asdc_alr","l3_isg_cdc2_alr",0.23,0,FALSE
"l2_intermediate_monocyte_alr","l1_progenitor_cell_alr",0.23,1,FALSE
"l2_cd56bright_nk_cell_alr","l3_platelet",0.23,0,FALSE
"l2_cd56bright_nk_cell_alr","l1_platelet_alr",0.23,0.0434782608695652,FALSE
"l2_cd8aa_alr","l3_sox4_naive_cd4_t_cell_alr",0.23,0.826086956521739,FALSE
"l2_mait_alr","l3_klrf1_effector_vd1_gdt_alt_alr",0.23,0,FALSE
"l2_memory_cd4_t_cell_alr","l3_transitional_b_cell",0.23,1,FALSE
"l3_isg_cdc2_alr","l2_asdc_alr",0.23,1,FALSE
"l3_gzmb_vd2_gdt_alr","l3_erythrocyte",0.23,0.304347826086957,FALSE
"l3_gzmb_vd2_gdt_alr","l3_isg_naive_cd4_t_cell_alr",0.23,0.956521739130435,FALSE
"l3_klrf1_effector_vd1_gdt_alt_alr","l2_erythrocyte",0.23,1,FALSE
"l3_klrf1_effector_vd1_gdt_alt_alr","l2_mait_alr",0.23,1,FALSE
"l3_isg_mait_alr","l3_klrb1_memory_cd8_treg_alr",0.23,0,FALSE
"l3_cd95_memory_b_cell_alr","l3_cd8aa",0.23,0.956521739130435,FALSE
"l3_klrf1_gzmb_cd27_memory_cd4_t_cell_alr","l3_cm_cd8_t_cell_alr",0.23,1,FALSE
"l3_cm_cd8_t_cell_alr","l3_klrf1_gzmb_cd27_memory_cd4_t_cell_alr",0.23,0,FALSE
"l3_isg_naive_cd4_t_cell_alr","l3_gzmb_vd2_gdt_alr",0.23,0.0434782608695652,FALSE
"l3_sox4_naive_cd4_t_cell_alr","l2_cd8aa_alr",0.23,0.173913043478261,FALSE
"l3_klrb1_memory_cd8_treg_alr","l3_isg_mait_alr",0.23,1,FALSE
"l1_nk_cell_alr","l3_cdc1",0.23,0.0434782608695652,FALSE
"l1_platelet_alr","l2_cd56bright_nk_cell_alr",0.23,0.956521739130435,FALSE
"l1_progenitor_cell_alr","l2_intermediate_monocyte_alr",0.23,0,FALSE
"l2_gdt_alr","l3_memory_cd8_treg_alr",0.23,0.0869565217391304,FALSE
"l3_isg_cd56dim_nk_cell_alr","l3_gzmk_memory_cd4_treg_alr",0.23,0.0869565217391304,FALSE
"l3_isg_cd56dim_nk_cell_alr","l1_b_cell_alr",0.23,0.91304347826087,FALSE
"l3_gzmk_memory_cd4_treg_alr","l3_isg_cd56dim_nk_cell_alr",0.23,0.91304347826087,FALSE
"l3_memory_cd8_treg_alr","l2_gdt_alr",0.23,0.91304347826087,FALSE
"l1_b_cell_alr","l3_isg_cd56dim_nk_cell_alr",0.23,0.0869565217391304,FALSE
"l2_proliferating_nk_cell_alr","l3_sox4_naive_cd8_t_cell_alr",0.22,0.363636363636364,FALSE
"l3_isg_naive_b_cell_alr","l3_isg_naive_cd4_t_cell_alr",0.22,0.772727272727273,FALSE
"l3_isg_naive_cd4_t_cell_alr","l3_isg_naive_b_cell_alr",0.22,0.227272727272727,FALSE
"l3_sox4_naive_cd8_t_cell_alr","l2_proliferating_nk_cell_alr",0.22,0.636363636363636,FALSE
"sex","l1_nk_cell_alr",0.22,1,FALSE
"l2_erythrocyte","l2_proliferating_nk_cell_alr",0.22,0,FALSE
"l2_ilc","l3_activated_memory_b_cell_alr",0.22,0.545454545454545,FALSE
"l2_platelet","l3_isg_naive_b_cell_alr",0.22,0.409090909090909,FALSE
"l3_dn_t_cell","l3_il1b_cd14_monocyte_alr",0.22,0.522727272727273,FALSE
"l3_intermediate_monocyte","l3_klrf1_effector_vd1_gdt_alr",0.22,0.136363636363636,FALSE
"l3_proliferating_nk_cell","l1_monocyte_alr",0.22,0,FALSE
"l3_proliferating_t_cell","l2_naive_cd8_t_cell_alr",0.22,0.454545454545455,FALSE
"l3_transitional_b_cell","l1_erythrocyte_alr",0.22,0,FALSE
"l3_baeomap_cell","l3_c1q_cd16_monocyte_alr",0.22,0.954545454545454,FALSE
"l3_baeomap_cell","l1_b_cell_alr",0.22,0.5,FALSE
"l2_plasma_cell_alr","l2_mait_alr",0.22,0.0454545454545455,FALSE
"l2_pdc_alr","l1_monocyte_alr",0.22,0.0454545454545455,FALSE
"l2_intermediate_monocyte_alr","l3_naive_cd4_treg_alr",0.22,0,FALSE
"l2_proliferating_nk_cell_alr","l2_erythrocyte",0.22,1,FALSE
"l2_cd8aa_alr","l3_isg_naive_cd4_t_cell_alr",0.22,0,FALSE
"l2_cd8aa_alr","l1_erythrocyte_alr",0.22,0.0454545454545455,FALSE
"l2_dn_t_cell_alr","l3_isg_naive_cd4_t_cell_alr",0.22,0.0909090909090909,FALSE
"l2_mait_alr","l2_plasma_cell_alr",0.22,0.954545454545454,FALSE
"l2_memory_cd8_t_cell_alr","l3_c1q_cd16_monocyte_alr",0.22,0.0909090909090909,FALSE
"l2_naive_cd8_t_cell_alr","l3_proliferating_t_cell",0.22,0.545454545454545,FALSE
"l3_il1b_cd14_monocyte_alr","l3_dn_t_cell",0.22,0.477272727272727,FALSE
"l3_c1q_cd16_monocyte_alr","l3_baeomap_cell",0.22,0.0454545454545455,FALSE
"l3_c1q_cd16_monocyte_alr","l2_memory_cd8_t_cell_alr",0.22,0.909090909090909,FALSE
"l3_c1q_cd16_monocyte_alr","l3_clp_cell_alr",0.22,0.409090909090909,FALSE
"l3_klrf1_effector_vd1_gdt_alr","l3_intermediate_monocyte",0.22,0.863636363636364,FALSE
"l3_klrf1_effector_vd1_gdt_alr","l3_isg_naive_cd4_t_cell_alr",0.22,0,FALSE
"l3_sox4_vd1_gdt_alr","l3_klrf1_gzmb_cd27_memory_cd4_t_cell_alr",0.22,0,FALSE
"l3_activated_memory_b_cell_alr","l2_ilc",0.22,0.454545454545455,FALSE
"l3_klrf1_gzmb_cd27_memory_cd4_t_cell_alr","l3_sox4_vd1_gdt_alr",0.22,1,FALSE
"l3_isg_naive_b_cell_alr","l2_platelet",0.22,0.590909090909091,FALSE
"l3_isg_naive_cd4_t_cell_alr","l2_cd8aa_alr",0.22,1,FALSE
"l3_isg_naive_cd4_t_cell_alr","l2_dn_t_cell_alr",0.22,0.909090909090909,FALSE
"l3_isg_naive_cd4_t_cell_alr","l3_klrf1_effector_vd1_gdt_alr",0.22,1,FALSE
"l3_clp_cell_alr","l3_c1q_cd16_monocyte_alr",0.22,0.590909090909091,FALSE
"l3_naive_cd4_treg_alr","l2_intermediate_monocyte_alr",0.22,1,FALSE
"l1_monocyte_alr","l3_proliferating_nk_cell",0.22,1,FALSE
"l1_monocyte_alr","l2_pdc_alr",0.22,0.954545454545454,FALSE
"l1_nk_cell_alr","sex",0.22,0,FALSE
"l1_b_cell_alr","l3_baeomap_cell",0.22,0.5,FALSE
"l1_erythrocyte_alr","l3_transitional_b_cell",0.22,1,FALSE
"l1_erythrocyte_alr","l2_cd8aa_alr",0.22,0.954545454545454,FALSE
"l2_progenitor_cell","l3_cd95_memory_b_cell_alr",0.21,0.238095238095238,FALSE
"l3_dn_t_cell","l3_baeomap_cell",0.21,0.761904761904762,FALSE
"l3_baeomap_cell","l3_dn_t_cell",0.21,0.238095238095238,FALSE
"l3_cd27_effector_b_cell_alt_alr","l3_naive_vd1_gdt_alr",0.21,0.952380952380952,FALSE
"l3_naive_vd1_gdt_alr","l3_cd27_effector_b_cell_alt_alr",0.21,0.0476190476190476,FALSE
"l3_naive_vd1_gdt_alr","l3_type_2_polarized_memory_b_cell_alr",0.21,0.0476190476190476,FALSE
"l3_cd95_memory_b_cell_alr","l2_progenitor_cell",0.21,0.761904761904762,FALSE
"l3_cd95_memory_b_cell_alr","l3_cm_cd8_t_cell_alr",0.21,0.238095238095238,FALSE
"l3_type_2_polarized_memory_b_cell_alr","l3_naive_vd1_gdt_alr",0.21,0.952380952380952,FALSE
"l3_cm_cd8_t_cell_alr","l3_cd95_memory_b_cell_alr",0.21,0.761904761904762,FALSE
"l1_ilc_alr","l1_platelet_alr",0.21,0.19047619047619,FALSE
"l1_platelet_alr","l1_ilc_alr",0.21,0.80952380952381,FALSE
"l2_erythrocyte","l3_gzmb_cd27_em_cd4_t_cell_alr",0.21,0,FALSE
"l2_ilc","l3_gzmb_cd27_em_cd4_t_cell_alt_alr",0.21,0,FALSE
"l2_platelet","l1_nk_cell_alr",0.21,0,FALSE
"l3_cd56bright_nk_cell","l3_il1b_cd14_monocyte_alr",0.21,1,FALSE
"l3_transitional_b_cell","l3_isg_memory_cd4_t_cell_alr",0.21,0,FALSE
"l2_cd16_monocyte_alr","l3_isg_mait_alr",0.21,1,FALSE
"l2_mait_alr","l3_memory_cd8_treg_alr",0.21,0.285714285714286,FALSE
"l3_il1b_cd14_monocyte_alr","l3_cd56bright_nk_cell",0.21,0,FALSE
"l3_il1b_cd14_monocyte_alr","l3_klrb1_memory_cd4_treg_alr",0.21,0.857142857142857,FALSE
"l3_isg_cdc2_alr","l3_type_2_polarized_memory_b_cell_alr",0.21,0,FALSE
"l3_gzmb_vd2_gdt_alr","l3_naive_cd4_treg_alr",0.21,0,FALSE
"l3_naive_vd1_gdt_alr","l1_dc_alr",0.21,0.0952380952380952,FALSE
"l3_isg_mait_alr","l2_cd16_monocyte_alr",0.21,0,FALSE
"l3_cd95_memory_b_cell_alr","l3_naive_cd4_treg_alr",0.21,0.142857142857143,FALSE
"l3_type_2_polarized_memory_b_cell_alr","l3_isg_cdc2_alr",0.21,1,FALSE
"l3_isg_memory_cd4_t_cell_alr","l3_transitional_b_cell",0.21,1,FALSE
"l3_gzmb_cd27_em_cd4_t_cell_alr","l2_erythrocyte",0.21,1,FALSE
"l3_gzmb_cd27_em_cd4_t_cell_alt_alr","l2_ilc",0.21,1,FALSE
"l3_isg_naive_cd4_t_cell_alr","l1_nk_cell_alr",0.21,1,FALSE
"l3_klrb1_memory_cd4_treg_alr","l3_il1b_cd14_monocyte_alr",0.21,0.142857142857143,FALSE
"l3_memory_cd8_treg_alr","l2_mait_alr",0.21,0.714285714285714,FALSE
"l3_naive_cd4_treg_alr","l3_gzmb_vd2_gdt_alr",0.21,1,FALSE
"l3_naive_cd4_treg_alr","l3_cd95_memory_b_cell_alr",0.21,0.857142857142857,FALSE
"l1_dc_alr","l3_naive_vd1_gdt_alr",0.21,0.904761904761905,FALSE
"l1_nk_cell_alr","l2_platelet",0.21,1,FALSE
"l1_nk_cell_alr","l3_isg_naive_cd4_t_cell_alr",0.21,0,FALSE
"cmv","l3_type_2_polarized_memory_b_cell_alr",0.2,1,FALSE
"l2_erythrocyte","l3_cd4_mait_alr",0.2,0,FALSE
"l2_progenitor_cell","l2_cd16_monocyte_alr",0.2,0.3,FALSE
"l3_intermediate_monocyte","l2_effector_b_cell_alr",0.2,0,FALSE
"l3_transitional_b_cell","l3_cd4_mait_alr",0.2,0.85,FALSE
"l2_effector_b_cell_alr","l3_intermediate_monocyte",0.2,1,FALSE
"l2_plasma_cell_alr","l3_cm_cd8_t_cell_alr",0.2,0,FALSE
"l2_asdc_alr","l3_isg_memory_cd8_t_cell_alr",0.2,0,FALSE
"l2_cdc1_alr","l3_isg_cdc2_alr",0.2,0,FALSE
"l2_pdc_alr","l3_gzmk_memory_cd4_treg_alr",0.2,0,FALSE
"l2_cd16_monocyte_alr","l2_progenitor_cell",0.2,0.7,FALSE
"l2_proliferating_nk_cell_alr","l3_gzmb_cd27_em_cd4_t_cell_alt_alr",0.2,0.7,FALSE
"l2_cd8aa_alr","l2_treg_alr",0.2,0,FALSE
"l2_gdt_alr","l3_gzmk_memory_cd4_treg_alr",0.2,0.55,FALSE
"l2_mait_alr","l3_early_memory_b_cell_alr",0.2,0,FALSE
"l2_mait_alr","l1_dc_alr",0.2,0.25,FALSE
"l2_treg_alr","l2_cd8aa_alr",0.2,1,FALSE
"l3_cd14_cdc2_alr","l1_progenitor_cell_alr",0.2,0.05,FALSE
"l3_isg_cdc2_alr","l2_cdc1_alr",0.2,1,FALSE
"l3_naive_vd1_gdt_alr","l3_memory_cd8_treg_alr",0.2,0,FALSE
"l3_cd4_mait_alr","l2_erythrocyte",0.2,1,FALSE
"l3_cd4_mait_alr","l3_transitional_b_cell",0.2,0.15,FALSE
"l3_isg_mait_alr","l3_isg_naive_cd8_t_cell_alr",0.2,0,FALSE
"l3_early_memory_b_cell_alr","l2_mait_alr",0.2,1,FALSE
"l3_type_2_polarized_memory_b_cell_alr","cmv",0.2,0,FALSE
"l3_gzmb_cd27_em_cd4_t_cell_alt_alr","l2_proliferating_nk_cell_alr",0.2,0.3,FALSE
"l3_isg_memory_cd8_t_cell_alr","l2_asdc_alr",0.2,1,FALSE
"l3_cm_cd8_t_cell_alr","l2_plasma_cell_alr",0.2,1,FALSE
"l3_klrf1_gzmb_cd27_em_cd8_t_cell_alr","l1_ilc_alr",0.2,0.05,FALSE
"l3_isg_naive_cd8_t_cell_alr","l3_isg_mait_alr",0.2,1,FALSE
"l3_gzmk_memory_cd4_treg_alr","l2_pdc_alr",0.2,1,FALSE
"l3_gzmk_memory_cd4_treg_alr","l2_gdt_alr",0.2,0.45,FALSE
"l3_memory_cd8_treg_alr","l3_naive_vd1_gdt_alr",0.2,1,FALSE
"l1_dc_alr","l2_mait_alr",0.2,0.75,FALSE
"l1_b_cell_alr","l1_erythrocyte_alr",0.2,0.45,FALSE
"l1_erythrocyte_alr","l1_b_cell_alr",0.2,0.55,FALSE
"l1_ilc_alr","l3_klrf1_gzmb_cd27_em_cd8_t_cell_alr",0.2,0.95,FALSE
"l1_progenitor_cell_alr","l3_cd14_cdc2_alr",0.2,0.95,FALSE
"l3_gzmb_cd27_em_cd4_t_cell_alr","l1_b_cell_alr",0.2,0.1,FALSE
"l1_b_cell_alr","l3_gzmb_cd27_em_cd4_t_cell_alr",0.2,0.9,FALSE
"age_group","l3_cm_cd8_t_cell_alr",0.19,1,FALSE
"l2_erythrocyte","l3_ilc",0.19,0,FALSE
"l2_erythrocyte","l2_mait_alr",0.19,0,FALSE
"l3_asdc","l3_isg_naive_b_cell_alr",0.19,0.105263157894737,FALSE
"l3_cd8aa","l3_isg_memory_cd8_t_cell_alr",0.19,1,FALSE
"l3_dn_t_cell","l3_transitional_b_cell",0.19,0.631578947368421,FALSE
"l3_ilc","l2_erythrocyte",0.19,1,FALSE
"l3_intermediate_monocyte","l2_memory_b_cell_alr",0.19,0,FALSE
"l3_proliferating_t_cell","l2_memory_cd8_t_cell_alr",0.19,0.421052631578947,FALSE
"l3_transitional_b_cell","l3_dn_t_cell",0.19,0.368421052631579,FALSE
"l3_transitional_b_cell","l3_cd95_memory_b_cell_alr",0.19,0,FALSE
"l3_baeomap_cell","l3_memory_cd8_treg_alr",0.19,0.0526315789473684,FALSE
"l2_memory_b_cell_alr","l3_intermediate_monocyte",0.19,1,FALSE
"l2_transitional_b_cell_alr","l3_cd95_memory_b_cell_alr",0.19,0,FALSE
"l2_cdc1_alr","l3_isg_memory_cd8_t_cell_alr",0.19,0,FALSE
"l2_intermediate_monocyte_alr","l3_memory_cd8_treg_alr",0.19,0.0526315789473684,FALSE
"l2_dn_t_cell_alr","l3_il1b_cd14_monocyte_alr",0.19,0,FALSE
"l2_gdt_alr","l3_cd95_memory_b_cell_alr",0.19,0.473684210526316,FALSE
"l2_mait_alr","l2_erythrocyte",0.19,1,FALSE
"l2_mait_alr","l2_proliferating_t_cell_alr",0.19,1,FALSE
"l2_memory_cd8_t_cell_alr","l3_proliferating_t_cell",0.19,0.578947368421053,FALSE
"l2_proliferating_t_cell_alr","l2_mait_alr",0.19,0,FALSE
"l3_il1b_cd14_monocyte_alr","l2_dn_t_cell_alr",0.19,1,FALSE
"l3_il1b_cd14_monocyte_alr","l3_isg_cd56dim_nk_cell_alr",0.19,0.157894736842105,FALSE
"l3_isg_cd14_monocyte_alr","l3_isg_mait_alr",0.19,1,FALSE
"l3_isg_cd56dim_nk_cell_alr","l3_il1b_cd14_monocyte_alr",0.19,0.842105263157895,FALSE
"l3_cd14_cdc2_alr","l3_clp_cell_alr",0.19,0.368421052631579,FALSE
"l3_cd4_mait_alr","l3_isg_naive_b_cell_alr",0.19,1,FALSE
"l3_isg_mait_alr","l3_isg_cd14_monocyte_alr",0.19,0,FALSE
"l3_cd95_memory_b_cell_alr","l3_transitional_b_cell",0.19,1,FALSE
"l3_cd95_memory_b_cell_alr","l2_transitional_b_cell_alr",0.19,1,FALSE
"l3_cd95_memory_b_cell_alr","l2_gdt_alr",0.19,0.526315789473684,FALSE
"l3_isg_memory_cd8_t_cell_alr","l3_cd8aa",0.19,0,FALSE
"l3_isg_memory_cd8_t_cell_alr","l2_cdc1_alr",0.19,1,FALSE
"l3_isg_memory_cd8_t_cell_alr","l3_memory_cd8_treg_alr",0.19,0.0526315789473684,FALSE
"l3_cm_cd8_t_cell_alr","age_group",0.19,0,FALSE
"l3_klrf1_gzmb_cd27_em_cd8_t_cell_alt_alr","l3_isg_naive_cd4_t_cell_alr",0.19,1,FALSE
"l3_isg_naive_b_cell_alr","l3_asdc",0.19,0.894736842105263,FALSE
"l3_isg_naive_b_cell_alr","l3_cd4_mait_alr",0.19,0,FALSE
"l3_isg_naive_cd4_t_cell_alr","l3_klrf1_gzmb_cd27_em_cd8_t_cell_alt_alr",0.19,0,FALSE
"l3_clp_cell_alr","l3_cd14_cdc2_alr",0.19,0.631578947368421,FALSE
"l3_klrb1_memory_cd8_treg_alr","l1_progenitor_cell_alr",0.19,1,FALSE
"l3_memory_cd8_treg_alr","l3_baeomap_cell",0.19,0.947368421052632,FALSE
"l3_memory_cd8_treg_alr","l2_intermediate_monocyte_alr",0.19,0.947368421052632,FALSE
"l3_memory_cd8_treg_alr","l3_isg_memory_cd8_t_cell_alr",0.19,0.947368421052632,FALSE
"l1_progenitor_cell_alr","l3_klrb1_memory_cd8_treg_alr",0.19,0,FALSE
"l3_erythrocyte","l1_nk_cell_alr",0.18,0.944444444444444,FALSE
"l2_cd16_monocyte_alr","l2_mait_alr",0.18,0.777777777777778,FALSE
"l2_proliferating_nk_cell_alr","l2_naive_cd8_t_cell_alr",0.18,0.0555555555555556,FALSE
"l2_proliferating_nk_cell_alr","l1_b_cell_alr",0.18,0.0555555555555556,FALSE
"l2_mait_alr","l2_cd16_monocyte_alr",0.18,0.222222222222222,FALSE
"l2_naive_cd8_t_cell_alr","l2_proliferating_nk_cell_alr",0.18,0.944444444444444,FALSE
"l3_gzmb_cd27_em_cd4_t_cell_alt_alr","l3_sox4_naive_cd8_t_cell_alr",0.18,0.944444444444444,FALSE
"l3_sox4_naive_cd8_t_cell_alr","l3_gzmb_cd27_em_cd4_t_cell_alt_alr",0.18,0.0555555555555556,FALSE
"l1_nk_cell_alr","l3_erythrocyte",0.18,0.0555555555555556,FALSE
"l1_b_cell_alr","l2_proliferating_nk_cell_alr",0.18,0.944444444444444,FALSE
"l3_cd8aa","l3_transitional_b_cell",0.18,1,FALSE
"l3_erythrocyte","l2_cd8aa_alr",0.18,1,FALSE
"l3_pdc","l2_gdt_alr",0.18,1,FALSE
"l3_plasma_cell","l3_isg_naive_b_cell_alr",0.18,0.277777777777778,FALSE
"l3_transitional_b_cell","l3_cd8aa",0.18,0,FALSE
"l2_plasma_cell_alr","l3_isg_cdc2_alr",0.18,1,FALSE
"l2_transitional_b_cell_alr","l3_isg_naive_b_cell_alr",0.18,0.388888888888889,FALSE
"l2_asdc_alr","l3_naive_vd1_gdt_alr",0.18,0.555555555555556,FALSE
"l2_cd16_monocyte_alr","l3_sox4_vd1_gdt_alr",0.18,1,FALSE
"l2_intermediate_monocyte_alr","l3_klrf1_gzmb_cd27_em_cd8_t_cell_alr",0.18,0.888888888888889,FALSE
"l2_intermediate_monocyte_alr","l1_erythrocyte_alr",0.18,0,FALSE
"l2_cd8aa_alr","l3_erythrocyte",0.18,0,FALSE
"l2_cd8aa_alr","l3_sox4_naive_cd8_t_cell_alr",0.18,0,FALSE
"l2_dn_t_cell_alr","l3_cd95_memory_b_cell_alr",0.18,0.666666666666667,FALSE
"l2_gdt_alr","l3_pdc",0.18,0,FALSE
"l2_proliferating_t_cell_alr","l3_isg_naive_cd8_t_cell_alr",0.18,0.333333333333333,FALSE
"l3_isg_cdc2_alr","l2_plasma_cell_alr",0.18,0,FALSE
"l3_isg_cdc2_alr","l1_platelet_alr",0.18,0.888888888888889,FALSE
"l3_naive_vd1_gdt_alr","l2_asdc_alr",0.18,0.444444444444444,FALSE
"l3_sox4_vd1_gdt_alr","l2_cd16_monocyte_alr",0.18,0,FALSE
"l3_sox4_vd1_gdt_alr","l1_ilc_alr",0.18,1,FALSE
"l3_cd95_memory_b_cell_alr","l2_dn_t_cell_alr",0.18,0.333333333333333,FALSE
"l3_isg_memory_cd4_t_cell_alr","l3_cm_cd8_t_cell_alr",0.18,1,FALSE
"l3_cm_cd8_t_cell_alr","l3_isg_memory_cd4_t_cell_alr",0.18,0,FALSE
"l3_klrf1_gzmb_cd27_em_cd8_t_cell_alr","l2_intermediate_monocyte_alr",0.18,0.111111111111111,FALSE
"l3_isg_naive_b_cell_alr","l3_plasma_cell",0.18,0.722222222222222,FALSE
"l3_isg_naive_b_cell_alr","l2_transitional_b_cell_alr",0.18,0.611111111111111,FALSE
"l3_isg_naive_b_cell_alr","l3_sox4_naive_cd8_t_cell_alr",0.18,0,FALSE
"l3_sox4_naive_cd4_t_cell_alr","l1_b_cell_alr",0.18,1,FALSE
"l3_isg_naive_cd8_t_cell_alr","l2_proliferating_t_cell_alr",0.18,0.666666666666667,FALSE
"l3_sox4_naive_cd8_t_cell_alr","l2_cd8aa_alr",0.18,1,FALSE
"l3_sox4_naive_cd8_t_cell_alr","l3_isg_naive_b_cell_alr",0.18,1,FALSE
"l1_monocyte_alr","l1_progenitor_cell_alr",0.18,1,FALSE
"l1_b_cell_alr","l3_sox4_naive_cd4_t_cell_alr",0.18,0,FALSE
"l1_erythrocyte_alr","l2_intermediate_monocyte_alr",0.18,1,FALSE
"l1_ilc_alr","l3_sox4_vd1_gdt_alr",0.18,0,FALSE
"l1_platelet_alr","l3_isg_cdc2_alr",0.18,0.111111111111111,FALSE
"l1_platelet_alr","l1_progenitor_cell_alr",0.18,1,FALSE
"l1_progenitor_cell_alr","l1_monocyte_alr",0.18,0,FALSE
"l1_progenitor_cell_alr","l1_platelet_alr",0.18,0,FALSE
"l2_platelet","l3_intermediate_monocyte",0.17,0,FALSE
"l2_platelet","l3_proliferating_t_cell",0.17,0,FALSE
"l2_platelet","l3_activated_memory_b_cell_alr",0.17,1,FALSE
"l3_asdc","l3_naive_cd4_treg_alr",0.17,0,FALSE
"l3_cd56bright_nk_cell","l2_plasma_cell_alr",0.17,1,FALSE
"l3_cd8aa","l3_plasma_cell",0.17,1,FALSE
"l3_cdc1","l3_sox4_naive_cd4_t_cell_alr",0.17,0,FALSE
"l3_dn_t_cell","l1_progenitor_cell_alr",0.17,1,FALSE
"l3_erythrocyte","l2_transitional_b_cell_alr",0.17,1,FALSE
"l3_intermediate_monocyte","l2_platelet",0.17,1,FALSE
"l3_intermediate_monocyte","l2_proliferating_nk_cell_alr",0.17,0.823529411764706,FALSE
"l3_plasma_cell","l3_cd8aa",0.17,0,FALSE
"l3_platelet","l3_early_memory_b_cell_alr",0.17,0,FALSE
"l3_proliferating_t_cell","l2_platelet",0.17,1,FALSE
"l3_transitional_b_cell","l2_naive_cd8_t_cell_alr",0.17,0,FALSE
"l2_plasma_cell_alr","l3_cd56bright_nk_cell",0.17,0,FALSE
"l2_transitional_b_cell_alr","l3_erythrocyte",0.17,0,FALSE
"l2_transitional_b_cell_alr","l1_ilc_alr",0.17,1,FALSE
"l2_proliferating_nk_cell_alr","l3_intermediate_monocyte",0.17,0.176470588235294,FALSE
"l2_dn_t_cell_alr","l3_isg_naive_cd8_t_cell_alr",0.17,0.0588235294117647,FALSE
"l2_memory_cd4_t_cell_alr","l3_cd4_mait_alr",0.17,0.588235294117647,FALSE
"l2_naive_cd8_t_cell_alr","l3_transitional_b_cell",0.17,1,FALSE
"l3_c1q_cd16_monocyte_alr","l3_cd95_memory_b_cell_alr",0.17,0.235294117647059,FALSE
"l3_cd4_mait_alr","l2_memory_cd4_t_cell_alr",0.17,0.411764705882353,FALSE
"l3_activated_memory_b_cell_alr","l2_platelet",0.17,0,FALSE
"l3_cd95_memory_b_cell_alr","l3_c1q_cd16_monocyte_alr",0.17,0.764705882352941,FALSE
"l3_early_memory_b_cell_alr","l3_platelet",0.17,1,FALSE
"l3_type_2_polarized_memory_b_cell_alr","l3_gzmb_cd27_em_cd4_t_cell_alr",0.17,0,FALSE
"l3_klrf1_gzmb_cd27_memory_cd4_t_cell_alr","l3_sox4_naive_cd4_t_cell_alr",0.17,0,FALSE
"l3_gzmb_cd27_em_cd4_t_cell_alr","l3_type_2_polarized_memory_b_cell_alr",0.17,1,FALSE
"l3_sox4_naive_cd4_t_cell_alr","l3_cdc1",0.17,1,FALSE
"l3_sox4_naive_cd4_t_cell_alr","l3_klrf1_gzmb_cd27_memory_cd4_t_cell_alr",0.17,1,FALSE
"l3_isg_naive_cd8_t_cell_alr","l2_dn_t_cell_alr",0.17,0.941176470588235,FALSE
"l3_naive_cd4_treg_alr","l3_asdc",0.17,1,FALSE
"l1_ilc_alr","l2_transitional_b_cell_alr",0.17,0,FALSE
"l1_progenitor_cell_alr","l3_dn_t_cell",0.17,0,FALSE
"l3_proliferating_t_cell","l3_adaptive_nk_cell_alr",0.17,0.882352941176471,FALSE
"l2_memory_cd8_t_cell_alr","l3_cm_cd8_t_cell_alr",0.17,0.470588235294118,FALSE
"l3_adaptive_nk_cell_alr","l3_proliferating_t_cell",0.17,0.117647058823529,FALSE
"l3_cd14_cdc2_alr","l3_klrf1_gzmb_cd27_em_cd8_t_cell_alt_alr",0.17,0.117647058823529,FALSE
"l3_cm_cd8_t_cell_alr","l2_memory_cd8_t_cell_alr",0.17,0.529411764705882,FALSE
"l3_klrf1_gzmb_cd27_em_cd8_t_cell_alt_alr","l3_cd14_cdc2_alr",0.17,0.882352941176471,FALSE
"age_group","l2_naive_cd8_t_cell_alr",0.16,1,FALSE
"sex","l2_memory_cd8_t_cell_alr",0.16,1,FALSE
"l2_platelet","l3_klrf1_effector_vd1_gdt_alt_alr",0.16,0,FALSE
"l2_progenitor_cell","l3_naive_cd4_treg_alr",0.16,0.625,FALSE
"l3_cd8aa","l2_memory_b_cell_alr",0.16,1,FALSE
"l3_cdc1","l3_ilc",0.16,0.0625,FALSE
"l3_cdc1","l2_memory_b_cell_alr",0.16,0.3125,FALSE
"l3_erythrocyte","l1_dc_alr",0.16,0.9375,FALSE
"l3_ilc","l3_cdc1",0.16,0.9375,FALSE
"l3_plasma_cell","l3_platelet",0.16,0.4375,FALSE
"l3_plasma_cell","l2_pdc_alr",0.16,0.625,FALSE
"l3_platelet","l3_plasma_cell",0.16,0.5625,FALSE
"l3_proliferating_nk_cell","l2_memory_b_cell_alr",0.16,0.0625,FALSE
"l3_transitional_b_cell","l3_isg_cd14_monocyte_alr",0.16,0.125,FALSE
"l3_transitional_b_cell","l3_cm_cd8_t_cell_alr",0.16,0.0625,FALSE
"l2_memory_b_cell_alr","l3_cd8aa",0.16,0,FALSE
"l2_memory_b_cell_alr","l3_cdc1",0.16,0.6875,FALSE
"l2_memory_b_cell_alr","l3_proliferating_nk_cell",0.16,0.9375,FALSE
"l2_memory_b_cell_alr","l3_activated_memory_b_cell_alr",0.16,1,FALSE
"l2_pdc_alr","l3_plasma_cell",0.16,0.375,FALSE
"l2_cd16_monocyte_alr","l2_memory_cd4_t_cell_alr",0.16,0.5,FALSE
"l2_cd8aa_alr","l3_il1b_cd14_monocyte_alr",0.16,0,FALSE
"l2_cd8aa_alr","l3_sox4_vd1_gdt_alr",0.16,0.4375,FALSE
"l2_dn_t_cell_alr","l2_mait_alr",0.16,0.125,FALSE
"l2_gdt_alr","l3_cd4_mait_alr",0.16,0.625,FALSE
"l2_mait_alr","l2_dn_t_cell_alr",0.16,0.875,FALSE
"l2_memory_cd4_t_cell_alr","l2_cd16_monocyte_alr",0.16,0.5,FALSE
"l2_memory_cd4_t_cell_alr","l3_isg_cd56dim_nk_cell_alr",0.16,0.0625,FALSE
"l2_memory_cd8_t_cell_alr","sex",0.16,0,FALSE
"l2_naive_cd8_t_cell_alr","age_group",0.16,0,FALSE
"l2_treg_alr","l3_cd95_memory_b_cell_alr",0.16,0.0625,FALSE
"l3_il1b_cd14_monocyte_alr","l2_cd8aa_alr",0.16,1,FALSE
"l3_isg_cd14_monocyte_alr","l3_transitional_b_cell",0.16,0.875,FALSE
"l3_isg_cd16_monocyte_alr","l3_gzmk_cd56dim_nk_cell_alr",0.16,0.0625,FALSE
"l3_gzmk_cd56dim_nk_cell_alr","l3_isg_cd16_monocyte_alr",0.16,0.9375,FALSE
"l3_isg_cd56dim_nk_cell_alr","l2_memory_cd4_t_cell_alr",0.16,0.9375,FALSE
"l3_klrf1_effector_vd1_gdt_alt_alr","l2_platelet",0.16,1,FALSE
"l3_sox4_vd1_gdt_alr","l2_cd8aa_alr",0.16,0.5625,FALSE
"l3_cd4_mait_alr","l2_gdt_alr",0.16,0.375,FALSE
"l3_activated_memory_b_cell_alr","l2_memory_b_cell_alr",0.16,0,FALSE
"l3_activated_memory_b_cell_alr","l3_klrf1_gzmb_cd27_em_cd8_t_cell_alr",0.16,0.25,FALSE
"l3_activated_memory_b_cell_alr","l3_sox4_naive_cd8_t_cell_alr",0.16,0.8125,FALSE
"l3_activated_memory_b_cell_alr","l3_naive_cd4_treg_alr",0.16,0.125,FALSE
"l3_cd95_memory_b_cell_alr","l2_treg_alr",0.16,0.9375,FALSE
"l3_isg_memory_cd4_t_cell_alr","l1_nk_cell_alr",0.16,0.25,FALSE
"l3_cm_cd8_t_cell_alr","l3_transitional_b_cell",0.16,0.9375,FALSE
"l3_klrf1_gzmb_cd27_em_cd8_t_cell_alr","l3_activated_memory_b_cell_alr",0.16,0.75,FALSE
"l3_isg_naive_cd4_t_cell_alr","l3_sox4_naive_cd4_t_cell_alr",0.16,0.125,FALSE
"l3_sox4_naive_cd4_t_cell_alr","l3_isg_naive_cd4_t_cell_alr",0.16,0.875,FALSE
"l3_sox4_naive_cd8_t_cell_alr","l3_activated_memory_b_cell_alr",0.16,0.1875,FALSE
"l3_naive_cd4_treg_alr","l2_progenitor_cell",0.16,0.375,FALSE
"l3_naive_cd4_treg_alr","l3_activated_memory_b_cell_alr",0.16,0.875,FALSE
"l3_naive_cd4_treg_alr","l1_monocyte_alr",0.16,1,FALSE
"l1_dc_alr","l3_erythrocyte",0.16,0.0625,FALSE
"l1_monocyte_alr","l3_naive_cd4_treg_alr",0.16,0,FALSE
"l1_nk_cell_alr","l3_isg_memory_cd4_t_cell_alr",0.16,0.75,FALSE
"l2_ilc","l3_isg_cd16_monocyte_alr",0.15,0.0666666666666667,FALSE
"l2_plasma_cell_alr","l2_asdc_alr",0.15,0.933333333333333,FALSE
"l2_transitional_b_cell_alr","l3_sox4_vd1_gdt_alr",0.15,0.666666666666667,FALSE
"l2_asdc_alr","l2_plasma_cell_alr",0.15,0.0666666666666667,FALSE
"l3_isg_cd16_monocyte_alr","l2_ilc",0.15,0.933333333333333,FALSE
"l3_gzmk_cd56dim_nk_cell_alr","l3_gzmk_memory_cd4_treg_alr",0.15,0.466666666666667,FALSE
"l3_isg_cdc2_alr","l1_erythrocyte_alr",0.15,0.933333333333333,FALSE
"l3_klrf1_effector_vd1_gdt_alr","l3_klrf1_gzmb_cd27_em_cd8_t_cell_alr",0.15,0.666666666666667,FALSE
"l3_sox4_vd1_gdt_alr","l2_transitional_b_cell_alr",0.15,0.333333333333333,FALSE
"l3_cd95_memory_b_cell_alr","l3_memory_cd8_treg_alr",0.15,0.666666666666667,FALSE
"l3_klrf1_gzmb_cd27_em_cd8_t_cell_alr","l3_klrf1_effector_vd1_gdt_alr",0.15,0.333333333333333,FALSE
"l3_gzmk_memory_cd4_treg_alr","l3_gzmk_cd56dim_nk_cell_alr",0.15,0.533333333333333,FALSE
"l3_memory_cd8_treg_alr","l3_cd95_memory_b_cell_alr",0.15,0.333333333333333,FALSE
"l1_erythrocyte_alr","l3_isg_cdc2_alr",0.15,0.0666666666666667,FALSE
"age_group","l2_treg_alr",0.15,1,FALSE
"l2_platelet","l2_dn_t_cell_alr",0.15,0,FALSE
"l2_platelet","l3_memory_cd8_treg_alr",0.15,0.866666666666667,FALSE
"l3_cd8aa","l2_memory_cd8_t_cell_alr",0.15,1,FALSE
"l3_dn_t_cell","l3_proliferating_nk_cell",0.15,0,FALSE
"l3_dn_t_cell","l1_platelet_alr",0.15,0.2,FALSE
"l3_erythrocyte","l3_klrf1_gzmb_cd27_em_cd8_t_cell_alr",0.15,0.866666666666667,FALSE
"l3_erythrocyte","l3_isg_naive_cd4_t_cell_alr",0.15,1,FALSE
"l3_intermediate_monocyte","l3_gzmk_memory_cd4_treg_alr",0.15,0,FALSE
"l3_intermediate_monocyte","l1_b_cell_alr",0.15,0.2,FALSE
"l3_pdc","l2_proliferating_t_cell_alr",0.15,1,FALSE
"l3_plasma_cell","l3_sox4_naive_cd8_t_cell_alr",0.15,1,FALSE
"l3_proliferating_nk_cell","l3_dn_t_cell",0.15,1,FALSE
"l3_proliferating_nk_cell","l3_naive_cd4_treg_alr",0.15,0,FALSE
"l3_proliferating_t_cell","l2_proliferating_nk_cell_alr",0.15,0.133333333333333,FALSE
"l3_baeomap_cell","l3_isg_cd14_monocyte_alr",0.15,0,FALSE
"l2_plasma_cell_alr","l3_cd14_cdc2_alr",0.15,1,FALSE
"l2_plasma_cell_alr","l3_isg_naive_b_cell_alr",0.15,0,FALSE
"l2_pdc_alr","l2_intermediate_monocyte_alr",0.15,1,FALSE
"l2_pdc_alr","l3_klrb1_memory_cd4_treg_alr",0.15,0,FALSE
"l2_intermediate_monocyte_alr","l2_pdc_alr",0.15,0,FALSE
"l2_proliferating_nk_cell_alr","l3_proliferating_t_cell",0.15,0.866666666666667,FALSE
"l2_dn_t_cell_alr","l2_platelet",0.15,1,FALSE
"l2_memory_cd8_t_cell_alr","l3_cd8aa",0.15,0,FALSE
"l2_proliferating_t_cell_alr","l3_pdc",0.15,0,FALSE
"l2_proliferating_t_cell_alr","l2_treg_alr",0.15,0,FALSE
"l2_proliferating_t_cell_alr","l3_sox4_vd1_gdt_alr",0.15,0.133333333333333,FALSE
"l2_treg_alr","age_group",0.15,0,FALSE
"l2_treg_alr","l2_proliferating_t_cell_alr",0.15,1,FALSE
"l3_isg_cd14_monocyte_alr","l3_baeomap_cell",0.15,1,FALSE
"l3_cd14_cdc2_alr","l2_plasma_cell_alr",0.15,0,FALSE
"l3_sox4_vd1_gdt_alr","l2_proliferating_t_cell_alr",0.15,0.866666666666667,FALSE
"l3_cd4_mait_alr","l3_cm_cd8_t_cell_alr",0.15,1,FALSE
"l3_activated_memory_b_cell_alr","l1_ilc_alr",0.15,0,FALSE
"l3_cm_cd8_t_cell_alr","l3_cd4_mait_alr",0.15,0,FALSE
"l3_klrf1_gzmb_cd27_em_cd8_t_cell_alr","l3_erythrocyte",0.15,0.133333333333333,FALSE
"l3_klrf1_gzmb_cd27_em_cd8_t_cell_alt_alr","l3_clp_cell_alr",0.15,0,FALSE
"l3_isg_naive_b_cell_alr","l2_plasma_cell_alr",0.15,1,FALSE
"l3_isg_naive_cd4_t_cell_alr","l3_erythrocyte",0.15,0,FALSE
"l3_sox4_naive_cd8_t_cell_alr","l3_plasma_cell",0.15,0,FALSE
"l3_sox4_naive_cd8_t_cell_alr","l3_clp_cell_alr",0.15,0,FALSE
"l3_clp_cell_alr","l3_klrf1_gzmb_cd27_em_cd8_t_cell_alt_alr",0.15,1,FALSE
"l3_clp_cell_alr","l3_sox4_naive_cd8_t_cell_alr",0.15,1,FALSE
"l3_gzmk_memory_cd4_treg_alr","l3_intermediate_monocyte",0.15,1,FALSE
"l3_klrb1_memory_cd4_treg_alr","l2_pdc_alr",0.15,1,FALSE
"l3_memory_cd8_treg_alr","l2_platelet",0.15,0.133333333333333,FALSE
"l3_naive_cd4_treg_alr","l3_proliferating_nk_cell",0.15,1,FALSE
"l1_b_cell_alr","l3_intermediate_monocyte",0.15,0.8,FALSE
"l1_ilc_alr","l3_activated_memory_b_cell_alr",0.15,1,FALSE
"l1_platelet_alr","l3_dn_t_cell",0.15,0.8,FALSE
"l2_erythrocyte","l3_isg_memory_cd4_t_cell_alr",0.14,0,FALSE
"l3_erythrocyte","l2_naive_cd8_t_cell_alr",0.14,0.571428571428571,FALSE
"l3_transitional_b_cell","l2_mait_alr",0.14,0,FALSE
"l3_transitional_b_cell","l1_monocyte_alr",0.14,0.285714285714286,FALSE
"l2_effector_b_cell_alr","l3_klrf1_gzmb_cd27_em_cd8_t_cell_alt_alr",0.14,0,FALSE
"l2_effector_b_cell_alr","l1_dc_alr",0.14,0.357142857142857,FALSE
"l2_memory_b_cell_alr","l2_memory_cd8_t_cell_alr",0.14,1,FALSE
"l2_plasma_cell_alr","l2_cdc1_alr",0.14,0.5,FALSE
"l2_plasma_cell_alr","l1_monocyte_alr",0.14,0,FALSE
"l2_transitional_b_cell_alr","l1_platelet_alr",0.14,0.928571428571428,FALSE
"l2_cdc1_alr","l2_plasma_cell_alr",0.14,0.5,FALSE
"l2_cd56bright_nk_cell_alr","l3_cd14_cdc2_alr",0.14,0.428571428571428,FALSE
"l2_proliferating_nk_cell_alr","l3_gzmk_cd56dim_nk_cell_alr",0.14,0.642857142857143,FALSE
"l2_proliferating_nk_cell_alr","l3_cm_cd8_t_cell_alr",0.14,0.642857142857143,FALSE
"l2_cd8aa_alr","l3_naive_vd1_gdt_alr",0.14,1,FALSE
"l2_dn_t_cell_alr","l3_sox4_vd1_gdt_alr",0.14,0.0714285714285714,FALSE
"l2_mait_alr","l3_transitional_b_cell",0.14,1,FALSE
"l2_memory_cd4_t_cell_alr","l3_isg_cdc2_alr",0.14,0,FALSE
"l2_memory_cd8_t_cell_alr","l2_memory_b_cell_alr",0.14,0,FALSE
"l2_naive_cd8_t_cell_alr","l3_erythrocyte",0.14,0.428571428571428,FALSE
"l2_naive_cd8_t_cell_alr","l1_b_cell_alr",0.14,0.785714285714286,FALSE
"l2_proliferating_t_cell_alr","l1_erythrocyte_alr",0.14,0.357142857142857,FALSE
"l3_gzmk_cd56dim_nk_cell_alr","l2_proliferating_nk_cell_alr",0.14,0.357142857142857,FALSE
"l3_isg_cd56dim_nk_cell_alr","l3_cm_cd8_t_cell_alr",0.14,0,FALSE
"l3_cd14_cdc2_alr","l2_cd56bright_nk_cell_alr",0.14,0.571428571428571,FALSE
"l3_isg_cdc2_alr","l2_memory_cd4_t_cell_alr",0.14,1,FALSE
"l3_naive_vd1_gdt_alr","l2_cd8aa_alr",0.14,0,FALSE
"l3_sox4_vd1_gdt_alr","l2_dn_t_cell_alr",0.14,0.928571428571428,FALSE
"l3_cd4_mait_alr","l3_gzmb_cd27_em_cd4_t_cell_alr",0.14,0,FALSE
"l3_cd4_mait_alr","l1_progenitor_cell_alr",0.14,1,FALSE
"l3_isg_mait_alr","l3_type_2_polarized_memory_b_cell_alr",0.14,0.285714285714286,FALSE
"l3_type_2_polarized_memory_b_cell_alr","l3_isg_mait_alr",0.14,0.714285714285714,FALSE
"l3_isg_memory_cd4_t_cell_alr","l2_erythrocyte",0.14,1,FALSE
"l3_gzmb_cd27_em_cd4_t_cell_alr","l3_cd4_mait_alr",0.14,1,FALSE
"l3_cm_cd8_t_cell_alr","l2_proliferating_nk_cell_alr",0.14,0.357142857142857,FALSE
"l3_cm_cd8_t_cell_alr","l3_isg_cd56dim_nk_cell_alr",0.14,1,FALSE
"l3_klrf1_gzmb_cd27_em_cd8_t_cell_alt_alr","l2_effector_b_cell_alr",0.14,1,FALSE
"l1_dc_alr","l2_effector_b_cell_alr",0.14,0.642857142857143,FALSE
"l1_monocyte_alr","l3_transitional_b_cell",0.14,0.714285714285714,FALSE
"l1_monocyte_alr","l2_plasma_cell_alr",0.14,1,FALSE
"l1_b_cell_alr","l2_naive_cd8_t_cell_alr",0.14,0.214285714285714,FALSE
"l1_erythrocyte_alr","l2_proliferating_t_cell_alr",0.14,0.642857142857143,FALSE
"l1_platelet_alr","l2_transitional_b_cell_alr",0.14,0.0714285714285714,FALSE
"l1_progenitor_cell_alr","l3_cd4_mait_alr",0.14,0,FALSE
"l3_asdc","l2_mait_alr",0.14,0.142857142857143,FALSE
"l2_cd16_monocyte_alr","l2_memory_cd8_t_cell_alr",0.14,0.857142857142857,FALSE
"l2_mait_alr","l3_asdc",0.14,0.857142857142857,FALSE
"l2_memory_cd8_t_cell_alr","l2_cd16_monocyte_alr",0.14,0.142857142857143,FALSE
"l3_isg_memory_cd4_t_cell_alr","l3_gzmb_cd27_em_cd4_t_cell_alr",0.14,0.142857142857143,FALSE
"l3_gzmb_cd27_em_cd4_t_cell_alr","l3_isg_memory_cd4_t_cell_alr",0.14,0.857142857142857,FALSE
"l2_erythrocyte","l3_isg_cd56dim_nk_cell_alr",0.13,0,FALSE
"l2_ilc","l3_proliferating_nk_cell",0.13,0,FALSE
"l2_ilc","l3_proliferating_t_cell",0.13,0,FALSE
"l2_ilc","l3_isg_cdc2_alr",0.13,0,FALSE
"l2_platelet","l3_isg_cdc2_alr",0.13,0,FALSE
"l3_cd8aa","l3_naive_vd1_gdt_alr",0.13,1,FALSE
"l3_cdc1","l3_naive_vd1_gdt_alr",0.13,0.461538461538462,FALSE
"l3_dn_t_cell","l3_gzmb_cd27_em_cd4_t_cell_alt_alr",0.13,0.307692307692308,FALSE
"l3_intermediate_monocyte","l2_naive_cd8_t_cell_alr",0.13,0.307692307692308,FALSE
"l3_pdc","l2_dn_t_cell_alr",0.13,1,FALSE
"l3_plasma_cell","l2_effector_b_cell_alr",0.13,0.461538461538462,FALSE
"l3_plasma_cell","l2_memory_b_cell_alr",0.13,0.615384615384615,FALSE
"l3_plasma_cell","l1_platelet_alr",0.13,1,FALSE
"l3_proliferating_nk_cell","l2_ilc",0.13,1,FALSE
"l3_proliferating_t_cell","l2_ilc",0.13,1,FALSE
"l2_effector_b_cell_alr","l3_plasma_cell",0.13,0.538461538461539,FALSE
"l2_memory_b_cell_alr","l3_plasma_cell",0.13,0.384615384615385,FALSE
"l2_plasma_cell_alr","l2_gdt_alr",0.13,0.230769230769231,FALSE
"l2_cdc1_alr","l2_cd8aa_alr",0.13,0,FALSE
"l2_pdc_alr","l3_isg_memory_cd4_t_cell_alr",0.13,0,FALSE
"l2_pdc_alr","l3_isg_naive_cd8_t_cell_alr",0.13,0,FALSE
"l2_cd8aa_alr","l2_cdc1_alr",0.13,1,FALSE
"l2_cd8aa_alr","l3_isg_memory_cd8_t_cell_alr",0.13,1,FALSE
"l2_dn_t_cell_alr","l3_pdc",0.13,0,FALSE
"l2_gdt_alr","l2_plasma_cell_alr",0.13,0.769230769230769,FALSE
"l2_gdt_alr","l3_klrf1_effector_vd1_gdt_alr",0.13,0.923076923076923,FALSE
"l2_memory_cd8_t_cell_alr","l3_klrb1_memory_cd8_treg_alr",0.13,0,FALSE
"l2_naive_cd8_t_cell_alr","l3_intermediate_monocyte",0.13,0.692307692307692,FALSE
"l2_naive_cd8_t_cell_alr","l3_c1q_cd16_monocyte_alr",0.13,0.846153846153846,FALSE
"l2_treg_alr","l3_gzmb_cd27_em_cd4_t_cell_alr",0.13,0.923076923076923,FALSE
"l3_il1b_cd14_monocyte_alr","l1_ilc_alr",0.13,1,FALSE
"l3_isg_cd14_monocyte_alr","l3_naive_cd4_treg_alr",0.13,0.0769230769230769,FALSE
"l3_c1q_cd16_monocyte_alr","l2_naive_cd8_t_cell_alr",0.13,0.153846153846154,FALSE
"l3_c1q_cd16_monocyte_alr","l3_isg_memory_cd4_t_cell_alr",0.13,0.230769230769231,FALSE
"l3_isg_cd16_monocyte_alr","l1_monocyte_alr",0.13,1,FALSE
"l3_isg_cd56dim_nk_cell_alr","l2_erythrocyte",0.13,1,FALSE
"l3_isg_cdc2_alr","l2_ilc",0.13,1,FALSE
"l3_isg_cdc2_alr","l2_platelet",0.13,1,FALSE
"l3_klrf1_effector_vd1_gdt_alr","l2_gdt_alr",0.13,0.0769230769230769,FALSE
"l3_naive_vd1_gdt_alr","l3_cd8aa",0.13,0,FALSE
"l3_naive_vd1_gdt_alr","l3_cdc1",0.13,0.538461538461539,FALSE
"l3_isg_mait_alr","l1_progenitor_cell_alr",0.13,1,FALSE
"l3_cd95_memory_b_cell_alr","l3_klrf1_gzmb_cd27_em_cd8_t_cell_alt_alr",0.13,0.0769230769230769,FALSE
"l3_type_2_polarized_memory_b_cell_alr","l1_nk_cell_alr",0.13,0.538461538461539,FALSE
"l3_isg_memory_cd4_t_cell_alr","l2_pdc_alr",0.13,1,FALSE
"l3_isg_memory_cd4_t_cell_alr","l3_c1q_cd16_monocyte_alr",0.13,0.769230769230769,FALSE
"l3_gzmb_cd27_em_cd4_t_cell_alr","l2_treg_alr",0.13,0.0769230769230769,FALSE
"l3_gzmb_cd27_em_cd4_t_cell_alr","l3_memory_cd8_treg_alr",0.13,0.461538461538462,FALSE
"l3_gzmb_cd27_em_cd4_t_cell_alt_alr","l3_dn_t_cell",0.13,0.692307692307692,FALSE
"l3_isg_memory_cd8_t_cell_alr","l2_cd8aa_alr",0.13,0,FALSE
"l3_klrf1_gzmb_cd27_em_cd8_t_cell_alt_alr","l3_cd95_memory_b_cell_alr",0.13,0.923076923076923,FALSE
"l3_isg_naive_cd4_t_cell_alr","l3_klrb1_memory_cd4_treg_alr",0.13,0.0769230769230769,FALSE
"l3_isg_naive_cd8_t_cell_alr","l2_pdc_alr",0.13,1,FALSE
"l3_klrb1_memory_cd4_treg_alr","l3_isg_naive_cd4_t_cell_alr",0.13,0.923076923076923,FALSE
"l3_klrb1_memory_cd8_treg_alr","l2_memory_cd8_t_cell_alr",0.13,1,FALSE
"l3_memory_cd8_treg_alr","l3_gzmb_cd27_em_cd4_t_cell_alr",0.13,0.538461538461539,FALSE
"l3_naive_cd4_treg_alr","l3_isg_cd14_monocyte_alr",0.13,0.923076923076923,FALSE
"l1_monocyte_alr","l3_isg_cd16_monocyte_alr",0.13,0,FALSE
"l1_nk_cell_alr","l3_type_2_polarized_memory_b_cell_alr",0.13,0.461538461538462,FALSE
"l1_ilc_alr","l3_il1b_cd14_monocyte_alr",0.13,0,FALSE
"l1_platelet_alr","l3_plasma_cell",0.13,0,FALSE
"l1_progenitor_cell_alr","l3_isg_mait_alr",0.13,0,FALSE
"l2_platelet","l3_gzmb_cd27_em_cd4_t_cell_alr",0.12,0.166666666666667,FALSE
"l3_asdc","l2_gdt_alr",0.12,0.833333333333333,FALSE
"l3_cdc1","l3_erythrocyte",0.12,0.166666666666667,FALSE
"l3_erythrocyte","l3_cdc1",0.12,0.833333333333333,FALSE
"l3_plasma_cell","l2_naive_cd8_t_cell_alr",0.12,0.166666666666667,FALSE
"l3_plasma_cell","l2_treg_alr",0.12,0.416666666666667,FALSE
"l3_platelet","l3_clp_cell_alr",0.12,0.416666666666667,FALSE
"l2_gdt_alr","l3_asdc",0.12,0.166666666666667,FALSE
"l2_naive_cd8_t_cell_alr","l3_plasma_cell",0.12,0.833333333333333,FALSE
"l2_treg_alr","l3_plasma_cell",0.12,0.583333333333333,FALSE
"l3_il1b_cd14_monocyte_alr","l3_gzmb_cd27_em_cd4_t_cell_alr",0.12,0.833333333333333,FALSE
"l3_gzmb_cd27_em_cd4_t_cell_alr","l2_platelet",0.12,0.833333333333333,FALSE
"l3_gzmb_cd27_em_cd4_t_cell_alr","l3_il1b_cd14_monocyte_alr",0.12,0.166666666666667,FALSE
"l3_cm_cd8_t_cell_alr","l3_klrf1_gzmb_cd27_em_cd8_t_cell_alt_alr",0.12,0.166666666666667,FALSE
"l3_klrf1_gzmb_cd27_em_cd8_t_cell_alt_alr","l3_cm_cd8_t_cell_alr",0.12,0.833333333333333,FALSE
"l3_clp_cell_alr","l3_platelet",0.12,0.583333333333333,FALSE
"sex","l3_proliferating_t_cell",0.12,1,FALSE
"l2_erythrocyte","l3_isg_naive_b_cell_alr",0.12,0.333333333333333,FALSE
"l2_ilc","l2_intermediate_monocyte_alr",0.12,0.0833333333333333,FALSE
"l2_platelet","l3_asdc",0.12,0,FALSE
"l3_asdc","l2_platelet",0.12,1,FALSE
"l3_cd8aa","l2_gdt_alr",0.12,1,FALSE
"l3_cd8aa","l2_memory_cd4_t_cell_alr",0.12,1,FALSE
"l3_cdc1","l1_b_cell_alr",0.12,1,FALSE
"l3_erythrocyte","l2_proliferating_t_cell_alr",0.12,0.666666666666667,FALSE
"l3_ilc","l3_klrf1_gzmb_cd27_em_cd8_t_cell_alr",0.12,0.333333333333333,FALSE
"l3_plasma_cell","l3_cd14_cdc2_alr",0.12,0.375,FALSE
"l3_platelet","l3_gzmb_vd2_gdt_alr",0.12,0.0833333333333333,FALSE
"l3_proliferating_nk_cell","l3_isg_naive_b_cell_alr",0.12,0.333333333333333,FALSE
"l3_proliferating_t_cell","sex",0.12,0,FALSE
"l3_proliferating_t_cell","l3_klrf1_gzmb_cd27_em_cd8_t_cell_alt_alr",0.12,0.0833333333333333,FALSE
"l3_transitional_b_cell","l3_early_memory_b_cell_alr",0.12,0,FALSE
"l2_plasma_cell_alr","l3_klrf1_effector_vd1_gdt_alr",0.12,0,FALSE
"l2_plasma_cell_alr","l1_dc_alr",0.12,0,FALSE
"l2_cdc1_alr","l3_naive_vd1_gdt_alr",0.12,0.0833333333333333,FALSE
"l2_intermediate_monocyte_alr","l2_ilc",0.12,0.916666666666667,FALSE
"l2_intermediate_monocyte_alr","l3_adaptive_nk_cell_alr",0.12,0.0833333333333333,FALSE
"l2_dn_t_cell_alr","l3_sox4_naive_cd4_t_cell_alr",0.12,0,FALSE
"l2_dn_t_cell_alr","l3_sox4_naive_cd8_t_cell_alr",0.12,0.333333333333333,FALSE
"l2_gdt_alr","l3_cd8aa",0.12,0,FALSE
"l2_gdt_alr","l3_klrf1_effector_vd1_gdt_alt_alr",0.12,0.916666666666667,FALSE
"l2_mait_alr","l3_activated_memory_b_cell_alr",0.12,0,FALSE
"l2_mait_alr","l3_cm_cd8_t_cell_alr",0.12,0.75,FALSE
"l2_mait_alr","l3_sox4_naive_cd8_t_cell_alr",0.12,0.916666666666667,FALSE
"l2_memory_cd4_t_cell_alr","l3_cd8aa",0.12,0,FALSE
"l2_memory_cd4_t_cell_alr","l3_activated_memory_b_cell_alr",0.12,0.916666666666667,FALSE
"l2_proliferating_t_cell_alr","l3_erythrocyte",0.12,0.333333333333333,FALSE
"l2_proliferating_t_cell_alr","l3_cd95_memory_b_cell_alr",0.12,0.333333333333333,FALSE
"l2_proliferating_t_cell_alr","l3_sox4_naive_cd8_t_cell_alr",0.12,0,FALSE
"l3_adaptive_nk_cell_alr","l2_intermediate_monocyte_alr",0.12,0.916666666666667,FALSE
"l3_cd14_cdc2_alr","l3_plasma_cell",0.12,0.625,FALSE
"l3_gzmb_vd2_gdt_alr","l3_platelet",0.12,0.916666666666667,FALSE
"l3_klrf1_effector_vd1_gdt_alr","l2_plasma_cell_alr",0.12,1,FALSE
"l3_klrf1_effector_vd1_gdt_alr","l3_sox4_naive_cd4_t_cell_alr",0.12,0,FALSE
"l3_klrf1_effector_vd1_gdt_alt_alr","l2_gdt_alr",0.12,0.0833333333333333,FALSE
"l3_naive_vd1_gdt_alr","l2_cdc1_alr",0.12,0.916666666666667,FALSE
"l3_sox4_vd1_gdt_alr","l1_platelet_alr",0.12,1,FALSE
"l3_isg_mait_alr","l3_naive_cd4_treg_alr",0.12,0.0833333333333333,FALSE
"l3_activated_memory_b_cell_alr","l2_mait_alr",0.12,1,FALSE
"l3_activated_memory_b_cell_alr","l2_memory_cd4_t_cell_alr",0.12,0.0833333333333333,FALSE
"l3_cd95_memory_b_cell_alr","l2_proliferating_t_cell_alr",0.12,0.666666666666667,FALSE
"l3_cd95_memory_b_cell_alr","l3_sox4_naive_cd4_t_cell_alr",0.12,0.75,FALSE
"l3_early_memory_b_cell_alr","l3_transitional_b_cell",0.12,1,FALSE
"l3_cm_cd8_t_cell_alr","l2_mait_alr",0.12,0.25,FALSE
"l3_klrf1_gzmb_cd27_em_cd8_t_cell_alr","l3_ilc",0.12,0.666666666666667,FALSE
"l3_klrf1_gzmb_cd27_em_cd8_t_cell_alt_alr","l3_proliferating_t_cell",0.12,0.916666666666667,FALSE
"l3_isg_naive_b_cell_alr","l2_erythrocyte",0.12,0.666666666666667,FALSE
"l3_isg_naive_b_cell_alr","l3_proliferating_nk_cell",0.12,0.666666666666667,FALSE
"l3_isg_naive_b_cell_alr","l1_progenitor_cell_alr",0.12,1,FALSE
"l3_sox4_naive_cd4_t_cell_alr","l2_dn_t_cell_alr",0.12,1,FALSE
"l3_sox4_naive_cd4_t_cell_alr","l3_klrf1_effector_vd1_gdt_alr",0.12,1,FALSE
"l3_sox4_naive_cd4_t_cell_alr","l3_cd95_memory_b_cell_alr",0.12,0.25,FALSE
"l3_sox4_naive_cd8_t_cell_alr","l2_dn_t_cell_alr",0.12,0.666666666666667,FALSE
"l3_sox4_naive_cd8_t_cell_alr","l2_mait_alr",0.12,0.0833333333333333,FALSE
"l3_sox4_naive_cd8_t_cell_alr","l2_proliferating_t_cell_alr",0.12,1,FALSE
"l3_naive_cd4_treg_alr","l3_isg_mait_alr",0.12,0.916666666666667,FALSE
"l1_dc_alr","l2_plasma_cell_alr",0.12,1,FALSE
"l1_b_cell_alr","l3_cdc1",0.12,0,FALSE
"l1_platelet_alr","l3_sox4_vd1_gdt_alr",0.12,0,FALSE
"l1_progenitor_cell_alr","l3_isg_naive_b_cell_alr",0.12,0,FALSE
"l3_pdc","l3_platelet",0.11,0.363636363636364,FALSE
"l3_platelet","l3_pdc",0.11,0.636363636363636,FALSE
"l3_baeomap_cell","l3_clp_cell_alr",0.11,0.363636363636364,FALSE
"l3_cm_cd8_t_cell_alr","l3_sox4_naive_cd8_t_cell_alr",0.11,0.636363636363636,FALSE
"l3_sox4_naive_cd8_t_cell_alr","l3_cm_cd8_t_cell_alr",0.11,0.363636363636364,FALSE
"l3_clp_cell_alr","l3_baeomap_cell",0.11,0.636363636363636,FALSE
"l2_platelet","l3_plasma_cell",0.11,0.181818181818182,FALSE
"l2_progenitor_cell","l3_asdc",0.11,0.909090909090909,FALSE
"l3_asdc","l2_progenitor_cell",0.11,0.0909090909090909,FALSE
"l3_asdc","l2_pdc_alr",0.11,0.909090909090909,FALSE
"l3_cd8aa","l3_platelet",0.11,1,FALSE
"l3_plasma_cell","l2_platelet",0.11,0.818181818181818,FALSE
"l3_platelet","l3_cd8aa",0.11,0,FALSE
"l3_platelet","l2_naive_cd8_t_cell_alr",0.11,0,FALSE
"l3_proliferating_t_cell","l1_progenitor_cell_alr",0.11,1,FALSE
"l3_transitional_b_cell","l3_gzmb_cd27_em_cd4_t_cell_alr",0.11,0.727272727272727,FALSE
"l2_plasma_cell_alr","l1_nk_cell_alr",0.11,0,FALSE
"l2_asdc_alr","l3_gzmb_cd27_em_cd4_t_cell_alt_alr",0.11,0,FALSE
"l2_asdc_alr","l3_isg_naive_cd8_t_cell_alr",0.11,0.818181818181818,FALSE
"l2_pdc_alr","l3_asdc",0.11,0.0909090909090909,FALSE
"l2_cd16_monocyte_alr","l3_isg_naive_cd4_t_cell_alr",0.11,0.454545454545455,FALSE
"l2_cd56bright_nk_cell_alr","l3_il1b_cd14_monocyte_alr",0.11,0.272727272727273,FALSE
"l2_mait_alr","l1_monocyte_alr",0.11,0,FALSE
"l2_mait_alr","l1_b_cell_alr",0.11,0.909090909090909,FALSE
"l2_memory_cd8_t_cell_alr","l3_activated_memory_b_cell_alr",0.11,0.0909090909090909,FALSE
"l2_naive_cd8_t_cell_alr","l3_platelet",0.11,1,FALSE
"l2_treg_alr","l3_gzmk_cd56dim_nk_cell_alr",0.11,0.0909090909090909,FALSE
"l2_treg_alr","l3_klrf1_effector_vd1_gdt_alt_alr",0.11,0.909090909090909,FALSE
"l3_il1b_cd14_monocyte_alr","l2_cd56bright_nk_cell_alr",0.11,0.727272727272727,FALSE
"l3_isg_cd14_monocyte_alr","l3_c1q_cd16_monocyte_alr",0.11,1,FALSE
"l3_c1q_cd16_monocyte_alr","l3_isg_cd14_monocyte_alr",0.11,0,FALSE
"l3_gzmk_cd56dim_nk_cell_alr","l2_treg_alr",0.11,0.909090909090909,FALSE
"l3_gzmb_vd2_gdt_alr","l1_ilc_alr",0.11,1,FALSE
"l3_klrf1_effector_vd1_gdt_alt_alr","l2_treg_alr",0.11,0.0909090909090909,FALSE
"l3_klrf1_effector_vd1_gdt_alt_alr","l3_cd4_mait_alr",0.11,0,FALSE
"l3_cd4_mait_alr","l3_klrf1_effector_vd1_gdt_alt_alr",0.11,1,FALSE
"l3_activated_memory_b_cell_alr","l2_memory_cd8_t_cell_alr",0.11,0.909090909090909,FALSE
"l3_type_2_polarized_memory_b_cell_alr","l1_dc_alr",0.11,0,FALSE
"l3_gzmb_cd27_em_cd4_t_cell_alr","l3_transitional_b_cell",0.11,0.272727272727273,FALSE
"l3_gzmb_cd27_em_cd4_t_cell_alt_alr","l2_asdc_alr",0.11,1,FALSE
"l3_klrf1_gzmb_cd27_em_cd8_t_cell_alt_alr","l3_memory_cd8_treg_alr",0.11,1,FALSE
"l3_isg_naive_cd4_t_cell_alr","l2_cd16_monocyte_alr",0.11,0.545454545454545,FALSE
"l3_isg_naive_cd8_t_cell_alr","l2_asdc_alr",0.11,0.181818181818182,FALSE
"l3_memory_cd8_treg_alr","l3_klrf1_gzmb_cd27_em_cd8_t_cell_alt_alr",0.11,0,FALSE
"l1_dc_alr","l3_type_2_polarized_memory_b_cell_alr",0.11,1,FALSE
"l1_monocyte_alr","l2_mait_alr",0.11,1,FALSE
"l1_nk_cell_alr","l2_plasma_cell_alr",0.11,1,FALSE
"l1_b_cell_alr","l2_mait_alr",0.11,0.0909090909090909,FALSE
"l1_ilc_alr","l3_gzmb_vd2_gdt_alr",0.11,0,FALSE
"l1_progenitor_cell_alr","l3_proliferating_t_cell",0.11,0,FALSE
"sex","l3_cd4_mait_alr",0.1,1,FALSE
"l2_erythrocyte","l2_plasma_cell_alr",0.1,0,FALSE
"l2_ilc","l3_isg_mait_alr",0.1,0,FALSE
"l2_platelet","l3_isg_cd16_monocyte_alr",0.1,0,FALSE
"l2_progenitor_cell","l2_memory_cd8_t_cell_alr",0.1,0.4,FALSE
"l3_asdc","l2_memory_cd8_t_cell_alr",0.1,0.5,FALSE
"l3_cd8aa","l3_gzmb_vd2_gdt_alr",0.1,1,FALSE
"l3_cd8aa","l1_monocyte_alr",0.1,0.6,FALSE
"l3_cdc1","l2_cd8aa_alr",0.1,0,FALSE
"l3_ilc","l2_memory_b_cell_alr",0.1,0,FALSE
"l3_intermediate_monocyte","l1_progenitor_cell_alr",0.1,0.7,FALSE
"l2_effector_b_cell_alr","l3_clp_cell_alr",0.1,0.3,FALSE
"l2_memory_b_cell_alr","l3_ilc",0.1,1,FALSE
"l2_memory_b_cell_alr","l3_cd27_effector_b_cell_alt_alr",0.1,0,FALSE
"l2_plasma_cell_alr","l2_erythrocyte",0.1,1,FALSE
"l2_plasma_cell_alr","l3_sox4_naive_cd4_t_cell_alr",0.1,0,FALSE
"l2_transitional_b_cell_alr","l3_cm_cd8_t_cell_alr",0.1,0,FALSE
"l2_pdc_alr","l3_early_memory_b_cell_alr",0.1,0.3,FALSE
"l2_pdc_alr","l3_sox4_naive_cd4_t_cell_alr",0.1,0,FALSE
"l2_cd16_monocyte_alr","l3_klrf1_effector_vd1_gdt_alr",0.1,0,FALSE
"l2_cd16_monocyte_alr","l3_gzmk_memory_cd4_treg_alr",0.1,0,FALSE
"l2_intermediate_monocyte_alr","l3_klrf1_gzmb_cd27_em_cd8_t_cell_alt_alr",0.1,0,FALSE
"l2_cd8aa_alr","l3_cdc1",0.1,1,FALSE
"l2_dn_t_cell_alr","l1_progenitor_cell_alr",0.1,1,FALSE
"l2_memory_cd4_t_cell_alr","l3_klrf1_gzmb_cd27_em_cd8_t_cell_alt_alr",0.1,0.8,FALSE
"l2_memory_cd8_t_cell_alr","l2_progenitor_cell",0.1,0.6,FALSE
"l2_memory_cd8_t_cell_alr","l3_asdc",0.1,0.5,FALSE
"l2_proliferating_t_cell_alr","l3_type_2_polarized_memory_b_cell_alr",0.1,0.8,FALSE
"l3_isg_cd16_monocyte_alr","l2_platelet",0.1,1,FALSE
"l3_isg_cd16_monocyte_alr","l3_cd14_cdc2_alr",0.1,0,FALSE
"l3_cd14_cdc2_alr","l3_isg_cd16_monocyte_alr",0.1,1,FALSE
"l3_cd27_effector_b_cell_alt_alr","l2_memory_b_cell_alr",0.1,1,FALSE
"l3_gzmb_vd2_gdt_alr","l3_cd8aa",0.1,0,FALSE
"l3_gzmb_vd2_gdt_alr","l1_erythrocyte_alr",0.1,0.8,FALSE
"l3_klrf1_effector_vd1_gdt_alr","l2_cd16_monocyte_alr",0.1,1,FALSE
"l3_cd4_mait_alr","sex",0.1,0,FALSE
"l3_isg_mait_alr","l2_ilc",0.1,1,FALSE
"l3_early_memory_b_cell_alr","l2_pdc_alr",0.1,0.7,FALSE
"l3_type_2_polarized_memory_b_cell_alr","l2_proliferating_t_cell_alr",0.1,0.2,FALSE
"l3_gzmb_cd27_em_cd4_t_cell_alr","l1_progenitor_cell_alr",0.1,1,FALSE
"l3_cm_cd8_t_cell_alr","l2_transitional_b_cell_alr",0.1,1,FALSE
"l3_klrf1_gzmb_cd27_em_cd8_t_cell_alt_alr","l2_intermediate_monocyte_alr",0.1,1,FALSE
"l3_klrf1_gzmb_cd27_em_cd8_t_cell_alt_alr","l2_memory_cd4_t_cell_alr",0.1,0.2,FALSE
"l3_isg_naive_cd4_t_cell_alr","l1_progenitor_cell_alr",0.1,1,FALSE
"l3_sox4_naive_cd4_t_cell_alr","l2_plasma_cell_alr",0.1,1,FALSE
"l3_sox4_naive_cd4_t_cell_alr","l2_pdc_alr",0.1,1,FALSE
"l3_sox4_naive_cd8_t_cell_alr","l1_nk_cell_alr",0.1,0.3,FALSE
"l3_sox4_naive_cd8_t_cell_alr","l1_b_cell_alr",0.1,1,FALSE
"l3_clp_cell_alr","l2_effector_b_cell_alr",0.1,0.7,FALSE
"l3_gzmk_memory_cd4_treg_alr","l2_cd16_monocyte_alr",0.1,1,FALSE
"l1_monocyte_alr","l3_cd8aa",0.1,0.4,FALSE
"l1_nk_cell_alr","l3_sox4_naive_cd8_t_cell_alr",0.1,0.7,FALSE
"l1_nk_cell_alr","l1_platelet_alr",0.1,0.4,FALSE
"l1_b_cell_alr","l3_sox4_naive_cd8_t_cell_alr",0.1,0,FALSE
"l1_erythrocyte_alr","l3_gzmb_vd2_gdt_alr",0.1,0.2,FALSE
"l1_erythrocyte_alr","l1_platelet_alr",0.1,0,FALSE
"l1_platelet_alr","l1_nk_cell_alr",0.1,0.6,FALSE
"l1_platelet_alr","l1_erythrocyte_alr",0.1,1,FALSE
"l1_progenitor_cell_alr","l3_intermediate_monocyte",0.1,0.3,FALSE
"l1_progenitor_cell_alr","l2_dn_t_cell_alr",0.1,0,FALSE
"l1_progenitor_cell_alr","l3_gzmb_cd27_em_cd4_t_cell_alr",0.1,0,FALSE
"l1_progenitor_cell_alr","l3_isg_naive_cd4_t_cell_alr",0.1,0,FALSE
"l3_baeomap_cell","l2_naive_cd8_t_cell_alr",0.1,0.1,FALSE
"l2_cdc1_alr","l3_cd95_memory_b_cell_alr",0.1,0.9,FALSE
"l2_cd56bright_nk_cell_alr","l3_klrf1_gzmb_cd27_em_cd8_t_cell_alr",0.1,0.1,FALSE
"l2_dn_t_cell_alr","l1_erythrocyte_alr",0.1,0.1,FALSE
"l2_naive_cd8_t_cell_alr","l3_baeomap_cell",0.1,0.9,FALSE
"l3_cd95_memory_b_cell_alr","l2_cdc1_alr",0.1,0.1,FALSE
"l3_klrf1_gzmb_cd27_em_cd8_t_cell_alr","l2_cd56bright_nk_cell_alr",0.1,0.9,FALSE
"l1_erythrocyte_alr","l2_dn_t_cell_alr",0.1,0.9,FALSE
"l3_intermediate_monocyte","l2_pdc_alr",0.09,0.222222222222222,FALSE
"l2_transitional_b_cell_alr","l2_gdt_alr",0.09,0.222222222222222,FALSE
"l2_pdc_alr","l3_intermediate_monocyte",0.09,0.777777777777778,FALSE
"l2_proliferating_nk_cell_alr","l3_cd27_effector_b_cell_alt_alr",0.09,0.777777777777778,FALSE
"l2_gdt_alr","l2_transitional_b_cell_alr",0.09,0.777777777777778,FALSE
"l2_gdt_alr","l3_clp_cell_alr",0.09,0.777777777777778,FALSE
"l2_gdt_alr","l1_erythrocyte_alr",0.09,0.222222222222222,FALSE
"l3_gzmk_cd56dim_nk_cell_alr","l3_activated_memory_b_cell_alr",0.09,0.222222222222222,FALSE
"l3_cd27_effector_b_cell_alt_alr","l2_proliferating_nk_cell_alr",0.09,0.222222222222222,FALSE
"l3_cd27_effector_b_cell_alt_alr","l3_naive_cd4_treg_alr",0.09,0.222222222222222,FALSE
"l3_isg_mait_alr","l1_b_cell_alr",0.09,0.222222222222222,FALSE
"l3_activated_memory_b_cell_alr","l3_gzmk_cd56dim_nk_cell_alr",0.09,0.777777777777778,FALSE
"l3_clp_cell_alr","l2_gdt_alr",0.09,0.222222222222222,FALSE
"l3_naive_cd4_treg_alr","l3_cd27_effector_b_cell_alt_alr",0.09,0.777777777777778,FALSE
"l1_b_cell_alr","l3_isg_mait_alr",0.09,0.777777777777778,FALSE
"l1_erythrocyte_alr","l2_gdt_alr",0.09,0.777777777777778,FALSE
"age_group","l3_cd95_memory_b_cell_alr",0.09,1,FALSE
"sex","l3_platelet",0.09,1,FALSE
"l2_erythrocyte","l3_proliferating_t_cell",0.09,0,FALSE
"l2_erythrocyte","l3_isg_mait_alr",0.09,0,FALSE
"l2_erythrocyte","l1_ilc_alr",0.09,0,FALSE
"l2_ilc","l3_asdc",0.09,0,FALSE
"l2_ilc","l3_intermediate_monocyte",0.09,0,FALSE
"l2_ilc","l3_plasma_cell",0.09,0,FALSE
"l2_platelet","l3_cd4_mait_alr",0.09,0,FALSE
"l2_platelet","l3_sox4_naive_cd8_t_cell_alr",0.09,0,FALSE
"l2_progenitor_cell","l3_dn_t_cell",0.09,1,FALSE
"l3_asdc","l2_ilc",0.09,1,FALSE
"l3_asdc","l3_intermediate_monocyte",0.09,1,FALSE
"l3_asdc","l3_baeomap_cell",0.09,0.555555555555556,FALSE
"l3_cd8aa","l2_mait_alr",0.09,1,FALSE
"l3_cd8aa","l3_klrf1_gzmb_cd27_memory_cd4_t_cell_alr",0.09,1,FALSE
"l3_cdc1","l2_pdc_alr",0.09,1,FALSE
"l3_dn_t_cell","l2_progenitor_cell",0.09,0,FALSE
"l3_dn_t_cell","l2_cd56bright_nk_cell_alr",0.09,0.444444444444444,FALSE
"l3_dn_t_cell","l3_isg_naive_cd4_t_cell_alr",0.09,0,FALSE
"l3_intermediate_monocyte","l2_ilc",0.09,1,FALSE
"l3_intermediate_monocyte","l3_asdc",0.09,0,FALSE
"l3_plasma_cell","l2_ilc",0.09,1,FALSE
"l3_platelet","sex",0.09,0,FALSE
"l3_platelet","l2_memory_b_cell_alr",0.09,0,FALSE
"l3_platelet","l3_cm_cd8_t_cell_alr",0.09,0.444444444444444,FALSE
"l3_platelet","l3_naive_cd4_treg_alr",0.09,0,FALSE
"l3_proliferating_t_cell","l2_erythrocyte",0.09,1,FALSE
"l3_proliferating_t_cell","l3_cd14_cdc2_alr",0.09,0.666666666666667,FALSE
"l3_proliferating_t_cell","l3_gzmb_vd2_gdt_alr",0.09,1,FALSE
"l3_proliferating_t_cell","l1_b_cell_alr",0.09,0.444444444444444,FALSE
"l3_transitional_b_cell","l2_cd16_monocyte_alr",0.09,0,FALSE
"l3_baeomap_cell","l3_asdc",0.09,0.444444444444444,FALSE
"l3_baeomap_cell","l3_gzmb_cd27_em_cd4_t_cell_alr",0.09,0,FALSE
"l2_effector_b_cell_alr","l3_naive_cd4_treg_alr",0.09,0.333333333333333,FALSE
"l2_memory_b_cell_alr","l3_platelet",0.09,1,FALSE
"l2_transitional_b_cell_alr","l3_naive_cd4_treg_alr",0.09,0,FALSE
"l2_asdc_alr","l3_isg_memory_cd4_t_cell_alr",0.09,0,FALSE
"l2_pdc_alr","l3_cdc1",0.09,0,FALSE
"l2_pdc_alr","l2_dn_t_cell_alr",0.09,1,FALSE
"l2_cd16_monocyte_alr","l3_transitional_b_cell",0.09,1,FALSE
"l2_cd16_monocyte_alr","l3_isg_cd14_monocyte_alr",0.09,0.333333333333333,FALSE
"l2_intermediate_monocyte_alr","l3_klrf1_effector_vd1_gdt_alr",0.09,0.888888888888889,FALSE
"l2_intermediate_monocyte_alr","l1_b_cell_alr",0.09,0.888888888888889,FALSE
"l2_cd56bright_nk_cell_alr","l3_dn_t_cell",0.09,0.555555555555556,FALSE
"l2_cd56bright_nk_cell_alr","l3_klrf1_effector_vd1_gdt_alt_alr",0.09,1,FALSE
"l2_proliferating_nk_cell_alr","l2_memory_cd4_t_cell_alr",0.09,0,FALSE
"l2_proliferating_nk_cell_alr","l3_isg_naive_cd4_t_cell_alr",0.09,0,FALSE
"l2_cd8aa_alr","l3_cd95_memory_b_cell_alr",0.09,0,FALSE
"l2_dn_t_cell_alr","l2_pdc_alr",0.09,0,FALSE
"l2_mait_alr","l3_cd8aa",0.09,0,FALSE
"l2_memory_cd4_t_cell_alr","l2_proliferating_nk_cell_alr",0.09,1,FALSE
"l2_naive_cd8_t_cell_alr","l3_isg_cd16_monocyte_alr",0.09,0.888888888888889,FALSE
"l3_il1b_cd14_monocyte_alr","l3_cd95_memory_b_cell_alr",0.09,0.333333333333333,FALSE
"l3_isg_cd14_monocyte_alr","l2_cd16_monocyte_alr",0.09,0.666666666666667,FALSE
"l3_isg_cd14_monocyte_alr","l3_gzmk_cd56dim_nk_cell_alr",0.09,0.444444444444444,FALSE
"l3_isg_cd14_monocyte_alr","l3_gzmk_memory_cd4_treg_alr",0.09,0.666666666666667,FALSE
"l3_c1q_cd16_monocyte_alr","l3_isg_memory_cd8_t_cell_alr",0.09,0,FALSE
"l3_c1q_cd16_monocyte_alr","l1_b_cell_alr",0.09,0.555555555555556,FALSE
"l3_isg_cd16_monocyte_alr","l2_naive_cd8_t_cell_alr",0.09,0.111111111111111,FALSE
"l3_isg_cd16_monocyte_alr","l3_cm_cd8_t_cell_alr",0.09,1,FALSE
"l3_gzmk_cd56dim_nk_cell_alr","l3_isg_cd14_monocyte_alr",0.09,0.555555555555556,FALSE
"l3_isg_cd56dim_nk_cell_alr","l3_klrf1_effector_vd1_gdt_alr",0.09,0.111111111111111,FALSE
"l3_isg_cd56dim_nk_cell_alr","l3_isg_naive_cd8_t_cell_alr",0.09,0.666666666666667,FALSE
"l3_adaptive_nk_cell_alr","l3_gzmk_memory_cd4_treg_alr",0.09,1,FALSE
"l3_adaptive_nk_cell_alr","l1_monocyte_alr",0.09,1,FALSE
"l3_cd14_cdc2_alr","l3_proliferating_t_cell",0.09,0.333333333333333,FALSE
"l3_isg_cdc2_alr","l3_gzmb_cd27_em_cd4_t_cell_alt_alr",0.09,0.555555555555556,FALSE
"l3_gzmb_vd2_gdt_alr","l3_proliferating_t_cell",0.09,0,FALSE
"l3_klrf1_effector_vd1_gdt_alr","l2_intermediate_monocyte_alr",0.09,0.111111111111111,FALSE
"l3_klrf1_effector_vd1_gdt_alr","l3_isg_cd56dim_nk_cell_alr",0.09,0.888888888888889,FALSE
"l3_klrf1_effector_vd1_gdt_alt_alr","l2_cd56bright_nk_cell_alr",0.09,0,FALSE
"l3_naive_vd1_gdt_alr","l3_klrb1_memory_cd4_treg_alr",0.09,0,FALSE
"l3_sox4_vd1_gdt_alr","l1_b_cell_alr",0.09,1,FALSE
"l3_sox4_vd1_gdt_alr","l1_progenitor_cell_alr",0.09,0,FALSE
"l3_cd4_mait_alr","l2_platelet",0.09,1,FALSE
"l3_isg_mait_alr","l2_erythrocyte",0.09,1,FALSE
"l3_cd95_memory_b_cell_alr","age_group",0.09,0,FALSE
"l3_cd95_memory_b_cell_alr","l2_cd8aa_alr",0.09,1,FALSE
"l3_cd95_memory_b_cell_alr","l3_il1b_cd14_monocyte_alr",0.09,0.666666666666667,FALSE
"l3_type_2_polarized_memory_b_cell_alr","l3_memory_cd8_treg_alr",0.09,1,FALSE
"l3_isg_memory_cd4_t_cell_alr","l2_asdc_alr",0.09,1,FALSE
"l3_isg_memory_cd4_t_cell_alr","l1_progenitor_cell_alr",0.09,1,FALSE
"l3_klrf1_gzmb_cd27_memory_cd4_t_cell_alr","l3_cd8aa",0.09,0,FALSE
"l3_gzmb_cd27_em_cd4_t_cell_alr","l3_baeomap_cell",0.09,1,FALSE
"l3_gzmb_cd27_em_cd4_t_cell_alt_alr","l3_isg_cdc2_alr",0.09,0.444444444444444,FALSE
"l3_isg_memory_cd8_t_cell_alr","l3_c1q_cd16_monocyte_alr",0.09,1,FALSE
"l3_cm_cd8_t_cell_alr","l3_platelet",0.09,0.555555555555556,FALSE
"l3_cm_cd8_t_cell_alr","l3_isg_cd16_monocyte_alr",0.09,0,FALSE
"l3_cm_cd8_t_cell_alr","l1_monocyte_alr",0.09,0.111111111111111,FALSE
"l3_isg_naive_b_cell_alr","l1_monocyte_alr",0.09,0.111111111111111,FALSE
"l3_isg_naive_b_cell_alr","l1_b_cell_alr",0.09,0.666666666666667,FALSE
"l3_isg_naive_cd4_t_cell_alr","l3_dn_t_cell",0.09,1,FALSE
"l3_isg_naive_cd4_t_cell_alr","l2_proliferating_nk_cell_alr",0.09,1,FALSE
"l3_isg_naive_cd8_t_cell_alr","l3_isg_cd56dim_nk_cell_alr",0.09,0.333333333333333,FALSE
"l3_sox4_naive_cd8_t_cell_alr","l2_platelet",0.09,1,FALSE
"l3_gzmk_memory_cd4_treg_alr","l3_isg_cd14_monocyte_alr",0.09,0.333333333333333,FALSE
"l3_gzmk_memory_cd4_treg_alr","l3_adaptive_nk_cell_alr",0.09,0,FALSE
"l3_klrb1_memory_cd4_treg_alr","l3_naive_vd1_gdt_alr",0.09,1,FALSE
"l3_memory_cd8_treg_alr","l3_type_2_polarized_memory_b_cell_alr",0.09,0,FALSE
"l3_naive_cd4_treg_alr","l3_platelet",0.09,1,FALSE
"l3_naive_cd4_treg_alr","l2_effector_b_cell_alr",0.09,0.666666666666667,FALSE
"l3_naive_cd4_treg_alr","l2_transitional_b_cell_alr",0.09,1,FALSE
"l1_monocyte_alr","l3_adaptive_nk_cell_alr",0.09,0,FALSE
"l1_monocyte_alr","l3_cm_cd8_t_cell_alr",0.09,0.888888888888889,FALSE
"l1_monocyte_alr","l3_isg_naive_b_cell_alr",0.09,0.888888888888889,FALSE
"l1_b_cell_alr","l3_proliferating_t_cell",0.09,0.555555555555556,FALSE
"l1_b_cell_alr","l2_intermediate_monocyte_alr",0.09,0.111111111111111,FALSE
"l1_b_cell_alr","l3_c1q_cd16_monocyte_alr",0.09,0.444444444444444,FALSE
"l1_b_cell_alr","l3_sox4_vd1_gdt_alr",0.09,0,FALSE
"l1_b_cell_alr","l3_isg_naive_b_cell_alr",0.09,0.333333333333333,FALSE
"l1_ilc_alr","l2_erythrocyte",0.09,1,FALSE
"l1_progenitor_cell_alr","l3_sox4_vd1_gdt_alr",0.09,1,FALSE
"l1_progenitor_cell_alr","l3_isg_memory_cd4_t_cell_alr",0.09,0,FALSE
"sex","l2_cd56bright_nk_cell_alr",0.08,1,FALSE
"cmv","l3_gzmk_cd27_em_cd8_t_cell_alt_alr",0.08,1,FALSE
"l2_erythrocyte","l3_gzmb_vd2_gdt_alr",0.08,1,FALSE
"l2_platelet","l3_isg_mait_alr",0.08,0,FALSE
"l2_platelet","l3_isg_memory_cd4_t_cell_alr",0.08,0,FALSE
"l2_platelet","l1_monocyte_alr",0.08,0,FALSE
"l2_progenitor_cell","l3_naive_vd1_gdt_alr",0.08,0.75,FALSE
"l3_asdc","l3_proliferating_nk_cell",0.08,1,FALSE
"l3_asdc","l2_transitional_b_cell_alr",0.08,0.375,FALSE
"l3_asdc","l2_intermediate_monocyte_alr",0.08,1,FALSE
"l3_cd56bright_nk_cell","l3_plasma_cell",0.08,0.25,FALSE
"l3_cdc1","l3_baeomap_cell",0.08,0,FALSE
"l3_cdc1","l3_gzmk_cd56dim_nk_cell_alr",0.08,0.5,FALSE
"l3_dn_t_cell","l2_effector_b_cell_alr",0.08,0,FALSE
"l3_dn_t_cell","l2_transitional_b_cell_alr",0.08,1,FALSE
"l3_dn_t_cell","l3_isg_naive_b_cell_alr",0.08,0,FALSE
"l3_erythrocyte","l3_adaptive_nk_cell_alr",0.08,0.625,FALSE
"l3_erythrocyte","l1_monocyte_alr",0.08,0.5,FALSE
"l3_ilc","l3_transitional_b_cell",0.08,0.125,FALSE
"l3_ilc","l3_gzmk_memory_cd4_treg_alr",0.08,0.25,FALSE
"l3_intermediate_monocyte","l3_isg_cd56dim_nk_cell_alr",0.08,0,FALSE
"l3_plasma_cell","l3_cd56bright_nk_cell",0.08,0.75,FALSE
"l3_plasma_cell","l2_cd56bright_nk_cell_alr",0.08,0.125,FALSE
"l3_plasma_cell","l2_proliferating_t_cell_alr",0.08,0.625,FALSE
"l3_plasma_cell","l3_klrf1_effector_vd1_gdt_alr",0.08,1,FALSE
"l3_platelet","l2_plasma_cell_alr",0.08,0,FALSE
"l3_proliferating_nk_cell","l3_asdc",0.08,0,FALSE
"l3_proliferating_nk_cell","l3_klrf1_effector_vd1_gdt_alr",0.08,0.375,FALSE
"l3_proliferating_t_cell","l2_asdc_alr",0.08,1,FALSE
"l3_proliferating_t_cell","l2_cdc1_alr",0.08,1,FALSE
"l3_transitional_b_cell","l3_ilc",0.08,0.875,FALSE
"l3_baeomap_cell","l3_cdc1",0.08,1,FALSE
"l2_effector_b_cell_alr","l3_dn_t_cell",0.08,1,FALSE
"l2_effector_b_cell_alr","l3_sox4_naive_cd4_t_cell_alr",0.08,0,FALSE
"l2_plasma_cell_alr","l3_platelet",0.08,1,FALSE
"l2_transitional_b_cell_alr","l3_asdc",0.08,0.625,FALSE
"l2_transitional_b_cell_alr","l3_dn_t_cell",0.08,0,FALSE
"l2_asdc_alr","l3_proliferating_t_cell",0.08,0,FALSE
"l2_asdc_alr","l2_cd8aa_alr",0.08,0,FALSE
"l2_asdc_alr","l3_isg_cd56dim_nk_cell_alr",0.08,0.125,FALSE
"l2_asdc_alr","l3_early_memory_b_cell_alr",0.08,0,FALSE
"l2_cdc1_alr","l3_proliferating_t_cell",0.08,0,FALSE
"l2_cdc1_alr","l3_isg_cd56dim_nk_cell_alr",0.08,0.25,FALSE
"l2_intermediate_monocyte_alr","l3_asdc",0.08,0,FALSE
"l2_intermediate_monocyte_alr","l2_naive_cd8_t_cell_alr",0.08,0,FALSE
"l2_intermediate_monocyte_alr","l3_klrf1_effector_vd1_gdt_alt_alr",0.08,0.75,FALSE
"l2_cd56bright_nk_cell_alr","sex",0.08,0,FALSE
"l2_cd56bright_nk_cell_alr","l3_plasma_cell",0.08,0.875,FALSE
"l2_cd56bright_nk_cell_alr","l3_adaptive_nk_cell_alr",0.08,0.25,FALSE
"l2_cd56bright_nk_cell_alr","l3_gzmb_cd27_em_cd4_t_cell_alt_alr",0.08,0.5,FALSE
"l2_cd56bright_nk_cell_alr","l1_monocyte_alr",0.08,0,FALSE
"l2_cd8aa_alr","l2_asdc_alr",0.08,1,FALSE
"l2_cd8aa_alr","l3_gzmb_cd27_em_cd4_t_cell_alr",0.08,0.875,FALSE
"l2_cd8aa_alr","l1_platelet_alr",0.08,0.5,FALSE
"l2_dn_t_cell_alr","l2_treg_alr",0.08,0,FALSE
"l2_gdt_alr","l3_naive_cd4_treg_alr",0.08,0.125,FALSE
"l2_mait_alr","l3_klrf1_gzmb_cd27_em_cd8_t_cell_alt_alr",0.08,0,FALSE
"l2_naive_cd8_t_cell_alr","l2_intermediate_monocyte_alr",0.08,1,FALSE
"l2_naive_cd8_t_cell_alr","l2_treg_alr",0.08,0.125,FALSE
"l2_naive_cd8_t_cell_alr","l3_klrf1_gzmb_cd27_memory_cd4_t_cell_alr",0.08,1,FALSE
"l2_proliferating_t_cell_alr","l3_plasma_cell",0.08,0.375,FALSE
"l2_proliferating_t_cell_alr","l3_gzmb_cd27_em_cd4_t_cell_alr",0.08,1,FALSE
"l2_proliferating_t_cell_alr","l1_platelet_alr",0.08,0.125,FALSE
"l2_treg_alr","l2_dn_t_cell_alr",0.08,1,FALSE
"l2_treg_alr","l2_naive_cd8_t_cell_alr",0.08,0.875,FALSE
"l3_il1b_cd14_monocyte_alr","l3_gzmb_cd27_em_cd4_t_cell_alt_alr",0.08,0.5,FALSE
"l3_isg_cd16_monocyte_alr","l3_sox4_vd1_gdt_alr",0.08,1,FALSE
"l3_gzmk_cd56dim_nk_cell_alr","l3_cdc1",0.08,0.5,FALSE
"l3_gzmk_cd56dim_nk_cell_alr","l3_early_memory_b_cell_alr",0.08,0,FALSE
"l3_gzmk_cd56dim_nk_cell_alr","l3_isg_naive_b_cell_alr",0.08,1,FALSE
"l3_isg_cd56dim_nk_cell_alr","l3_intermediate_monocyte",0.08,1,FALSE
"l3_isg_cd56dim_nk_cell_alr","l2_asdc_alr",0.08,0.875,FALSE
"l3_isg_cd56dim_nk_cell_alr","l2_cdc1_alr",0.08,0.75,FALSE
"l3_isg_cd56dim_nk_cell_alr","l1_ilc_alr",0.08,0.125,FALSE
"l3_adaptive_nk_cell_alr","l3_erythrocyte",0.08,0.375,FALSE
"l3_adaptive_nk_cell_alr","l2_cd56bright_nk_cell_alr",0.08,0.75,FALSE
"l3_adaptive_nk_cell_alr","l3_klrf1_gzmb_cd27_em_cd8_t_cell_alr",0.08,1,FALSE
"l3_cd27_effector_b_cell_alt_alr","l3_cd4_mait_alr",0.08,0.625,FALSE
"l3_gzmb_vd2_gdt_alr","l2_erythrocyte",0.08,0,FALSE
"l3_klrf1_effector_vd1_gdt_alr","l3_plasma_cell",0.08,0,FALSE
"l3_klrf1_effector_vd1_gdt_alr","l3_proliferating_nk_cell",0.08,0.625,FALSE
"l3_klrf1_effector_vd1_gdt_alt_alr","l2_intermediate_monocyte_alr",0.08,0.25,FALSE
"l3_naive_vd1_gdt_alr","l2_progenitor_cell",0.08,0.25,FALSE
"l3_sox4_vd1_gdt_alr","l3_isg_cd16_monocyte_alr",0.08,0,FALSE
"l3_cd4_mait_alr","l3_cd27_effector_b_cell_alt_alr",0.08,0.375,FALSE
"l3_isg_mait_alr","l2_platelet",0.08,1,FALSE
"l3_early_memory_b_cell_alr","l2_asdc_alr",0.08,1,FALSE
"l3_early_memory_b_cell_alr","l3_gzmk_cd56dim_nk_cell_alr",0.08,1,FALSE
"l3_isg_memory_cd4_t_cell_alr","l2_platelet",0.08,1,FALSE
"l3_klrf1_gzmb_cd27_memory_cd4_t_cell_alr","l2_naive_cd8_t_cell_alr",0.08,0,FALSE
"l3_gzmb_cd27_em_cd4_t_cell_alr","l2_cd8aa_alr",0.08,0.125,FALSE
"l3_gzmb_cd27_em_cd4_t_cell_alr","l2_proliferating_t_cell_alr",0.08,0,FALSE
"l3_gzmb_cd27_em_cd4_t_cell_alt_alr","l2_cd56bright_nk_cell_alr",0.08,0.5,FALSE
"l3_gzmb_cd27_em_cd4_t_cell_alt_alr","l3_il1b_cd14_monocyte_alr",0.08,0.5,FALSE
"l3_gzmb_cd27_em_cd4_t_cell_alt_alr","l1_erythrocyte_alr",0.08,1,FALSE
"l3_isg_memory_cd8_t_cell_alr","l1_erythrocyte_alr",0.08,1,FALSE
"l3_gzmk_cd27_em_cd8_t_cell_alt_alr","cmv",0.08,0,FALSE
"l3_klrf1_gzmb_cd27_em_cd8_t_cell_alr","l3_adaptive_nk_cell_alr",0.08,0,FALSE
"l3_klrf1_gzmb_cd27_em_cd8_t_cell_alt_alr","l2_mait_alr",0.08,1,FALSE
"l3_isg_naive_b_cell_alr","l3_dn_t_cell",0.08,1,FALSE
"l3_isg_naive_b_cell_alr","l3_gzmk_cd56dim_nk_cell_alr",0.08,0,FALSE
"l3_isg_naive_cd4_t_cell_alr","l1_monocyte_alr",0.08,1,FALSE
"l3_sox4_naive_cd4_t_cell_alr","l2_effector_b_cell_alr",0.08,1,FALSE
"l3_sox4_naive_cd4_t_cell_alr","l3_klrb1_memory_cd4_treg_alr",0.08,0.25,FALSE
"l3_gzmk_memory_cd4_treg_alr","l3_ilc",0.08,0.75,FALSE
"l3_klrb1_memory_cd4_treg_alr","l3_sox4_naive_cd4_t_cell_alr",0.08,0.75,FALSE
"l3_naive_cd4_treg_alr","l2_gdt_alr",0.08,0.875,FALSE
"l1_monocyte_alr","l2_platelet",0.08,1,FALSE
"l1_monocyte_alr","l3_erythrocyte",0.08,0.5,FALSE
"l1_monocyte_alr","l2_cd56bright_nk_cell_alr",0.08,1,FALSE
"l1_monocyte_alr","l3_isg_naive_cd4_t_cell_alr",0.08,0,FALSE
"l1_monocyte_alr","l1_platelet_alr",0.08,0.875,FALSE
"l1_erythrocyte_alr","l3_gzmb_cd27_em_cd4_t_cell_alt_alr",0.08,0,FALSE
"l1_erythrocyte_alr","l3_isg_memory_cd8_t_cell_alr",0.08,0,FALSE
"l1_ilc_alr","l3_isg_cd56dim_nk_cell_alr",0.08,0.875,FALSE
"l1_platelet_alr","l2_cd8aa_alr",0.08,0.5,FALSE
"l1_platelet_alr","l2_proliferating_t_cell_alr",0.08,0.875,FALSE
"l1_platelet_alr","l1_monocyte_alr",0.08,0.125,FALSE
"l2_erythrocyte","l3_il1b_cd14_monocyte_alr",0.07,0,FALSE
"l2_erythrocyte","l3_sox4_naive_cd4_t_cell_alr",0.07,0,FALSE
"l2_ilc","l2_mait_alr",0.07,0,FALSE
"l2_ilc","l3_sox4_naive_cd8_t_cell_alr",0.07,0,FALSE
"l2_platelet","l3_cd56bright_nk_cell",0.07,0,FALSE
"l2_progenitor_cell","l2_transitional_b_cell_alr",0.07,0,FALSE
"l3_asdc","l2_proliferating_nk_cell_alr",0.07,1,FALSE
"l3_asdc","l1_progenitor_cell_alr",0.07,1,FALSE
"l3_cd56bright_nk_cell","l2_platelet",0.07,1,FALSE
"l3_cd56bright_nk_cell","l3_dn_t_cell",0.07,1,FALSE
"l3_cd8aa","l3_ilc",0.07,0,FALSE
"l3_dn_t_cell","l3_cd56bright_nk_cell",0.07,0,FALSE
"l3_dn_t_cell","l2_plasma_cell_alr",0.07,1,FALSE
"l3_dn_t_cell","l2_pdc_alr",0.07,0.428571428571428,FALSE
"l3_dn_t_cell","l3_early_memory_b_cell_alr",0.07,0,FALSE
"l3_dn_t_cell","l3_isg_memory_cd4_t_cell_alr",0.07,0.428571428571428,FALSE
"l3_dn_t_cell","l1_monocyte_alr",0.07,0,FALSE
"l3_erythrocyte","l2_dn_t_cell_alr",0.07,1,FALSE
"l3_ilc","l3_cd8aa",0.07,1,FALSE
"l3_ilc","l2_intermediate_monocyte_alr",0.07,1,FALSE
"l3_intermediate_monocyte","l2_gdt_alr",0.07,0,FALSE
"l3_pdc","l2_intermediate_monocyte_alr",0.07,1,FALSE
"l3_pdc","l2_memory_cd8_t_cell_alr",0.07,1,FALSE
"l3_platelet","l2_memory_cd4_t_cell_alr",0.07,0,FALSE
"l3_platelet","l3_klrf1_effector_vd1_gdt_alt_alr",0.07,0,FALSE
"l3_platelet","l1_nk_cell_alr",0.07,1,FALSE
"l3_proliferating_nk_cell","l2_memory_cd4_t_cell_alr",0.07,0,FALSE
"l3_proliferating_nk_cell","l3_naive_vd1_gdt_alr",0.07,1,FALSE
"l3_proliferating_t_cell","l1_nk_cell_alr",0.07,0.428571428571428,FALSE
"l3_proliferating_t_cell","l1_erythrocyte_alr",0.07,1,FALSE
"l3_transitional_b_cell","l2_plasma_cell_alr",0.07,1,FALSE
"l2_effector_b_cell_alr","l3_type_2_polarized_memory_b_cell_alr",0.07,0.571428571428571,FALSE
"l2_memory_b_cell_alr","l2_cd16_monocyte_alr",0.07,1,FALSE
"l2_plasma_cell_alr","l3_dn_t_cell",0.07,0,FALSE
"l2_plasma_cell_alr","l3_transitional_b_cell",0.07,0,FALSE
"l2_plasma_cell_alr","l3_sox4_vd1_gdt_alr",0.07,0,FALSE
"l2_transitional_b_cell_alr","l2_progenitor_cell",0.07,1,FALSE
"l2_transitional_b_cell_alr","l2_dn_t_cell_alr",0.07,0.714285714285714,FALSE
"l2_transitional_b_cell_alr","l3_clp_cell_alr",0.07,1,FALSE
"l2_cdc1_alr","l3_early_memory_b_cell_alr",0.07,0,FALSE
"l2_pdc_alr","l3_dn_t_cell",0.07,0.571428571428571,FALSE
"l2_pdc_alr","l2_proliferating_t_cell_alr",0.07,1,FALSE
"l2_pdc_alr","l3_type_2_polarized_memory_b_cell_alr",0.07,0,FALSE
"l2_pdc_alr","l3_gzmb_cd27_em_cd4_t_cell_alr",0.07,0,FALSE
"l2_pdc_alr","l3_klrf1_gzmb_cd27_em_cd8_t_cell_alt_alr",0.07,0,FALSE
"l2_cd16_monocyte_alr","l2_memory_b_cell_alr",0.07,0,FALSE
"l2_intermediate_monocyte_alr","l3_ilc",0.07,0,FALSE
"l2_intermediate_monocyte_alr","l3_pdc",0.07,0,FALSE
"l2_intermediate_monocyte_alr","l2_memory_cd8_t_cell_alr",0.07,0,FALSE
"l2_intermediate_monocyte_alr","l3_sox4_naive_cd8_t_cell_alr",0.07,0,FALSE
"l2_intermediate_monocyte_alr","l1_dc_alr",0.07,0,FALSE
"l2_cd56bright_nk_cell_alr","l2_treg_alr",0.07,0.714285714285714,FALSE
"l2_cd56bright_nk_cell_alr","l3_cm_cd8_t_cell_alr",0.07,0.428571428571428,FALSE
"l2_cd56bright_nk_cell_alr","l3_sox4_naive_cd4_t_cell_alr",0.07,0,FALSE
"l2_proliferating_nk_cell_alr","l3_asdc",0.07,0,FALSE
"l2_dn_t_cell_alr","l3_erythrocyte",0.07,0,FALSE
"l2_dn_t_cell_alr","l2_transitional_b_cell_alr",0.07,0.285714285714286,FALSE
"l2_dn_t_cell_alr","l1_platelet_alr",0.07,0.571428571428571,FALSE
"l2_gdt_alr","l3_intermediate_monocyte",0.07,1,FALSE
"l2_gdt_alr","l3_klrb1_memory_cd8_treg_alr",0.07,0,FALSE
"l2_gdt_alr","l1_b_cell_alr",0.07,0.714285714285714,FALSE
"l2_mait_alr","l2_ilc",0.07,1,FALSE
"l2_mait_alr","l3_adaptive_nk_cell_alr",0.07,0,FALSE
"l2_memory_cd4_t_cell_alr","l3_platelet",0.07,1,FALSE
"l2_memory_cd4_t_cell_alr","l3_proliferating_nk_cell",0.07,1,FALSE
"l2_memory_cd4_t_cell_alr","l3_cm_cd8_t_cell_alr",0.07,1,FALSE
"l2_memory_cd8_t_cell_alr","l3_pdc",0.07,0,FALSE
"l2_memory_cd8_t_cell_alr","l2_intermediate_monocyte_alr",0.07,1,FALSE
"l2_naive_cd8_t_cell_alr","l3_il1b_cd14_monocyte_alr",0.07,1,FALSE
"l2_proliferating_t_cell_alr","l2_pdc_alr",0.07,0,FALSE
"l2_proliferating_t_cell_alr","l3_il1b_cd14_monocyte_alr",0.07,0,FALSE
"l2_proliferating_t_cell_alr","l3_naive_vd1_gdt_alr",0.07,1,FALSE
"l2_proliferating_t_cell_alr","l3_isg_memory_cd8_t_cell_alr",0.07,0,FALSE
"l2_treg_alr","l2_cd56bright_nk_cell_alr",0.07,0.285714285714286,FALSE
"l3_il1b_cd14_monocyte_alr","l2_erythrocyte",0.07,1,FALSE
"l3_il1b_cd14_monocyte_alr","l2_naive_cd8_t_cell_alr",0.07,0,FALSE
"l3_il1b_cd14_monocyte_alr","l2_proliferating_t_cell_alr",0.07,1,FALSE
"l3_isg_cd14_monocyte_alr","l3_klrf1_effector_vd1_gdt_alr",0.07,1,FALSE
"l3_isg_cd14_monocyte_alr","l1_monocyte_alr",0.07,1,FALSE
"l3_c1q_cd16_monocyte_alr","l3_gzmk_cd27_em_cd8_t_cell_alt_alr",0.07,0,FALSE
"l3_isg_cd16_monocyte_alr","l1_progenitor_cell_alr",0.07,1,FALSE
"l3_adaptive_nk_cell_alr","l2_mait_alr",0.07,1,FALSE
"l3_adaptive_nk_cell_alr","l1_nk_cell_alr",0.07,0.428571428571428,FALSE
"l3_cd14_cdc2_alr","l3_gzmk_cd27_em_cd8_t_cell_alt_alr",0.07,1,FALSE
"l3_cd27_effector_b_cell_alt_alr","l3_sox4_naive_cd8_t_cell_alr",0.07,0,FALSE
"l3_gzmb_vd2_gdt_alr","l1_dc_alr",0.07,1,FALSE
"l3_gzmb_vd2_gdt_alr","l1_monocyte_alr",0.07,1,FALSE
"l3_klrf1_effector_vd1_gdt_alr","l3_isg_cd14_monocyte_alr",0.07,0,FALSE
"l3_klrf1_effector_vd1_gdt_alt_alr","l3_platelet",0.07,1,FALSE
"l3_naive_vd1_gdt_alr","l3_proliferating_nk_cell",0.07,0,FALSE
"l3_naive_vd1_gdt_alr","l2_proliferating_t_cell_alr",0.07,0,FALSE
"l3_sox4_vd1_gdt_alr","l2_plasma_cell_alr",0.07,1,FALSE
"l3_early_memory_b_cell_alr","l3_dn_t_cell",0.07,1,FALSE
"l3_early_memory_b_cell_alr","l2_cdc1_alr",0.07,1,FALSE
"l3_early_memory_b_cell_alr","l3_isg_naive_cd4_t_cell_alr",0.07,1,FALSE
"l3_type_2_polarized_memory_b_cell_alr","l2_effector_b_cell_alr",0.07,0.428571428571428,FALSE
"l3_type_2_polarized_memory_b_cell_alr","l2_pdc_alr",0.07,1,FALSE
"l3_isg_memory_cd4_t_cell_alr","l3_dn_t_cell",0.07,0.571428571428571,FALSE
"l3_gzmb_cd27_em_cd4_t_cell_alr","l2_pdc_alr",0.07,1,FALSE
"l3_gzmb_cd27_em_cd4_t_cell_alt_alr","l1_b_cell_alr",0.07,0,FALSE
"l3_gzmb_cd27_em_cd4_t_cell_alt_alr","l1_platelet_alr",0.07,1,FALSE
"l3_isg_memory_cd8_t_cell_alr","l2_proliferating_t_cell_alr",0.07,1,FALSE
"l3_cm_cd8_t_cell_alr","l2_cd56bright_nk_cell_alr",0.07,0.571428571428571,FALSE
"l3_cm_cd8_t_cell_alr","l2_memory_cd4_t_cell_alr",0.07,0,FALSE
"l3_gzmk_cd27_em_cd8_t_cell_alt_alr","l3_c1q_cd16_monocyte_alr",0.07,1,FALSE
"l3_gzmk_cd27_em_cd8_t_cell_alt_alr","l3_cd14_cdc2_alr",0.07,0,FALSE
"l3_klrf1_gzmb_cd27_em_cd8_t_cell_alt_alr","l2_pdc_alr",0.07,1,FALSE
"l3_isg_naive_b_cell_alr","l1_platelet_alr",0.07,0.428571428571428,FALSE
"l3_isg_naive_cd4_t_cell_alr","l3_early_memory_b_cell_alr",0.07,0,FALSE
"l3_sox4_naive_cd4_t_cell_alr","l2_erythrocyte",0.07,1,FALSE
"l3_sox4_naive_cd4_t_cell_alr","l2_cd56bright_nk_cell_alr",0.07,1,FALSE
"l3_sox4_naive_cd8_t_cell_alr","l2_ilc",0.07,1,FALSE
"l3_sox4_naive_cd8_t_cell_alr","l2_intermediate_monocyte_alr",0.07,1,FALSE
"l3_sox4_naive_cd8_t_cell_alr","l3_cd27_effector_b_cell_alt_alr",0.07,1,FALSE
"l3_clp_cell_alr","l2_transitional_b_cell_alr",0.07,0,FALSE
"l3_klrb1_memory_cd8_treg_alr","l2_gdt_alr",0.07,1,FALSE
"l1_dc_alr","l2_intermediate_monocyte_alr",0.07,1,FALSE
"l1_dc_alr","l3_gzmb_vd2_gdt_alr",0.07,0,FALSE
"l1_monocyte_alr","l3_dn_t_cell",0.07,1,FALSE
"l1_monocyte_alr","l3_isg_cd14_monocyte_alr",0.07,0,FALSE
"l1_monocyte_alr","l3_gzmb_vd2_gdt_alr",0.07,0,FALSE
"l1_nk_cell_alr","l3_platelet",0.07,0,FALSE
"l1_nk_cell_alr","l3_proliferating_t_cell",0.07,0.571428571428571,FALSE
"l1_nk_cell_alr","l3_adaptive_nk_cell_alr",0.07,0.571428571428571,FALSE
"l1_nk_cell_alr","l1_erythrocyte_alr",0.07,0.428571428571428,FALSE
"l1_b_cell_alr","l2_gdt_alr",0.07,0.285714285714286,FALSE
"l1_b_cell_alr","l3_gzmb_cd27_em_cd4_t_cell_alt_alr",0.07,1,FALSE
"l1_erythrocyte_alr","l3_proliferating_t_cell",0.07,0,FALSE
"l1_erythrocyte_alr","l1_nk_cell_alr",0.07,0.571428571428571,FALSE
"l1_platelet_alr","l2_dn_t_cell_alr",0.07,0.428571428571428,FALSE
"l1_platelet_alr","l3_gzmb_cd27_em_cd4_t_cell_alt_alr",0.07,0,FALSE
"l1_platelet_alr","l3_isg_naive_b_cell_alr",0.07,0.571428571428571,FALSE
"l1_progenitor_cell_alr","l3_asdc",0.07,0,FALSE
"l1_progenitor_cell_alr","l3_isg_cd16_monocyte_alr",0.07,0,FALSE
"l3_pdc","l2_naive_cd8_t_cell_alr",0.07,0.142857142857143,FALSE
"l3_platelet","l3_baeomap_cell",0.07,0.857142857142857,FALSE
"l3_platelet","l2_effector_b_cell_alr",0.07,0.857142857142857,FALSE
"l3_platelet","l2_memory_cd8_t_cell_alr",0.07,0.857142857142857,FALSE
"l3_proliferating_nk_cell","l3_gzmb_cd27_em_cd4_t_cell_alt_alr",0.07,0.142857142857143,FALSE
"l3_baeomap_cell","l3_platelet",0.07,0.142857142857143,FALSE
"l2_effector_b_cell_alr","l3_platelet",0.07,0.142857142857143,FALSE
"l2_transitional_b_cell_alr","l1_monocyte_alr",0.07,0.142857142857143,FALSE
"l2_cd56bright_nk_cell_alr","l3_naive_vd1_gdt_alr",0.07,0.142857142857143,FALSE
"l2_memory_cd8_t_cell_alr","l3_platelet",0.07,0.142857142857143,FALSE
"l2_memory_cd8_t_cell_alr","l2_naive_cd8_t_cell_alr",0.07,0.857142857142857,FALSE
"l2_naive_cd8_t_cell_alr","l3_pdc",0.07,0.857142857142857,FALSE
"l2_naive_cd8_t_cell_alr","l2_memory_cd8_t_cell_alr",0.07,0.142857142857143,FALSE
"l3_c1q_cd16_monocyte_alr","l3_gzmk_memory_cd4_treg_alr",0.07,0.142857142857143,FALSE
"l3_isg_cd16_monocyte_alr","l3_gzmb_cd27_em_cd4_t_cell_alr",0.07,0.142857142857143,FALSE
"l3_naive_vd1_gdt_alr","l2_cd56bright_nk_cell_alr",0.07,0.857142857142857,FALSE
"l3_gzmb_cd27_em_cd4_t_cell_alr","l3_isg_cd16_monocyte_alr",0.07,0.857142857142857,FALSE
"l3_gzmb_cd27_em_cd4_t_cell_alt_alr","l3_proliferating_nk_cell",0.07,0.857142857142857,FALSE
"l3_gzmk_memory_cd4_treg_alr","l3_c1q_cd16_monocyte_alr",0.07,0.857142857142857,FALSE
"l1_monocyte_alr","l2_transitional_b_cell_alr",0.07,0.857142857142857,FALSE
"l2_progenitor_cell","l3_proliferating_t_cell",0.06,0.166666666666667,FALSE
"l3_cd56bright_nk_cell","l3_klrf1_effector_vd1_gdt_alt_alr",0.06,0.166666666666667,FALSE
"l3_erythrocyte","l3_proliferating_nk_cell",0.06,0.833333333333333,FALSE
"l3_erythrocyte","l3_cd95_memory_b_cell_alr",0.06,0.166666666666667,FALSE
"l3_ilc","l3_activated_memory_b_cell_alr",0.06,0.833333333333333,FALSE
"l3_proliferating_nk_cell","l3_erythrocyte",0.06,0.166666666666667,FALSE
"l3_proliferating_nk_cell","l3_gzmk_cd56dim_nk_cell_alr",0.06,0.166666666666667,FALSE
"l3_proliferating_nk_cell","l3_isg_naive_cd4_t_cell_alr",0.06,0.166666666666667,FALSE
"l3_proliferating_t_cell","l2_progenitor_cell",0.06,0.833333333333333,FALSE
"l3_transitional_b_cell","l2_pdc_alr",0.06,0.833333333333333,FALSE
"l3_transitional_b_cell","l3_naive_vd1_gdt_alr",0.06,0.166666666666667,FALSE
"l3_transitional_b_cell","l1_nk_cell_alr",0.06,0.166666666666667,FALSE
"l3_baeomap_cell","l3_isg_memory_cd8_t_cell_alr",0.06,0.166666666666667,FALSE
"l2_effector_b_cell_alr","l3_cd14_cdc2_alr",0.06,0.833333333333333,FALSE
"l2_effector_b_cell_alr","l3_activated_memory_b_cell_alr",0.06,0.166666666666667,FALSE
"l2_effector_b_cell_alr","l1_b_cell_alr",0.06,0.833333333333333,FALSE
"l2_plasma_cell_alr","l3_adaptive_nk_cell_alr",0.06,0.833333333333333,FALSE
"l2_transitional_b_cell_alr","l2_cd8aa_alr",0.06,0.833333333333333,FALSE
"l2_asdc_alr","l1_monocyte_alr",0.06,0.833333333333333,FALSE
"l2_pdc_alr","l3_transitional_b_cell",0.06,0.166666666666667,FALSE
"l2_pdc_alr","l3_activated_memory_b_cell_alr",0.06,0.833333333333333,FALSE
"l2_cd56bright_nk_cell_alr","l2_memory_cd4_t_cell_alr",0.06,0.166666666666667,FALSE
"l2_cd56bright_nk_cell_alr","l1_b_cell_alr",0.06,0.166666666666667,FALSE
"l2_proliferating_nk_cell_alr","l3_isg_cd56dim_nk_cell_alr",0.06,0.833333333333333,FALSE
"l2_cd8aa_alr","l2_transitional_b_cell_alr",0.06,0.166666666666667,FALSE
"l2_memory_cd4_t_cell_alr","l2_cd56bright_nk_cell_alr",0.06,0.833333333333333,FALSE
"l2_memory_cd4_t_cell_alr","l3_sox4_naive_cd4_t_cell_alr",0.06,0.833333333333333,FALSE
"l3_il1b_cd14_monocyte_alr","l3_isg_memory_cd8_t_cell_alr",0.06,0.166666666666667,FALSE
"l3_gzmk_cd56dim_nk_cell_alr","l3_proliferating_nk_cell",0.06,0.833333333333333,FALSE
"l3_gzmk_cd56dim_nk_cell_alr","l3_klrf1_effector_vd1_gdt_alt_alr",0.06,0.833333333333333,FALSE
"l3_isg_cd56dim_nk_cell_alr","l2_proliferating_nk_cell_alr",0.06,0.166666666666667,FALSE
"l3_isg_cd56dim_nk_cell_alr","l3_gzmb_cd27_em_cd4_t_cell_alt_alr",0.06,0.166666666666667,FALSE
"l3_adaptive_nk_cell_alr","l2_plasma_cell_alr",0.06,0.166666666666667,FALSE
"l3_cd14_cdc2_alr","l2_effector_b_cell_alr",0.06,0.166666666666667,FALSE
"l3_klrf1_effector_vd1_gdt_alt_alr","l3_cd56bright_nk_cell",0.06,0.833333333333333,FALSE
"l3_klrf1_effector_vd1_gdt_alt_alr","l3_gzmk_cd56dim_nk_cell_alr",0.06,0.166666666666667,FALSE
"l3_klrf1_effector_vd1_gdt_alt_alr","l3_klrf1_gzmb_cd27_em_cd8_t_cell_alr",0.06,0.166666666666667,FALSE
"l3_naive_vd1_gdt_alr","l3_transitional_b_cell",0.06,0.833333333333333,FALSE
"l3_activated_memory_b_cell_alr","l3_ilc",0.06,0.166666666666667,FALSE
"l3_activated_memory_b_cell_alr","l2_effector_b_cell_alr",0.06,0.833333333333333,FALSE
"l3_activated_memory_b_cell_alr","l2_pdc_alr",0.06,0.166666666666667,FALSE
"l3_cd95_memory_b_cell_alr","l3_erythrocyte",0.06,0.833333333333333,FALSE
"l3_cd95_memory_b_cell_alr","l3_gzmb_cd27_em_cd4_t_cell_alt_alr",0.06,0.833333333333333,FALSE
"l3_gzmb_cd27_em_cd4_t_cell_alr","l1_dc_alr",0.06,0.833333333333333,FALSE
"l3_gzmb_cd27_em_cd4_t_cell_alt_alr","l3_isg_cd56dim_nk_cell_alr",0.06,0.833333333333333,FALSE
"l3_gzmb_cd27_em_cd4_t_cell_alt_alr","l3_cd95_memory_b_cell_alr",0.06,0.166666666666667,FALSE
"l3_isg_memory_cd8_t_cell_alr","l3_baeomap_cell",0.06,0.833333333333333,FALSE
"l3_isg_memory_cd8_t_cell_alr","l3_il1b_cd14_monocyte_alr",0.06,0.833333333333333,FALSE
"l3_cm_cd8_t_cell_alr","l1_platelet_alr",0.06,0.166666666666667,FALSE
"l3_klrf1_gzmb_cd27_em_cd8_t_cell_alr","l3_klrf1_effector_vd1_gdt_alt_alr",0.06,0.833333333333333,FALSE
"l3_isg_naive_cd4_t_cell_alr","l3_proliferating_nk_cell",0.06,0.833333333333333,FALSE
"l3_sox4_naive_cd4_t_cell_alr","l2_memory_cd4_t_cell_alr",0.06,0.166666666666667,FALSE
"l1_dc_alr","l3_gzmb_cd27_em_cd4_t_cell_alr",0.06,0.166666666666667,FALSE
"l1_monocyte_alr","l2_asdc_alr",0.06,0.166666666666667,FALSE
"l1_nk_cell_alr","l3_transitional_b_cell",0.06,0.833333333333333,FALSE
"l1_b_cell_alr","l2_effector_b_cell_alr",0.06,0.166666666666667,FALSE
"l1_b_cell_alr","l2_cd56bright_nk_cell_alr",0.06,0.833333333333333,FALSE
"l1_platelet_alr","l3_cm_cd8_t_cell_alr",0.06,0.833333333333333,FALSE
"sex","l2_naive_cd8_t_cell_alr",0.06,1,FALSE
"l2_erythrocyte","l3_cd56bright_nk_cell",0.06,0,FALSE
"l2_erythrocyte","l2_cd8aa_alr",0.06,0,FALSE
"l2_erythrocyte","l2_gdt_alr",0.06,0,FALSE
"l2_ilc","l3_cd4_mait_alr",0.06,0,FALSE
"l2_platelet","l3_proliferating_nk_cell",0.06,0,FALSE
"l2_platelet","l3_il1b_cd14_monocyte_alr",0.06,0.333333333333333,FALSE
"l2_platelet","l3_klrb1_memory_cd8_treg_alr",0.06,0,FALSE
"l3_cd56bright_nk_cell","l2_erythrocyte",0.06,1,FALSE
"l3_cd56bright_nk_cell","l3_sox4_naive_cd8_t_cell_alr",0.06,1,FALSE
"l3_cd8aa","l3_klrf1_effector_vd1_gdt_alr",0.06,1,FALSE
"l3_cd8aa","l3_memory_cd8_treg_alr",0.06,0.333333333333333,FALSE
"l3_cdc1","l3_platelet",0.06,0.333333333333333,FALSE
"l3_cdc1","l3_proliferating_t_cell",0.06,0.333333333333333,FALSE
"l3_cdc1","l3_klrf1_gzmb_cd27_em_cd8_t_cell_alt_alr",0.06,0,FALSE
"l3_dn_t_cell","l3_gzmk_memory_cd4_treg_alr",0.06,0.5,FALSE
"l3_intermediate_monocyte","l3_proliferating_nk_cell",0.06,1,FALSE
"l3_intermediate_monocyte","l3_isg_cd14_monocyte_alr",0.06,0,FALSE
"l3_intermediate_monocyte","l3_klrf1_effector_vd1_gdt_alt_alr",0.06,0,FALSE
"l3_intermediate_monocyte","l3_clp_cell_alr",0.06,0,FALSE
"l3_pdc","l2_plasma_cell_alr",0.06,1,FALSE
"l3_plasma_cell","l3_gzmb_vd2_gdt_alr",0.06,0.333333333333333,FALSE
"l3_plasma_cell","l1_progenitor_cell_alr",0.06,1,FALSE
"l3_platelet","l3_cdc1",0.06,0.666666666666667,FALSE
"l3_proliferating_nk_cell","l2_platelet",0.06,1,FALSE
"l3_proliferating_nk_cell","l3_intermediate_monocyte",0.06,0,FALSE
"l3_proliferating_nk_cell","l2_intermediate_monocyte_alr",0.06,0,FALSE
"l3_proliferating_nk_cell","l3_isg_cd14_monocyte_alr",0.06,0,FALSE
"l3_proliferating_t_cell","l3_cdc1",0.06,0.666666666666667,FALSE
"l3_proliferating_t_cell","l3_naive_vd1_gdt_alr",0.06,1,FALSE
"l3_proliferating_t_cell","l3_isg_naive_cd8_t_cell_alr",0.06,0.666666666666667,FALSE
"l3_transitional_b_cell","l2_cdc1_alr",0.06,0,FALSE
"l3_transitional_b_cell","l3_isg_naive_b_cell_alr",0.06,0,FALSE
"l3_baeomap_cell","l1_nk_cell_alr",0.06,0,FALSE
"l2_effector_b_cell_alr","l2_gdt_alr",0.06,0,FALSE
"l2_effector_b_cell_alr","l3_klrf1_effector_vd1_gdt_alr",0.06,0.666666666666667,FALSE
"l2_memory_b_cell_alr","l3_klrf1_gzmb_cd27_memory_cd4_t_cell_alr",0.06,0,FALSE
"l2_memory_b_cell_alr","l3_sox4_naive_cd4_t_cell_alr",0.06,0,FALSE
"l2_plasma_cell_alr","l3_pdc",0.06,0,FALSE
"l2_plasma_cell_alr","l3_isg_cd56dim_nk_cell_alr",0.06,0,FALSE
"l2_transitional_b_cell_alr","l3_isg_cd56dim_nk_cell_alr",0.06,0,FALSE
"l2_transitional_b_cell_alr","l3_isg_mait_alr",0.06,1,FALSE
"l2_transitional_b_cell_alr","l3_isg_naive_cd4_t_cell_alr",0.06,0.5,FALSE
"l2_asdc_alr","l3_klrb1_memory_cd4_treg_alr",0.06,0,FALSE
"l2_cdc1_alr","l3_transitional_b_cell",0.06,1,FALSE
"l2_cdc1_alr","l2_gdt_alr",0.06,0.333333333333333,FALSE
"l2_cdc1_alr","l3_activated_memory_b_cell_alr",0.06,1,FALSE
"l2_cdc1_alr","l3_isg_memory_cd4_t_cell_alr",0.06,0,FALSE
"l2_intermediate_monocyte_alr","l3_proliferating_nk_cell",0.06,1,FALSE
"l2_intermediate_monocyte_alr","l3_il1b_cd14_monocyte_alr",0.06,1,FALSE
"l2_intermediate_monocyte_alr","l3_activated_memory_b_cell_alr",0.06,0,FALSE
"l2_cd56bright_nk_cell_alr","l3_isg_naive_b_cell_alr",0.06,0,FALSE
"l2_proliferating_nk_cell_alr","l3_isg_naive_cd8_t_cell_alr",0.06,0,FALSE
"l2_cd8aa_alr","l2_erythrocyte",0.06,1,FALSE
"l2_gdt_alr","l2_erythrocyte",0.06,1,FALSE
"l2_gdt_alr","l2_effector_b_cell_alr",0.06,1,FALSE
"l2_gdt_alr","l2_cdc1_alr",0.06,0.666666666666667,FALSE
"l2_gdt_alr","l3_isg_cd56dim_nk_cell_alr",0.06,1,FALSE
"l2_gdt_alr","l3_sox4_naive_cd8_t_cell_alr",0.06,0,FALSE
"l2_memory_cd4_t_cell_alr","l3_gzmb_cd27_em_cd4_t_cell_alr",0.06,1,FALSE
"l2_memory_cd4_t_cell_alr","l1_nk_cell_alr",0.06,0.333333333333333,FALSE
"l2_memory_cd4_t_cell_alr","l1_b_cell_alr",0.06,1,FALSE
"l2_naive_cd8_t_cell_alr","sex",0.06,0,FALSE
"l2_naive_cd8_t_cell_alr","l3_sox4_vd1_gdt_alr",0.06,1,FALSE
"l2_treg_alr","l3_gzmb_cd27_em_cd4_t_cell_alt_alr",0.06,1,FALSE
"l2_treg_alr","l3_klrf1_gzmb_cd27_em_cd8_t_cell_alt_alr",0.06,1,FALSE
"l2_treg_alr","l1_b_cell_alr",0.06,1,FALSE
"l3_il1b_cd14_monocyte_alr","l2_platelet",0.06,0.666666666666667,FALSE
"l3_il1b_cd14_monocyte_alr","l2_intermediate_monocyte_alr",0.06,0,FALSE
"l3_isg_cd14_monocyte_alr","l3_intermediate_monocyte",0.06,1,FALSE
"l3_isg_cd14_monocyte_alr","l3_proliferating_nk_cell",0.06,1,FALSE
"l3_gzmk_cd56dim_nk_cell_alr","l3_gzmb_cd27_em_cd4_t_cell_alt_alr",0.06,1,FALSE
"l3_gzmk_cd56dim_nk_cell_alr","l3_klrb1_memory_cd8_treg_alr",0.06,0.25,FALSE
"l3_gzmk_cd56dim_nk_cell_alr","l1_dc_alr",0.06,0.333333333333333,FALSE
"l3_isg_cd56dim_nk_cell_alr","l2_plasma_cell_alr",0.06,1,FALSE
"l3_isg_cd56dim_nk_cell_alr","l2_transitional_b_cell_alr",0.06,1,FALSE
"l3_isg_cd56dim_nk_cell_alr","l2_gdt_alr",0.06,0,FALSE
"l3_isg_cd56dim_nk_cell_alr","l3_adaptive_nk_cell_alr",0.06,0.333333333333333,FALSE
"l3_isg_cd56dim_nk_cell_alr","l1_platelet_alr",0.06,0.5,FALSE
"l3_adaptive_nk_cell_alr","l3_isg_cd56dim_nk_cell_alr",0.06,0.666666666666667,FALSE
"l3_isg_cdc2_alr","l3_clp_cell_alr",0.06,0,FALSE
"l3_cd27_effector_b_cell_alt_alr","l3_klrf1_gzmb_cd27_memory_cd4_t_cell_alr",0.06,0,FALSE
"l3_gzmb_vd2_gdt_alr","l3_plasma_cell",0.06,0.666666666666667,FALSE
"l3_klrf1_effector_vd1_gdt_alr","l3_cd8aa",0.06,0,FALSE
"l3_klrf1_effector_vd1_gdt_alr","l2_effector_b_cell_alr",0.06,0.333333333333333,FALSE
"l3_klrf1_effector_vd1_gdt_alr","l3_activated_memory_b_cell_alr",0.06,1,FALSE
"l3_klrf1_effector_vd1_gdt_alt_alr","l3_intermediate_monocyte",0.06,1,FALSE
"l3_klrf1_effector_vd1_gdt_alt_alr","l3_isg_memory_cd8_t_cell_alr",0.06,0.666666666666667,FALSE
"l3_naive_vd1_gdt_alr","l3_proliferating_t_cell",0.06,0,FALSE
"l3_naive_vd1_gdt_alr","l3_isg_naive_cd8_t_cell_alr",0.06,0,FALSE
"l3_naive_vd1_gdt_alr","l1_monocyte_alr",0.06,0.666666666666667,FALSE
"l3_naive_vd1_gdt_alr","l1_ilc_alr",0.06,1,FALSE
"l3_sox4_vd1_gdt_alr","l2_naive_cd8_t_cell_alr",0.06,0,FALSE
"l3_sox4_vd1_gdt_alr","l1_erythrocyte_alr",0.06,1,FALSE
"l3_cd4_mait_alr","l2_ilc",0.06,1,FALSE
"l3_cd4_mait_alr","l3_klrf1_gzmb_cd27_em_cd8_t_cell_alt_alr",0.06,0.666666666666667,FALSE
"l3_cd4_mait_alr","l1_nk_cell_alr",0.06,0.5,FALSE
"l3_isg_mait_alr","l2_transitional_b_cell_alr",0.06,0,FALSE
"l3_activated_memory_b_cell_alr","l2_cdc1_alr",0.06,0,FALSE
"l3_activated_memory_b_cell_alr","l2_intermediate_monocyte_alr",0.06,1,FALSE
"l3_activated_memory_b_cell_alr","l3_klrf1_effector_vd1_gdt_alr",0.06,0,FALSE
"l3_activated_memory_b_cell_alr","l3_klrb1_memory_cd4_treg_alr",0.06,1,FALSE
"l3_activated_memory_b_cell_alr","l1_dc_alr",0.06,0,FALSE
"l3_early_memory_b_cell_alr","l1_monocyte_alr",0.06,0.666666666666667,FALSE
"l3_isg_memory_cd4_t_cell_alr","l2_cdc1_alr",0.06,1,FALSE
"l3_klrf1_gzmb_cd27_memory_cd4_t_cell_alr","l2_memory_b_cell_alr",0.06,1,FALSE
"l3_klrf1_gzmb_cd27_memory_cd4_t_cell_alr","l3_cd27_effector_b_cell_alt_alr",0.06,1,FALSE
"l3_klrf1_gzmb_cd27_memory_cd4_t_cell_alr","l1_monocyte_alr",0.06,1,FALSE
"l3_gzmb_cd27_em_cd4_t_cell_alr","l2_memory_cd4_t_cell_alr",0.06,0,FALSE
"l3_gzmb_cd27_em_cd4_t_cell_alt_alr","l2_treg_alr",0.06,0,FALSE
"l3_gzmb_cd27_em_cd4_t_cell_alt_alr","l3_gzmk_cd56dim_nk_cell_alr",0.06,0,FALSE
"l3_isg_memory_cd8_t_cell_alr","l3_klrf1_effector_vd1_gdt_alt_alr",0.06,0.333333333333333,FALSE
"l3_isg_memory_cd8_t_cell_alr","l3_gzmk_cd27_em_cd8_t_cell_alt_alr",0.06,0,FALSE
"l3_isg_memory_cd8_t_cell_alr","l1_platelet_alr",0.06,1,FALSE
"l3_gzmk_cd27_em_cd8_t_cell_alt_alr","l3_isg_memory_cd8_t_cell_alr",0.06,1,FALSE
"l3_gzmk_cd27_em_cd8_t_cell_alt_alr","l3_sox4_naive_cd8_t_cell_alr",0.06,0.333333333333333,FALSE
"l3_klrf1_gzmb_cd27_em_cd8_t_cell_alt_alr","l3_cdc1",0.06,1,FALSE
"l3_klrf1_gzmb_cd27_em_cd8_t_cell_alt_alr","l2_treg_alr",0.06,0,FALSE
"l3_klrf1_gzmb_cd27_em_cd8_t_cell_alt_alr","l3_cd4_mait_alr",0.06,0.333333333333333,FALSE
"l3_isg_naive_b_cell_alr","l3_transitional_b_cell",0.06,1,FALSE
"l3_isg_naive_b_cell_alr","l2_cd56bright_nk_cell_alr",0.06,1,FALSE
"l3_isg_naive_cd4_t_cell_alr","l2_transitional_b_cell_alr",0.06,0.5,FALSE
"l3_sox4_naive_cd4_t_cell_alr","l2_memory_b_cell_alr",0.06,1,FALSE
"l3_sox4_naive_cd4_t_cell_alr","l1_erythrocyte_alr",0.06,1,FALSE
"l3_isg_naive_cd8_t_cell_alr","l3_proliferating_t_cell",0.06,0.333333333333333,FALSE
"l3_isg_naive_cd8_t_cell_alr","l2_proliferating_nk_cell_alr",0.06,1,FALSE
"l3_isg_naive_cd8_t_cell_alr","l3_naive_vd1_gdt_alr",0.06,1,FALSE
"l3_sox4_naive_cd8_t_cell_alr","l3_cd56bright_nk_cell",0.06,0,FALSE
"l3_sox4_naive_cd8_t_cell_alr","l2_gdt_alr",0.06,1,FALSE
"l3_sox4_naive_cd8_t_cell_alr","l3_gzmk_cd27_em_cd8_t_cell_alt_alr",0.06,0.666666666666667,FALSE
"l3_sox4_naive_cd8_t_cell_alr","l1_progenitor_cell_alr",0.06,1,FALSE
"l3_clp_cell_alr","l3_intermediate_monocyte",0.06,1,FALSE
"l3_clp_cell_alr","l3_isg_cdc2_alr",0.06,1,FALSE
"l3_gzmk_memory_cd4_treg_alr","l3_dn_t_cell",0.06,0.5,FALSE
"l3_klrb1_memory_cd4_treg_alr","l2_asdc_alr",0.06,1,FALSE
"l3_klrb1_memory_cd4_treg_alr","l3_activated_memory_b_cell_alr",0.06,0,FALSE
"l3_klrb1_memory_cd8_treg_alr","l2_platelet",0.06,1,FALSE
"l3_klrb1_memory_cd8_treg_alr","l3_gzmk_cd56dim_nk_cell_alr",0.06,0.75,FALSE
"l3_memory_cd8_treg_alr","l3_cd8aa",0.06,0.666666666666667,FALSE
"l1_dc_alr","l3_gzmk_cd56dim_nk_cell_alr",0.06,0.666666666666667,FALSE
"l1_dc_alr","l3_activated_memory_b_cell_alr",0.06,1,FALSE
"l1_monocyte_alr","l3_naive_vd1_gdt_alr",0.06,0.333333333333333,FALSE
"l1_monocyte_alr","l3_early_memory_b_cell_alr",0.06,0.333333333333333,FALSE
"l1_monocyte_alr","l3_klrf1_gzmb_cd27_memory_cd4_t_cell_alr",0.06,0,FALSE
"l1_nk_cell_alr","l3_baeomap_cell",0.06,1,FALSE
"l1_nk_cell_alr","l2_memory_cd4_t_cell_alr",0.06,0.666666666666667,FALSE
"l1_nk_cell_alr","l3_cd4_mait_alr",0.06,0.5,FALSE
"l1_b_cell_alr","l2_memory_cd4_t_cell_alr",0.06,0,FALSE
"l1_b_cell_alr","l2_treg_alr",0.06,0,FALSE
"l1_erythrocyte_alr","l3_sox4_vd1_gdt_alr",0.06,0,FALSE
"l1_erythrocyte_alr","l3_sox4_naive_cd4_t_cell_alr",0.06,0,FALSE
"l1_erythrocyte_alr","l1_ilc_alr",0.06,0,FALSE
"l1_ilc_alr","l3_naive_vd1_gdt_alr",0.06,0,FALSE
"l1_ilc_alr","l1_erythrocyte_alr",0.06,1,FALSE
"l1_platelet_alr","l3_isg_cd56dim_nk_cell_alr",0.06,0.5,FALSE
"l1_platelet_alr","l3_isg_memory_cd8_t_cell_alr",0.06,0,FALSE
"l1_progenitor_cell_alr","l3_plasma_cell",0.06,0,FALSE
"l1_progenitor_cell_alr","l3_sox4_naive_cd8_t_cell_alr",0.06,0,FALSE
"l2_erythrocyte","l3_isg_cdc2_alr",0.05,0.2,FALSE
"l2_ilc","l3_isg_memory_cd4_t_cell_alr",0.05,0,FALSE
"l2_platelet","l2_intermediate_monocyte_alr",0.05,0,FALSE
"l2_platelet","l2_memory_cd4_t_cell_alr",0.05,0,FALSE
"l2_progenitor_cell","l2_cdc1_alr",0.05,0,FALSE
"l2_progenitor_cell","l3_isg_naive_b_cell_alr",0.05,1,FALSE
"l3_asdc","l3_gzmb_vd2_gdt_alr",0.05,1,FALSE
"l3_asdc","l1_b_cell_alr",0.05,1,FALSE
"l3_cd56bright_nk_cell","l2_cd16_monocyte_alr",0.05,0.6,FALSE
"l3_cd56bright_nk_cell","l1_dc_alr",0.05,1,FALSE
"l3_cd8aa","l3_intermediate_monocyte",0.05,1,FALSE
"l3_cd8aa","l2_proliferating_nk_cell_alr",0.05,1,FALSE
"l3_cd8aa","l3_klrf1_gzmb_cd27_em_cd8_t_cell_alt_alr",0.05,1,FALSE
"l3_cd8aa","l1_b_cell_alr",0.05,1,FALSE
"l3_cdc1","l3_plasma_cell",0.05,1,FALSE
"l3_cdc1","l3_isg_cdc2_alr",0.05,0,FALSE
"l3_dn_t_cell","l3_platelet",0.05,0.4,FALSE
"l3_dn_t_cell","l3_isg_cd16_monocyte_alr",0.05,0,FALSE
"l3_dn_t_cell","l3_type_2_polarized_memory_b_cell_alr",0.05,0.8,FALSE
"l3_dn_t_cell","l3_clp_cell_alr",0.05,0,FALSE
"l3_dn_t_cell","l3_naive_cd4_treg_alr",0.05,0,FALSE
"l3_erythrocyte","l2_cd56bright_nk_cell_alr",0.05,1,FALSE
"l3_erythrocyte","l2_memory_cd8_t_cell_alr",0.05,1,FALSE
"l3_intermediate_monocyte","l3_cd8aa",0.05,0,FALSE
"l3_pdc","l3_c1q_cd16_monocyte_alr",0.05,1,FALSE
"l3_pdc","l3_gzmb_vd2_gdt_alr",0.05,0,FALSE
"l3_pdc","l3_gzmk_memory_cd4_treg_alr",0.05,0.6,FALSE
"l3_plasma_cell","l3_cdc1",0.05,0,FALSE
"l3_plasma_cell","l2_asdc_alr",0.05,1,FALSE
"l3_plasma_cell","l3_adaptive_nk_cell_alr",0.05,0.8,FALSE
"l3_plasma_cell","l3_isg_cdc2_alr",0.05,0.8,FALSE
"l3_plasma_cell","l3_naive_vd1_gdt_alr",0.05,1,FALSE
"l3_plasma_cell","l3_naive_cd4_treg_alr",0.05,0,FALSE
"l3_plasma_cell","l1_erythrocyte_alr",0.05,1,FALSE
"l3_platelet","l3_dn_t_cell",0.05,0.6,FALSE
"l3_platelet","l3_klrf1_gzmb_cd27_memory_cd4_t_cell_alr",0.05,0,FALSE
"l3_platelet","l3_klrf1_gzmb_cd27_em_cd8_t_cell_alr",0.05,0.8,FALSE
"l3_platelet","l1_b_cell_alr",0.05,0.2,FALSE
"l3_proliferating_nk_cell","l2_naive_cd8_t_cell_alr",0.05,0,FALSE
"l3_proliferating_nk_cell","l2_proliferating_t_cell_alr",0.05,0.2,FALSE
"l3_proliferating_nk_cell","l3_klrf1_effector_vd1_gdt_alt_alr",0.05,1,FALSE
"l3_proliferating_nk_cell","l3_cm_cd8_t_cell_alr",0.05,0.4,FALSE
"l3_proliferating_nk_cell","l3_isg_naive_cd8_t_cell_alr",0.05,0.8,FALSE
"l3_proliferating_nk_cell","l1_dc_alr",0.05,0,FALSE
"l3_proliferating_t_cell","l2_cd56bright_nk_cell_alr",0.05,0.6,FALSE
"l3_proliferating_t_cell","l3_cd4_mait_alr",0.05,0.6,FALSE
"l3_transitional_b_cell","l3_isg_naive_cd4_t_cell_alr",0.05,0.2,FALSE
"l3_transitional_b_cell","l3_sox4_naive_cd4_t_cell_alr",0.05,0,FALSE
"l3_baeomap_cell","l2_effector_b_cell_alr",0.05,1,FALSE
"l3_baeomap_cell","l2_cd56bright_nk_cell_alr",0.05,0,FALSE
"l2_effector_b_cell_alr","l3_baeomap_cell",0.05,0,FALSE
"l2_effector_b_cell_alr","l2_memory_cd8_t_cell_alr",0.05,0.8,FALSE
"l2_effector_b_cell_alr","l3_gzmk_cd56dim_nk_cell_alr",0.05,1,FALSE
"l2_effector_b_cell_alr","l3_isg_cd56dim_nk_cell_alr",0.05,1,FALSE
"l2_effector_b_cell_alr","l3_cd95_memory_b_cell_alr",0.05,0.2,FALSE
"l2_memory_b_cell_alr","l2_proliferating_nk_cell_alr",0.05,1,FALSE
"l2_memory_b_cell_alr","l3_isg_mait_alr",0.05,1,FALSE
"l2_plasma_cell_alr","l2_pdc_alr",0.05,0.2,FALSE
"l2_plasma_cell_alr","l2_dn_t_cell_alr",0.05,0,FALSE
"l2_transitional_b_cell_alr","l2_naive_cd8_t_cell_alr",0.05,0.2,FALSE
"l2_transitional_b_cell_alr","l3_c1q_cd16_monocyte_alr",0.05,1,FALSE
"l2_asdc_alr","l3_plasma_cell",0.05,0,FALSE
"l2_asdc_alr","l2_proliferating_nk_cell_alr",0.05,1,FALSE
"l2_asdc_alr","l3_isg_naive_cd4_t_cell_alr",0.05,0,FALSE
"l2_cdc1_alr","l2_progenitor_cell",0.05,1,FALSE
"l2_cdc1_alr","l2_cd56bright_nk_cell_alr",0.05,0,FALSE
"l2_cdc1_alr","l3_gzmb_cd27_em_cd4_t_cell_alt_alr",0.05,0,FALSE
"l2_cdc1_alr","l3_klrf1_gzmb_cd27_em_cd8_t_cell_alr",0.05,0.2,FALSE
"l2_cdc1_alr","l3_klrf1_gzmb_cd27_em_cd8_t_cell_alt_alr",0.05,0.8,FALSE
"l2_cdc1_alr","l3_klrb1_memory_cd4_treg_alr",0.05,0,FALSE
"l2_cdc1_alr","l3_memory_cd8_treg_alr",0.05,0.2,FALSE
"l2_pdc_alr","l2_plasma_cell_alr",0.05,0.8,FALSE
"l2_pdc_alr","l3_adaptive_nk_cell_alr",0.05,0.8,FALSE
"l2_pdc_alr","l3_klrb1_memory_cd8_treg_alr",0.05,0,FALSE
"l2_cd16_monocyte_alr","l3_cd56bright_nk_cell",0.05,0.4,FALSE
"l2_cd16_monocyte_alr","l3_type_2_polarized_memory_b_cell_alr",0.05,0,FALSE
"l2_intermediate_monocyte_alr","l2_platelet",0.05,1,FALSE
"l2_intermediate_monocyte_alr","l2_proliferating_nk_cell_alr",0.05,0.2,FALSE
"l2_intermediate_monocyte_alr","l1_nk_cell_alr",0.05,0,FALSE
"l2_cd56bright_nk_cell_alr","l3_erythrocyte",0.05,0,FALSE
"l2_cd56bright_nk_cell_alr","l3_proliferating_t_cell",0.05,0.4,FALSE
"l2_cd56bright_nk_cell_alr","l3_baeomap_cell",0.05,1,FALSE
"l2_cd56bright_nk_cell_alr","l2_cdc1_alr",0.05,1,FALSE
"l2_cd56bright_nk_cell_alr","l3_isg_cdc2_alr",0.05,0,FALSE
"l2_cd56bright_nk_cell_alr","l3_gzmk_cd27_em_cd8_t_cell_alt_alr",0.05,0,FALSE
"l2_cd56bright_nk_cell_alr","l1_erythrocyte_alr",0.05,0.2,FALSE
"l2_proliferating_nk_cell_alr","l3_cd8aa",0.05,0,FALSE
"l2_proliferating_nk_cell_alr","l2_memory_b_cell_alr",0.05,0,FALSE
"l2_proliferating_nk_cell_alr","l2_asdc_alr",0.05,0,FALSE
"l2_proliferating_nk_cell_alr","l2_intermediate_monocyte_alr",0.05,0.8,FALSE
"l2_proliferating_nk_cell_alr","l3_isg_naive_b_cell_alr",0.05,0,FALSE
"l2_cd8aa_alr","l3_gzmk_cd27_em_cd8_t_cell_alt_alr",0.05,1,FALSE
"l2_dn_t_cell_alr","l2_plasma_cell_alr",0.05,1,FALSE
"l2_gdt_alr","l3_il1b_cd14_monocyte_alr",0.05,0.8,FALSE
"l2_gdt_alr","l3_sox4_naive_cd4_t_cell_alr",0.05,0,FALSE
"l2_mait_alr","l3_isg_memory_cd8_t_cell_alr",0.05,0,FALSE
"l2_memory_cd4_t_cell_alr","l2_platelet",0.05,1,FALSE
"l2_memory_cd4_t_cell_alr","l3_klrf1_effector_vd1_gdt_alr",0.05,0,FALSE
"l2_memory_cd4_t_cell_alr","l1_dc_alr",0.05,1,FALSE
"l2_memory_cd4_t_cell_alr","l1_platelet_alr",0.05,1,FALSE
"l2_memory_cd8_t_cell_alr","l3_erythrocyte",0.05,0,FALSE
"l2_memory_cd8_t_cell_alr","l2_effector_b_cell_alr",0.05,0.2,FALSE
"l2_memory_cd8_t_cell_alr","l3_klrf1_effector_vd1_gdt_alt_alr",0.05,0,FALSE
"l2_memory_cd8_t_cell_alr","l3_gzmb_cd27_em_cd4_t_cell_alt_alr",0.05,0.6,FALSE
"l2_memory_cd8_t_cell_alr","l3_gzmk_memory_cd4_treg_alr",0.05,0,FALSE
"l2_memory_cd8_t_cell_alr","l1_platelet_alr",0.05,0.8,FALSE
"l2_naive_cd8_t_cell_alr","l3_proliferating_nk_cell",0.05,1,FALSE
"l2_naive_cd8_t_cell_alr","l2_transitional_b_cell_alr",0.05,0.8,FALSE
"l2_naive_cd8_t_cell_alr","l3_isg_naive_b_cell_alr",0.05,1,FALSE
"l2_proliferating_t_cell_alr","l3_proliferating_nk_cell",0.05,0.8,FALSE
"l2_treg_alr","l3_c1q_cd16_monocyte_alr",0.05,0.8,FALSE
"l3_il1b_cd14_monocyte_alr","l2_gdt_alr",0.05,0.2,FALSE
"l3_c1q_cd16_monocyte_alr","l3_pdc",0.05,0,FALSE
"l3_c1q_cd16_monocyte_alr","l2_transitional_b_cell_alr",0.05,0,FALSE
"l3_c1q_cd16_monocyte_alr","l2_treg_alr",0.05,0.2,FALSE
"l3_c1q_cd16_monocyte_alr","l3_gzmb_vd2_gdt_alr",0.05,0.2,FALSE
"l3_c1q_cd16_monocyte_alr","l3_isg_mait_alr",0.05,0.8,FALSE
"l3_isg_cd16_monocyte_alr","l3_dn_t_cell",0.05,1,FALSE
"l3_isg_cd16_monocyte_alr","l3_sox4_naive_cd8_t_cell_alr",0.05,0,FALSE
"l3_gzmk_cd56dim_nk_cell_alr","l2_effector_b_cell_alr",0.05,0,FALSE
"l3_isg_cd56dim_nk_cell_alr","l2_effector_b_cell_alr",0.05,0,FALSE
"l3_isg_cd56dim_nk_cell_alr","l3_gzmb_cd27_em_cd4_t_cell_alr",0.05,0.2,FALSE
"l3_isg_cd56dim_nk_cell_alr","l3_klrf1_gzmb_cd27_em_cd8_t_cell_alr",0.05,0.4,FALSE
"l3_adaptive_nk_cell_alr","l3_plasma_cell",0.05,0.2,FALSE
"l3_adaptive_nk_cell_alr","l2_pdc_alr",0.05,0.2,FALSE
"l3_adaptive_nk_cell_alr","l3_klrf1_gzmb_cd27_memory_cd4_t_cell_alr",0.05,0,FALSE
"l3_cd14_cdc2_alr","l3_isg_memory_cd8_t_cell_alr",0.05,0.6,FALSE
"l3_cd14_cdc2_alr","l1_ilc_alr",0.05,1,FALSE
"l3_isg_cdc2_alr","l2_erythrocyte",0.05,0.8,FALSE
"l3_isg_cdc2_alr","l3_cdc1",0.05,1,FALSE
"l3_isg_cdc2_alr","l3_plasma_cell",0.05,0.2,FALSE
"l3_isg_cdc2_alr","l2_cd56bright_nk_cell_alr",0.05,1,FALSE
"l3_isg_cdc2_alr","l3_activated_memory_b_cell_alr",0.05,0,FALSE
"l3_isg_cdc2_alr","l3_isg_memory_cd4_t_cell_alr",0.05,0.4,FALSE
"l3_cd27_effector_b_cell_alt_alr","l3_gzmb_cd27_em_cd4_t_cell_alr",0.05,0.8,FALSE
"l3_cd27_effector_b_cell_alt_alr","l3_gzmb_cd27_em_cd4_t_cell_alt_alr",0.05,1,FALSE
"l3_cd27_effector_b_cell_alt_alr","l3_isg_naive_cd8_t_cell_alr",0.05,1,FALSE
"l3_gzmb_vd2_gdt_alr","l3_asdc",0.05,0,FALSE
"l3_gzmb_vd2_gdt_alr","l3_pdc",0.05,1,FALSE
"l3_gzmb_vd2_gdt_alr","l3_c1q_cd16_monocyte_alr",0.05,0.8,FALSE
"l3_klrf1_effector_vd1_gdt_alr","l2_memory_cd4_t_cell_alr",0.05,1,FALSE
"l3_klrf1_effector_vd1_gdt_alr","l3_sox4_naive_cd8_t_cell_alr",0.05,0,FALSE
"l3_klrf1_effector_vd1_gdt_alr","l1_b_cell_alr",0.05,1,FALSE
"l3_klrf1_effector_vd1_gdt_alt_alr","l3_proliferating_nk_cell",0.05,0,FALSE
"l3_klrf1_effector_vd1_gdt_alt_alr","l2_memory_cd8_t_cell_alr",0.05,1,FALSE
"l3_klrf1_effector_vd1_gdt_alt_alr","l1_monocyte_alr",0.05,1,FALSE
"l3_naive_vd1_gdt_alr","l3_plasma_cell",0.05,0,FALSE
"l3_naive_vd1_gdt_alr","l3_klrf1_gzmb_cd27_memory_cd4_t_cell_alr",0.05,0,FALSE
"l3_naive_vd1_gdt_alr","l3_klrf1_gzmb_cd27_em_cd8_t_cell_alr",0.05,0.2,FALSE
"l3_naive_vd1_gdt_alr","l1_b_cell_alr",0.05,0.6,FALSE
"l3_naive_vd1_gdt_alr","l1_platelet_alr",0.05,1,FALSE
"l3_cd4_mait_alr","l3_proliferating_t_cell",0.05,0.4,FALSE
"l3_isg_mait_alr","l2_memory_b_cell_alr",0.05,0,FALSE
"l3_isg_mait_alr","l3_c1q_cd16_monocyte_alr",0.05,0.2,FALSE
"l3_activated_memory_b_cell_alr","l3_isg_cdc2_alr",0.05,1,FALSE
"l3_cd95_memory_b_cell_alr","l2_effector_b_cell_alr",0.05,0.8,FALSE
"l3_type_2_polarized_memory_b_cell_alr","l3_dn_t_cell",0.05,0.2,FALSE
"l3_type_2_polarized_memory_b_cell_alr","l2_cd16_monocyte_alr",0.05,1,FALSE
"l3_isg_memory_cd4_t_cell_alr","l2_ilc",0.05,1,FALSE
"l3_isg_memory_cd4_t_cell_alr","l3_isg_cdc2_alr",0.05,0.6,FALSE
"l3_isg_memory_cd4_t_cell_alr","l1_platelet_alr",0.05,1,FALSE
"l3_klrf1_gzmb_cd27_memory_cd4_t_cell_alr","l3_platelet",0.05,1,FALSE
"l3_klrf1_gzmb_cd27_memory_cd4_t_cell_alr","l3_adaptive_nk_cell_alr",0.05,1,FALSE
"l3_klrf1_gzmb_cd27_memory_cd4_t_cell_alr","l3_naive_vd1_gdt_alr",0.05,1,FALSE
"l3_klrf1_gzmb_cd27_memory_cd4_t_cell_alr","l1_nk_cell_alr",0.05,1,FALSE
"l3_klrf1_gzmb_cd27_memory_cd4_t_cell_alr","l1_erythrocyte_alr",0.05,1,FALSE
"l3_klrf1_gzmb_cd27_memory_cd4_t_cell_alr","l1_ilc_alr",0.05,1,FALSE
"l3_gzmb_cd27_em_cd4_t_cell_alr","l3_isg_cd56dim_nk_cell_alr",0.05,0.8,FALSE
"l3_gzmb_cd27_em_cd4_t_cell_alr","l3_cd27_effector_b_cell_alt_alr",0.05,0.2,FALSE
"l3_gzmb_cd27_em_cd4_t_cell_alr","l3_clp_cell_alr",0.05,0,FALSE
"l3_gzmb_cd27_em_cd4_t_cell_alr","l1_platelet_alr",0.05,0.2,FALSE
"l3_gzmb_cd27_em_cd4_t_cell_alt_alr","l2_cdc1_alr",0.05,1,FALSE
"l3_gzmb_cd27_em_cd4_t_cell_alt_alr","l2_memory_cd8_t_cell_alr",0.05,0.4,FALSE
"l3_gzmb_cd27_em_cd4_t_cell_alt_alr","l3_cd27_effector_b_cell_alt_alr",0.05,0,FALSE
"l3_isg_memory_cd8_t_cell_alr","l2_mait_alr",0.05,1,FALSE
"l3_isg_memory_cd8_t_cell_alr","l3_cd14_cdc2_alr",0.05,0.4,FALSE
"l3_isg_memory_cd8_t_cell_alr","l3_naive_cd4_treg_alr",0.05,0,FALSE
"l3_cm_cd8_t_cell_alr","l3_proliferating_nk_cell",0.05,0.6,FALSE
"l3_gzmk_cd27_em_cd8_t_cell_alt_alr","l2_cd56bright_nk_cell_alr",0.05,1,FALSE
"l3_gzmk_cd27_em_cd8_t_cell_alt_alr","l2_cd8aa_alr",0.05,0,FALSE
"l3_klrf1_gzmb_cd27_em_cd8_t_cell_alr","l3_platelet",0.05,0.2,FALSE
"l3_klrf1_gzmb_cd27_em_cd8_t_cell_alr","l2_cdc1_alr",0.05,0.8,FALSE
"l3_klrf1_gzmb_cd27_em_cd8_t_cell_alr","l3_isg_cd56dim_nk_cell_alr",0.05,0.6,FALSE
"l3_klrf1_gzmb_cd27_em_cd8_t_cell_alr","l3_naive_vd1_gdt_alr",0.05,0.8,FALSE
"l3_klrf1_gzmb_cd27_em_cd8_t_cell_alt_alr","l3_cd8aa",0.05,0,FALSE
"l3_klrf1_gzmb_cd27_em_cd8_t_cell_alt_alr","l2_cdc1_alr",0.05,0.2,FALSE
"l3_isg_naive_b_cell_alr","l2_progenitor_cell",0.05,0,FALSE
"l3_isg_naive_b_cell_alr","l2_proliferating_nk_cell_alr",0.05,1,FALSE
"l3_isg_naive_b_cell_alr","l2_naive_cd8_t_cell_alr",0.05,0,FALSE
"l3_isg_naive_b_cell_alr","l3_klrb1_memory_cd8_treg_alr",0.05,0,FALSE
"l3_isg_naive_b_cell_alr","l1_erythrocyte_alr",0.05,0.4,FALSE
"l3_isg_naive_cd4_t_cell_alr","l3_transitional_b_cell",0.05,0.8,FALSE
"l3_isg_naive_cd4_t_cell_alr","l2_asdc_alr",0.05,1,FALSE
"l3_sox4_naive_cd4_t_cell_alr","l3_transitional_b_cell",0.05,1,FALSE
"l3_sox4_naive_cd4_t_cell_alr","l2_gdt_alr",0.05,1,FALSE
"l3_sox4_naive_cd4_t_cell_alr","l3_klrb1_memory_cd8_treg_alr",0.05,0,FALSE
"l3_isg_naive_cd8_t_cell_alr","l3_proliferating_nk_cell",0.05,0.2,FALSE
"l3_isg_naive_cd8_t_cell_alr","l3_cd27_effector_b_cell_alt_alr",0.05,0,FALSE
"l3_sox4_naive_cd8_t_cell_alr","l3_isg_cd16_monocyte_alr",0.05,1,FALSE
"l3_sox4_naive_cd8_t_cell_alr","l3_klrf1_effector_vd1_gdt_alr",0.05,1,FALSE
"l3_clp_cell_alr","l3_dn_t_cell",0.05,1,FALSE
"l3_clp_cell_alr","l3_gzmb_cd27_em_cd4_t_cell_alr",0.05,1,FALSE
"l3_gzmk_memory_cd4_treg_alr","l3_pdc",0.05,0.4,FALSE
"l3_gzmk_memory_cd4_treg_alr","l2_memory_cd8_t_cell_alr",0.05,1,FALSE
"l3_klrb1_memory_cd4_treg_alr","l2_cdc1_alr",0.05,1,FALSE
"l3_klrb1_memory_cd8_treg_alr","l2_pdc_alr",0.05,1,FALSE
"l3_klrb1_memory_cd8_treg_alr","l3_isg_naive_b_cell_alr",0.05,1,FALSE
"l3_klrb1_memory_cd8_treg_alr","l3_sox4_naive_cd4_t_cell_alr",0.05,1,FALSE
"l3_memory_cd8_treg_alr","l2_cdc1_alr",0.05,0.8,FALSE
"l3_memory_cd8_treg_alr","l1_monocyte_alr",0.05,0.8,FALSE
"l3_memory_cd8_treg_alr","l1_platelet_alr",0.05,0.2,FALSE
"l3_naive_cd4_treg_alr","l3_dn_t_cell",0.05,1,FALSE
"l3_naive_cd4_treg_alr","l3_plasma_cell",0.05,1,FALSE
"l3_naive_cd4_treg_alr","l3_isg_memory_cd8_t_cell_alr",0.05,1,FALSE
"l1_dc_alr","l3_cd56bright_nk_cell",0.05,0,FALSE
"l1_dc_alr","l3_proliferating_nk_cell",0.05,1,FALSE
"l1_dc_alr","l2_memory_cd4_t_cell_alr",0.05,0,FALSE
"l1_monocyte_alr","l3_klrf1_effector_vd1_gdt_alt_alr",0.05,0,FALSE
"l1_monocyte_alr","l3_memory_cd8_treg_alr",0.05,0.2,FALSE
"l1_monocyte_alr","l1_ilc_alr",0.05,1,FALSE
"l1_nk_cell_alr","l2_intermediate_monocyte_alr",0.05,1,FALSE
"l1_nk_cell_alr","l3_klrf1_gzmb_cd27_memory_cd4_t_cell_alr",0.05,0,FALSE
"l1_b_cell_alr","l3_asdc",0.05,0,FALSE
"l1_b_cell_alr","l3_cd8aa",0.05,0,FALSE
"l1_b_cell_alr","l3_platelet",0.05,0.8,FALSE
"l1_b_cell_alr","l3_klrf1_effector_vd1_gdt_alr",0.05,0,FALSE
"l1_b_cell_alr","l3_naive_vd1_gdt_alr",0.05,0.4,FALSE
"l1_erythrocyte_alr","l3_plasma_cell",0.05,0,FALSE
"l1_erythrocyte_alr","l2_cd56bright_nk_cell_alr",0.05,0.8,FALSE
"l1_erythrocyte_alr","l3_klrf1_gzmb_cd27_memory_cd4_t_cell_alr",0.05,0,FALSE
"l1_erythrocyte_alr","l3_isg_naive_b_cell_alr",0.05,0.6,FALSE
"l1_ilc_alr","l3_cd14_cdc2_alr",0.05,0,FALSE
"l1_ilc_alr","l3_klrf1_gzmb_cd27_memory_cd4_t_cell_alr",0.05,0,FALSE
"l1_ilc_alr","l1_monocyte_alr",0.05,0,FALSE
"l1_platelet_alr","l2_memory_cd4_t_cell_alr",0.05,0,FALSE
"l1_platelet_alr","l2_memory_cd8_t_cell_alr",0.05,0.2,FALSE
"l1_platelet_alr","l3_naive_vd1_gdt_alr",0.05,0,FALSE
"l1_platelet_alr","l3_isg_memory_cd4_t_cell_alr",0.05,0,FALSE
"l1_platelet_alr","l3_gzmb_cd27_em_cd4_t_cell_alr",0.05,0.8,FALSE
"l1_platelet_alr","l3_memory_cd8_treg_alr",0.05,0.8,FALSE
"age_group","l2_progenitor_cell",0.04,1,FALSE
"cmv","l3_ilc",0.04,1,FALSE
"cmv","l3_pdc",0.04,1,FALSE
"l2_erythrocyte","l2_memory_cd4_t_cell_alr",0.04,0,FALSE
"l2_erythrocyte","l3_isg_cd14_monocyte_alr",0.04,0,FALSE
"l2_erythrocyte","l3_c1q_cd16_monocyte_alr",0.04,0.75,FALSE
"l2_erythrocyte","l3_klrf1_effector_vd1_gdt_alr",0.04,0,FALSE
"l2_erythrocyte","l3_klrf1_gzmb_cd27_em_cd8_t_cell_alr",0.04,0.5,FALSE
"l2_erythrocyte","l3_isg_naive_cd4_t_cell_alr",0.04,0,FALSE
"l2_ilc","l3_il1b_cd14_monocyte_alr",0.04,0,FALSE
"l2_ilc","l3_klrb1_memory_cd8_treg_alr",0.04,0,FALSE
"l2_platelet","l2_treg_alr",0.04,0,FALSE
"l2_platelet","l3_isg_naive_cd4_t_cell_alr",0.04,0,FALSE
"l2_progenitor_cell","age_group",0.04,0,FALSE
"l2_progenitor_cell","l3_plasma_cell",0.04,1,FALSE
"l2_progenitor_cell","l2_pdc_alr",0.04,1,FALSE
"l2_progenitor_cell","l3_cd27_effector_b_cell_alt_alr",0.04,1,FALSE
"l2_progenitor_cell","l3_isg_memory_cd4_t_cell_alr",0.04,1,FALSE
"l2_progenitor_cell","l3_sox4_naive_cd4_t_cell_alr",0.04,1,FALSE
"l3_asdc","l3_cm_cd8_t_cell_alr",0.04,1,FALSE
"l3_asdc","l3_sox4_naive_cd4_t_cell_alr",0.04,0,FALSE
"l3_cd56bright_nk_cell","l3_erythrocyte",0.04,0.75,FALSE
"l3_cd56bright_nk_cell","l3_c1q_cd16_monocyte_alr",0.04,1,FALSE
"l3_cd56bright_nk_cell","l3_gzmk_cd27_em_cd8_t_cell_alt_alr",0.04,0.25,FALSE
"l3_cd8aa","l2_treg_alr",0.04,1,FALSE
"l3_cd8aa","l3_gzmb_cd27_em_cd4_t_cell_alt_alr",0.04,1,FALSE
"l3_cd8aa","l1_platelet_alr",0.04,1,FALSE
"l3_cdc1","l3_il1b_cd14_monocyte_alr",0.04,0.75,FALSE
"l3_cdc1","l3_isg_mait_alr",0.04,0.75,FALSE
"l3_dn_t_cell","l3_intermediate_monocyte",0.04,0.5,FALSE
"l3_dn_t_cell","l2_treg_alr",0.04,1,FALSE
"l3_dn_t_cell","l3_isg_mait_alr",0.04,0.75,FALSE
"l3_erythrocyte","l3_cd56bright_nk_cell",0.04,0.25,FALSE
"l3_erythrocyte","l3_c1q_cd16_monocyte_alr",0.04,0.5,FALSE
"l3_erythrocyte","l3_cd27_effector_b_cell_alt_alr",0.04,0,FALSE
"l3_ilc","cmv",0.04,0,FALSE
"l3_ilc","l3_platelet",0.04,0.5,FALSE
"l3_ilc","l3_klrf1_gzmb_cd27_memory_cd4_t_cell_alr",0.04,0,FALSE
"l3_intermediate_monocyte","l3_dn_t_cell",0.04,0.5,FALSE
"l3_intermediate_monocyte","l2_proliferating_t_cell_alr",0.04,0.5,FALSE
"l3_intermediate_monocyte","l1_ilc_alr",0.04,1,FALSE
"l3_pdc","cmv",0.04,0,FALSE
"l3_pdc","l2_transitional_b_cell_alr",0.04,1,FALSE
"l3_pdc","l3_klrf1_effector_vd1_gdt_alr",0.04,0.75,FALSE
"l3_pdc","l3_gzmb_cd27_em_cd4_t_cell_alt_alr",0.04,0.75,FALSE
"l3_plasma_cell","l2_progenitor_cell",0.04,0,FALSE
"l3_plasma_cell","l2_cdc1_alr",0.04,1,FALSE
"l3_platelet","l3_ilc",0.04,0.5,FALSE
"l3_platelet","l3_cd4_mait_alr",0.04,0.25,FALSE
"l3_platelet","l3_klrb1_memory_cd8_treg_alr",0.04,0.25,FALSE
"l3_proliferating_nk_cell","l2_pdc_alr",0.04,0.5,FALSE
"l3_proliferating_nk_cell","l3_isg_memory_cd4_t_cell_alr",0.04,0.5,FALSE
"l3_proliferating_t_cell","l2_pdc_alr",0.04,1,FALSE
"l3_proliferating_t_cell","l2_mait_alr",0.04,1,FALSE
"l3_proliferating_t_cell","l3_gzmk_cd56dim_nk_cell_alr",0.04,0.25,FALSE
"l3_proliferating_t_cell","l1_dc_alr",0.04,1,FALSE
"l3_transitional_b_cell","l1_platelet_alr",0.04,0.25,FALSE
"l3_baeomap_cell","l2_proliferating_nk_cell_alr",0.04,0.75,FALSE
"l3_baeomap_cell","l2_memory_cd4_t_cell_alr",0.04,0,FALSE
"l3_baeomap_cell","l2_memory_cd8_t_cell_alr",0.04,0.5,FALSE
"l2_effector_b_cell_alr","l2_naive_cd8_t_cell_alr",0.04,0.5,FALSE
"l2_effector_b_cell_alr","l3_gzmb_cd27_em_cd4_t_cell_alr",0.04,0,FALSE
"l2_effector_b_cell_alr","l3_gzmk_memory_cd4_treg_alr",0.04,0.25,FALSE
"l2_memory_b_cell_alr","l3_cd4_mait_alr",0.04,0,FALSE
"l2_plasma_cell_alr","l2_intermediate_monocyte_alr",0.04,1,FALSE
"l2_transitional_b_cell_alr","l3_pdc",0.04,0,FALSE
"l2_transitional_b_cell_alr","l3_cd14_cdc2_alr",0.04,1,FALSE
"l2_transitional_b_cell_alr","l3_klrb1_memory_cd8_treg_alr",0.04,0,FALSE
"l2_transitional_b_cell_alr","l1_dc_alr",0.04,0,FALSE
"l2_transitional_b_cell_alr","l1_nk_cell_alr",0.04,0,FALSE
"l2_asdc_alr","l3_klrf1_gzmb_cd27_em_cd8_t_cell_alr",0.04,0,FALSE
"l2_asdc_alr","l3_sox4_naive_cd4_t_cell_alr",0.04,0,FALSE
"l2_cdc1_alr","l3_plasma_cell",0.04,0,FALSE
"l2_cdc1_alr","l3_isg_naive_b_cell_alr",0.04,0,FALSE
"l2_cdc1_alr","l3_sox4_naive_cd4_t_cell_alr",0.04,0,FALSE
"l2_pdc_alr","l2_progenitor_cell",0.04,0,FALSE
"l2_pdc_alr","l3_proliferating_nk_cell",0.04,0.5,FALSE
"l2_pdc_alr","l3_proliferating_t_cell",0.04,0,FALSE
"l2_pdc_alr","l2_proliferating_nk_cell_alr",0.04,0.75,FALSE
"l2_pdc_alr","l3_klrf1_effector_vd1_gdt_alr",0.04,1,FALSE
"l2_cd16_monocyte_alr","l2_proliferating_nk_cell_alr",0.04,1,FALSE
"l2_intermediate_monocyte_alr","l2_plasma_cell_alr",0.04,0,FALSE
"l2_intermediate_monocyte_alr","l2_cd56bright_nk_cell_alr",0.04,1,FALSE
"l2_intermediate_monocyte_alr","l2_gdt_alr",0.04,0,FALSE
"l2_intermediate_monocyte_alr","l2_memory_cd4_t_cell_alr",0.04,0,FALSE
"l2_intermediate_monocyte_alr","l3_isg_cd14_monocyte_alr",0.04,0,FALSE
"l2_intermediate_monocyte_alr","l3_gzmk_cd56dim_nk_cell_alr",0.04,0,FALSE
"l2_intermediate_monocyte_alr","l3_sox4_vd1_gdt_alr",0.04,0,FALSE
"l2_intermediate_monocyte_alr","l3_type_2_polarized_memory_b_cell_alr",0.04,0,FALSE
"l2_intermediate_monocyte_alr","l3_gzmb_cd27_em_cd4_t_cell_alt_alr",0.04,0.5,FALSE
"l2_intermediate_monocyte_alr","l3_isg_naive_cd8_t_cell_alr",0.04,0,FALSE
"l2_intermediate_monocyte_alr","l1_ilc_alr",0.04,0.75,FALSE
"l2_cd56bright_nk_cell_alr","l2_intermediate_monocyte_alr",0.04,0,FALSE
"l2_cd56bright_nk_cell_alr","l2_mait_alr",0.04,0.5,FALSE
"l2_cd56bright_nk_cell_alr","l3_isg_cd14_monocyte_alr",0.04,0,FALSE
"l2_cd56bright_nk_cell_alr","l3_type_2_polarized_memory_b_cell_alr",0.04,0,FALSE
"l2_cd56bright_nk_cell_alr","l3_klrf1_gzmb_cd27_em_cd8_t_cell_alt_alr",0.04,0,FALSE
"l2_proliferating_nk_cell_alr","l3_baeomap_cell",0.04,0.25,FALSE
"l2_proliferating_nk_cell_alr","l2_pdc_alr",0.04,0.25,FALSE
"l2_proliferating_nk_cell_alr","l2_cd16_monocyte_alr",0.04,0,FALSE
"l2_proliferating_nk_cell_alr","l2_treg_alr",0.04,0,FALSE
"l2_proliferating_nk_cell_alr","l3_isg_cd14_monocyte_alr",0.04,0,FALSE
"l2_proliferating_nk_cell_alr","l3_klrf1_effector_vd1_gdt_alt_alr",0.04,0,FALSE
"l2_proliferating_nk_cell_alr","l1_dc_alr",0.04,0,FALSE
"l2_cd8aa_alr","l3_activated_memory_b_cell_alr",0.04,0,FALSE
"l2_gdt_alr","l2_intermediate_monocyte_alr",0.04,1,FALSE
"l2_gdt_alr","l3_type_2_polarized_memory_b_cell_alr",0.04,0,FALSE
"l2_mait_alr","l3_proliferating_t_cell",0.04,0,FALSE
"l2_mait_alr","l2_cd56bright_nk_cell_alr",0.04,0.5,FALSE
"l2_memory_cd4_t_cell_alr","l2_erythrocyte",0.04,1,FALSE
"l2_memory_cd4_t_cell_alr","l3_baeomap_cell",0.04,1,FALSE
"l2_memory_cd4_t_cell_alr","l2_intermediate_monocyte_alr",0.04,1,FALSE
"l2_memory_cd4_t_cell_alr","l1_progenitor_cell_alr",0.04,1,FALSE
"l2_memory_cd8_t_cell_alr","l3_baeomap_cell",0.04,0.5,FALSE
"l2_memory_cd8_t_cell_alr","l3_naive_vd1_gdt_alr",0.04,1,FALSE
"l2_memory_cd8_t_cell_alr","l1_monocyte_alr",0.04,0.75,FALSE
"l2_naive_cd8_t_cell_alr","l2_effector_b_cell_alr",0.04,0.5,FALSE
"l2_proliferating_t_cell_alr","l3_intermediate_monocyte",0.04,0.5,FALSE
"l2_treg_alr","l2_platelet",0.04,1,FALSE
"l2_treg_alr","l3_cd8aa",0.04,0,FALSE
"l2_treg_alr","l3_dn_t_cell",0.04,0,FALSE
"l2_treg_alr","l2_proliferating_nk_cell_alr",0.04,1,FALSE
"l2_treg_alr","l3_cd4_mait_alr",0.04,1,FALSE
"l2_treg_alr","l1_monocyte_alr",0.04,0.75,FALSE
"l3_il1b_cd14_monocyte_alr","l2_ilc",0.04,1,FALSE
"l3_il1b_cd14_monocyte_alr","l3_cdc1",0.04,0.25,FALSE
"l3_il1b_cd14_monocyte_alr","l3_isg_cd14_monocyte_alr",0.04,0.625,FALSE
"l3_il1b_cd14_monocyte_alr","l3_early_memory_b_cell_alr",0.04,0,FALSE
"l3_il1b_cd14_monocyte_alr","l1_erythrocyte_alr",0.04,1,FALSE
"l3_il1b_cd14_monocyte_alr","l1_progenitor_cell_alr",0.04,1,FALSE
"l3_isg_cd14_monocyte_alr","l2_erythrocyte",0.04,1,FALSE
"l3_isg_cd14_monocyte_alr","l2_intermediate_monocyte_alr",0.04,1,FALSE
"l3_isg_cd14_monocyte_alr","l2_cd56bright_nk_cell_alr",0.04,1,FALSE
"l3_isg_cd14_monocyte_alr","l2_proliferating_nk_cell_alr",0.04,1,FALSE
"l3_isg_cd14_monocyte_alr","l3_il1b_cd14_monocyte_alr",0.04,0.375,FALSE
"l3_isg_cd14_monocyte_alr","l3_isg_memory_cd8_t_cell_alr",0.04,1,FALSE
"l3_isg_cd14_monocyte_alr","l1_nk_cell_alr",0.04,1,FALSE
"l3_c1q_cd16_monocyte_alr","l2_erythrocyte",0.04,0.25,FALSE
"l3_c1q_cd16_monocyte_alr","l3_cd56bright_nk_cell",0.04,0,FALSE
"l3_c1q_cd16_monocyte_alr","l3_erythrocyte",0.04,0.5,FALSE
"l3_c1q_cd16_monocyte_alr","l3_cd14_cdc2_alr",0.04,0.5,FALSE
"l3_isg_cd16_monocyte_alr","l1_b_cell_alr",0.04,0.75,FALSE
"l3_isg_cd16_monocyte_alr","l1_platelet_alr",0.04,1,FALSE
"l3_gzmk_cd56dim_nk_cell_alr","l3_proliferating_t_cell",0.04,0.75,FALSE
"l3_gzmk_cd56dim_nk_cell_alr","l2_intermediate_monocyte_alr",0.04,1,FALSE
"l3_gzmk_cd56dim_nk_cell_alr","l3_cd4_mait_alr",0.04,0.5,FALSE
"l3_gzmk_cd56dim_nk_cell_alr","l3_gzmb_cd27_em_cd4_t_cell_alr",0.04,0.25,FALSE
"l3_gzmk_cd56dim_nk_cell_alr","l1_progenitor_cell_alr",0.04,0.5,FALSE
"l3_isg_cd56dim_nk_cell_alr","l3_isg_memory_cd8_t_cell_alr",0.04,0,FALSE
"l3_adaptive_nk_cell_alr","l3_type_2_polarized_memory_b_cell_alr",0.04,1,FALSE
"l3_adaptive_nk_cell_alr","l3_isg_naive_cd8_t_cell_alr",0.04,0.5,FALSE
"l3_adaptive_nk_cell_alr","l1_progenitor_cell_alr",0.04,1,FALSE
"l3_cd14_cdc2_alr","l2_transitional_b_cell_alr",0.04,0,FALSE
"l3_cd14_cdc2_alr","l3_c1q_cd16_monocyte_alr",0.04,0.5,FALSE
"l3_cd14_cdc2_alr","l3_isg_mait_alr",0.04,1,FALSE
"l3_cd14_cdc2_alr","l1_platelet_alr",0.04,1,FALSE
"l3_isg_cdc2_alr","l1_nk_cell_alr",0.04,1,FALSE
"l3_cd27_effector_b_cell_alt_alr","l2_progenitor_cell",0.04,0,FALSE
"l3_cd27_effector_b_cell_alt_alr","l3_erythrocyte",0.04,1,FALSE
"l3_gzmb_vd2_gdt_alr","l3_sox4_naive_cd4_t_cell_alr",0.04,0,FALSE
"l3_klrf1_effector_vd1_gdt_alr","l2_erythrocyte",0.04,1,FALSE
"l3_klrf1_effector_vd1_gdt_alr","l3_pdc",0.04,0.25,FALSE
"l3_klrf1_effector_vd1_gdt_alr","l2_pdc_alr",0.04,0,FALSE
"l3_klrf1_effector_vd1_gdt_alr","l3_isg_memory_cd4_t_cell_alr",0.04,0.75,FALSE
"l3_klrf1_effector_vd1_gdt_alr","l3_memory_cd8_treg_alr",0.04,0,FALSE
"l3_klrf1_effector_vd1_gdt_alt_alr","l2_proliferating_nk_cell_alr",0.04,1,FALSE
"l3_klrf1_effector_vd1_gdt_alt_alr","l3_sox4_vd1_gdt_alr",0.04,0,FALSE
"l3_klrf1_effector_vd1_gdt_alt_alr","l3_klrf1_gzmb_cd27_memory_cd4_t_cell_alr",0.04,0,FALSE
"l3_klrf1_effector_vd1_gdt_alt_alr","l3_isg_naive_b_cell_alr",0.04,0.25,FALSE
"l3_naive_vd1_gdt_alr","l2_memory_cd8_t_cell_alr",0.04,0,FALSE
"l3_naive_vd1_gdt_alr","l3_cd95_memory_b_cell_alr",0.04,0,FALSE
"l3_sox4_vd1_gdt_alr","l2_intermediate_monocyte_alr",0.04,1,FALSE
"l3_sox4_vd1_gdt_alr","l3_klrf1_effector_vd1_gdt_alt_alr",0.04,1,FALSE
"l3_sox4_vd1_gdt_alr","l1_monocyte_alr",0.04,0.75,FALSE
"l3_sox4_vd1_gdt_alr","l1_nk_cell_alr",0.04,0.25,FALSE
"l3_cd4_mait_alr","l3_platelet",0.04,0.75,FALSE
"l3_cd4_mait_alr","l2_memory_b_cell_alr",0.04,1,FALSE
"l3_cd4_mait_alr","l2_treg_alr",0.04,0,FALSE
"l3_cd4_mait_alr","l3_gzmk_cd56dim_nk_cell_alr",0.04,0.5,FALSE
"l3_cd4_mait_alr","l3_cd95_memory_b_cell_alr",0.04,1,FALSE
"l3_cd4_mait_alr","l3_sox4_naive_cd4_t_cell_alr",0.04,0,FALSE
"l3_cd4_mait_alr","l3_naive_cd4_treg_alr",0.04,0,FALSE
"l3_isg_mait_alr","l3_cdc1",0.04,0.25,FALSE
"l3_isg_mait_alr","l3_dn_t_cell",0.04,0.25,FALSE
"l3_isg_mait_alr","l3_cd14_cdc2_alr",0.04,0,FALSE
"l3_isg_mait_alr","l3_gzmb_cd27_em_cd4_t_cell_alr",0.04,0,FALSE
"l3_activated_memory_b_cell_alr","l2_cd8aa_alr",0.04,1,FALSE
"l3_cd95_memory_b_cell_alr","l3_naive_vd1_gdt_alr",0.04,1,FALSE
"l3_cd95_memory_b_cell_alr","l3_cd4_mait_alr",0.04,0,FALSE
"l3_early_memory_b_cell_alr","l3_il1b_cd14_monocyte_alr",0.04,1,FALSE
"l3_early_memory_b_cell_alr","l3_isg_memory_cd8_t_cell_alr",0.04,0,FALSE
"l3_early_memory_b_cell_alr","l1_ilc_alr",0.04,1,FALSE
"l3_type_2_polarized_memory_b_cell_alr","l2_intermediate_monocyte_alr",0.04,1,FALSE
"l3_type_2_polarized_memory_b_cell_alr","l2_cd56bright_nk_cell_alr",0.04,1,FALSE
"l3_type_2_polarized_memory_b_cell_alr","l2_gdt_alr",0.04,1,FALSE
"l3_type_2_polarized_memory_b_cell_alr","l3_adaptive_nk_cell_alr",0.04,0,FALSE
"l3_isg_memory_cd4_t_cell_alr","l2_progenitor_cell",0.04,0,FALSE
"l3_isg_memory_cd4_t_cell_alr","l3_proliferating_nk_cell",0.04,0.5,FALSE
"l3_isg_memory_cd4_t_cell_alr","l3_klrf1_effector_vd1_gdt_alr",0.04,0.25,FALSE
"l3_isg_memory_cd4_t_cell_alr","l3_naive_cd4_treg_alr",0.04,0.75,FALSE
"l3_isg_memory_cd4_t_cell_alr","l1_erythrocyte_alr",0.04,0.75,FALSE
"l3_klrf1_gzmb_cd27_memory_cd4_t_cell_alr","l3_ilc",0.04,1,FALSE
"l3_klrf1_gzmb_cd27_memory_cd4_t_cell_alr","l3_klrf1_effector_vd1_gdt_alt_alr",0.04,1,FALSE
"l3_gzmb_cd27_em_cd4_t_cell_alr","l2_effector_b_cell_alr",0.04,1,FALSE
"l3_gzmb_cd27_em_cd4_t_cell_alr","l3_gzmk_cd56dim_nk_cell_alr",0.04,0.75,FALSE
"l3_gzmb_cd27_em_cd4_t_cell_alr","l3_isg_mait_alr",0.04,1,FALSE
"l3_gzmb_cd27_em_cd4_t_cell_alr","l3_gzmk_cd27_em_cd8_t_cell_alt_alr",0.04,0.75,FALSE
"l3_gzmb_cd27_em_cd4_t_cell_alr","l3_sox4_naive_cd8_t_cell_alr",0.04,0.25,FALSE
"l3_gzmb_cd27_em_cd4_t_cell_alt_alr","l3_cd8aa",0.04,0,FALSE
"l3_gzmb_cd27_em_cd4_t_cell_alt_alr","l3_pdc",0.04,0.25,FALSE
"l3_gzmb_cd27_em_cd4_t_cell_alt_alr","l2_intermediate_monocyte_alr",0.04,0.5,FALSE
"l3_isg_memory_cd8_t_cell_alr","l3_isg_cd14_monocyte_alr",0.04,0,FALSE
"l3_isg_memory_cd8_t_cell_alr","l3_isg_cd56dim_nk_cell_alr",0.04,1,FALSE
"l3_isg_memory_cd8_t_cell_alr","l3_early_memory_b_cell_alr",0.04,1,FALSE
"l3_isg_memory_cd8_t_cell_alr","l3_isg_naive_cd8_t_cell_alr",0.04,0.5,FALSE
"l3_isg_memory_cd8_t_cell_alr","l1_ilc_alr",0.04,1,FALSE
"l3_cm_cd8_t_cell_alr","l3_asdc",0.04,0,FALSE
"l3_gzmk_cd27_em_cd8_t_cell_alt_alr","l3_cd56bright_nk_cell",0.04,0.75,FALSE
"l3_gzmk_cd27_em_cd8_t_cell_alt_alr","l3_gzmb_cd27_em_cd4_t_cell_alr",0.04,0.25,FALSE
"l3_klrf1_gzmb_cd27_em_cd8_t_cell_alr","l2_erythrocyte",0.04,0.5,FALSE
"l3_klrf1_gzmb_cd27_em_cd8_t_cell_alr","l2_asdc_alr",0.04,1,FALSE
"l3_klrf1_gzmb_cd27_em_cd8_t_cell_alt_alr","l2_cd56bright_nk_cell_alr",0.04,1,FALSE
"l3_isg_naive_b_cell_alr","l2_cdc1_alr",0.04,1,FALSE
"l3_isg_naive_b_cell_alr","l3_klrf1_effector_vd1_gdt_alt_alr",0.04,0.75,FALSE
"l3_isg_naive_b_cell_alr","l3_klrb1_memory_cd4_treg_alr",0.04,0,FALSE
"l3_isg_naive_b_cell_alr","l1_ilc_alr",0.04,1,FALSE
"l3_isg_naive_cd4_t_cell_alr","l2_erythrocyte",0.04,1,FALSE
"l3_isg_naive_cd4_t_cell_alr","l2_platelet",0.04,1,FALSE
"l3_isg_naive_cd4_t_cell_alr","l3_sox4_naive_cd8_t_cell_alr",0.04,0,FALSE
"l3_sox4_naive_cd4_t_cell_alr","l2_progenitor_cell",0.04,0,FALSE
"l3_sox4_naive_cd4_t_cell_alr","l3_asdc",0.04,1,FALSE
"l3_sox4_naive_cd4_t_cell_alr","l2_asdc_alr",0.04,1,FALSE
"l3_sox4_naive_cd4_t_cell_alr","l2_cdc1_alr",0.04,1,FALSE
"l3_sox4_naive_cd4_t_cell_alr","l3_gzmb_vd2_gdt_alr",0.04,1,FALSE
"l3_sox4_naive_cd4_t_cell_alr","l3_cd4_mait_alr",0.04,1,FALSE
"l3_sox4_naive_cd4_t_cell_alr","l3_naive_cd4_treg_alr",0.04,0.75,FALSE
"l3_sox4_naive_cd4_t_cell_alr","l1_platelet_alr",0.04,1,FALSE
"l3_isg_naive_cd8_t_cell_alr","l2_intermediate_monocyte_alr",0.04,1,FALSE
"l3_isg_naive_cd8_t_cell_alr","l3_adaptive_nk_cell_alr",0.04,0.5,FALSE
"l3_isg_naive_cd8_t_cell_alr","l3_isg_memory_cd8_t_cell_alr",0.04,0.5,FALSE
"l3_sox4_naive_cd8_t_cell_alr","l3_gzmb_cd27_em_cd4_t_cell_alr",0.04,0.75,FALSE
"l3_sox4_naive_cd8_t_cell_alr","l3_isg_naive_cd4_t_cell_alr",0.04,1,FALSE
"l3_clp_cell_alr","l3_gzmk_memory_cd4_treg_alr",0.04,0.625,FALSE
"l3_gzmk_memory_cd4_treg_alr","l2_effector_b_cell_alr",0.04,0.75,FALSE
"l3_gzmk_memory_cd4_treg_alr","l3_clp_cell_alr",0.04,0.375,FALSE
"l3_gzmk_memory_cd4_treg_alr","l3_naive_cd4_treg_alr",0.04,1,FALSE
"l3_klrb1_memory_cd4_treg_alr","l3_isg_naive_b_cell_alr",0.04,1,FALSE
"l3_klrb1_memory_cd4_treg_alr","l3_memory_cd8_treg_alr",0.04,0,FALSE
"l3_klrb1_memory_cd8_treg_alr","l2_ilc",0.04,1,FALSE
"l3_klrb1_memory_cd8_treg_alr","l3_platelet",0.04,0.75,FALSE
"l3_klrb1_memory_cd8_treg_alr","l2_transitional_b_cell_alr",0.04,1,FALSE
"l3_memory_cd8_treg_alr","l3_klrf1_effector_vd1_gdt_alr",0.04,1,FALSE
"l3_memory_cd8_treg_alr","l3_klrb1_memory_cd4_treg_alr",0.04,1,FALSE
"l3_naive_cd4_treg_alr","l3_cd4_mait_alr",0.04,1,FALSE
"l3_naive_cd4_treg_alr","l3_isg_memory_cd4_t_cell_alr",0.04,0.25,FALSE
"l3_naive_cd4_treg_alr","l3_sox4_naive_cd4_t_cell_alr",0.04,0.25,FALSE
"l3_naive_cd4_treg_alr","l3_gzmk_memory_cd4_treg_alr",0.04,0,FALSE
"l1_dc_alr","l3_proliferating_t_cell",0.04,0,FALSE
"l1_dc_alr","l2_transitional_b_cell_alr",0.04,1,FALSE
"l1_dc_alr","l2_proliferating_nk_cell_alr",0.04,1,FALSE
"l1_monocyte_alr","l2_memory_cd8_t_cell_alr",0.04,0.25,FALSE
"l1_monocyte_alr","l2_treg_alr",0.04,0.25,FALSE
"l1_monocyte_alr","l3_sox4_vd1_gdt_alr",0.04,0.25,FALSE
"l1_nk_cell_alr","l2_transitional_b_cell_alr",0.04,1,FALSE
"l1_nk_cell_alr","l3_isg_cd14_monocyte_alr",0.04,0,FALSE
"l1_nk_cell_alr","l3_isg_cdc2_alr",0.04,0,FALSE
"l1_nk_cell_alr","l3_sox4_vd1_gdt_alr",0.04,0.75,FALSE
"l1_nk_cell_alr","l1_b_cell_alr",0.04,0.5,FALSE
"l1_b_cell_alr","l3_isg_cd16_monocyte_alr",0.04,0.25,FALSE
"l1_b_cell_alr","l1_nk_cell_alr",0.04,0.5,FALSE
"l1_erythrocyte_alr","l3_il1b_cd14_monocyte_alr",0.04,0,FALSE
"l1_erythrocyte_alr","l3_isg_memory_cd4_t_cell_alr",0.04,0.25,FALSE
"l1_ilc_alr","l3_intermediate_monocyte",0.04,0,FALSE
"l1_ilc_alr","l2_intermediate_monocyte_alr",0.04,0.25,FALSE
"l1_ilc_alr","l3_early_memory_b_cell_alr",0.04,0,FALSE
"l1_ilc_alr","l3_isg_memory_cd8_t_cell_alr",0.04,0,FALSE
"l1_ilc_alr","l3_isg_naive_b_cell_alr",0.04,0,FALSE
"l1_platelet_alr","l3_cd8aa",0.04,0,FALSE
"l1_platelet_alr","l3_transitional_b_cell",0.04,0.75,FALSE
"l1_platelet_alr","l3_isg_cd16_monocyte_alr",0.04,0,FALSE
"l1_platelet_alr","l3_cd14_cdc2_alr",0.04,0,FALSE
"l1_platelet_alr","l3_sox4_naive_cd4_t_cell_alr",0.04,0,FALSE
"l1_progenitor_cell_alr","l2_memory_cd4_t_cell_alr",0.04,0,FALSE
"l1_progenitor_cell_alr","l3_il1b_cd14_monocyte_alr",0.04,0,FALSE
"l1_progenitor_cell_alr","l3_gzmk_cd56dim_nk_cell_alr",0.04,0.5,FALSE
"l1_progenitor_cell_alr","l3_adaptive_nk_cell_alr",0.04,0,FALSE
"age_group","l1_ilc_alr",0.03,1,FALSE
"l2_erythrocyte","l3_plasma_cell",0.03,0,FALSE
"l2_erythrocyte","l2_asdc_alr",0.03,0.666666666666667,FALSE
"l2_erythrocyte","l2_cdc1_alr",0.03,0.666666666666667,FALSE
"l2_erythrocyte","l3_sox4_vd1_gdt_alr",0.03,0,FALSE
"l2_erythrocyte","l1_monocyte_alr",0.03,0,FALSE
"l2_ilc","l1_monocyte_alr",0.03,0,FALSE
"l2_platelet","l2_plasma_cell_alr",0.03,0,FALSE
"l2_progenitor_cell","l2_mait_alr",0.03,1,FALSE
"l2_progenitor_cell","l2_naive_cd8_t_cell_alr",0.03,0,FALSE
"l2_progenitor_cell","l3_klrf1_effector_vd1_gdt_alt_alr",0.03,1,FALSE
"l3_asdc","l2_naive_cd8_t_cell_alr",0.03,1,FALSE
"l3_asdc","l3_naive_vd1_gdt_alr",0.03,0,FALSE
"l3_asdc","l3_cd95_memory_b_cell_alr",0.03,0,FALSE
"l3_asdc","l3_isg_memory_cd8_t_cell_alr",0.03,0.666666666666667,FALSE
"l3_asdc","l1_dc_alr",0.03,0.333333333333333,FALSE
"l3_cd56bright_nk_cell","l3_gzmb_vd2_gdt_alr",0.03,1,FALSE
"l3_cd8aa","l2_pdc_alr",0.03,1,FALSE
"l3_cd8aa","l2_intermediate_monocyte_alr",0.03,1,FALSE
"l3_cd8aa","l3_klrf1_effector_vd1_gdt_alt_alr",0.03,1,FALSE
"l3_cd8aa","l3_early_memory_b_cell_alr",0.03,1,FALSE
"l3_cd8aa","l1_ilc_alr",0.03,1,FALSE
"l3_cdc1","l3_pdc",0.03,0.333333333333333,FALSE
"l3_cdc1","l3_proliferating_nk_cell",0.03,0.666666666666667,FALSE
"l3_cdc1","l2_gdt_alr",0.03,1,FALSE
"l3_cdc1","l3_isg_cd56dim_nk_cell_alr",0.03,0,FALSE
"l3_cdc1","l3_sox4_vd1_gdt_alr",0.03,1,FALSE
"l3_cdc1","l3_cd95_memory_b_cell_alr",0.03,1,FALSE
"l3_cdc1","l3_isg_memory_cd4_t_cell_alr",0.03,0,FALSE
"l3_erythrocyte","l2_proliferating_nk_cell_alr",0.03,1,FALSE
"l3_erythrocyte","l2_gdt_alr",0.03,1,FALSE
"l3_erythrocyte","l3_cd14_cdc2_alr",0.03,0.333333333333333,FALSE
"l3_ilc","l3_cd14_cdc2_alr",0.03,0.333333333333333,FALSE
"l3_ilc","l3_cd27_effector_b_cell_alt_alr",0.03,1,FALSE
"l3_ilc","l1_nk_cell_alr",0.03,1,FALSE
"l3_intermediate_monocyte","l3_transitional_b_cell",0.03,0,FALSE
"l3_intermediate_monocyte","l3_baeomap_cell",0.03,0.333333333333333,FALSE
"l3_intermediate_monocyte","l2_asdc_alr",0.03,0,FALSE
"l3_intermediate_monocyte","l2_cd56bright_nk_cell_alr",0.03,1,FALSE
"l3_intermediate_monocyte","l3_gzmk_cd56dim_nk_cell_alr",0.03,0,FALSE
"l3_intermediate_monocyte","l3_klrf1_gzmb_cd27_em_cd8_t_cell_alt_alr",0.03,0,FALSE
"l3_intermediate_monocyte","l1_platelet_alr",0.03,1,FALSE
"l3_pdc","l3_cdc1",0.03,0.666666666666667,FALSE
"l3_pdc","l2_effector_b_cell_alr",0.03,1,FALSE
"l3_pdc","l2_proliferating_nk_cell_alr",0.03,1,FALSE
"l3_pdc","l3_isg_mait_alr",0.03,1,FALSE
"l3_pdc","l1_b_cell_alr",0.03,1,FALSE
"l3_plasma_cell","l2_erythrocyte",0.03,1,FALSE
"l3_plasma_cell","l2_memory_cd4_t_cell_alr",0.03,0.333333333333333,FALSE
"l3_platelet","l3_transitional_b_cell",0.03,1,FALSE
"l3_platelet","l2_cd16_monocyte_alr",0.03,0,FALSE
"l3_platelet","l3_naive_vd1_gdt_alr",0.03,0.333333333333333,FALSE
"l3_platelet","l3_isg_naive_b_cell_alr",0.03,1,FALSE
"l3_proliferating_nk_cell","l3_cdc1",0.03,0.333333333333333,FALSE
"l3_proliferating_nk_cell","l3_transitional_b_cell",0.03,0.333333333333333,FALSE
"l3_proliferating_nk_cell","l2_gdt_alr",0.03,0.333333333333333,FALSE
"l3_proliferating_nk_cell","l2_treg_alr",0.03,0,FALSE
"l3_proliferating_nk_cell","l3_sox4_vd1_gdt_alr",0.03,0.666666666666667,FALSE
"l3_proliferating_nk_cell","l3_klrf1_gzmb_cd27_em_cd8_t_cell_alt_alr",0.03,0,FALSE
"l3_proliferating_t_cell","l2_memory_cd4_t_cell_alr",0.03,0,FALSE
"l3_proliferating_t_cell","l3_isg_mait_alr",0.03,0.666666666666667,FALSE
"l3_transitional_b_cell","l3_intermediate_monocyte",0.03,1,FALSE
"l3_transitional_b_cell","l3_platelet",0.03,0,FALSE
"l3_transitional_b_cell","l3_proliferating_nk_cell",0.03,0.666666666666667,FALSE
"l3_transitional_b_cell","l2_proliferating_nk_cell_alr",0.03,1,FALSE
"l3_transitional_b_cell","l2_cd8aa_alr",0.03,0.666666666666667,FALSE
"l3_transitional_b_cell","l3_sox4_vd1_gdt_alr",0.03,0,FALSE
"l3_transitional_b_cell","l1_dc_alr",0.03,0,FALSE
"l3_baeomap_cell","l3_intermediate_monocyte",0.03,0.666666666666667,FALSE
"l3_baeomap_cell","l2_treg_alr",0.03,0,FALSE
"l3_baeomap_cell","l3_isg_cd16_monocyte_alr",0.03,1,FALSE
"l3_baeomap_cell","l3_klrf1_effector_vd1_gdt_alt_alr",0.03,1,FALSE
"l3_baeomap_cell","l3_klrf1_gzmb_cd27_em_cd8_t_cell_alr",0.03,0.333333333333333,FALSE
"l2_effector_b_cell_alr","l3_pdc",0.03,0,FALSE
"l2_effector_b_cell_alr","l2_mait_alr",0.03,1,FALSE
"l2_effector_b_cell_alr","l3_il1b_cd14_monocyte_alr",0.03,1,FALSE
"l2_effector_b_cell_alr","l3_adaptive_nk_cell_alr",0.03,1,FALSE
"l2_effector_b_cell_alr","l3_early_memory_b_cell_alr",0.03,0,FALSE
"l2_memory_b_cell_alr","l2_cd56bright_nk_cell_alr",0.03,1,FALSE
"l2_memory_b_cell_alr","l3_il1b_cd14_monocyte_alr",0.03,1,FALSE
"l2_memory_b_cell_alr","l3_gzmb_vd2_gdt_alr",0.03,0.666666666666667,FALSE
"l2_memory_b_cell_alr","l3_klrf1_effector_vd1_gdt_alr",0.03,0,FALSE
"l2_memory_b_cell_alr","l3_naive_vd1_gdt_alr",0.03,0.666666666666667,FALSE
"l2_plasma_cell_alr","l2_platelet",0.03,1,FALSE
"l2_plasma_cell_alr","l2_cd56bright_nk_cell_alr",0.03,0.333333333333333,FALSE
"l2_plasma_cell_alr","l3_naive_vd1_gdt_alr",0.03,0,FALSE
"l2_plasma_cell_alr","l3_activated_memory_b_cell_alr",0.03,0.666666666666667,FALSE
"l2_plasma_cell_alr","l3_isg_naive_cd4_t_cell_alr",0.03,0,FALSE
"l2_plasma_cell_alr","l1_platelet_alr",0.03,0.666666666666667,FALSE
"l2_transitional_b_cell_alr","l2_cdc1_alr",0.03,0,FALSE
"l2_asdc_alr","l2_erythrocyte",0.03,0.333333333333333,FALSE
"l2_asdc_alr","l3_intermediate_monocyte",0.03,1,FALSE
"l2_asdc_alr","l2_gdt_alr",0.03,0,FALSE
"l2_asdc_alr","l3_cd14_cdc2_alr",0.03,0.333333333333333,FALSE
"l2_asdc_alr","l3_isg_naive_b_cell_alr",0.03,0,FALSE
"l2_asdc_alr","l3_sox4_naive_cd8_t_cell_alr",0.03,1,FALSE
"l2_cdc1_alr","l2_erythrocyte",0.03,0.333333333333333,FALSE
"l2_cdc1_alr","l2_transitional_b_cell_alr",0.03,1,FALSE
"l2_cdc1_alr","l3_il1b_cd14_monocyte_alr",0.03,0.666666666666667,FALSE
"l2_cdc1_alr","l3_adaptive_nk_cell_alr",0.03,1,FALSE
"l2_cdc1_alr","l3_sox4_vd1_gdt_alr",0.03,0,FALSE
"l2_cdc1_alr","l3_isg_naive_cd4_t_cell_alr",0.03,0,FALSE
"l2_cdc1_alr","l1_b_cell_alr",0.03,0.666666666666667,FALSE
"l2_pdc_alr","l3_cd8aa",0.03,0,FALSE
"l2_pdc_alr","l3_gzmk_cd56dim_nk_cell_alr",0.03,0,FALSE
"l2_pdc_alr","l3_gzmb_vd2_gdt_alr",0.03,0.333333333333333,FALSE
"l2_cd16_monocyte_alr","l3_platelet",0.03,1,FALSE
"l2_cd16_monocyte_alr","l3_cd4_mait_alr",0.03,0.666666666666667,FALSE
"l2_cd16_monocyte_alr","l1_nk_cell_alr",0.03,0,FALSE
"l2_cd16_monocyte_alr","l1_ilc_alr",0.03,1,FALSE
"l2_intermediate_monocyte_alr","l3_cd8aa",0.03,0,FALSE
"l2_intermediate_monocyte_alr","l2_proliferating_t_cell_alr",0.03,0.666666666666667,FALSE
"l2_intermediate_monocyte_alr","l3_isg_cdc2_alr",0.03,0,FALSE
"l2_intermediate_monocyte_alr","l3_isg_memory_cd4_t_cell_alr",0.03,0,FALSE
"l2_intermediate_monocyte_alr","l3_isg_naive_b_cell_alr",0.03,0,FALSE
"l2_cd56bright_nk_cell_alr","l3_intermediate_monocyte",0.03,0,FALSE
"l2_cd56bright_nk_cell_alr","l2_memory_b_cell_alr",0.03,0,FALSE
"l2_cd56bright_nk_cell_alr","l2_plasma_cell_alr",0.03,0.666666666666667,FALSE
"l2_cd56bright_nk_cell_alr","l2_gdt_alr",0.03,0,FALSE
"l2_cd56bright_nk_cell_alr","l3_klrf1_effector_vd1_gdt_alr",0.03,0,FALSE
"l2_cd56bright_nk_cell_alr","l3_klrf1_gzmb_cd27_memory_cd4_t_cell_alr",0.03,0,FALSE
"l2_proliferating_nk_cell_alr","l3_erythrocyte",0.03,0,FALSE
"l2_proliferating_nk_cell_alr","l3_pdc",0.03,0,FALSE
"l2_proliferating_nk_cell_alr","l3_transitional_b_cell",0.03,0,FALSE
"l2_proliferating_nk_cell_alr","l2_proliferating_t_cell_alr",0.03,0,FALSE
"l2_proliferating_nk_cell_alr","l3_il1b_cd14_monocyte_alr",0.03,0,FALSE
"l2_proliferating_nk_cell_alr","l3_naive_vd1_gdt_alr",0.03,0.333333333333333,FALSE
"l2_proliferating_nk_cell_alr","l1_erythrocyte_alr",0.03,0.333333333333333,FALSE
"l2_proliferating_nk_cell_alr","l1_progenitor_cell_alr",0.03,1,FALSE
"l2_cd8aa_alr","l3_transitional_b_cell",0.03,0.333333333333333,FALSE
"l2_cd8aa_alr","l3_gzmb_vd2_gdt_alr",0.03,1,FALSE
"l2_cd8aa_alr","l3_memory_cd8_treg_alr",0.03,1,FALSE
"l2_cd8aa_alr","l1_ilc_alr",0.03,1,FALSE
"l2_gdt_alr","l3_cdc1",0.03,0,FALSE
"l2_gdt_alr","l3_erythrocyte",0.03,0,FALSE
"l2_gdt_alr","l3_proliferating_nk_cell",0.03,0.666666666666667,FALSE
"l2_gdt_alr","l2_asdc_alr",0.03,1,FALSE
"l2_gdt_alr","l2_cd56bright_nk_cell_alr",0.03,1,FALSE
"l2_gdt_alr","l3_adaptive_nk_cell_alr",0.03,0.666666666666667,FALSE
"l2_gdt_alr","l3_activated_memory_b_cell_alr",0.03,0.666666666666667,FALSE
"l2_mait_alr","l2_progenitor_cell",0.03,0,FALSE
"l2_mait_alr","l2_effector_b_cell_alr",0.03,0,FALSE
"l2_mait_alr","l3_gzmk_cd56dim_nk_cell_alr",0.03,0.666666666666667,FALSE
"l2_mait_alr","l3_isg_naive_cd4_t_cell_alr",0.03,0.666666666666667,FALSE
"l2_mait_alr","l3_naive_cd4_treg_alr",0.03,0,FALSE
"l2_mait_alr","l1_platelet_alr",0.03,0,FALSE
"l2_mait_alr","l1_progenitor_cell_alr",0.03,0.333333333333333,FALSE
"l2_memory_cd4_t_cell_alr","l3_plasma_cell",0.03,0.666666666666667,FALSE
"l2_memory_cd4_t_cell_alr","l3_proliferating_t_cell",0.03,1,FALSE
"l2_memory_cd8_t_cell_alr","l3_cd4_mait_alr",0.03,0,FALSE
"l2_memory_cd8_t_cell_alr","l3_cd95_memory_b_cell_alr",0.03,0.666666666666667,FALSE
"l2_memory_cd8_t_cell_alr","l3_type_2_polarized_memory_b_cell_alr",0.03,0.666666666666667,FALSE
"l2_memory_cd8_t_cell_alr","l3_sox4_naive_cd4_t_cell_alr",0.03,1,FALSE
"l2_memory_cd8_t_cell_alr","l1_dc_alr",0.03,0.666666666666667,FALSE
"l2_memory_cd8_t_cell_alr","l1_ilc_alr",0.03,1,FALSE
"l2_naive_cd8_t_cell_alr","l2_progenitor_cell",0.03,1,FALSE
"l2_naive_cd8_t_cell_alr","l3_asdc",0.03,0,FALSE
"l2_naive_cd8_t_cell_alr","l3_gzmb_cd27_em_cd4_t_cell_alt_alr",0.03,0,FALSE
"l2_naive_cd8_t_cell_alr","l3_memory_cd8_treg_alr",0.03,0,FALSE
"l2_proliferating_t_cell_alr","l2_intermediate_monocyte_alr",0.03,0.333333333333333,FALSE
"l2_proliferating_t_cell_alr","l2_proliferating_nk_cell_alr",0.03,1,FALSE
"l2_proliferating_t_cell_alr","l3_adaptive_nk_cell_alr",0.03,0.333333333333333,FALSE
"l2_proliferating_t_cell_alr","l3_memory_cd8_treg_alr",0.03,1,FALSE
"l2_treg_alr","l3_proliferating_nk_cell",0.03,1,FALSE
"l2_treg_alr","l3_baeomap_cell",0.03,1,FALSE
"l2_treg_alr","l3_adaptive_nk_cell_alr",0.03,0,FALSE
"l2_treg_alr","l3_sox4_naive_cd4_t_cell_alr",0.03,0.666666666666667,FALSE
"l3_il1b_cd14_monocyte_alr","l2_effector_b_cell_alr",0.03,0,FALSE
"l3_il1b_cd14_monocyte_alr","l2_memory_b_cell_alr",0.03,0,FALSE
"l3_il1b_cd14_monocyte_alr","l2_cdc1_alr",0.03,0.333333333333333,FALSE
"l3_il1b_cd14_monocyte_alr","l2_proliferating_nk_cell_alr",0.03,1,FALSE
"l3_il1b_cd14_monocyte_alr","l3_cd14_cdc2_alr",0.03,1,FALSE
"l3_il1b_cd14_monocyte_alr","l3_naive_vd1_gdt_alr",0.03,1,FALSE
"l3_il1b_cd14_monocyte_alr","l3_cm_cd8_t_cell_alr",0.03,1,FALSE
"l3_il1b_cd14_monocyte_alr","l3_klrf1_gzmb_cd27_em_cd8_t_cell_alt_alr",0.03,0,FALSE
"l3_il1b_cd14_monocyte_alr","l3_klrb1_memory_cd8_treg_alr",0.03,0,FALSE
"l3_isg_cd14_monocyte_alr","l3_klrf1_effector_vd1_gdt_alt_alr",0.03,1,FALSE
"l3_isg_cd14_monocyte_alr","l3_sox4_vd1_gdt_alr",0.03,1,FALSE
"l3_isg_cd14_monocyte_alr","l3_cm_cd8_t_cell_alr",0.03,1,FALSE
"l3_c1q_cd16_monocyte_alr","l3_isg_naive_cd4_t_cell_alr",0.03,0,FALSE
"l3_c1q_cd16_monocyte_alr","l1_platelet_alr",0.03,0.333333333333333,FALSE
"l3_isg_cd16_monocyte_alr","l3_baeomap_cell",0.03,0,FALSE
"l3_isg_cd16_monocyte_alr","l3_cd95_memory_b_cell_alr",0.03,1,FALSE
"l3_isg_cd16_monocyte_alr","l3_klrf1_gzmb_cd27_em_cd8_t_cell_alt_alr",0.03,1,FALSE
"l3_gzmk_cd56dim_nk_cell_alr","l3_intermediate_monocyte",0.03,1,FALSE
"l3_gzmk_cd56dim_nk_cell_alr","l2_pdc_alr",0.03,1,FALSE
"l3_gzmk_cd56dim_nk_cell_alr","l2_mait_alr",0.03,0.333333333333333,FALSE
"l3_gzmk_cd56dim_nk_cell_alr","l3_klrf1_effector_vd1_gdt_alr",0.03,0.333333333333333,FALSE
"l3_gzmk_cd56dim_nk_cell_alr","l3_isg_memory_cd4_t_cell_alr",0.03,1,FALSE
"l3_gzmk_cd56dim_nk_cell_alr","l3_isg_naive_cd8_t_cell_alr",0.03,1,FALSE
"l3_gzmk_cd56dim_nk_cell_alr","l3_naive_cd4_treg_alr",0.03,0.666666666666667,FALSE
"l3_gzmk_cd56dim_nk_cell_alr","l1_b_cell_alr",0.03,1,FALSE
"l3_gzmk_cd56dim_nk_cell_alr","l1_ilc_alr",0.03,0,FALSE
"l3_isg_cd56dim_nk_cell_alr","l3_cdc1",0.03,1,FALSE
"l3_isg_cd56dim_nk_cell_alr","l3_memory_cd8_treg_alr",0.03,0,FALSE
"l3_adaptive_nk_cell_alr","l2_effector_b_cell_alr",0.03,0,FALSE
"l3_adaptive_nk_cell_alr","l2_cdc1_alr",0.03,0,FALSE
"l3_adaptive_nk_cell_alr","l2_gdt_alr",0.03,0.333333333333333,FALSE
"l3_adaptive_nk_cell_alr","l2_proliferating_t_cell_alr",0.03,0.666666666666667,FALSE
"l3_adaptive_nk_cell_alr","l2_treg_alr",0.03,1,FALSE
"l3_adaptive_nk_cell_alr","l3_early_memory_b_cell_alr",0.03,0.333333333333333,FALSE
"l3_adaptive_nk_cell_alr","l3_sox4_naive_cd4_t_cell_alr",0.03,0,FALSE
"l3_adaptive_nk_cell_alr","l1_dc_alr",0.03,1,FALSE
"l3_adaptive_nk_cell_alr","l1_platelet_alr",0.03,0.666666666666667,FALSE
"l3_cd14_cdc2_alr","l3_erythrocyte",0.03,0.666666666666667,FALSE
"l3_cd14_cdc2_alr","l3_ilc",0.03,0.666666666666667,FALSE
"l3_cd14_cdc2_alr","l2_asdc_alr",0.03,0.666666666666667,FALSE
"l3_cd14_cdc2_alr","l3_il1b_cd14_monocyte_alr",0.03,0,FALSE
"l3_isg_cdc2_alr","l2_intermediate_monocyte_alr",0.03,1,FALSE
"l3_isg_cdc2_alr","l3_klrf1_gzmb_cd27_memory_cd4_t_cell_alr",0.03,0,FALSE
"l3_isg_cdc2_alr","l3_gzmk_memory_cd4_treg_alr",0.03,0,FALSE
"l3_isg_cdc2_alr","l3_naive_cd4_treg_alr",0.03,0.666666666666667,FALSE
"l3_isg_cdc2_alr","l1_b_cell_alr",0.03,0.333333333333333,FALSE
"l3_cd27_effector_b_cell_alt_alr","l3_ilc",0.03,0,FALSE
"l3_gzmb_vd2_gdt_alr","l3_cd56bright_nk_cell",0.03,0,FALSE
"l3_gzmb_vd2_gdt_alr","l2_memory_b_cell_alr",0.03,0.333333333333333,FALSE
"l3_gzmb_vd2_gdt_alr","l2_pdc_alr",0.03,0.666666666666667,FALSE
"l3_gzmb_vd2_gdt_alr","l2_cd8aa_alr",0.03,0,FALSE
"l3_gzmb_vd2_gdt_alr","l3_activated_memory_b_cell_alr",0.03,0.666666666666667,FALSE
"l3_gzmb_vd2_gdt_alr","l3_gzmb_cd27_em_cd4_t_cell_alr",0.03,0,FALSE
"l3_klrf1_effector_vd1_gdt_alr","l2_memory_b_cell_alr",0.03,1,FALSE
"l3_klrf1_effector_vd1_gdt_alr","l2_cd56bright_nk_cell_alr",0.03,1,FALSE
"l3_klrf1_effector_vd1_gdt_alr","l3_gzmk_cd56dim_nk_cell_alr",0.03,0.666666666666667,FALSE
"l3_klrf1_effector_vd1_gdt_alr","l3_gzmk_memory_cd4_treg_alr",0.03,0,FALSE
"l3_klrf1_effector_vd1_gdt_alr","l3_klrb1_memory_cd8_treg_alr",0.03,0,FALSE
"l3_klrf1_effector_vd1_gdt_alr","l3_naive_cd4_treg_alr",0.03,0,FALSE
"l3_klrf1_effector_vd1_gdt_alt_alr","l2_progenitor_cell",0.03,0,FALSE
"l3_klrf1_effector_vd1_gdt_alt_alr","l3_cd8aa",0.03,0,FALSE
"l3_klrf1_effector_vd1_gdt_alt_alr","l3_baeomap_cell",0.03,0,FALSE
"l3_klrf1_effector_vd1_gdt_alt_alr","l3_isg_cd14_monocyte_alr",0.03,0,FALSE
"l3_klrf1_effector_vd1_gdt_alt_alr","l3_memory_cd8_treg_alr",0.03,0,FALSE
"l3_naive_vd1_gdt_alr","l3_asdc",0.03,1,FALSE
"l3_naive_vd1_gdt_alr","l3_platelet",0.03,0.666666666666667,FALSE
"l3_naive_vd1_gdt_alr","l2_memory_b_cell_alr",0.03,0.333333333333333,FALSE
"l3_naive_vd1_gdt_alr","l2_plasma_cell_alr",0.03,1,FALSE
"l3_naive_vd1_gdt_alr","l2_proliferating_nk_cell_alr",0.03,0.666666666666667,FALSE
"l3_naive_vd1_gdt_alr","l3_il1b_cd14_monocyte_alr",0.03,0,FALSE
"l3_naive_vd1_gdt_alr","l1_nk_cell_alr",0.03,0.333333333333333,FALSE
"l3_naive_vd1_gdt_alr","l1_erythrocyte_alr",0.03,1,FALSE
"l3_sox4_vd1_gdt_alr","l2_erythrocyte",0.03,1,FALSE
"l3_sox4_vd1_gdt_alr","l3_cdc1",0.03,0,FALSE
"l3_sox4_vd1_gdt_alr","l3_proliferating_nk_cell",0.03,0.333333333333333,FALSE
"l3_sox4_vd1_gdt_alr","l3_transitional_b_cell",0.03,1,FALSE
"l3_sox4_vd1_gdt_alr","l2_cdc1_alr",0.03,1,FALSE
"l3_sox4_vd1_gdt_alr","l3_isg_cd14_monocyte_alr",0.03,0,FALSE
"l3_sox4_vd1_gdt_alr","l3_cd95_memory_b_cell_alr",0.03,0.333333333333333,FALSE
"l3_cd4_mait_alr","l2_cd16_monocyte_alr",0.03,0.333333333333333,FALSE
"l3_cd4_mait_alr","l2_memory_cd8_t_cell_alr",0.03,1,FALSE
"l3_cd4_mait_alr","l3_early_memory_b_cell_alr",0.03,0.333333333333333,FALSE
"l3_cd4_mait_alr","l3_sox4_naive_cd8_t_cell_alr",0.03,0,FALSE
"l3_isg_mait_alr","l3_pdc",0.03,0,FALSE
"l3_isg_mait_alr","l3_proliferating_t_cell",0.03,0.333333333333333,FALSE
"l3_isg_mait_alr","l3_isg_memory_cd4_t_cell_alr",0.03,0,FALSE
"l3_isg_mait_alr","l1_erythrocyte_alr",0.03,0.333333333333333,FALSE
"l3_activated_memory_b_cell_alr","l2_plasma_cell_alr",0.03,0.333333333333333,FALSE
"l3_activated_memory_b_cell_alr","l2_gdt_alr",0.03,0.333333333333333,FALSE
"l3_activated_memory_b_cell_alr","l3_gzmb_vd2_gdt_alr",0.03,0.333333333333333,FALSE
"l3_activated_memory_b_cell_alr","l1_platelet_alr",0.03,0.333333333333333,FALSE
"l3_cd95_memory_b_cell_alr","l3_asdc",0.03,1,FALSE
"l3_cd95_memory_b_cell_alr","l3_cdc1",0.03,0,FALSE
"l3_cd95_memory_b_cell_alr","l2_memory_cd8_t_cell_alr",0.03,0.333333333333333,FALSE
"l3_cd95_memory_b_cell_alr","l3_isg_cd16_monocyte_alr",0.03,0,FALSE
"l3_cd95_memory_b_cell_alr","l3_sox4_vd1_gdt_alr",0.03,0.666666666666667,FALSE
"l3_cd95_memory_b_cell_alr","l3_gzmb_cd27_em_cd4_t_cell_alr",0.03,0,FALSE
"l3_cd95_memory_b_cell_alr","l1_monocyte_alr",0.03,0.333333333333333,FALSE
"l3_early_memory_b_cell_alr","l3_cd8aa",0.03,0,FALSE
"l3_early_memory_b_cell_alr","l2_effector_b_cell_alr",0.03,1,FALSE
"l3_early_memory_b_cell_alr","l3_adaptive_nk_cell_alr",0.03,0.666666666666667,FALSE
"l3_early_memory_b_cell_alr","l3_cd4_mait_alr",0.03,0.666666666666667,FALSE
"l3_early_memory_b_cell_alr","l1_erythrocyte_alr",0.03,1,FALSE
"l3_early_memory_b_cell_alr","l1_platelet_alr",0.03,1,FALSE
"l3_type_2_polarized_memory_b_cell_alr","l2_memory_cd8_t_cell_alr",0.03,0.333333333333333,FALSE
"l3_type_2_polarized_memory_b_cell_alr","l3_gzmb_cd27_em_cd4_t_cell_alt_alr",0.03,0.666666666666667,FALSE
"l3_type_2_polarized_memory_b_cell_alr","l1_b_cell_alr",0.03,0.333333333333333,FALSE
"l3_isg_memory_cd4_t_cell_alr","l3_cdc1",0.03,1,FALSE
"l3_isg_memory_cd4_t_cell_alr","l2_intermediate_monocyte_alr",0.03,1,FALSE
"l3_isg_memory_cd4_t_cell_alr","l3_gzmk_cd56dim_nk_cell_alr",0.03,0,FALSE
"l3_isg_memory_cd4_t_cell_alr","l3_isg_mait_alr",0.03,1,FALSE
"l3_isg_memory_cd4_t_cell_alr","l1_dc_alr",0.03,0,FALSE
"l3_isg_memory_cd4_t_cell_alr","l1_b_cell_alr",0.03,1,FALSE
"l3_klrf1_gzmb_cd27_memory_cd4_t_cell_alr","l2_cd56bright_nk_cell_alr",0.03,1,FALSE
"l3_klrf1_gzmb_cd27_memory_cd4_t_cell_alr","l3_isg_cdc2_alr",0.03,1,FALSE
"l3_klrf1_gzmb_cd27_memory_cd4_t_cell_alr","l3_gzmb_cd27_em_cd4_t_cell_alt_alr",0.03,1,FALSE
"l3_klrf1_gzmb_cd27_memory_cd4_t_cell_alr","l3_isg_memory_cd8_t_cell_alr",0.03,1,FALSE
"l3_klrf1_gzmb_cd27_memory_cd4_t_cell_alr","l3_isg_naive_cd4_t_cell_alr",0.03,1,FALSE
"l3_klrf1_gzmb_cd27_memory_cd4_t_cell_alr","l1_platelet_alr",0.03,1,FALSE
"l3_gzmb_cd27_em_cd4_t_cell_alr","l3_gzmb_vd2_gdt_alr",0.03,1,FALSE
"l3_gzmb_cd27_em_cd4_t_cell_alr","l3_cd95_memory_b_cell_alr",0.03,1,FALSE
"l3_gzmb_cd27_em_cd4_t_cell_alt_alr","l2_naive_cd8_t_cell_alr",0.03,1,FALSE
"l3_gzmb_cd27_em_cd4_t_cell_alt_alr","l3_type_2_polarized_memory_b_cell_alr",0.03,0.333333333333333,FALSE
"l3_gzmb_cd27_em_cd4_t_cell_alt_alr","l3_klrf1_gzmb_cd27_memory_cd4_t_cell_alr",0.03,0,FALSE
"l3_gzmb_cd27_em_cd4_t_cell_alt_alr","l1_ilc_alr",0.03,1,FALSE
"l3_isg_memory_cd8_t_cell_alr","l3_asdc",0.03,0.333333333333333,FALSE
"l3_isg_memory_cd8_t_cell_alr","l3_klrf1_gzmb_cd27_memory_cd4_t_cell_alr",0.03,0,FALSE
"l3_cm_cd8_t_cell_alr","l3_il1b_cd14_monocyte_alr",0.03,0,FALSE
"l3_cm_cd8_t_cell_alr","l3_isg_cd14_monocyte_alr",0.03,0,FALSE
"l3_gzmk_cd27_em_cd8_t_cell_alt_alr","l3_sox4_naive_cd4_t_cell_alr",0.03,0,FALSE
"l3_klrf1_gzmb_cd27_em_cd8_t_cell_alr","l3_baeomap_cell",0.03,0.666666666666667,FALSE
"l3_klrf1_gzmb_cd27_em_cd8_t_cell_alr","l1_b_cell_alr",0.03,0.666666666666667,FALSE
"l3_klrf1_gzmb_cd27_em_cd8_t_cell_alt_alr","l3_intermediate_monocyte",0.03,1,FALSE
"l3_klrf1_gzmb_cd27_em_cd8_t_cell_alt_alr","l3_proliferating_nk_cell",0.03,1,FALSE
"l3_klrf1_gzmb_cd27_em_cd8_t_cell_alt_alr","l3_il1b_cd14_monocyte_alr",0.03,1,FALSE
"l3_klrf1_gzmb_cd27_em_cd8_t_cell_alt_alr","l3_isg_cd16_monocyte_alr",0.03,0,FALSE
"l3_isg_naive_b_cell_alr","l3_platelet",0.03,0,FALSE
"l3_isg_naive_b_cell_alr","l2_asdc_alr",0.03,1,FALSE
"l3_isg_naive_b_cell_alr","l2_intermediate_monocyte_alr",0.03,1,FALSE
"l3_isg_naive_cd4_t_cell_alr","l2_plasma_cell_alr",0.03,1,FALSE
"l3_isg_naive_cd4_t_cell_alr","l2_cdc1_alr",0.03,1,FALSE
"l3_isg_naive_cd4_t_cell_alr","l2_mait_alr",0.03,0.333333333333333,FALSE
"l3_isg_naive_cd4_t_cell_alr","l3_c1q_cd16_monocyte_alr",0.03,1,FALSE
"l3_isg_naive_cd4_t_cell_alr","l3_klrf1_gzmb_cd27_memory_cd4_t_cell_alr",0.03,0,FALSE
"l3_isg_naive_cd4_t_cell_alr","l1_b_cell_alr",0.03,0.666666666666667,FALSE
"l3_sox4_naive_cd4_t_cell_alr","l2_memory_cd8_t_cell_alr",0.03,0,FALSE
"l3_sox4_naive_cd4_t_cell_alr","l2_treg_alr",0.03,0.333333333333333,FALSE
"l3_sox4_naive_cd4_t_cell_alr","l3_adaptive_nk_cell_alr",0.03,1,FALSE
"l3_sox4_naive_cd4_t_cell_alr","l3_gzmk_cd27_em_cd8_t_cell_alt_alr",0.03,1,FALSE
"l3_sox4_naive_cd4_t_cell_alr","l1_dc_alr",0.03,0.333333333333333,FALSE
"l3_sox4_naive_cd4_t_cell_alr","l1_ilc_alr",0.03,1,FALSE
"l3_isg_naive_cd8_t_cell_alr","l3_gzmk_cd56dim_nk_cell_alr",0.03,0,FALSE
"l3_sox4_naive_cd8_t_cell_alr","l2_asdc_alr",0.03,0,FALSE
"l3_sox4_naive_cd8_t_cell_alr","l3_cd4_mait_alr",0.03,1,FALSE
"l3_sox4_naive_cd8_t_cell_alr","l1_dc_alr",0.03,0.333333333333333,FALSE
"l3_gzmk_memory_cd4_treg_alr","l3_isg_cdc2_alr",0.03,1,FALSE
"l3_gzmk_memory_cd4_treg_alr","l3_klrf1_effector_vd1_gdt_alr",0.03,1,FALSE
"l3_klrb1_memory_cd4_treg_alr","l1_platelet_alr",0.03,1,FALSE
"l3_klrb1_memory_cd8_treg_alr","l3_il1b_cd14_monocyte_alr",0.03,1,FALSE
"l3_klrb1_memory_cd8_treg_alr","l3_klrf1_effector_vd1_gdt_alr",0.03,1,FALSE
"l3_klrb1_memory_cd8_treg_alr","l3_naive_cd4_treg_alr",0.03,0,FALSE
"l3_klrb1_memory_cd8_treg_alr","l1_erythrocyte_alr",0.03,1,FALSE
"l3_memory_cd8_treg_alr","l2_cd8aa_alr",0.03,0,FALSE
"l3_memory_cd8_treg_alr","l2_naive_cd8_t_cell_alr",0.03,1,FALSE
"l3_memory_cd8_treg_alr","l2_proliferating_t_cell_alr",0.03,0,FALSE
"l3_memory_cd8_treg_alr","l3_isg_cd56dim_nk_cell_alr",0.03,1,FALSE
"l3_memory_cd8_treg_alr","l3_klrf1_effector_vd1_gdt_alt_alr",0.03,1,FALSE
"l3_naive_cd4_treg_alr","l2_mait_alr",0.03,1,FALSE
"l3_naive_cd4_treg_alr","l3_gzmk_cd56dim_nk_cell_alr",0.03,0.333333333333333,FALSE
"l3_naive_cd4_treg_alr","l3_isg_cdc2_alr",0.03,0.333333333333333,FALSE
"l3_naive_cd4_treg_alr","l3_klrf1_effector_vd1_gdt_alr",0.03,1,FALSE
"l3_naive_cd4_treg_alr","l3_klrb1_memory_cd8_treg_alr",0.03,1,FALSE
"l1_dc_alr","l3_asdc",0.03,0.666666666666667,FALSE
"l1_dc_alr","l3_transitional_b_cell",0.03,1,FALSE
"l1_dc_alr","l2_memory_cd8_t_cell_alr",0.03,0.333333333333333,FALSE
"l1_dc_alr","l3_adaptive_nk_cell_alr",0.03,0,FALSE
"l1_dc_alr","l3_isg_memory_cd4_t_cell_alr",0.03,1,FALSE
"l1_dc_alr","l3_sox4_naive_cd4_t_cell_alr",0.03,0.666666666666667,FALSE
"l1_dc_alr","l3_sox4_naive_cd8_t_cell_alr",0.03,0.666666666666667,FALSE
"l1_monocyte_alr","l2_erythrocyte",0.03,1,FALSE
"l1_monocyte_alr","l2_ilc",0.03,1,FALSE
"l1_monocyte_alr","l3_cd95_memory_b_cell_alr",0.03,0.666666666666667,FALSE
"l1_monocyte_alr","l1_nk_cell_alr",0.03,1,FALSE
"l1_monocyte_alr","l1_erythrocyte_alr",0.03,0.333333333333333,FALSE
"l1_nk_cell_alr","l3_ilc",0.03,0,FALSE
"l1_nk_cell_alr","l2_cd16_monocyte_alr",0.03,1,FALSE
"l1_nk_cell_alr","l3_naive_vd1_gdt_alr",0.03,0.666666666666667,FALSE
"l1_nk_cell_alr","l1_monocyte_alr",0.03,0,FALSE
"l1_nk_cell_alr","l1_ilc_alr",0.03,0,FALSE
"l1_b_cell_alr","l3_pdc",0.03,0,FALSE
"l1_b_cell_alr","l2_cdc1_alr",0.03,0.333333333333333,FALSE
"l1_b_cell_alr","l3_gzmk_cd56dim_nk_cell_alr",0.03,0,FALSE
"l1_b_cell_alr","l3_isg_cdc2_alr",0.03,0.666666666666667,FALSE
"l1_b_cell_alr","l3_type_2_polarized_memory_b_cell_alr",0.03,0.666666666666667,FALSE
"l1_b_cell_alr","l3_isg_memory_cd4_t_cell_alr",0.03,0,FALSE
"l1_b_cell_alr","l3_klrf1_gzmb_cd27_em_cd8_t_cell_alr",0.03,0.333333333333333,FALSE
"l1_b_cell_alr","l3_isg_naive_cd4_t_cell_alr",0.03,0.333333333333333,FALSE
"l1_b_cell_alr","l1_platelet_alr",0.03,0.666666666666667,FALSE
"l1_erythrocyte_alr","l2_proliferating_nk_cell_alr",0.03,0.666666666666667,FALSE
"l1_erythrocyte_alr","l3_naive_vd1_gdt_alr",0.03,0,FALSE
"l1_erythrocyte_alr","l3_isg_mait_alr",0.03,0.666666666666667,FALSE
"l1_erythrocyte_alr","l3_early_memory_b_cell_alr",0.03,0,FALSE
"l1_erythrocyte_alr","l3_klrb1_memory_cd8_treg_alr",0.03,0,FALSE
"l1_erythrocyte_alr","l1_monocyte_alr",0.03,0.666666666666667,FALSE
"l1_ilc_alr","age_group",0.03,0,FALSE
"l1_ilc_alr","l3_cd8aa",0.03,0,FALSE
"l1_ilc_alr","l2_cd16_monocyte_alr",0.03,0,FALSE
"l1_ilc_alr","l2_cd8aa_alr",0.03,0,FALSE
"l1_ilc_alr","l2_memory_cd8_t_cell_alr",0.03,0,FALSE
"l1_ilc_alr","l3_gzmk_cd56dim_nk_cell_alr",0.03,1,FALSE
"l1_ilc_alr","l3_gzmb_cd27_em_cd4_t_cell_alt_alr",0.03,0,FALSE
"l1_ilc_alr","l3_sox4_naive_cd4_t_cell_alr",0.03,0,FALSE
"l1_ilc_alr","l1_nk_cell_alr",0.03,1,FALSE
"l1_platelet_alr","l3_intermediate_monocyte",0.03,0,FALSE
"l1_platelet_alr","l2_plasma_cell_alr",0.03,0.333333333333333,FALSE
"l1_platelet_alr","l2_mait_alr",0.03,1,FALSE
"l1_platelet_alr","l3_c1q_cd16_monocyte_alr",0.03,0.666666666666667,FALSE
"l1_platelet_alr","l3_adaptive_nk_cell_alr",0.03,0.333333333333333,FALSE
"l1_platelet_alr","l3_activated_memory_b_cell_alr",0.03,0.666666666666667,FALSE
"l1_platelet_alr","l3_early_memory_b_cell_alr",0.03,0,FALSE
"l1_platelet_alr","l3_klrf1_gzmb_cd27_memory_cd4_t_cell_alr",0.03,0,FALSE
"l1_platelet_alr","l3_klrb1_memory_cd4_treg_alr",0.03,0,FALSE
"l1_platelet_alr","l1_b_cell_alr",0.03,0.333333333333333,FALSE
"l1_progenitor_cell_alr","l2_proliferating_nk_cell_alr",0.03,0,FALSE
"l1_progenitor_cell_alr","l2_mait_alr",0.03,0.666666666666667,FALSE
"age_group","l3_transitional_b_cell",0.02,1,FALSE
"age_group","l2_proliferating_t_cell_alr",0.02,1,FALSE
"age_group","l3_cd14_cdc2_alr",0.02,1,FALSE
"age_group","l3_isg_mait_alr",0.02,1,FALSE
"sex","l3_proliferating_nk_cell",0.02,1,FALSE
"sex","l3_cd27_effector_b_cell_alt_alr",0.02,1,FALSE
"cmv","l3_klrf1_gzmb_cd27_em_cd8_t_cell_alt_alr",0.02,1,FALSE
"cmv","l3_gzmk_memory_cd4_treg_alr",0.02,1,FALSE
"l2_erythrocyte","l3_cdc1",0.02,0.5,FALSE
"l2_erythrocyte","l2_dn_t_cell_alr",0.02,1,FALSE
"l2_erythrocyte","l2_memory_cd8_t_cell_alr",0.02,0,FALSE
"l2_erythrocyte","l3_isg_cd16_monocyte_alr",0.02,0,FALSE
"l2_erythrocyte","l3_activated_memory_b_cell_alr",0.02,0,FALSE
"l2_ilc","l3_cdc1",0.02,1,FALSE
"l2_ilc","l2_cdc1_alr",0.02,0,FALSE
"l2_ilc","l2_memory_cd4_t_cell_alr",0.02,0,FALSE
"l2_ilc","l3_gzmk_cd56dim_nk_cell_alr",0.02,1,FALSE
"l2_ilc","l3_adaptive_nk_cell_alr",0.02,0,FALSE
"l2_ilc","l3_cd27_effector_b_cell_alt_alr",0.02,1,FALSE
"l2_ilc","l3_early_memory_b_cell_alr",0.02,0,FALSE
"l2_ilc","l3_isg_naive_b_cell_alr",0.02,0,FALSE
"l2_platelet","l2_asdc_alr",0.02,0,FALSE
"l2_platelet","l2_proliferating_nk_cell_alr",0.02,0,FALSE
"l2_platelet","l2_naive_cd8_t_cell_alr",0.02,0,FALSE
"l2_platelet","l3_gzmk_cd56dim_nk_cell_alr",0.02,0,FALSE
"l2_progenitor_cell","l3_pdc",0.02,1,FALSE
"l2_progenitor_cell","l3_platelet",0.02,1,FALSE
"l2_progenitor_cell","l2_gdt_alr",0.02,1,FALSE
"l2_progenitor_cell","l3_adaptive_nk_cell_alr",0.02,1,FALSE
"l2_progenitor_cell","l3_sox4_vd1_gdt_alr",0.02,1,FALSE
"l2_progenitor_cell","l3_klrf1_gzmb_cd27_em_cd8_t_cell_alr",0.02,1,FALSE
"l3_asdc","l3_gzmb_cd27_em_cd4_t_cell_alr",0.02,0,FALSE
"l3_asdc","l3_isg_naive_cd8_t_cell_alr",0.02,0.5,FALSE
"l3_cd56bright_nk_cell","l3_gzmb_cd27_em_cd4_t_cell_alt_alr",0.02,1,FALSE
"l3_cd56bright_nk_cell","l1_b_cell_alr",0.02,1,FALSE
"l3_cd56bright_nk_cell","l1_platelet_alr",0.02,0.5,FALSE
"l3_cd8aa","l3_proliferating_nk_cell",0.02,1,FALSE
"l3_cd8aa","l2_cdc1_alr",0.02,1,FALSE
"l3_cd8aa","l2_cd16_monocyte_alr",0.02,1,FALSE
"l3_cd8aa","l2_cd56bright_nk_cell_alr",0.02,1,FALSE
"l3_cd8aa","l2_proliferating_t_cell_alr",0.02,1,FALSE
"l3_cd8aa","l1_dc_alr",0.02,1,FALSE
"l3_cd8aa","l1_erythrocyte_alr",0.02,1,FALSE
"l3_cdc1","l2_erythrocyte",0.02,0.5,FALSE
"l3_cdc1","l2_ilc",0.02,0,FALSE
"l3_cdc1","l2_proliferating_nk_cell_alr",0.02,1,FALSE
"l3_cdc1","l2_naive_cd8_t_cell_alr",0.02,1,FALSE
"l3_cdc1","l3_cd27_effector_b_cell_alt_alr",0.02,0,FALSE
"l3_cdc1","l3_gzmb_vd2_gdt_alr",0.02,1,FALSE
"l3_cdc1","l3_gzmb_cd27_em_cd4_t_cell_alt_alr",0.02,0.5,FALSE
"l3_cdc1","l3_klrb1_memory_cd4_treg_alr",0.02,0.5,FALSE
"l3_dn_t_cell","l2_mait_alr",0.02,1,FALSE
"l3_dn_t_cell","l3_gzmb_cd27_em_cd4_t_cell_alr",0.02,0,FALSE
"l3_dn_t_cell","l3_isg_memory_cd8_t_cell_alr",0.02,0,FALSE
"l3_dn_t_cell","l3_cm_cd8_t_cell_alr",0.02,1,FALSE
"l3_dn_t_cell","l3_gzmk_cd27_em_cd8_t_cell_alt_alr",0.02,0.5,FALSE
"l3_erythrocyte","l3_klrf1_effector_vd1_gdt_alr",0.02,1,FALSE
"l3_erythrocyte","l3_klrf1_effector_vd1_gdt_alt_alr",0.02,0.5,FALSE
"l3_erythrocyte","l3_activated_memory_b_cell_alr",0.02,0,FALSE
"l3_erythrocyte","l3_cm_cd8_t_cell_alr",0.02,0,FALSE
"l3_ilc","l2_gdt_alr",0.02,1,FALSE
"l3_ilc","l2_treg_alr",0.02,1,FALSE
"l3_ilc","l3_klrf1_effector_vd1_gdt_alr",0.02,1,FALSE
"l3_intermediate_monocyte","l2_cdc1_alr",0.02,0,FALSE
"l3_intermediate_monocyte","l3_c1q_cd16_monocyte_alr",0.02,0,FALSE
"l3_intermediate_monocyte","l3_activated_memory_b_cell_alr",0.02,1,FALSE
"l3_intermediate_monocyte","l3_early_memory_b_cell_alr",0.02,0,FALSE
"l3_intermediate_monocyte","l3_isg_naive_cd4_t_cell_alr",0.02,0.5,FALSE
"l3_intermediate_monocyte","l3_klrb1_memory_cd4_treg_alr",0.02,1,FALSE
"l3_intermediate_monocyte","l1_erythrocyte_alr",0.02,0,FALSE
"l3_pdc","l2_progenitor_cell",0.02,0,FALSE
"l3_pdc","l3_proliferating_nk_cell",0.02,1,FALSE
"l3_pdc","l3_transitional_b_cell",0.02,1,FALSE
"l3_pdc","l2_memory_b_cell_alr",0.02,0,FALSE
"l3_pdc","l2_treg_alr",0.02,0,FALSE
"l3_plasma_cell","l3_klrf1_gzmb_cd27_em_cd8_t_cell_alt_alr",0.02,0,FALSE
"l3_plasma_cell","l1_monocyte_alr",0.02,1,FALSE
"l3_platelet","l2_progenitor_cell",0.02,0,FALSE
"l3_platelet","l2_mait_alr",0.02,1,FALSE
"l3_platelet","l2_treg_alr",0.02,0,FALSE
"l3_platelet","l3_il1b_cd14_monocyte_alr",0.02,0.5,FALSE
"l3_platelet","l3_cd95_memory_b_cell_alr",0.02,1,FALSE
"l3_platelet","l3_gzmk_cd27_em_cd8_t_cell_alt_alr",0.02,0,FALSE
"l3_platelet","l3_klrf1_gzmb_cd27_em_cd8_t_cell_alt_alr",0.02,0,FALSE
"l3_proliferating_nk_cell","sex",0.02,0,FALSE
"l3_proliferating_nk_cell","l3_cd8aa",0.02,0,FALSE
"l3_proliferating_nk_cell","l3_pdc",0.02,0,FALSE
"l3_proliferating_nk_cell","l2_cd16_monocyte_alr",0.02,0,FALSE
"l3_proliferating_nk_cell","l2_cd8aa_alr",0.02,0,FALSE
"l3_proliferating_nk_cell","l2_memory_cd8_t_cell_alr",0.02,0,FALSE
"l3_proliferating_nk_cell","l3_il1b_cd14_monocyte_alr",0.02,0,FALSE
"l3_proliferating_nk_cell","l3_isg_cd16_monocyte_alr",0.02,0,FALSE
"l3_proliferating_nk_cell","l3_isg_cdc2_alr",0.02,0,FALSE
"l3_proliferating_nk_cell","l3_gzmb_cd27_em_cd4_t_cell_alr",0.02,0.5,FALSE
"l3_proliferating_nk_cell","l3_gzmk_cd27_em_cd8_t_cell_alt_alr",0.02,0,FALSE
"l3_proliferating_nk_cell","l1_erythrocyte_alr",0.02,0,FALSE
"l3_proliferating_nk_cell","l1_progenitor_cell_alr",0.02,1,FALSE
"l3_proliferating_t_cell","l2_memory_b_cell_alr",0.02,0.5,FALSE
"l3_proliferating_t_cell","l2_intermediate_monocyte_alr",0.02,1,FALSE
"l3_proliferating_t_cell","l2_dn_t_cell_alr",0.02,0,FALSE
"l3_proliferating_t_cell","l3_c1q_cd16_monocyte_alr",0.02,1,FALSE
"l3_proliferating_t_cell","l3_isg_cd56dim_nk_cell_alr",0.02,1,FALSE
"l3_proliferating_t_cell","l3_type_2_polarized_memory_b_cell_alr",0.02,1,FALSE
"l3_proliferating_t_cell","l3_klrf1_gzmb_cd27_memory_cd4_t_cell_alr",0.02,0,FALSE
"l3_proliferating_t_cell","l3_isg_naive_cd4_t_cell_alr",0.02,1,FALSE
"l3_proliferating_t_cell","l3_sox4_naive_cd4_t_cell_alr",0.02,0,FALSE
"l3_proliferating_t_cell","l3_memory_cd8_treg_alr",0.02,1,FALSE
"l3_transitional_b_cell","age_group",0.02,0,FALSE
"l3_transitional_b_cell","l3_pdc",0.02,0,FALSE
"l3_transitional_b_cell","l2_cd56bright_nk_cell_alr",0.02,0.5,FALSE
"l3_transitional_b_cell","l2_gdt_alr",0.02,0,FALSE
"l3_transitional_b_cell","l3_il1b_cd14_monocyte_alr",0.02,1,FALSE
"l3_transitional_b_cell","l3_klrf1_effector_vd1_gdt_alr",0.02,0,FALSE
"l3_transitional_b_cell","l3_type_2_polarized_memory_b_cell_alr",0.02,0.5,FALSE
"l3_transitional_b_cell","l3_clp_cell_alr",0.02,1,FALSE
"l3_transitional_b_cell","l3_naive_cd4_treg_alr",0.02,0,FALSE
"l3_baeomap_cell","l3_cd27_effector_b_cell_alt_alr",0.02,0.5,FALSE
"l3_baeomap_cell","l3_naive_vd1_gdt_alr",0.02,1,FALSE
"l3_baeomap_cell","l3_cd4_mait_alr",0.02,0.5,FALSE
"l3_baeomap_cell","l3_isg_naive_cd4_t_cell_alr",0.02,0,FALSE
"l3_baeomap_cell","l3_sox4_naive_cd4_t_cell_alr",0.02,1,FALSE
"l2_effector_b_cell_alr","l3_gzmb_vd2_gdt_alr",0.02,0,FALSE
"l2_effector_b_cell_alr","l3_klrf1_effector_vd1_gdt_alt_alr",0.02,0,FALSE
"l2_effector_b_cell_alr","l3_gzmb_cd27_em_cd4_t_cell_alt_alr",0.02,1,FALSE
"l2_memory_b_cell_alr","l3_pdc",0.02,1,FALSE
"l2_memory_b_cell_alr","l3_proliferating_t_cell",0.02,0.5,FALSE
"l2_memory_b_cell_alr","l2_pdc_alr",0.02,1,FALSE
"l2_memory_b_cell_alr","l2_gdt_alr",0.02,0.5,FALSE
"l2_memory_b_cell_alr","l3_isg_naive_b_cell_alr",0.02,1,FALSE
"l2_plasma_cell_alr","l3_c1q_cd16_monocyte_alr",0.02,1,FALSE
"l2_plasma_cell_alr","l3_cd27_effector_b_cell_alt_alr",0.02,0,FALSE
"l2_plasma_cell_alr","l3_cd4_mait_alr",0.02,0,FALSE
"l2_plasma_cell_alr","l3_gzmb_cd27_em_cd4_t_cell_alr",0.02,0.5,FALSE
"l2_plasma_cell_alr","l3_isg_memory_cd8_t_cell_alr",0.02,0,FALSE
"l2_plasma_cell_alr","l3_klrf1_gzmb_cd27_em_cd8_t_cell_alt_alr",0.02,0,FALSE
"l2_plasma_cell_alr","l1_ilc_alr",0.02,1,FALSE
"l2_transitional_b_cell_alr","l2_asdc_alr",0.02,1,FALSE
"l2_transitional_b_cell_alr","l2_cd16_monocyte_alr",0.02,1,FALSE
"l2_transitional_b_cell_alr","l2_cd56bright_nk_cell_alr",0.02,0.5,FALSE
"l2_transitional_b_cell_alr","l2_proliferating_nk_cell_alr",0.02,1,FALSE
"l2_transitional_b_cell_alr","l3_il1b_cd14_monocyte_alr",0.02,1,FALSE
"l2_transitional_b_cell_alr","l3_cd27_effector_b_cell_alt_alr",0.02,0.5,FALSE
"l2_transitional_b_cell_alr","l3_gzmb_vd2_gdt_alr",0.02,0,FALSE
"l2_asdc_alr","l2_platelet",0.02,1,FALSE
"l2_asdc_alr","l2_transitional_b_cell_alr",0.02,0,FALSE
"l2_asdc_alr","l2_cd56bright_nk_cell_alr",0.02,0,FALSE
"l2_asdc_alr","l3_sox4_vd1_gdt_alr",0.02,0,FALSE
"l2_asdc_alr","l3_gzmb_cd27_em_cd4_t_cell_alr",0.02,0,FALSE
"l2_cdc1_alr","l2_ilc",0.02,1,FALSE
"l2_cdc1_alr","l3_cd8aa",0.02,0,FALSE
"l2_cdc1_alr","l3_intermediate_monocyte",0.02,1,FALSE
"l2_cdc1_alr","l2_memory_cd4_t_cell_alr",0.02,0,FALSE
"l2_cdc1_alr","l2_memory_cd8_t_cell_alr",0.02,0,FALSE
"l2_cdc1_alr","l3_cd14_cdc2_alr",0.02,0,FALSE
"l2_cdc1_alr","l3_gzmb_cd27_em_cd4_t_cell_alr",0.02,0,FALSE
"l2_pdc_alr","l2_memory_b_cell_alr",0.02,0,FALSE
"l2_pdc_alr","l2_mait_alr",0.02,0,FALSE
"l2_pdc_alr","l3_isg_cd56dim_nk_cell_alr",0.02,0.5,FALSE
"l2_pdc_alr","l3_cd95_memory_b_cell_alr",0.02,0,FALSE
"l2_pdc_alr","l3_gzmb_cd27_em_cd4_t_cell_alt_alr",0.02,0,FALSE
"l2_pdc_alr","l3_memory_cd8_treg_alr",0.02,0,FALSE
"l2_cd16_monocyte_alr","l3_cd8aa",0.02,0,FALSE
"l2_cd16_monocyte_alr","l3_proliferating_nk_cell",0.02,1,FALSE
"l2_cd16_monocyte_alr","l2_transitional_b_cell_alr",0.02,0,FALSE
"l2_cd16_monocyte_alr","l2_cd56bright_nk_cell_alr",0.02,1,FALSE
"l2_cd16_monocyte_alr","l3_activated_memory_b_cell_alr",0.02,1,FALSE
"l2_cd16_monocyte_alr","l3_gzmb_cd27_em_cd4_t_cell_alt_alr",0.02,1,FALSE
"l2_cd16_monocyte_alr","l3_cm_cd8_t_cell_alr",0.02,1,FALSE
"l2_cd16_monocyte_alr","l3_klrf1_gzmb_cd27_em_cd8_t_cell_alr",0.02,1,FALSE
"l2_cd16_monocyte_alr","l3_klrf1_gzmb_cd27_em_cd8_t_cell_alt_alr",0.02,0.5,FALSE
"l2_cd16_monocyte_alr","l3_isg_naive_b_cell_alr",0.02,1,FALSE
"l2_cd16_monocyte_alr","l3_klrb1_memory_cd8_treg_alr",0.02,1,FALSE
"l2_cd16_monocyte_alr","l1_platelet_alr",0.02,1,FALSE
"l2_intermediate_monocyte_alr","l3_proliferating_t_cell",0.02,0,FALSE
"l2_intermediate_monocyte_alr","l2_dn_t_cell_alr",0.02,0.5,FALSE
"l2_intermediate_monocyte_alr","l3_c1q_cd16_monocyte_alr",0.02,0,FALSE
"l2_intermediate_monocyte_alr","l3_gzmk_cd27_em_cd8_t_cell_alt_alr",0.02,1,FALSE
"l2_cd56bright_nk_cell_alr","l3_cd8aa",0.02,0,FALSE
"l2_cd56bright_nk_cell_alr","l3_transitional_b_cell",0.02,0.5,FALSE
"l2_cd56bright_nk_cell_alr","l2_transitional_b_cell_alr",0.02,0.5,FALSE
"l2_cd56bright_nk_cell_alr","l2_asdc_alr",0.02,1,FALSE
"l2_cd56bright_nk_cell_alr","l2_cd16_monocyte_alr",0.02,0,FALSE
"l2_cd56bright_nk_cell_alr","l2_memory_cd8_t_cell_alr",0.02,0.5,FALSE
"l2_cd56bright_nk_cell_alr","l2_naive_cd8_t_cell_alr",0.02,0,FALSE
"l2_cd56bright_nk_cell_alr","l3_c1q_cd16_monocyte_alr",0.02,0.5,FALSE
"l2_cd56bright_nk_cell_alr","l3_isg_memory_cd4_t_cell_alr",0.02,0,FALSE
"l2_cd56bright_nk_cell_alr","l3_sox4_naive_cd8_t_cell_alr",0.02,0,FALSE
"l2_cd56bright_nk_cell_alr","l1_ilc_alr",0.02,1,FALSE
"l2_proliferating_nk_cell_alr","l2_platelet",0.02,1,FALSE
"l2_proliferating_nk_cell_alr","l3_cdc1",0.02,0,FALSE
"l2_proliferating_nk_cell_alr","l2_transitional_b_cell_alr",0.02,0,FALSE
"l2_proliferating_nk_cell_alr","l2_gdt_alr",0.02,0,FALSE
"l2_proliferating_nk_cell_alr","l3_isg_cdc2_alr",0.02,0,FALSE
"l2_proliferating_nk_cell_alr","l3_early_memory_b_cell_alr",0.02,0,FALSE
"l2_proliferating_nk_cell_alr","l3_isg_memory_cd4_t_cell_alr",0.02,0,FALSE
"l2_proliferating_nk_cell_alr","l3_klrf1_gzmb_cd27_em_cd8_t_cell_alr",0.02,1,FALSE
"l2_proliferating_nk_cell_alr","l3_klrb1_memory_cd8_treg_alr",0.02,0,FALSE
"l2_cd8aa_alr","l3_proliferating_nk_cell",0.02,1,FALSE
"l2_cd8aa_alr","l3_type_2_polarized_memory_b_cell_alr",0.02,0.5,FALSE
"l2_cd8aa_alr","l3_gzmb_cd27_em_cd4_t_cell_alt_alr",0.02,0,FALSE
"l2_dn_t_cell_alr","l2_erythrocyte",0.02,0,FALSE
"l2_dn_t_cell_alr","l3_proliferating_t_cell",0.02,1,FALSE
"l2_dn_t_cell_alr","l2_intermediate_monocyte_alr",0.02,0.5,FALSE
"l2_dn_t_cell_alr","l3_klrf1_effector_vd1_gdt_alt_alr",0.02,1,FALSE
"l2_dn_t_cell_alr","l3_isg_memory_cd8_t_cell_alr",0.02,0,FALSE
"l2_dn_t_cell_alr","l1_ilc_alr",0.02,1,FALSE
"l2_gdt_alr","l2_progenitor_cell",0.02,0,FALSE
"l2_gdt_alr","l3_ilc",0.02,0,FALSE
"l2_gdt_alr","l3_transitional_b_cell",0.02,1,FALSE
"l2_gdt_alr","l2_memory_b_cell_alr",0.02,0.5,FALSE
"l2_gdt_alr","l2_proliferating_nk_cell_alr",0.02,1,FALSE
"l2_gdt_alr","l3_isg_cd14_monocyte_alr",0.02,0,FALSE
"l2_gdt_alr","l3_gzmk_cd56dim_nk_cell_alr",0.02,0,FALSE
"l2_gdt_alr","l3_isg_memory_cd4_t_cell_alr",0.02,0,FALSE
"l2_gdt_alr","l1_monocyte_alr",0.02,1,FALSE
"l2_gdt_alr","l1_progenitor_cell_alr",0.02,1,FALSE
"l2_mait_alr","l3_dn_t_cell",0.02,0,FALSE
"l2_mait_alr","l3_platelet",0.02,0,FALSE
"l2_mait_alr","l2_pdc_alr",0.02,1,FALSE
"l2_mait_alr","l3_isg_cd16_monocyte_alr",0.02,1,FALSE
"l2_mait_alr","l3_sox4_vd1_gdt_alr",0.02,0,FALSE
"l2_mait_alr","l3_isg_naive_cd8_t_cell_alr",0.02,0,FALSE
"l2_memory_cd4_t_cell_alr","l2_ilc",0.02,1,FALSE
"l2_memory_cd4_t_cell_alr","l2_cdc1_alr",0.02,1,FALSE
"l2_memory_cd4_t_cell_alr","l2_naive_cd8_t_cell_alr",0.02,1,FALSE
"l2_memory_cd4_t_cell_alr","l3_gzmb_vd2_gdt_alr",0.02,0.5,FALSE
"l2_memory_cd4_t_cell_alr","l3_cd95_memory_b_cell_alr",0.02,1,FALSE
"l2_memory_cd4_t_cell_alr","l3_type_2_polarized_memory_b_cell_alr",0.02,0.5,FALSE
"l2_memory_cd4_t_cell_alr","l3_isg_memory_cd4_t_cell_alr",0.02,0,FALSE
"l2_memory_cd4_t_cell_alr","l3_isg_naive_b_cell_alr",0.02,0.5,FALSE
"l2_memory_cd4_t_cell_alr","l3_gzmk_memory_cd4_treg_alr",0.02,0,FALSE
"l2_memory_cd4_t_cell_alr","l1_ilc_alr",0.02,1,FALSE
"l2_memory_cd8_t_cell_alr","l2_erythrocyte",0.02,1,FALSE
"l2_memory_cd8_t_cell_alr","l3_proliferating_nk_cell",0.02,1,FALSE
"l2_memory_cd8_t_cell_alr","l2_cdc1_alr",0.02,1,FALSE
"l2_memory_cd8_t_cell_alr","l2_cd56bright_nk_cell_alr",0.02,0.5,FALSE
"l2_memory_cd8_t_cell_alr","l3_cd14_cdc2_alr",0.02,0,FALSE
"l2_memory_cd8_t_cell_alr","l1_nk_cell_alr",0.02,1,FALSE
"l2_naive_cd8_t_cell_alr","l2_platelet",0.02,1,FALSE
"l2_naive_cd8_t_cell_alr","l3_cdc1",0.02,0,FALSE
"l2_naive_cd8_t_cell_alr","l2_cd56bright_nk_cell_alr",0.02,1,FALSE
"l2_naive_cd8_t_cell_alr","l2_memory_cd4_t_cell_alr",0.02,0,FALSE
"l2_naive_cd8_t_cell_alr","l3_cd27_effector_b_cell_alt_alr",0.02,1,FALSE
"l2_naive_cd8_t_cell_alr","l3_klrf1_effector_vd1_gdt_alt_alr",0.02,0,FALSE
"l2_naive_cd8_t_cell_alr","l3_naive_vd1_gdt_alr",0.02,1,FALSE
"l2_naive_cd8_t_cell_alr","l3_cd4_mait_alr",0.02,1,FALSE
"l2_naive_cd8_t_cell_alr","l3_activated_memory_b_cell_alr",0.02,0,FALSE
"l2_naive_cd8_t_cell_alr","l3_type_2_polarized_memory_b_cell_alr",0.02,1,FALSE
"l2_naive_cd8_t_cell_alr","l3_gzmb_cd27_em_cd4_t_cell_alr",0.02,0,FALSE
"l2_naive_cd8_t_cell_alr","l1_nk_cell_alr",0.02,1,FALSE
"l2_naive_cd8_t_cell_alr","l1_ilc_alr",0.02,1,FALSE
"l2_naive_cd8_t_cell_alr","l1_platelet_alr",0.02,1,FALSE
"l2_proliferating_t_cell_alr","age_group",0.02,0,FALSE
"l2_proliferating_t_cell_alr","l3_cd8aa",0.02,0,FALSE
"l2_proliferating_t_cell_alr","l3_isg_cd56dim_nk_cell_alr",0.02,1,FALSE
"l2_proliferating_t_cell_alr","l3_activated_memory_b_cell_alr",0.02,0,FALSE
"l2_proliferating_t_cell_alr","l3_klrf1_gzmb_cd27_em_cd8_t_cell_alt_alr",0.02,0,FALSE
"l2_proliferating_t_cell_alr","l3_naive_cd4_treg_alr",0.02,1,FALSE
"l2_proliferating_t_cell_alr","l1_ilc_alr",0.02,1,FALSE
"l2_treg_alr","l3_ilc",0.02,0,FALSE
"l2_treg_alr","l3_pdc",0.02,1,FALSE
"l2_treg_alr","l3_platelet",0.02,1,FALSE
"l2_treg_alr","l3_il1b_cd14_monocyte_alr",0.02,1,FALSE
"l2_treg_alr","l3_gzmk_cd27_em_cd8_t_cell_alt_alr",0.02,1,FALSE
"l2_treg_alr","l3_klrb1_memory_cd8_treg_alr",0.02,0,FALSE
"l2_treg_alr","l3_naive_cd4_treg_alr",0.02,1,FALSE
"l3_il1b_cd14_monocyte_alr","l3_platelet",0.02,0.5,FALSE
"l3_il1b_cd14_monocyte_alr","l3_proliferating_nk_cell",0.02,1,FALSE
"l3_il1b_cd14_monocyte_alr","l3_transitional_b_cell",0.02,0,FALSE
"l3_il1b_cd14_monocyte_alr","l2_transitional_b_cell_alr",0.02,0,FALSE
"l3_il1b_cd14_monocyte_alr","l2_treg_alr",0.02,0,FALSE
"l3_il1b_cd14_monocyte_alr","l3_isg_mait_alr",0.02,0.5,FALSE
"l3_il1b_cd14_monocyte_alr","l3_gzmk_cd27_em_cd8_t_cell_alt_alr",0.02,1,FALSE
"l3_il1b_cd14_monocyte_alr","l1_b_cell_alr",0.02,0.5,FALSE
"l3_isg_cd14_monocyte_alr","l2_gdt_alr",0.02,1,FALSE
"l3_isg_cd14_monocyte_alr","l3_cd14_cdc2_alr",0.02,0.5,FALSE
"l3_isg_cd14_monocyte_alr","l3_naive_vd1_gdt_alr",0.02,1,FALSE
"l3_isg_cd14_monocyte_alr","l3_cd4_mait_alr",0.02,0,FALSE
"l3_isg_cd14_monocyte_alr","l3_cd95_memory_b_cell_alr",0.02,1,FALSE
"l3_c1q_cd16_monocyte_alr","l3_intermediate_monocyte",0.02,1,FALSE
"l3_c1q_cd16_monocyte_alr","l3_proliferating_t_cell",0.02,0,FALSE
"l3_c1q_cd16_monocyte_alr","l2_plasma_cell_alr",0.02,0,FALSE
"l3_c1q_cd16_monocyte_alr","l2_intermediate_monocyte_alr",0.02,1,FALSE
"l3_c1q_cd16_monocyte_alr","l2_cd56bright_nk_cell_alr",0.02,0.5,FALSE
"l3_c1q_cd16_monocyte_alr","l3_memory_cd8_treg_alr",0.02,0,FALSE
"l3_c1q_cd16_monocyte_alr","l3_naive_cd4_treg_alr",0.02,1,FALSE
"l3_c1q_cd16_monocyte_alr","l1_monocyte_alr",0.02,1,FALSE
"l3_isg_cd16_monocyte_alr","l2_erythrocyte",0.02,1,FALSE
"l3_isg_cd16_monocyte_alr","l3_proliferating_nk_cell",0.02,1,FALSE
"l3_isg_cd16_monocyte_alr","l2_mait_alr",0.02,0,FALSE
"l3_isg_cd16_monocyte_alr","l3_cd27_effector_b_cell_alt_alr",0.02,1,FALSE
"l3_isg_cd16_monocyte_alr","l3_isg_naive_cd8_t_cell_alr",0.02,0,FALSE
"l3_isg_cd16_monocyte_alr","l3_clp_cell_alr",0.02,0,FALSE
"l3_isg_cd16_monocyte_alr","l3_naive_cd4_treg_alr",0.02,0.5,FALSE
"l3_gzmk_cd56dim_nk_cell_alr","l2_ilc",0.02,0,FALSE
"l3_gzmk_cd56dim_nk_cell_alr","l2_platelet",0.02,1,FALSE
"l3_gzmk_cd56dim_nk_cell_alr","l2_gdt_alr",0.02,1,FALSE
"l3_gzmk_cd56dim_nk_cell_alr","l3_klrf1_gzmb_cd27_em_cd8_t_cell_alt_alr",0.02,0,FALSE
"l3_gzmk_cd56dim_nk_cell_alr","l1_erythrocyte_alr",0.02,0,FALSE
"l3_gzmk_cd56dim_nk_cell_alr","l1_platelet_alr",0.02,1,FALSE
"l3_isg_cd56dim_nk_cell_alr","l3_proliferating_t_cell",0.02,0,FALSE
"l3_isg_cd56dim_nk_cell_alr","l2_pdc_alr",0.02,0.5,FALSE
"l3_isg_cd56dim_nk_cell_alr","l2_proliferating_t_cell_alr",0.02,0,FALSE
"l3_isg_cd56dim_nk_cell_alr","l3_sox4_vd1_gdt_alr",0.02,0,FALSE
"l3_isg_cd56dim_nk_cell_alr","l3_isg_mait_alr",0.02,1,FALSE
"l3_isg_cd56dim_nk_cell_alr","l3_isg_naive_cd4_t_cell_alr",0.02,0,FALSE
"l3_adaptive_nk_cell_alr","l2_ilc",0.02,1,FALSE
"l3_adaptive_nk_cell_alr","l2_progenitor_cell",0.02,0,FALSE
"l3_adaptive_nk_cell_alr","l3_sox4_vd1_gdt_alr",0.02,1,FALSE
"l3_adaptive_nk_cell_alr","l3_activated_memory_b_cell_alr",0.02,0,FALSE
"l3_adaptive_nk_cell_alr","l3_cd95_memory_b_cell_alr",0.02,1,FALSE
"l3_adaptive_nk_cell_alr","l1_erythrocyte_alr",0.02,0.5,FALSE
"l3_cd14_cdc2_alr","age_group",0.02,0,FALSE
"l3_cd14_cdc2_alr","l2_cdc1_alr",0.02,1,FALSE
"l3_cd14_cdc2_alr","l2_memory_cd8_t_cell_alr",0.02,1,FALSE
"l3_cd14_cdc2_alr","l3_isg_cd14_monocyte_alr",0.02,0.5,FALSE
"l3_cd14_cdc2_alr","l3_cd95_memory_b_cell_alr",0.02,0,FALSE
"l3_cd14_cdc2_alr","l3_isg_naive_cd4_t_cell_alr",0.02,0.5,FALSE
"l3_cd14_cdc2_alr","l3_sox4_naive_cd8_t_cell_alr",0.02,1,FALSE
"l3_cd14_cdc2_alr","l1_dc_alr",0.02,0,FALSE
"l3_cd14_cdc2_alr","l1_erythrocyte_alr",0.02,1,FALSE
"l3_isg_cdc2_alr","l3_proliferating_nk_cell",0.02,1,FALSE
"l3_isg_cdc2_alr","l2_proliferating_nk_cell_alr",0.02,1,FALSE
"l3_cd27_effector_b_cell_alt_alr","sex",0.02,0,FALSE
"l3_cd27_effector_b_cell_alt_alr","l2_ilc",0.02,0,FALSE
"l3_cd27_effector_b_cell_alt_alr","l3_cdc1",0.02,1,FALSE
"l3_cd27_effector_b_cell_alt_alr","l3_baeomap_cell",0.02,0.5,FALSE
"l3_cd27_effector_b_cell_alt_alr","l2_plasma_cell_alr",0.02,1,FALSE
"l3_cd27_effector_b_cell_alt_alr","l2_transitional_b_cell_alr",0.02,0.5,FALSE
"l3_cd27_effector_b_cell_alt_alr","l2_naive_cd8_t_cell_alr",0.02,0,FALSE
"l3_cd27_effector_b_cell_alt_alr","l3_isg_cd16_monocyte_alr",0.02,0,FALSE
"l3_cd27_effector_b_cell_alt_alr","l3_gzmk_cd27_em_cd8_t_cell_alt_alr",0.02,0.5,FALSE
"l3_cd27_effector_b_cell_alt_alr","l3_klrf1_gzmb_cd27_em_cd8_t_cell_alr",0.02,0.5,FALSE
"l3_cd27_effector_b_cell_alt_alr","l1_nk_cell_alr",0.02,0,FALSE
"l3_gzmb_vd2_gdt_alr","l3_cdc1",0.02,0,FALSE
"l3_gzmb_vd2_gdt_alr","l2_effector_b_cell_alr",0.02,1,FALSE
"l3_gzmb_vd2_gdt_alr","l2_transitional_b_cell_alr",0.02,1,FALSE
"l3_gzmb_vd2_gdt_alr","l2_memory_cd4_t_cell_alr",0.02,0.5,FALSE
"l3_gzmb_vd2_gdt_alr","l3_cm_cd8_t_cell_alr",0.02,1,FALSE
"l3_gzmb_vd2_gdt_alr","l3_gzmk_cd27_em_cd8_t_cell_alt_alr",0.02,0.5,FALSE
"l3_gzmb_vd2_gdt_alr","l3_klrf1_gzmb_cd27_em_cd8_t_cell_alr",0.02,0,FALSE
"l3_gzmb_vd2_gdt_alr","l3_sox4_naive_cd8_t_cell_alr",0.02,1,FALSE
"l3_klrf1_effector_vd1_gdt_alr","l3_erythrocyte",0.02,0,FALSE
"l3_klrf1_effector_vd1_gdt_alr","l3_ilc",0.02,0,FALSE
"l3_klrf1_effector_vd1_gdt_alr","l3_transitional_b_cell",0.02,1,FALSE
"l3_klrf1_effector_vd1_gdt_alr","l3_isg_mait_alr",0.02,1,FALSE
"l3_klrf1_effector_vd1_gdt_alr","l3_gzmk_cd27_em_cd8_t_cell_alt_alr",0.02,0,FALSE
"l3_klrf1_effector_vd1_gdt_alr","l3_isg_naive_cd8_t_cell_alr",0.02,0.5,FALSE
"l3_klrf1_effector_vd1_gdt_alr","l3_clp_cell_alr",0.02,1,FALSE
"l3_klrf1_effector_vd1_gdt_alr","l1_ilc_alr",0.02,0.5,FALSE
"l3_klrf1_effector_vd1_gdt_alt_alr","l3_erythrocyte",0.02,0.5,FALSE
"l3_klrf1_effector_vd1_gdt_alt_alr","l2_effector_b_cell_alr",0.02,1,FALSE
"l3_klrf1_effector_vd1_gdt_alt_alr","l2_dn_t_cell_alr",0.02,0,FALSE
"l3_klrf1_effector_vd1_gdt_alt_alr","l2_naive_cd8_t_cell_alr",0.02,1,FALSE
"l3_klrf1_effector_vd1_gdt_alt_alr","l3_isg_naive_cd4_t_cell_alr",0.02,0.5,FALSE
"l3_klrf1_effector_vd1_gdt_alt_alr","l3_isg_naive_cd8_t_cell_alr",0.02,0,FALSE
"l3_klrf1_effector_vd1_gdt_alt_alr","l3_naive_cd4_treg_alr",0.02,0,FALSE
"l3_klrf1_effector_vd1_gdt_alt_alr","l1_erythrocyte_alr",0.02,0,FALSE
"l3_naive_vd1_gdt_alr","l3_baeomap_cell",0.02,0,FALSE
"l3_naive_vd1_gdt_alr","l2_naive_cd8_t_cell_alr",0.02,0,FALSE
"l3_naive_vd1_gdt_alr","l3_isg_cd14_monocyte_alr",0.02,0,FALSE
"l3_naive_vd1_gdt_alr","l3_isg_memory_cd4_t_cell_alr",0.02,0,FALSE
"l3_naive_vd1_gdt_alr","l3_klrb1_memory_cd8_treg_alr",0.02,0,FALSE
"l3_sox4_vd1_gdt_alr","l2_progenitor_cell",0.02,0,FALSE
"l3_sox4_vd1_gdt_alr","l2_asdc_alr",0.02,1,FALSE
"l3_sox4_vd1_gdt_alr","l2_mait_alr",0.02,1,FALSE
"l3_sox4_vd1_gdt_alr","l3_isg_cd56dim_nk_cell_alr",0.02,1,FALSE
"l3_sox4_vd1_gdt_alr","l3_adaptive_nk_cell_alr",0.02,0,FALSE
"l3_sox4_vd1_gdt_alr","l3_isg_memory_cd8_t_cell_alr",0.02,0,FALSE
"l3_sox4_vd1_gdt_alr","l3_klrf1_gzmb_cd27_em_cd8_t_cell_alt_alr",0.02,0,FALSE
"l3_sox4_vd1_gdt_alr","l3_isg_naive_cd4_t_cell_alr",0.02,0,FALSE
"l3_cd4_mait_alr","l3_baeomap_cell",0.02,0.5,FALSE
"l3_cd4_mait_alr","l2_plasma_cell_alr",0.02,1,FALSE
"l3_cd4_mait_alr","l2_naive_cd8_t_cell_alr",0.02,0,FALSE
"l3_cd4_mait_alr","l3_isg_cd14_monocyte_alr",0.02,1,FALSE
"l3_cd4_mait_alr","l3_gzmb_cd27_em_cd4_t_cell_alt_alr",0.02,1,FALSE
"l3_cd4_mait_alr","l3_klrb1_memory_cd8_treg_alr",0.02,0,FALSE
"l3_isg_mait_alr","age_group",0.02,0,FALSE
"l3_isg_mait_alr","l3_il1b_cd14_monocyte_alr",0.02,0.5,FALSE
"l3_isg_mait_alr","l3_isg_cd56dim_nk_cell_alr",0.02,0,FALSE
"l3_isg_mait_alr","l3_klrf1_effector_vd1_gdt_alr",0.02,0,FALSE
"l3_isg_mait_alr","l3_early_memory_b_cell_alr",0.02,0,FALSE
"l3_isg_mait_alr","l3_gzmb_cd27_em_cd4_t_cell_alt_alr",0.02,0.5,FALSE
"l3_isg_mait_alr","l3_cm_cd8_t_cell_alr",0.02,1,FALSE
"l3_isg_mait_alr","l3_sox4_naive_cd4_t_cell_alr",0.02,0,FALSE
"l3_isg_mait_alr","l1_platelet_alr",0.02,1,FALSE
"l3_activated_memory_b_cell_alr","l2_erythrocyte",0.02,1,FALSE
"l3_activated_memory_b_cell_alr","l3_erythrocyte",0.02,1,FALSE
"l3_activated_memory_b_cell_alr","l3_intermediate_monocyte",0.02,0,FALSE
"l3_activated_memory_b_cell_alr","l2_cd16_monocyte_alr",0.02,0,FALSE
"l3_activated_memory_b_cell_alr","l2_naive_cd8_t_cell_alr",0.02,1,FALSE
"l3_activated_memory_b_cell_alr","l2_proliferating_t_cell_alr",0.02,1,FALSE
"l3_activated_memory_b_cell_alr","l3_adaptive_nk_cell_alr",0.02,1,FALSE
"l3_activated_memory_b_cell_alr","l3_type_2_polarized_memory_b_cell_alr",0.02,0,FALSE
"l3_activated_memory_b_cell_alr","l3_gzmb_cd27_em_cd4_t_cell_alr",0.02,1,FALSE
"l3_activated_memory_b_cell_alr","l3_klrf1_gzmb_cd27_em_cd8_t_cell_alt_alr",0.02,0,FALSE
"l3_activated_memory_b_cell_alr","l1_progenitor_cell_alr",0.02,0.5,FALSE
"l3_cd95_memory_b_cell_alr","l3_platelet",0.02,0,FALSE
"l3_cd95_memory_b_cell_alr","l2_pdc_alr",0.02,1,FALSE
"l3_cd95_memory_b_cell_alr","l2_memory_cd4_t_cell_alr",0.02,0,FALSE
"l3_cd95_memory_b_cell_alr","l3_isg_cd14_monocyte_alr",0.02,0,FALSE
"l3_cd95_memory_b_cell_alr","l3_adaptive_nk_cell_alr",0.02,0,FALSE
"l3_cd95_memory_b_cell_alr","l3_cd14_cdc2_alr",0.02,1,FALSE
"l3_cd95_memory_b_cell_alr","l3_isg_naive_cd8_t_cell_alr",0.02,0,FALSE
"l3_early_memory_b_cell_alr","l2_ilc",0.02,1,FALSE
"l3_early_memory_b_cell_alr","l3_intermediate_monocyte",0.02,1,FALSE
"l3_early_memory_b_cell_alr","l2_proliferating_nk_cell_alr",0.02,1,FALSE
"l3_early_memory_b_cell_alr","l3_isg_mait_alr",0.02,1,FALSE
"l3_early_memory_b_cell_alr","l3_cm_cd8_t_cell_alr",0.02,0.5,FALSE
"l3_early_memory_b_cell_alr","l3_isg_naive_cd8_t_cell_alr",0.02,0.5,FALSE
"l3_early_memory_b_cell_alr","l3_gzmk_memory_cd4_treg_alr",0.02,1,FALSE
"l3_early_memory_b_cell_alr","l1_dc_alr",0.02,1,FALSE
"l3_early_memory_b_cell_alr","l1_progenitor_cell_alr",0.02,1,FALSE
"l3_type_2_polarized_memory_b_cell_alr","l3_proliferating_t_cell",0.02,0,FALSE
"l3_type_2_polarized_memory_b_cell_alr","l3_transitional_b_cell",0.02,0.5,FALSE
"l3_type_2_polarized_memory_b_cell_alr","l2_cd8aa_alr",0.02,0.5,FALSE
"l3_type_2_polarized_memory_b_cell_alr","l2_memory_cd4_t_cell_alr",0.02,0.5,FALSE
"l3_type_2_polarized_memory_b_cell_alr","l2_naive_cd8_t_cell_alr",0.02,0,FALSE
"l3_type_2_polarized_memory_b_cell_alr","l3_activated_memory_b_cell_alr",0.02,1,FALSE
"l3_type_2_polarized_memory_b_cell_alr","l3_isg_naive_b_cell_alr",0.02,0.5,FALSE
"l3_isg_memory_cd4_t_cell_alr","l2_cd56bright_nk_cell_alr",0.02,1,FALSE
"l3_isg_memory_cd4_t_cell_alr","l2_proliferating_nk_cell_alr",0.02,1,FALSE
"l3_isg_memory_cd4_t_cell_alr","l2_gdt_alr",0.02,1,FALSE
"l3_isg_memory_cd4_t_cell_alr","l2_memory_cd4_t_cell_alr",0.02,1,FALSE
"l3_isg_memory_cd4_t_cell_alr","l3_naive_vd1_gdt_alr",0.02,1,FALSE
"l3_isg_memory_cd4_t_cell_alr","l3_gzmb_cd27_em_cd4_t_cell_alt_alr",0.02,0,FALSE
"l3_klrf1_gzmb_cd27_memory_cd4_t_cell_alr","l3_proliferating_t_cell",0.02,1,FALSE
"l3_klrf1_gzmb_cd27_memory_cd4_t_cell_alr","l3_isg_naive_b_cell_alr",0.02,1,FALSE
"l3_klrf1_gzmb_cd27_memory_cd4_t_cell_alr","l3_gzmk_memory_cd4_treg_alr",0.02,0,FALSE
"l3_klrf1_gzmb_cd27_memory_cd4_t_cell_alr","l1_b_cell_alr",0.02,1,FALSE
"l3_gzmb_cd27_em_cd4_t_cell_alr","l3_asdc",0.02,1,FALSE
"l3_gzmb_cd27_em_cd4_t_cell_alr","l3_dn_t_cell",0.02,1,FALSE
"l3_gzmb_cd27_em_cd4_t_cell_alr","l3_proliferating_nk_cell",0.02,0.5,FALSE
"l3_gzmb_cd27_em_cd4_t_cell_alr","l2_plasma_cell_alr",0.02,0.5,FALSE
"l3_gzmb_cd27_em_cd4_t_cell_alr","l2_asdc_alr",0.02,1,FALSE
"l3_gzmb_cd27_em_cd4_t_cell_alr","l2_cdc1_alr",0.02,1,FALSE
"l3_gzmb_cd27_em_cd4_t_cell_alr","l2_naive_cd8_t_cell_alr",0.02,1,FALSE
"l3_gzmb_cd27_em_cd4_t_cell_alr","l3_activated_memory_b_cell_alr",0.02,0,FALSE
"l3_gzmb_cd27_em_cd4_t_cell_alr","l3_cm_cd8_t_cell_alr",0.02,0,FALSE
"l3_gzmb_cd27_em_cd4_t_cell_alr","l3_isg_naive_b_cell_alr",0.02,1,FALSE
"l3_gzmb_cd27_em_cd4_t_cell_alr","l1_monocyte_alr",0.02,0.5,FALSE
"l3_gzmb_cd27_em_cd4_t_cell_alt_alr","l3_cd56bright_nk_cell",0.02,0,FALSE
"l3_gzmb_cd27_em_cd4_t_cell_alt_alr","l3_cdc1",0.02,0.5,FALSE
"l3_gzmb_cd27_em_cd4_t_cell_alt_alr","l2_effector_b_cell_alr",0.02,0,FALSE
"l3_gzmb_cd27_em_cd4_t_cell_alt_alr","l2_pdc_alr",0.02,1,FALSE
"l3_gzmb_cd27_em_cd4_t_cell_alt_alr","l2_cd16_monocyte_alr",0.02,0,FALSE
"l3_gzmb_cd27_em_cd4_t_cell_alt_alr","l2_cd8aa_alr",0.02,1,FALSE
"l3_gzmb_cd27_em_cd4_t_cell_alt_alr","l3_cd4_mait_alr",0.02,0,FALSE
"l3_gzmb_cd27_em_cd4_t_cell_alt_alr","l3_isg_mait_alr",0.02,0.5,FALSE
"l3_gzmb_cd27_em_cd4_t_cell_alt_alr","l3_isg_memory_cd4_t_cell_alr",0.02,1,FALSE
"l3_gzmb_cd27_em_cd4_t_cell_alt_alr","l3_cm_cd8_t_cell_alr",0.02,0,FALSE
"l3_gzmb_cd27_em_cd4_t_cell_alt_alr","l3_klrf1_gzmb_cd27_em_cd8_t_cell_alt_alr",0.02,0,FALSE
"l3_gzmb_cd27_em_cd4_t_cell_alt_alr","l3_isg_naive_b_cell_alr",0.02,0,FALSE
"l3_gzmb_cd27_em_cd4_t_cell_alt_alr","l3_klrb1_memory_cd4_treg_alr",0.02,1,FALSE
"l3_gzmb_cd27_em_cd4_t_cell_alt_alr","l1_nk_cell_alr",0.02,1,FALSE
"l3_isg_memory_cd8_t_cell_alr","l3_dn_t_cell",0.02,1,FALSE
"l3_isg_memory_cd8_t_cell_alr","l2_plasma_cell_alr",0.02,1,FALSE
"l3_isg_memory_cd8_t_cell_alr","l2_dn_t_cell_alr",0.02,1,FALSE
"l3_isg_memory_cd8_t_cell_alr","l3_sox4_vd1_gdt_alr",0.02,1,FALSE
"l3_isg_memory_cd8_t_cell_alr","l1_nk_cell_alr",0.02,1,FALSE
"l3_cm_cd8_t_cell_alr","l3_dn_t_cell",0.02,0,FALSE
"l3_cm_cd8_t_cell_alr","l3_erythrocyte",0.02,1,FALSE
"l3_cm_cd8_t_cell_alr","l2_cd16_monocyte_alr",0.02,0,FALSE
"l3_cm_cd8_t_cell_alr","l3_gzmb_vd2_gdt_alr",0.02,0,FALSE
"l3_cm_cd8_t_cell_alr","l3_isg_mait_alr",0.02,0,FALSE
"l3_cm_cd8_t_cell_alr","l3_early_memory_b_cell_alr",0.02,0.5,FALSE
"l3_cm_cd8_t_cell_alr","l3_gzmb_cd27_em_cd4_t_cell_alr",0.02,1,FALSE
"l3_cm_cd8_t_cell_alr","l3_gzmb_cd27_em_cd4_t_cell_alt_alr",0.02,1,FALSE
"l3_cm_cd8_t_cell_alr","l3_isg_naive_cd4_t_cell_alr",0.02,0.5,FALSE
"l3_gzmk_cd27_em_cd8_t_cell_alt_alr","l3_dn_t_cell",0.02,0.5,FALSE
"l3_gzmk_cd27_em_cd8_t_cell_alt_alr","l3_platelet",0.02,1,FALSE
"l3_gzmk_cd27_em_cd8_t_cell_alt_alr","l3_proliferating_nk_cell",0.02,1,FALSE
"l3_gzmk_cd27_em_cd8_t_cell_alt_alr","l2_intermediate_monocyte_alr",0.02,0,FALSE
"l3_gzmk_cd27_em_cd8_t_cell_alt_alr","l2_treg_alr",0.02,0,FALSE
"l3_gzmk_cd27_em_cd8_t_cell_alt_alr","l3_il1b_cd14_monocyte_alr",0.02,0,FALSE
"l3_gzmk_cd27_em_cd8_t_cell_alt_alr","l3_cd27_effector_b_cell_alt_alr",0.02,0.5,FALSE
"l3_gzmk_cd27_em_cd8_t_cell_alt_alr","l3_gzmb_vd2_gdt_alr",0.02,0.5,FALSE
"l3_gzmk_cd27_em_cd8_t_cell_alt_alr","l3_klrf1_effector_vd1_gdt_alr",0.02,1,FALSE
"l3_gzmk_cd27_em_cd8_t_cell_alt_alr","l3_klrb1_memory_cd4_treg_alr",0.02,0,FALSE
"l3_gzmk_cd27_em_cd8_t_cell_alt_alr","l3_klrb1_memory_cd8_treg_alr",0.02,0,FALSE
"l3_klrf1_gzmb_cd27_em_cd8_t_cell_alr","l2_progenitor_cell",0.02,0,FALSE
"l3_klrf1_gzmb_cd27_em_cd8_t_cell_alr","l2_cd16_monocyte_alr",0.02,0,FALSE
"l3_klrf1_gzmb_cd27_em_cd8_t_cell_alr","l2_proliferating_nk_cell_alr",0.02,0,FALSE
"l3_klrf1_gzmb_cd27_em_cd8_t_cell_alr","l3_cd27_effector_b_cell_alt_alr",0.02,0.5,FALSE
"l3_klrf1_gzmb_cd27_em_cd8_t_cell_alr","l3_gzmb_vd2_gdt_alr",0.02,1,FALSE
"l3_klrf1_gzmb_cd27_em_cd8_t_cell_alr","l3_sox4_naive_cd8_t_cell_alr",0.02,1,FALSE
"l3_klrf1_gzmb_cd27_em_cd8_t_cell_alt_alr","cmv",0.02,0,FALSE
"l3_klrf1_gzmb_cd27_em_cd8_t_cell_alt_alr","l3_plasma_cell",0.02,1,FALSE
"l3_klrf1_gzmb_cd27_em_cd8_t_cell_alt_alr","l3_platelet",0.02,1,FALSE
"l3_klrf1_gzmb_cd27_em_cd8_t_cell_alt_alr","l2_plasma_cell_alr",0.02,1,FALSE
"l3_klrf1_gzmb_cd27_em_cd8_t_cell_alt_alr","l2_cd16_monocyte_alr",0.02,0.5,FALSE
"l3_klrf1_gzmb_cd27_em_cd8_t_cell_alt_alr","l2_proliferating_t_cell_alr",0.02,1,FALSE
"l3_klrf1_gzmb_cd27_em_cd8_t_cell_alt_alr","l3_gzmk_cd56dim_nk_cell_alr",0.02,1,FALSE
"l3_klrf1_gzmb_cd27_em_cd8_t_cell_alt_alr","l3_sox4_vd1_gdt_alr",0.02,1,FALSE
"l3_klrf1_gzmb_cd27_em_cd8_t_cell_alt_alr","l3_activated_memory_b_cell_alr",0.02,1,FALSE
"l3_klrf1_gzmb_cd27_em_cd8_t_cell_alt_alr","l3_gzmb_cd27_em_cd4_t_cell_alt_alr",0.02,1,FALSE
"l3_klrf1_gzmb_cd27_em_cd8_t_cell_alt_alr","l1_nk_cell_alr",0.02,0.5,FALSE
"l3_klrf1_gzmb_cd27_em_cd8_t_cell_alt_alr","l1_platelet_alr",0.02,1,FALSE
"l3_isg_naive_b_cell_alr","l2_ilc",0.02,1,FALSE
"l3_isg_naive_b_cell_alr","l2_memory_b_cell_alr",0.02,0,FALSE
"l3_isg_naive_b_cell_alr","l2_cd16_monocyte_alr",0.02,0,FALSE
"l3_isg_naive_b_cell_alr","l2_memory_cd4_t_cell_alr",0.02,0.5,FALSE
"l3_isg_naive_b_cell_alr","l3_type_2_polarized_memory_b_cell_alr",0.02,0.5,FALSE
"l3_isg_naive_b_cell_alr","l3_klrf1_gzmb_cd27_memory_cd4_t_cell_alr",0.02,0,FALSE
"l3_isg_naive_b_cell_alr","l3_gzmb_cd27_em_cd4_t_cell_alr",0.02,0,FALSE
"l3_isg_naive_b_cell_alr","l3_gzmb_cd27_em_cd4_t_cell_alt_alr",0.02,1,FALSE
"l3_isg_naive_b_cell_alr","l1_dc_alr",0.02,1,FALSE
"l3_isg_naive_b_cell_alr","l1_nk_cell_alr",0.02,0.5,FALSE
"l3_isg_naive_cd4_t_cell_alr","l3_intermediate_monocyte",0.02,0.5,FALSE
"l3_isg_naive_cd4_t_cell_alr","l3_proliferating_t_cell",0.02,0,FALSE
"l3_isg_naive_cd4_t_cell_alr","l3_baeomap_cell",0.02,1,FALSE
"l3_isg_naive_cd4_t_cell_alr","l3_isg_cd56dim_nk_cell_alr",0.02,1,FALSE
"l3_isg_naive_cd4_t_cell_alr","l3_cd14_cdc2_alr",0.02,0.5,FALSE
"l3_isg_naive_cd4_t_cell_alr","l3_klrf1_effector_vd1_gdt_alt_alr",0.02,0.5,FALSE
"l3_isg_naive_cd4_t_cell_alr","l3_sox4_vd1_gdt_alr",0.02,1,FALSE
"l3_isg_naive_cd4_t_cell_alr","l3_cm_cd8_t_cell_alr",0.02,0.5,FALSE
"l3_sox4_naive_cd4_t_cell_alr","l3_proliferating_t_cell",0.02,1,FALSE
"l3_sox4_naive_cd4_t_cell_alr","l3_baeomap_cell",0.02,0,FALSE
"l3_sox4_naive_cd4_t_cell_alr","l3_isg_mait_alr",0.02,1,FALSE
"l3_sox4_naive_cd4_t_cell_alr","l3_clp_cell_alr",0.02,1,FALSE
"l3_isg_naive_cd8_t_cell_alr","l3_asdc",0.02,0.5,FALSE
"l3_isg_naive_cd8_t_cell_alr","l2_mait_alr",0.02,1,FALSE
"l3_isg_naive_cd8_t_cell_alr","l3_isg_cd16_monocyte_alr",0.02,1,FALSE
"l3_isg_naive_cd8_t_cell_alr","l3_klrf1_effector_vd1_gdt_alr",0.02,0.5,FALSE
"l3_isg_naive_cd8_t_cell_alr","l3_klrf1_effector_vd1_gdt_alt_alr",0.02,1,FALSE
"l3_isg_naive_cd8_t_cell_alr","l3_cd95_memory_b_cell_alr",0.02,1,FALSE
"l3_isg_naive_cd8_t_cell_alr","l3_early_memory_b_cell_alr",0.02,0.5,FALSE
"l3_isg_naive_cd8_t_cell_alr","l3_gzmk_memory_cd4_treg_alr",0.02,0.5,FALSE
"l3_isg_naive_cd8_t_cell_alr","l1_dc_alr",0.02,0,FALSE
"l3_isg_naive_cd8_t_cell_alr","l1_b_cell_alr",0.02,1,FALSE
"l3_sox4_naive_cd8_t_cell_alr","l2_cd56bright_nk_cell_alr",0.02,1,FALSE
"l3_sox4_naive_cd8_t_cell_alr","l3_cd14_cdc2_alr",0.02,0,FALSE
"l3_sox4_naive_cd8_t_cell_alr","l3_gzmb_vd2_gdt_alr",0.02,0,FALSE
"l3_sox4_naive_cd8_t_cell_alr","l3_klrf1_gzmb_cd27_em_cd8_t_cell_alr",0.02,0,FALSE
"l3_clp_cell_alr","l3_transitional_b_cell",0.02,0,FALSE
"l3_clp_cell_alr","l3_isg_cd16_monocyte_alr",0.02,1,FALSE
"l3_clp_cell_alr","l3_klrf1_effector_vd1_gdt_alr",0.02,0,FALSE
"l3_clp_cell_alr","l3_sox4_naive_cd4_t_cell_alr",0.02,0,FALSE
"l3_clp_cell_alr","l1_monocyte_alr",0.02,0,FALSE
"l3_gzmk_memory_cd4_treg_alr","cmv",0.02,0,FALSE
"l3_gzmk_memory_cd4_treg_alr","l2_memory_cd4_t_cell_alr",0.02,1,FALSE
"l3_gzmk_memory_cd4_treg_alr","l3_early_memory_b_cell_alr",0.02,0,FALSE
"l3_gzmk_memory_cd4_treg_alr","l3_klrf1_gzmb_cd27_memory_cd4_t_cell_alr",0.02,1,FALSE
"l3_gzmk_memory_cd4_treg_alr","l3_isg_naive_cd8_t_cell_alr",0.02,0.5,FALSE
"l3_klrb1_memory_cd4_treg_alr","l3_cdc1",0.02,0.5,FALSE
"l3_klrb1_memory_cd4_treg_alr","l3_intermediate_monocyte",0.02,0,FALSE
"l3_klrb1_memory_cd4_treg_alr","l3_gzmb_cd27_em_cd4_t_cell_alt_alr",0.02,0,FALSE
"l3_klrb1_memory_cd4_treg_alr","l3_gzmk_cd27_em_cd8_t_cell_alt_alr",0.02,1,FALSE
"l3_klrb1_memory_cd4_treg_alr","l1_ilc_alr",0.02,1,FALSE
"l3_klrb1_memory_cd4_treg_alr","l1_progenitor_cell_alr",0.02,0,FALSE
"l3_klrb1_memory_cd8_treg_alr","l2_cd16_monocyte_alr",0.02,0,FALSE
"l3_klrb1_memory_cd8_treg_alr","l2_proliferating_nk_cell_alr",0.02,1,FALSE
"l3_klrb1_memory_cd8_treg_alr","l2_treg_alr",0.02,1,FALSE
"l3_klrb1_memory_cd8_treg_alr","l3_naive_vd1_gdt_alr",0.02,1,FALSE
"l3_klrb1_memory_cd8_treg_alr","l3_cd4_mait_alr",0.02,1,FALSE
"l3_klrb1_memory_cd8_treg_alr","l3_gzmk_cd27_em_cd8_t_cell_alt_alr",0.02,1,FALSE
"l3_klrb1_memory_cd8_treg_alr","l1_ilc_alr",0.02,1,FALSE
"l3_memory_cd8_treg_alr","l3_proliferating_t_cell",0.02,0,FALSE
"l3_memory_cd8_treg_alr","l2_pdc_alr",0.02,1,FALSE
"l3_memory_cd8_treg_alr","l3_c1q_cd16_monocyte_alr",0.02,1,FALSE
"l3_memory_cd8_treg_alr","l1_ilc_alr",0.02,1,FALSE
"l3_naive_cd4_treg_alr","l3_transitional_b_cell",0.02,1,FALSE
"l3_naive_cd4_treg_alr","l2_proliferating_t_cell_alr",0.02,0,FALSE
"l3_naive_cd4_treg_alr","l2_treg_alr",0.02,0,FALSE
"l3_naive_cd4_treg_alr","l3_c1q_cd16_monocyte_alr",0.02,0,FALSE
"l3_naive_cd4_treg_alr","l3_isg_cd16_monocyte_alr",0.02,0.5,FALSE
"l3_naive_cd4_treg_alr","l3_klrf1_effector_vd1_gdt_alt_alr",0.02,1,FALSE
"l1_dc_alr","l3_cd8aa",0.02,0,FALSE
"l1_dc_alr","l3_cd14_cdc2_alr",0.02,1,FALSE
"l1_dc_alr","l3_early_memory_b_cell_alr",0.02,0,FALSE
"l1_dc_alr","l3_isg_naive_b_cell_alr",0.02,0,FALSE
"l1_dc_alr","l3_isg_naive_cd8_t_cell_alr",0.02,1,FALSE
"l1_monocyte_alr","l3_plasma_cell",0.02,0,FALSE
"l1_monocyte_alr","l2_gdt_alr",0.02,0,FALSE
"l1_monocyte_alr","l3_c1q_cd16_monocyte_alr",0.02,0,FALSE
"l1_monocyte_alr","l3_gzmb_cd27_em_cd4_t_cell_alr",0.02,0.5,FALSE
"l1_monocyte_alr","l3_clp_cell_alr",0.02,1,FALSE
"l1_nk_cell_alr","l2_memory_cd8_t_cell_alr",0.02,0,FALSE
"l1_nk_cell_alr","l2_naive_cd8_t_cell_alr",0.02,0,FALSE
"l1_nk_cell_alr","l3_cd27_effector_b_cell_alt_alr",0.02,1,FALSE
"l1_nk_cell_alr","l3_gzmb_cd27_em_cd4_t_cell_alt_alr",0.02,0,FALSE
"l1_nk_cell_alr","l3_isg_memory_cd8_t_cell_alr",0.02,0,FALSE
"l1_nk_cell_alr","l3_klrf1_gzmb_cd27_em_cd8_t_cell_alt_alr",0.02,0.5,FALSE
"l1_nk_cell_alr","l3_isg_naive_b_cell_alr",0.02,0.5,FALSE
"l1_b_cell_alr","l3_cd56bright_nk_cell",0.02,0,FALSE
"l1_b_cell_alr","l3_il1b_cd14_monocyte_alr",0.02,0.5,FALSE
"l1_b_cell_alr","l3_klrf1_gzmb_cd27_memory_cd4_t_cell_alr",0.02,0,FALSE
"l1_b_cell_alr","l3_isg_naive_cd8_t_cell_alr",0.02,0,FALSE
"l1_erythrocyte_alr","l3_cd8aa",0.02,0,FALSE
"l1_erythrocyte_alr","l3_intermediate_monocyte",0.02,1,FALSE
"l1_erythrocyte_alr","l3_proliferating_nk_cell",0.02,1,FALSE
"l1_erythrocyte_alr","l3_gzmk_cd56dim_nk_cell_alr",0.02,1,FALSE
"l1_erythrocyte_alr","l3_adaptive_nk_cell_alr",0.02,0.5,FALSE
"l1_erythrocyte_alr","l3_cd14_cdc2_alr",0.02,0,FALSE
"l1_erythrocyte_alr","l3_klrf1_effector_vd1_gdt_alt_alr",0.02,1,FALSE
"l1_ilc_alr","l2_plasma_cell_alr",0.02,0,FALSE
"l1_ilc_alr","l2_cd56bright_nk_cell_alr",0.02,0,FALSE
"l1_ilc_alr","l2_dn_t_cell_alr",0.02,0,FALSE
"l1_ilc_alr","l2_memory_cd4_t_cell_alr",0.02,0,FALSE
"l1_ilc_alr","l2_naive_cd8_t_cell_alr",0.02,0,FALSE
"l1_ilc_alr","l2_proliferating_t_cell_alr",0.02,0,FALSE
"l1_ilc_alr","l3_klrf1_effector_vd1_gdt_alr",0.02,0.5,FALSE
"l1_ilc_alr","l3_klrb1_memory_cd4_treg_alr",0.02,0,FALSE
"l1_ilc_alr","l3_klrb1_memory_cd8_treg_alr",0.02,0,FALSE
"l1_ilc_alr","l3_memory_cd8_treg_alr",0.02,0,FALSE
"l1_platelet_alr","l3_cd56bright_nk_cell",0.02,0.5,FALSE
"l1_platelet_alr","l2_cd16_monocyte_alr",0.02,0,FALSE
"l1_platelet_alr","l2_naive_cd8_t_cell_alr",0.02,0,FALSE
"l1_platelet_alr","l3_gzmk_cd56dim_nk_cell_alr",0.02,0,FALSE
"l1_platelet_alr","l3_isg_mait_alr",0.02,0,FALSE
"l1_platelet_alr","l3_klrf1_gzmb_cd27_em_cd8_t_cell_alt_alr",0.02,0,FALSE
"l1_progenitor_cell_alr","l3_proliferating_nk_cell",0.02,0,FALSE
"l1_progenitor_cell_alr","l2_gdt_alr",0.02,0,FALSE
"l1_progenitor_cell_alr","l3_activated_memory_b_cell_alr",0.02,0.5,FALSE
"l1_progenitor_cell_alr","l3_early_memory_b_cell_alr",0.02,0,FALSE
"l1_progenitor_cell_alr","l3_klrb1_memory_cd4_treg_alr",0.02,1,FALSE
"age_group","l3_intermediate_monocyte",0.01,1,FALSE
"age_group","l3_proliferating_t_cell",0.01,1,FALSE
"age_group","l2_asdc_alr",0.01,1,FALSE
"age_group","l2_cdc1_alr",0.01,1,FALSE
"age_group","l2_mait_alr",0.01,1,FALSE
"age_group","l3_isg_cd14_monocyte_alr",0.01,1,FALSE
"age_group","l1_platelet_alr",0.01,1,FALSE
"sex","l3_cd8aa",0.01,1,FALSE
"sex","l3_cdc1",0.01,1,FALSE
"sex","l2_treg_alr",0.01,1,FALSE
"sex","l3_isg_cd14_monocyte_alr",0.01,1,FALSE
"sex","l3_isg_cdc2_alr",0.01,1,FALSE
"sex","l3_isg_memory_cd4_t_cell_alr",0.01,1,FALSE
"cmv","l3_erythrocyte",0.01,1,FALSE
"cmv","l3_intermediate_monocyte",0.01,1,FALSE
"cmv","l3_proliferating_t_cell",0.01,1,FALSE
"cmv","l2_cd56bright_nk_cell_alr",0.01,1,FALSE
"cmv","l3_isg_cd16_monocyte_alr",0.01,1,FALSE
"cmv","l3_sox4_naive_cd8_t_cell_alr",0.01,1,FALSE
"l2_erythrocyte","l2_platelet",0.01,0,FALSE
"l2_erythrocyte","l3_pdc",0.01,0,FALSE
"l2_erythrocyte","l2_effector_b_cell_alr",0.01,0,FALSE
"l2_erythrocyte","l2_cd56bright_nk_cell_alr",0.01,0,FALSE
"l2_erythrocyte","l2_proliferating_t_cell_alr",0.01,0,FALSE
"l2_erythrocyte","l3_gzmk_cd56dim_nk_cell_alr",0.01,0,FALSE
"l2_erythrocyte","l3_klrb1_memory_cd8_treg_alr",0.01,0,FALSE
"l2_ilc","l3_transitional_b_cell",0.01,1,FALSE
"l2_ilc","l2_plasma_cell_alr",0.01,0,FALSE
"l2_ilc","l2_transitional_b_cell_alr",0.01,1,FALSE
"l2_ilc","l2_asdc_alr",0.01,0,FALSE
"l2_ilc","l2_dn_t_cell_alr",0.01,0,FALSE
"l2_ilc","l3_c1q_cd16_monocyte_alr",0.01,1,FALSE
"l2_ilc","l3_isg_naive_cd4_t_cell_alr",0.01,0,FALSE
"l2_ilc","l3_klrb1_memory_cd4_treg_alr",0.01,0,FALSE
"l2_ilc","l3_memory_cd8_treg_alr",0.01,0,FALSE
"l2_platelet","l2_erythrocyte",0.01,1,FALSE
"l2_platelet","l3_baeomap_cell",0.01,1,FALSE
"l2_platelet","l2_cd56bright_nk_cell_alr",0.01,0,FALSE
"l2_platelet","l2_memory_cd8_t_cell_alr",0.01,0,FALSE
"l2_platelet","l3_isg_cd14_monocyte_alr",0.01,0,FALSE
"l2_platelet","l3_cd14_cdc2_alr",0.01,0,FALSE
"l2_platelet","l3_klrf1_effector_vd1_gdt_alr",0.01,0,FALSE
"l2_platelet","l3_klrf1_gzmb_cd27_em_cd8_t_cell_alt_alr",0.01,0,FALSE
"l2_platelet","l3_sox4_naive_cd4_t_cell_alr",0.01,0,FALSE
"l2_platelet","l3_naive_cd4_treg_alr",0.01,0,FALSE
"l2_platelet","l1_progenitor_cell_alr",0.01,0,FALSE
"l2_progenitor_cell","l3_intermediate_monocyte",0.01,1,FALSE
"l2_progenitor_cell","l3_proliferating_nk_cell",0.01,0,FALSE
"l2_progenitor_cell","l3_transitional_b_cell",0.01,1,FALSE
"l2_progenitor_cell","l2_cd56bright_nk_cell_alr",0.01,1,FALSE
"l2_progenitor_cell","l2_proliferating_t_cell_alr",0.01,1,FALSE
"l2_progenitor_cell","l3_gzmk_cd56dim_nk_cell_alr",0.01,1,FALSE
"l2_progenitor_cell","l3_activated_memory_b_cell_alr",0.01,0,FALSE
"l2_progenitor_cell","l3_gzmb_cd27_em_cd4_t_cell_alr",0.01,1,FALSE
"l3_asdc","l3_ilc",0.01,0,FALSE
"l3_asdc","l3_transitional_b_cell",0.01,0,FALSE
"l3_asdc","l2_plasma_cell_alr",0.01,1,FALSE
"l3_asdc","l2_memory_cd4_t_cell_alr",0.01,0,FALSE
"l3_asdc","l3_cd27_effector_b_cell_alt_alr",0.01,1,FALSE
"l3_cd56bright_nk_cell","l3_intermediate_monocyte",0.01,1,FALSE
"l3_cd56bright_nk_cell","l3_platelet",0.01,0,FALSE
"l3_cd56bright_nk_cell","l3_proliferating_t_cell",0.01,1,FALSE
"l3_cd56bright_nk_cell","l2_asdc_alr",0.01,1,FALSE
"l3_cd56bright_nk_cell","l2_memory_cd8_t_cell_alr",0.01,1,FALSE
"l3_cd56bright_nk_cell","l3_klrf1_effector_vd1_gdt_alr",0.01,1,FALSE
"l3_cd56bright_nk_cell","l3_cm_cd8_t_cell_alr",0.01,1,FALSE
"l3_cd56bright_nk_cell","l1_progenitor_cell_alr",0.01,1,FALSE
"l3_cd8aa","sex",0.01,0,FALSE
"l3_cd8aa","l3_pdc",0.01,1,FALSE
"l3_cd8aa","l2_asdc_alr",0.01,1,FALSE
"l3_cd8aa","l3_il1b_cd14_monocyte_alr",0.01,1,FALSE
"l3_cd8aa","l3_cd27_effector_b_cell_alt_alr",0.01,1,FALSE
"l3_cd8aa","l3_sox4_vd1_gdt_alr",0.01,1,FALSE
"l3_cd8aa","l3_activated_memory_b_cell_alr",0.01,1,FALSE
"l3_cd8aa","l3_gzmb_cd27_em_cd4_t_cell_alr",0.01,1,FALSE
"l3_cd8aa","l3_gzmk_cd27_em_cd8_t_cell_alt_alr",0.01,1,FALSE
"l3_cd8aa","l3_isg_naive_cd4_t_cell_alr",0.01,0,FALSE
"l3_cd8aa","l3_gzmk_memory_cd4_treg_alr",0.01,0,FALSE
"l3_cd8aa","l3_klrb1_memory_cd4_treg_alr",0.01,1,FALSE
"l3_cdc1","sex",0.01,0,FALSE
"l3_cdc1","l2_effector_b_cell_alr",0.01,0,FALSE
"l3_cdc1","l2_intermediate_monocyte_alr",0.01,1,FALSE
"l3_cdc1","l2_mait_alr",0.01,1,FALSE
"l3_cdc1","l2_memory_cd8_t_cell_alr",0.01,1,FALSE
"l3_cdc1","l3_c1q_cd16_monocyte_alr",0.01,0,FALSE
"l3_cdc1","l3_cd4_mait_alr",0.01,1,FALSE
"l3_cdc1","l3_activated_memory_b_cell_alr",0.01,1,FALSE
"l3_cdc1","l3_klrf1_gzmb_cd27_memory_cd4_t_cell_alr",0.01,0,FALSE
"l3_cdc1","l3_gzmk_cd27_em_cd8_t_cell_alt_alr",0.01,1,FALSE
"l3_cdc1","l3_klrf1_gzmb_cd27_em_cd8_t_cell_alr",0.01,0,FALSE
"l3_cdc1","l3_clp_cell_alr",0.01,0,FALSE
"l3_cdc1","l3_memory_cd8_treg_alr",0.01,1,FALSE
"l3_dn_t_cell","l2_memory_b_cell_alr",0.01,1,FALSE
"l3_dn_t_cell","l2_proliferating_nk_cell_alr",0.01,1,FALSE
"l3_dn_t_cell","l2_cd8aa_alr",0.01,1,FALSE
"l3_dn_t_cell","l3_adaptive_nk_cell_alr",0.01,0,FALSE
"l3_dn_t_cell","l3_activated_memory_b_cell_alr",0.01,1,FALSE
"l3_dn_t_cell","l3_klrf1_gzmb_cd27_memory_cd4_t_cell_alr",0.01,0,FALSE
"l3_dn_t_cell","l3_klrf1_gzmb_cd27_em_cd8_t_cell_alt_alr",0.01,0,FALSE
"l3_dn_t_cell","l1_erythrocyte_alr",0.01,1,FALSE
"l3_dn_t_cell","l1_ilc_alr",0.01,1,FALSE
"l3_erythrocyte","cmv",0.01,0,FALSE
"l3_erythrocyte","l3_intermediate_monocyte",0.01,1,FALSE
"l3_erythrocyte","l2_effector_b_cell_alr",0.01,0,FALSE
"l3_erythrocyte","l2_treg_alr",0.01,0,FALSE
"l3_erythrocyte","l3_naive_cd4_treg_alr",0.01,1,FALSE
"l3_erythrocyte","l1_ilc_alr",0.01,0,FALSE
"l3_erythrocyte","l1_platelet_alr",0.01,1,FALSE
"l3_ilc","l3_asdc",0.01,1,FALSE
"l3_ilc","l2_plasma_cell_alr",0.01,1,FALSE
"l3_ilc","l2_asdc_alr",0.01,1,FALSE
"l3_ilc","l2_cdc1_alr",0.01,0,FALSE
"l3_ilc","l2_pdc_alr",0.01,1,FALSE
"l3_ilc","l2_cd8aa_alr",0.01,0,FALSE
"l3_ilc","l3_gzmb_vd2_gdt_alr",0.01,0,FALSE
"l3_ilc","l3_type_2_polarized_memory_b_cell_alr",0.01,0,FALSE
"l3_ilc","l3_cm_cd8_t_cell_alr",0.01,0,FALSE
"l3_ilc","l3_isg_naive_b_cell_alr",0.01,1,FALSE
"l3_ilc","l3_memory_cd8_treg_alr",0.01,1,FALSE
"l3_ilc","l3_naive_cd4_treg_alr",0.01,0,FALSE
"l3_intermediate_monocyte","age_group",0.01,0,FALSE
"l3_intermediate_monocyte","cmv",0.01,0,FALSE
"l3_intermediate_monocyte","l2_progenitor_cell",0.01,0,FALSE
"l3_intermediate_monocyte","l3_cd56bright_nk_cell",0.01,0,FALSE
"l3_intermediate_monocyte","l3_erythrocyte",0.01,0,FALSE
"l3_intermediate_monocyte","l2_plasma_cell_alr",0.01,1,FALSE
"l3_intermediate_monocyte","l2_transitional_b_cell_alr",0.01,0,FALSE
"l3_intermediate_monocyte","l2_cd8aa_alr",0.01,1,FALSE
"l3_intermediate_monocyte","l2_mait_alr",0.01,0,FALSE
"l3_intermediate_monocyte","l3_cd14_cdc2_alr",0.01,0,FALSE
"l3_intermediate_monocyte","l3_sox4_vd1_gdt_alr",0.01,0,FALSE
"l3_intermediate_monocyte","l3_isg_mait_alr",0.01,0,FALSE
"l3_intermediate_monocyte","l3_cd95_memory_b_cell_alr",0.01,1,FALSE
"l3_intermediate_monocyte","l3_klrf1_gzmb_cd27_memory_cd4_t_cell_alr",0.01,0,FALSE
"l3_intermediate_monocyte","l3_gzmb_cd27_em_cd4_t_cell_alr",0.01,0,FALSE
"l3_intermediate_monocyte","l3_isg_memory_cd8_t_cell_alr",0.01,0,FALSE
"l3_intermediate_monocyte","l3_cm_cd8_t_cell_alr",0.01,1,FALSE
"l3_intermediate_monocyte","l3_gzmk_cd27_em_cd8_t_cell_alt_alr",0.01,0,FALSE
"l3_intermediate_monocyte","l3_isg_naive_b_cell_alr",0.01,0,FALSE
"l3_intermediate_monocyte","l3_isg_naive_cd8_t_cell_alr",0.01,1,FALSE
"l3_intermediate_monocyte","l3_sox4_naive_cd8_t_cell_alr",0.01,1,FALSE
"l3_intermediate_monocyte","l3_klrb1_memory_cd8_treg_alr",0.01,0,FALSE
"l3_intermediate_monocyte","l1_dc_alr",0.01,0,FALSE
"l3_pdc","l2_erythrocyte",0.01,1,FALSE
"l3_pdc","l3_cd8aa",0.01,0,FALSE
"l3_pdc","l3_proliferating_t_cell",0.01,1,FALSE
"l3_pdc","l2_memory_cd4_t_cell_alr",0.01,0,FALSE
"l3_pdc","l3_il1b_cd14_monocyte_alr",0.01,1,FALSE
"l3_pdc","l3_naive_vd1_gdt_alr",0.01,1,FALSE
"l3_pdc","l3_sox4_vd1_gdt_alr",0.01,1,FALSE
"l3_pdc","l3_klrf1_gzmb_cd27_em_cd8_t_cell_alr",0.01,1,FALSE
"l3_pdc","l1_progenitor_cell_alr",0.01,0,FALSE
"l3_plasma_cell","l2_cd8aa_alr",0.01,1,FALSE
"l3_plasma_cell","l2_dn_t_cell_alr",0.01,1,FALSE
"l3_plasma_cell","l2_gdt_alr",0.01,1,FALSE
"l3_plasma_cell","l2_mait_alr",0.01,1,FALSE
"l3_plasma_cell","l3_il1b_cd14_monocyte_alr",0.01,0,FALSE
"l3_plasma_cell","l3_isg_cd56dim_nk_cell_alr",0.01,0,FALSE
"l3_plasma_cell","l3_sox4_vd1_gdt_alr",0.01,1,FALSE
"l3_plasma_cell","l3_activated_memory_b_cell_alr",0.01,0,FALSE
"l3_plasma_cell","l3_type_2_polarized_memory_b_cell_alr",0.01,1,FALSE
"l3_plasma_cell","l3_isg_memory_cd4_t_cell_alr",0.01,1,FALSE
"l3_plasma_cell","l3_klrf1_gzmb_cd27_memory_cd4_t_cell_alr",0.01,0,FALSE
"l3_plasma_cell","l3_gzmb_cd27_em_cd4_t_cell_alt_alr",0.01,0,FALSE
"l3_plasma_cell","l3_isg_memory_cd8_t_cell_alr",0.01,1,FALSE
"l3_plasma_cell","l3_klrf1_gzmb_cd27_em_cd8_t_cell_alr",0.01,0,FALSE
"l3_plasma_cell","l3_sox4_naive_cd4_t_cell_alr",0.01,0,FALSE
"l3_plasma_cell","l3_memory_cd8_treg_alr",0.01,0,FALSE
"l3_plasma_cell","l1_ilc_alr",0.01,1,FALSE
"l3_platelet","l3_cd56bright_nk_cell",0.01,1,FALSE
"l3_platelet","l2_cd8aa_alr",0.01,1,FALSE
"l3_platelet","l2_proliferating_t_cell_alr",0.01,1,FALSE
"l3_platelet","l3_c1q_cd16_monocyte_alr",0.01,1,FALSE
"l3_platelet","l3_isg_memory_cd4_t_cell_alr",0.01,1,FALSE
"l3_platelet","l3_isg_naive_cd4_t_cell_alr",0.01,1,FALSE
"l3_platelet","l1_monocyte_alr",0.01,1,FALSE
"l3_proliferating_nk_cell","l2_progenitor_cell",0.01,1,FALSE
"l3_proliferating_nk_cell","l2_transitional_b_cell_alr",0.01,0,FALSE
"l3_proliferating_nk_cell","l2_asdc_alr",0.01,0,FALSE
"l3_proliferating_nk_cell","l2_dn_t_cell_alr",0.01,1,FALSE
"l3_proliferating_nk_cell","l3_isg_cd56dim_nk_cell_alr",0.01,1,FALSE
"l3_proliferating_nk_cell","l3_gzmb_vd2_gdt_alr",0.01,0,FALSE
"l3_proliferating_nk_cell","l3_isg_mait_alr",0.01,1,FALSE
"l3_proliferating_nk_cell","l3_sox4_naive_cd8_t_cell_alr",0.01,0,FALSE
"l3_proliferating_nk_cell","l3_clp_cell_alr",0.01,0,FALSE
"l3_proliferating_nk_cell","l3_klrb1_memory_cd4_treg_alr",0.01,0,FALSE
"l3_proliferating_t_cell","age_group",0.01,0,FALSE
"l3_proliferating_t_cell","cmv",0.01,0,FALSE
"l3_proliferating_t_cell","l3_cd56bright_nk_cell",0.01,0,FALSE
"l3_proliferating_t_cell","l3_pdc",0.01,0,FALSE
"l3_proliferating_t_cell","l2_cd8aa_alr",0.01,0,FALSE
"l3_proliferating_t_cell","l3_il1b_cd14_monocyte_alr",0.01,0,FALSE
"l3_proliferating_t_cell","l3_isg_cd14_monocyte_alr",0.01,0,FALSE
"l3_proliferating_t_cell","l3_klrf1_effector_vd1_gdt_alt_alr",0.01,1,FALSE
"l3_proliferating_t_cell","l3_isg_memory_cd8_t_cell_alr",0.01,0,FALSE
"l3_proliferating_t_cell","l3_klrf1_gzmb_cd27_em_cd8_t_cell_alr",0.01,0,FALSE
"l3_proliferating_t_cell","l3_klrb1_memory_cd4_treg_alr",0.01,0,FALSE
"l3_proliferating_t_cell","l1_ilc_alr",0.01,1,FALSE
"l3_proliferating_t_cell","l1_platelet_alr",0.01,1,FALSE
"l3_transitional_b_cell","l2_ilc",0.01,0,FALSE
"l3_transitional_b_cell","l2_progenitor_cell",0.01,0,FALSE
"l3_transitional_b_cell","l3_asdc",0.01,1,FALSE
"l3_transitional_b_cell","l3_baeomap_cell",0.01,1,FALSE
"l3_transitional_b_cell","l2_dn_t_cell_alr",0.01,1,FALSE
"l3_transitional_b_cell","l3_c1q_cd16_monocyte_alr",0.01,1,FALSE
"l3_transitional_b_cell","l3_isg_cd16_monocyte_alr",0.01,1,FALSE
"l3_transitional_b_cell","l3_adaptive_nk_cell_alr",0.01,0,FALSE
"l3_transitional_b_cell","l3_isg_cdc2_alr",0.01,1,FALSE
"l3_transitional_b_cell","l3_gzmb_vd2_gdt_alr",0.01,0,FALSE
"l3_transitional_b_cell","l3_activated_memory_b_cell_alr",0.01,0,FALSE
"l3_transitional_b_cell","l3_isg_memory_cd8_t_cell_alr",0.01,1,FALSE
"l3_transitional_b_cell","l3_klrf1_gzmb_cd27_em_cd8_t_cell_alt_alr",0.01,0,FALSE
"l3_transitional_b_cell","l3_isg_naive_cd8_t_cell_alr",0.01,0,FALSE
"l3_transitional_b_cell","l3_sox4_naive_cd8_t_cell_alr",0.01,0,FALSE
"l3_transitional_b_cell","l1_progenitor_cell_alr",0.01,1,FALSE
"l3_baeomap_cell","l2_platelet",0.01,0,FALSE
"l3_baeomap_cell","l3_transitional_b_cell",0.01,0,FALSE
"l3_baeomap_cell","l2_transitional_b_cell_alr",0.01,0,FALSE
"l3_baeomap_cell","l2_pdc_alr",0.01,1,FALSE
"l3_baeomap_cell","l3_isg_cd56dim_nk_cell_alr",0.01,1,FALSE
"l3_baeomap_cell","l3_adaptive_nk_cell_alr",0.01,0,FALSE
"l3_baeomap_cell","l3_cd14_cdc2_alr",0.01,0,FALSE
"l3_baeomap_cell","l3_sox4_vd1_gdt_alr",0.01,1,FALSE
"l3_baeomap_cell","l3_cm_cd8_t_cell_alr",0.01,0,FALSE
"l3_baeomap_cell","l3_gzmk_cd27_em_cd8_t_cell_alt_alr",0.01,1,FALSE
"l3_baeomap_cell","l3_sox4_naive_cd8_t_cell_alr",0.01,0,FALSE
"l3_baeomap_cell","l1_monocyte_alr",0.01,0,FALSE
"l3_baeomap_cell","l1_ilc_alr",0.01,1,FALSE
"l3_baeomap_cell","l1_platelet_alr",0.01,0,FALSE
"l2_effector_b_cell_alr","l2_erythrocyte",0.01,1,FALSE
"l2_effector_b_cell_alr","l3_cdc1",0.01,1,FALSE
"l2_effector_b_cell_alr","l3_erythrocyte",0.01,1,FALSE
"l2_effector_b_cell_alr","l2_cd56bright_nk_cell_alr",0.01,1,FALSE
"l2_effector_b_cell_alr","l2_dn_t_cell_alr",0.01,0,FALSE
"l2_effector_b_cell_alr","l2_treg_alr",0.01,0,FALSE
"l2_effector_b_cell_alr","l3_cd27_effector_b_cell_alt_alr",0.01,0,FALSE
"l2_effector_b_cell_alr","l1_monocyte_alr",0.01,1,FALSE
"l2_effector_b_cell_alr","l1_erythrocyte_alr",0.01,1,FALSE
"l2_memory_b_cell_alr","l3_dn_t_cell",0.01,0,FALSE
"l2_memory_b_cell_alr","l2_intermediate_monocyte_alr",0.01,1,FALSE
"l2_memory_b_cell_alr","l2_naive_cd8_t_cell_alr",0.01,1,FALSE
"l2_memory_b_cell_alr","l3_adaptive_nk_cell_alr",0.01,1,FALSE
"l2_memory_b_cell_alr","l3_isg_cdc2_alr",0.01,1,FALSE
"l2_memory_b_cell_alr","l3_isg_memory_cd4_t_cell_alr",0.01,1,FALSE
"l2_memory_b_cell_alr","l3_isg_naive_cd4_t_cell_alr",0.01,1,FALSE
"l2_plasma_cell_alr","l2_ilc",0.01,1,FALSE
"l2_plasma_cell_alr","l3_asdc",0.01,0,FALSE
"l2_plasma_cell_alr","l3_ilc",0.01,0,FALSE
"l2_plasma_cell_alr","l3_intermediate_monocyte",0.01,0,FALSE
"l2_plasma_cell_alr","l2_cd8aa_alr",0.01,0,FALSE
"l2_plasma_cell_alr","l2_naive_cd8_t_cell_alr",0.01,0,FALSE
"l2_plasma_cell_alr","l3_isg_cd16_monocyte_alr",0.01,1,FALSE
"l2_plasma_cell_alr","l3_gzmb_vd2_gdt_alr",0.01,1,FALSE
"l2_plasma_cell_alr","l3_isg_mait_alr",0.01,1,FALSE
"l2_plasma_cell_alr","l3_early_memory_b_cell_alr",0.01,0,FALSE
"l2_plasma_cell_alr","l3_klrf1_gzmb_cd27_memory_cd4_t_cell_alr",0.01,0,FALSE
"l2_plasma_cell_alr","l3_gzmb_cd27_em_cd4_t_cell_alt_alr",0.01,1,FALSE
"l2_plasma_cell_alr","l3_isg_naive_cd8_t_cell_alr",0.01,0,FALSE
"l2_plasma_cell_alr","l3_sox4_naive_cd8_t_cell_alr",0.01,0,FALSE
"l2_plasma_cell_alr","l3_naive_cd4_treg_alr",0.01,0,FALSE
"l2_transitional_b_cell_alr","l2_ilc",0.01,0,FALSE
"l2_transitional_b_cell_alr","l3_intermediate_monocyte",0.01,1,FALSE
"l2_transitional_b_cell_alr","l3_proliferating_nk_cell",0.01,1,FALSE
"l2_transitional_b_cell_alr","l3_baeomap_cell",0.01,1,FALSE
"l2_transitional_b_cell_alr","l2_intermediate_monocyte_alr",0.01,1,FALSE
"l2_transitional_b_cell_alr","l3_isg_cd14_monocyte_alr",0.01,0,FALSE
"l2_transitional_b_cell_alr","l3_gzmk_cd56dim_nk_cell_alr",0.01,1,FALSE
"l2_transitional_b_cell_alr","l3_adaptive_nk_cell_alr",0.01,1,FALSE
"l2_transitional_b_cell_alr","l3_naive_vd1_gdt_alr",0.01,0,FALSE
"l2_transitional_b_cell_alr","l3_activated_memory_b_cell_alr",0.01,0,FALSE
"l2_transitional_b_cell_alr","l3_klrf1_gzmb_cd27_em_cd8_t_cell_alt_alr",0.01,0,FALSE
"l2_transitional_b_cell_alr","l3_sox4_naive_cd4_t_cell_alr",0.01,0,FALSE
"l2_transitional_b_cell_alr","l3_memory_cd8_treg_alr",0.01,0,FALSE
"l2_asdc_alr","age_group",0.01,0,FALSE
"l2_asdc_alr","l2_ilc",0.01,1,FALSE
"l2_asdc_alr","l3_cd56bright_nk_cell",0.01,0,FALSE
"l2_asdc_alr","l3_cd8aa",0.01,0,FALSE
"l2_asdc_alr","l3_ilc",0.01,0,FALSE
"l2_asdc_alr","l3_proliferating_nk_cell",0.01,1,FALSE
"l2_asdc_alr","l2_intermediate_monocyte_alr",0.01,1,FALSE
"l2_asdc_alr","l2_dn_t_cell_alr",0.01,1,FALSE
"l2_asdc_alr","l2_memory_cd8_t_cell_alr",0.01,0,FALSE
"l2_asdc_alr","l3_c1q_cd16_monocyte_alr",0.01,0,FALSE
"l2_asdc_alr","l3_cd95_memory_b_cell_alr",0.01,0,FALSE
"l2_asdc_alr","l3_klrf1_gzmb_cd27_em_cd8_t_cell_alt_alr",0.01,0,FALSE
"l2_asdc_alr","l3_memory_cd8_treg_alr",0.01,0,FALSE
"l2_cdc1_alr","age_group",0.01,0,FALSE
"l2_cdc1_alr","l3_ilc",0.01,1,FALSE
"l2_cdc1_alr","l3_klrf1_gzmb_cd27_memory_cd4_t_cell_alr",0.01,0,FALSE
"l2_cdc1_alr","l3_gzmk_cd27_em_cd8_t_cell_alt_alr",0.01,0,FALSE
"l2_cdc1_alr","l3_gzmk_memory_cd4_treg_alr",0.01,0,FALSE
"l2_pdc_alr","l3_ilc",0.01,0,FALSE
"l2_pdc_alr","l3_baeomap_cell",0.01,0,FALSE
"l2_pdc_alr","l2_cd16_monocyte_alr",0.01,1,FALSE
"l2_pdc_alr","l2_memory_cd8_t_cell_alr",0.01,1,FALSE
"l2_pdc_alr","l3_il1b_cd14_monocyte_alr",0.01,0,FALSE
"l2_pdc_alr","l3_isg_cd14_monocyte_alr",0.01,0,FALSE
"l2_pdc_alr","l3_c1q_cd16_monocyte_alr",0.01,1,FALSE
"l2_pdc_alr","l3_cd14_cdc2_alr",0.01,0,FALSE
"l2_pdc_alr","l3_isg_cdc2_alr",0.01,0,FALSE
"l2_pdc_alr","l3_cd27_effector_b_cell_alt_alr",0.01,0,FALSE
"l2_pdc_alr","l3_isg_mait_alr",0.01,0,FALSE
"l2_pdc_alr","l3_isg_memory_cd8_t_cell_alr",0.01,0,FALSE
"l2_pdc_alr","l3_naive_cd4_treg_alr",0.01,0,FALSE
"l2_cd16_monocyte_alr","l2_pdc_alr",0.01,0,FALSE
"l2_cd16_monocyte_alr","l2_naive_cd8_t_cell_alr",0.01,0,FALSE
"l2_cd16_monocyte_alr","l2_treg_alr",0.01,0,FALSE
"l2_cd16_monocyte_alr","l3_isg_cd16_monocyte_alr",0.01,1,FALSE
"l2_cd16_monocyte_alr","l3_gzmk_cd56dim_nk_cell_alr",0.01,1,FALSE
"l2_cd16_monocyte_alr","l3_cd14_cdc2_alr",0.01,1,FALSE
"l2_cd16_monocyte_alr","l3_gzmb_vd2_gdt_alr",0.01,1,FALSE
"l2_cd16_monocyte_alr","l3_naive_vd1_gdt_alr",0.01,1,FALSE
"l2_cd16_monocyte_alr","l3_gzmk_cd27_em_cd8_t_cell_alt_alr",0.01,0,FALSE
"l2_cd16_monocyte_alr","l3_isg_naive_cd8_t_cell_alr",0.01,0,FALSE
"l2_cd16_monocyte_alr","l1_dc_alr",0.01,1,FALSE
"l2_cd16_monocyte_alr","l1_b_cell_alr",0.01,1,FALSE
"l2_cd16_monocyte_alr","l1_erythrocyte_alr",0.01,1,FALSE
"l2_intermediate_monocyte_alr","l3_cdc1",0.01,0,FALSE
"l2_intermediate_monocyte_alr","l2_memory_b_cell_alr",0.01,0,FALSE
"l2_intermediate_monocyte_alr","l2_transitional_b_cell_alr",0.01,0,FALSE
"l2_intermediate_monocyte_alr","l2_asdc_alr",0.01,0,FALSE
"l2_intermediate_monocyte_alr","l2_mait_alr",0.01,0,FALSE
"l2_intermediate_monocyte_alr","l2_treg_alr",0.01,0,FALSE
"l2_intermediate_monocyte_alr","l3_isg_cd56dim_nk_cell_alr",0.01,0,FALSE
"l2_intermediate_monocyte_alr","l3_cd27_effector_b_cell_alt_alr",0.01,0,FALSE
"l2_intermediate_monocyte_alr","l3_gzmb_vd2_gdt_alr",0.01,0,FALSE
"l2_intermediate_monocyte_alr","l3_cd95_memory_b_cell_alr",0.01,0,FALSE
"l2_intermediate_monocyte_alr","l3_early_memory_b_cell_alr",0.01,0,FALSE
"l2_intermediate_monocyte_alr","l3_klrf1_gzmb_cd27_memory_cd4_t_cell_alr",0.01,0,FALSE
"l2_intermediate_monocyte_alr","l3_gzmb_cd27_em_cd4_t_cell_alr",0.01,0,FALSE
"l2_intermediate_monocyte_alr","l3_cm_cd8_t_cell_alr",0.01,0,FALSE
"l2_intermediate_monocyte_alr","l3_clp_cell_alr",0.01,0,FALSE
"l2_intermediate_monocyte_alr","l3_gzmk_memory_cd4_treg_alr",0.01,0,FALSE
"l2_intermediate_monocyte_alr","l3_klrb1_memory_cd4_treg_alr",0.01,0,FALSE
"l2_cd56bright_nk_cell_alr","cmv",0.01,0,FALSE
"l2_cd56bright_nk_cell_alr","l2_erythrocyte",0.01,1,FALSE
"l2_cd56bright_nk_cell_alr","l2_platelet",0.01,1,FALSE
"l2_cd56bright_nk_cell_alr","l2_progenitor_cell",0.01,0,FALSE
"l2_cd56bright_nk_cell_alr","l2_effector_b_cell_alr",0.01,0,FALSE
"l2_cd56bright_nk_cell_alr","l2_cd8aa_alr",0.01,0,FALSE
"l2_cd56bright_nk_cell_alr","l2_proliferating_t_cell_alr",0.01,0,FALSE
"l2_cd56bright_nk_cell_alr","l3_isg_cd56dim_nk_cell_alr",0.01,0,FALSE
"l2_cd56bright_nk_cell_alr","l3_cd27_effector_b_cell_alt_alr",0.01,0,FALSE
"l2_cd56bright_nk_cell_alr","l3_gzmb_vd2_gdt_alr",0.01,0,FALSE
"l2_cd56bright_nk_cell_alr","l3_cd4_mait_alr",0.01,0,FALSE
"l2_cd56bright_nk_cell_alr","l3_isg_mait_alr",0.01,0,FALSE
"l2_cd56bright_nk_cell_alr","l3_gzmb_cd27_em_cd4_t_cell_alr",0.01,0,FALSE
"l2_cd56bright_nk_cell_alr","l3_isg_memory_cd8_t_cell_alr",0.01,0,FALSE
"l2_cd56bright_nk_cell_alr","l3_gzmk_memory_cd4_treg_alr",0.01,0,FALSE
"l2_cd56bright_nk_cell_alr","l1_progenitor_cell_alr",0.01,1,FALSE
"l2_proliferating_nk_cell_alr","l3_dn_t_cell",0.01,0,FALSE
"l2_proliferating_nk_cell_alr","l3_isg_cd16_monocyte_alr",0.01,0,FALSE
"l2_proliferating_nk_cell_alr","l3_sox4_vd1_gdt_alr",0.01,0,FALSE
"l2_proliferating_nk_cell_alr","l3_isg_mait_alr",0.01,1,FALSE
"l2_proliferating_nk_cell_alr","l3_type_2_polarized_memory_b_cell_alr",0.01,0,FALSE
"l2_proliferating_nk_cell_alr","l3_gzmb_cd27_em_cd4_t_cell_alr",0.01,1,FALSE
"l2_proliferating_nk_cell_alr","l3_isg_memory_cd8_t_cell_alr",0.01,0,FALSE
"l2_proliferating_nk_cell_alr","l3_gzmk_cd27_em_cd8_t_cell_alt_alr",0.01,0,FALSE
"l2_proliferating_nk_cell_alr","l3_klrf1_gzmb_cd27_em_cd8_t_cell_alt_alr",0.01,1,FALSE
"l2_proliferating_nk_cell_alr","l1_ilc_alr",0.01,0,FALSE
"l2_cd8aa_alr","l3_dn_t_cell",0.01,0,FALSE
"l2_cd8aa_alr","l3_ilc",0.01,1,FALSE
"l2_cd8aa_alr","l3_intermediate_monocyte",0.01,0,FALSE
"l2_cd8aa_alr","l3_plasma_cell",0.01,0,FALSE
"l2_cd8aa_alr","l3_platelet",0.01,0,FALSE
"l2_cd8aa_alr","l3_proliferating_t_cell",0.01,1,FALSE
"l2_cd8aa_alr","l2_plasma_cell_alr",0.01,1,FALSE
"l2_cd8aa_alr","l2_cd56bright_nk_cell_alr",0.01,1,FALSE
"l2_cd8aa_alr","l3_gzmk_cd56dim_nk_cell_alr",0.01,0,FALSE
"l2_cd8aa_alr","l3_cd27_effector_b_cell_alt_alr",0.01,1,FALSE
"l2_cd8aa_alr","l3_isg_mait_alr",0.01,1,FALSE
"l2_cd8aa_alr","l3_early_memory_b_cell_alr",0.01,1,FALSE
"l2_cd8aa_alr","l3_klrf1_gzmb_cd27_memory_cd4_t_cell_alr",0.01,0,FALSE
"l2_cd8aa_alr","l3_klrf1_gzmb_cd27_em_cd8_t_cell_alt_alr",0.01,0,FALSE
"l2_cd8aa_alr","l3_klrb1_memory_cd4_treg_alr",0.01,0,FALSE
"l2_cd8aa_alr","l3_klrb1_memory_cd8_treg_alr",0.01,0,FALSE
"l2_cd8aa_alr","l3_naive_cd4_treg_alr",0.01,0,FALSE
"l2_dn_t_cell_alr","l2_ilc",0.01,1,FALSE
"l2_dn_t_cell_alr","l3_plasma_cell",0.01,0,FALSE
"l2_dn_t_cell_alr","l3_proliferating_nk_cell",0.01,0,FALSE
"l2_dn_t_cell_alr","l3_transitional_b_cell",0.01,0,FALSE
"l2_dn_t_cell_alr","l2_effector_b_cell_alr",0.01,1,FALSE
"l2_dn_t_cell_alr","l2_asdc_alr",0.01,0,FALSE
"l2_dn_t_cell_alr","l3_adaptive_nk_cell_alr",0.01,0,FALSE
"l2_dn_t_cell_alr","l3_naive_vd1_gdt_alr",0.01,1,FALSE
"l2_dn_t_cell_alr","l3_klrf1_gzmb_cd27_memory_cd4_t_cell_alr",0.01,0,FALSE
"l2_dn_t_cell_alr","l3_gzmb_cd27_em_cd4_t_cell_alr",0.01,0,FALSE
"l2_dn_t_cell_alr","l3_gzmb_cd27_em_cd4_t_cell_alt_alr",0.01,1,FALSE
"l2_dn_t_cell_alr","l3_cm_cd8_t_cell_alr",0.01,1,FALSE
"l2_dn_t_cell_alr","l3_klrf1_gzmb_cd27_em_cd8_t_cell_alt_alr",0.01,0,FALSE
"l2_dn_t_cell_alr","l3_gzmk_memory_cd4_treg_alr",0.01,1,FALSE
"l2_dn_t_cell_alr","l3_memory_cd8_treg_alr",0.01,1,FALSE
"l2_gdt_alr","l3_plasma_cell",0.01,0,FALSE
"l2_gdt_alr","l2_treg_alr",0.01,0,FALSE
"l2_gdt_alr","l3_c1q_cd16_monocyte_alr",0.01,0,FALSE
"l2_gdt_alr","l3_isg_naive_b_cell_alr",0.01,1,FALSE
"l2_gdt_alr","l3_isg_naive_cd8_t_cell_alr",0.01,0,FALSE
"l2_gdt_alr","l3_klrb1_memory_cd4_treg_alr",0.01,1,FALSE
"l2_gdt_alr","l1_dc_alr",0.01,0,FALSE
"l2_gdt_alr","l1_nk_cell_alr",0.01,1,FALSE
"l2_gdt_alr","l1_ilc_alr",0.01,1,FALSE
"l2_gdt_alr","l1_platelet_alr",0.01,0,FALSE
"l2_mait_alr","age_group",0.01,0,FALSE
"l2_mait_alr","l3_cdc1",0.01,0,FALSE
"l2_mait_alr","l3_intermediate_monocyte",0.01,1,FALSE
"l2_mait_alr","l3_plasma_cell",0.01,0,FALSE
"l2_mait_alr","l2_intermediate_monocyte_alr",0.01,1,FALSE
"l2_mait_alr","l3_il1b_cd14_monocyte_alr",0.01,0,FALSE
"l2_mait_alr","l3_isg_cd56dim_nk_cell_alr",0.01,1,FALSE
"l2_mait_alr","l3_cd14_cdc2_alr",0.01,1,FALSE
"l2_mait_alr","l3_type_2_polarized_memory_b_cell_alr",0.01,0,FALSE
"l2_mait_alr","l3_isg_memory_cd4_t_cell_alr",0.01,1,FALSE
"l2_mait_alr","l3_isg_naive_b_cell_alr",0.01,1,FALSE
"l2_mait_alr","l3_sox4_naive_cd4_t_cell_alr",0.01,0,FALSE
"l2_mait_alr","l3_gzmk_memory_cd4_treg_alr",0.01,0,FALSE
"l2_mait_alr","l1_erythrocyte_alr",0.01,0,FALSE
"l2_memory_cd4_t_cell_alr","l3_asdc",0.01,1,FALSE
"l2_memory_cd4_t_cell_alr","l3_pdc",0.01,1,FALSE
"l2_memory_cd4_t_cell_alr","l3_cd14_cdc2_alr",0.01,1,FALSE
"l2_memory_cd4_t_cell_alr","l3_naive_vd1_gdt_alr",0.01,1,FALSE
"l2_memory_cd4_t_cell_alr","l3_sox4_vd1_gdt_alr",0.01,1,FALSE
"l2_memory_cd4_t_cell_alr","l3_early_memory_b_cell_alr",0.01,0,FALSE
"l2_memory_cd4_t_cell_alr","l3_klrb1_memory_cd4_treg_alr",0.01,1,FALSE
"l2_memory_cd8_t_cell_alr","l2_platelet",0.01,1,FALSE
"l2_memory_cd8_t_cell_alr","l3_cd56bright_nk_cell",0.01,0,FALSE
"l2_memory_cd8_t_cell_alr","l3_cdc1",0.01,0,FALSE
"l2_memory_cd8_t_cell_alr","l2_asdc_alr",0.01,1,FALSE
"l2_memory_cd8_t_cell_alr","l2_pdc_alr",0.01,0,FALSE
"l2_memory_cd8_t_cell_alr","l3_isg_cd16_monocyte_alr",0.01,1,FALSE
"l2_memory_cd8_t_cell_alr","l3_gzmb_vd2_gdt_alr",0.01,0,FALSE
"l2_memory_cd8_t_cell_alr","l3_gzmk_cd27_em_cd8_t_cell_alt_alr",0.01,1,FALSE
"l2_memory_cd8_t_cell_alr","l3_sox4_naive_cd8_t_cell_alr",0.01,0,FALSE
"l2_memory_cd8_t_cell_alr","l3_clp_cell_alr",0.01,0,FALSE
"l2_memory_cd8_t_cell_alr","l3_klrb1_memory_cd4_treg_alr",0.01,0,FALSE
"l2_naive_cd8_t_cell_alr","l2_memory_b_cell_alr",0.01,0,FALSE
"l2_naive_cd8_t_cell_alr","l2_plasma_cell_alr",0.01,1,FALSE
"l2_naive_cd8_t_cell_alr","l2_cd16_monocyte_alr",0.01,1,FALSE
"l2_naive_cd8_t_cell_alr","l3_gzmk_cd56dim_nk_cell_alr",0.01,1,FALSE
"l2_naive_cd8_t_cell_alr","l3_gzmb_vd2_gdt_alr",0.01,1,FALSE
"l2_naive_cd8_t_cell_alr","l3_isg_mait_alr",0.01,0,FALSE
"l2_naive_cd8_t_cell_alr","l3_gzmk_cd27_em_cd8_t_cell_alt_alr",0.01,1,FALSE
"l2_naive_cd8_t_cell_alr","l3_klrf1_gzmb_cd27_em_cd8_t_cell_alr",0.01,1,FALSE
"l2_naive_cd8_t_cell_alr","l1_dc_alr",0.01,0,FALSE
"l2_naive_cd8_t_cell_alr","l1_erythrocyte_alr",0.01,1,FALSE
"l2_proliferating_t_cell_alr","l2_erythrocyte",0.01,1,FALSE
"l2_proliferating_t_cell_alr","l2_progenitor_cell",0.01,0,FALSE
"l2_proliferating_t_cell_alr","l3_platelet",0.01,0,FALSE
"l2_proliferating_t_cell_alr","l2_cd56bright_nk_cell_alr",0.01,1,FALSE
"l2_proliferating_t_cell_alr","l3_c1q_cd16_monocyte_alr",0.01,0,FALSE
"l2_proliferating_t_cell_alr","l3_isg_cd16_monocyte_alr",0.01,0,FALSE
"l2_proliferating_t_cell_alr","l3_klrf1_effector_vd1_gdt_alr",0.01,1,FALSE
"l2_proliferating_t_cell_alr","l3_cd4_mait_alr",0.01,1,FALSE
"l2_proliferating_t_cell_alr","l3_klrf1_gzmb_cd27_memory_cd4_t_cell_alr",0.01,0,FALSE
"l2_proliferating_t_cell_alr","l3_klrf1_gzmb_cd27_em_cd8_t_cell_alr",0.01,1,FALSE
"l2_proliferating_t_cell_alr","l3_klrb1_memory_cd8_treg_alr",0.01,1,FALSE
"l2_proliferating_t_cell_alr","l1_progenitor_cell_alr",0.01,0,FALSE
"l2_treg_alr","sex",0.01,0,FALSE
"l2_treg_alr","l3_erythrocyte",0.01,1,FALSE
"l2_treg_alr","l2_effector_b_cell_alr",0.01,1,FALSE
"l2_treg_alr","l2_cd16_monocyte_alr",0.01,1,FALSE
"l2_treg_alr","l2_intermediate_monocyte_alr",0.01,1,FALSE
"l2_treg_alr","l2_gdt_alr",0.01,1,FALSE
"l2_treg_alr","l3_isg_cd56dim_nk_cell_alr",0.01,1,FALSE
"l2_treg_alr","l3_cd27_effector_b_cell_alt_alr",0.01,0,FALSE
"l2_treg_alr","l3_gzmb_vd2_gdt_alr",0.01,0,FALSE
"l2_treg_alr","l3_sox4_vd1_gdt_alr",0.01,1,FALSE
"l2_treg_alr","l3_klrf1_gzmb_cd27_memory_cd4_t_cell_alr",0.01,1,FALSE
"l2_treg_alr","l3_isg_naive_cd4_t_cell_alr",0.01,1,FALSE
"l2_treg_alr","l3_isg_naive_cd8_t_cell_alr",0.01,1,FALSE
"l2_treg_alr","l3_clp_cell_alr",0.01,0,FALSE
"l2_treg_alr","l1_platelet_alr",0.01,1,FALSE
"l2_treg_alr","l1_progenitor_cell_alr",0.01,1,FALSE
"l3_il1b_cd14_monocyte_alr","l3_cd8aa",0.01,0,FALSE
"l3_il1b_cd14_monocyte_alr","l3_pdc",0.01,0,FALSE
"l3_il1b_cd14_monocyte_alr","l3_plasma_cell",0.01,1,FALSE
"l3_il1b_cd14_monocyte_alr","l3_proliferating_t_cell",0.01,1,FALSE
"l3_il1b_cd14_monocyte_alr","l2_pdc_alr",0.01,1,FALSE
"l3_il1b_cd14_monocyte_alr","l2_mait_alr",0.01,1,FALSE
"l3_il1b_cd14_monocyte_alr","l3_c1q_cd16_monocyte_alr",0.01,0,FALSE
"l3_il1b_cd14_monocyte_alr","l3_gzmk_cd56dim_nk_cell_alr",0.01,0,FALSE
"l3_il1b_cd14_monocyte_alr","l3_isg_cdc2_alr",0.01,0,FALSE
"l3_il1b_cd14_monocyte_alr","l3_klrf1_effector_vd1_gdt_alt_alr",0.01,1,FALSE
"l3_il1b_cd14_monocyte_alr","l3_type_2_polarized_memory_b_cell_alr",0.01,0,FALSE
"l3_il1b_cd14_monocyte_alr","l3_klrf1_gzmb_cd27_memory_cd4_t_cell_alr",0.01,0,FALSE
"l3_il1b_cd14_monocyte_alr","l3_sox4_naive_cd4_t_cell_alr",0.01,0,FALSE
"l3_il1b_cd14_monocyte_alr","l3_clp_cell_alr",0.01,1,FALSE
"l3_il1b_cd14_monocyte_alr","l1_monocyte_alr",0.01,1,FALSE
"l3_il1b_cd14_monocyte_alr","l1_nk_cell_alr",0.01,1,FALSE
"l3_il1b_cd14_monocyte_alr","l1_platelet_alr",0.01,0,FALSE
"l3_isg_cd14_monocyte_alr","age_group",0.01,0,FALSE
"l3_isg_cd14_monocyte_alr","sex",0.01,0,FALSE
"l3_isg_cd14_monocyte_alr","l2_platelet",0.01,1,FALSE
"l3_isg_cd14_monocyte_alr","l3_proliferating_t_cell",0.01,1,FALSE
"l3_isg_cd14_monocyte_alr","l2_transitional_b_cell_alr",0.01,1,FALSE
"l3_isg_cd14_monocyte_alr","l2_pdc_alr",0.01,1,FALSE
"l3_isg_cd14_monocyte_alr","l3_cd27_effector_b_cell_alt_alr",0.01,1,FALSE
"l3_isg_cd14_monocyte_alr","l3_gzmb_cd27_em_cd4_t_cell_alr",0.01,1,FALSE
"l3_isg_cd14_monocyte_alr","l3_gzmb_cd27_em_cd4_t_cell_alt_alr",0.01,1,FALSE
"l3_isg_cd14_monocyte_alr","l3_sox4_naive_cd4_t_cell_alr",0.01,1,FALSE
"l3_isg_cd14_monocyte_alr","l3_clp_cell_alr",0.01,0,FALSE
"l3_isg_cd14_monocyte_alr","l1_platelet_alr",0.01,1,FALSE
"l3_isg_cd14_monocyte_alr","l1_progenitor_cell_alr",0.01,1,FALSE
"l3_c1q_cd16_monocyte_alr","l2_ilc",0.01,0,FALSE
"l3_c1q_cd16_monocyte_alr","l3_cdc1",0.01,1,FALSE
"l3_c1q_cd16_monocyte_alr","l3_platelet",0.01,0,FALSE
"l3_c1q_cd16_monocyte_alr","l3_transitional_b_cell",0.01,0,FALSE
"l3_c1q_cd16_monocyte_alr","l2_asdc_alr",0.01,1,FALSE
"l3_c1q_cd16_monocyte_alr","l2_pdc_alr",0.01,0,FALSE
"l3_c1q_cd16_monocyte_alr","l2_gdt_alr",0.01,1,FALSE
"l3_c1q_cd16_monocyte_alr","l2_proliferating_t_cell_alr",0.01,1,FALSE
"l3_c1q_cd16_monocyte_alr","l3_il1b_cd14_monocyte_alr",0.01,1,FALSE
"l3_c1q_cd16_monocyte_alr","l3_isg_cd56dim_nk_cell_alr",0.01,0,FALSE
"l3_c1q_cd16_monocyte_alr","l3_adaptive_nk_cell_alr",0.01,1,FALSE
"l3_c1q_cd16_monocyte_alr","l3_early_memory_b_cell_alr",0.01,0,FALSE
"l3_c1q_cd16_monocyte_alr","l3_klrf1_gzmb_cd27_em_cd8_t_cell_alr",0.01,1,FALSE
"l3_c1q_cd16_monocyte_alr","l3_isg_naive_b_cell_alr",0.01,0,FALSE
"l3_c1q_cd16_monocyte_alr","l3_klrb1_memory_cd8_treg_alr",0.01,0,FALSE
"l3_c1q_cd16_monocyte_alr","l1_erythrocyte_alr",0.01,1,FALSE
"l3_c1q_cd16_monocyte_alr","l1_ilc_alr",0.01,1,FALSE
"l3_isg_cd16_monocyte_alr","cmv",0.01,0,FALSE
"l3_isg_cd16_monocyte_alr","l3_transitional_b_cell",0.01,0,FALSE
"l3_isg_cd16_monocyte_alr","l2_plasma_cell_alr",0.01,0,FALSE
"l3_isg_cd16_monocyte_alr","l2_cd16_monocyte_alr",0.01,0,FALSE
"l3_isg_cd16_monocyte_alr","l2_proliferating_nk_cell_alr",0.01,1,FALSE
"l3_isg_cd16_monocyte_alr","l2_memory_cd8_t_cell_alr",0.01,0,FALSE
"l3_isg_cd16_monocyte_alr","l2_proliferating_t_cell_alr",0.01,1,FALSE
"l3_isg_cd16_monocyte_alr","l3_klrf1_effector_vd1_gdt_alt_alr",0.01,0,FALSE
"l3_isg_cd16_monocyte_alr","l3_naive_vd1_gdt_alr",0.01,1,FALSE
"l3_isg_cd16_monocyte_alr","l3_isg_memory_cd8_t_cell_alr",0.01,1,FALSE
"l3_isg_cd16_monocyte_alr","l1_erythrocyte_alr",0.01,1,FALSE
"l3_gzmk_cd56dim_nk_cell_alr","l2_erythrocyte",0.01,1,FALSE
"l3_gzmk_cd56dim_nk_cell_alr","l2_progenitor_cell",0.01,0,FALSE
"l3_gzmk_cd56dim_nk_cell_alr","l2_transitional_b_cell_alr",0.01,0,FALSE
"l3_gzmk_cd56dim_nk_cell_alr","l2_cd16_monocyte_alr",0.01,0,FALSE
"l3_gzmk_cd56dim_nk_cell_alr","l2_cd8aa_alr",0.01,1,FALSE
"l3_gzmk_cd56dim_nk_cell_alr","l2_naive_cd8_t_cell_alr",0.01,0,FALSE
"l3_gzmk_cd56dim_nk_cell_alr","l3_il1b_cd14_monocyte_alr",0.01,1,FALSE
"l3_gzmk_cd56dim_nk_cell_alr","l3_cd14_cdc2_alr",0.01,1,FALSE
"l3_gzmk_cd56dim_nk_cell_alr","l3_isg_cdc2_alr",0.01,1,FALSE
"l3_gzmk_cd56dim_nk_cell_alr","l3_gzmb_vd2_gdt_alr",0.01,0,FALSE
"l3_gzmk_cd56dim_nk_cell_alr","l3_cd95_memory_b_cell_alr",0.01,1,FALSE
"l3_gzmk_cd56dim_nk_cell_alr","l3_type_2_polarized_memory_b_cell_alr",0.01,0,FALSE
"l3_gzmk_cd56dim_nk_cell_alr","l3_cm_cd8_t_cell_alr",0.01,1,FALSE
"l3_gzmk_cd56dim_nk_cell_alr","l3_sox4_naive_cd8_t_cell_alr",0.01,1,FALSE
"l3_gzmk_cd56dim_nk_cell_alr","l3_klrb1_memory_cd4_treg_alr",0.01,1,FALSE
"l3_isg_cd56dim_nk_cell_alr","l3_plasma_cell",0.01,1,FALSE
"l3_isg_cd56dim_nk_cell_alr","l3_proliferating_nk_cell",0.01,0,FALSE
"l3_isg_cd56dim_nk_cell_alr","l3_baeomap_cell",0.01,0,FALSE
"l3_isg_cd56dim_nk_cell_alr","l2_intermediate_monocyte_alr",0.01,1,FALSE
"l3_isg_cd56dim_nk_cell_alr","l2_cd56bright_nk_cell_alr",0.01,1,FALSE
"l3_isg_cd56dim_nk_cell_alr","l2_mait_alr",0.01,0,FALSE
"l3_isg_cd56dim_nk_cell_alr","l2_treg_alr",0.01,0,FALSE
"l3_isg_cd56dim_nk_cell_alr","l3_c1q_cd16_monocyte_alr",0.01,1,FALSE
"l3_isg_cd56dim_nk_cell_alr","l3_gzmb_vd2_gdt_alr",0.01,0,FALSE
"l3_isg_cd56dim_nk_cell_alr","l3_activated_memory_b_cell_alr",0.01,0,FALSE
"l3_isg_cd56dim_nk_cell_alr","l3_klrf1_gzmb_cd27_memory_cd4_t_cell_alr",0.01,0,FALSE
"l3_adaptive_nk_cell_alr","l3_dn_t_cell",0.01,1,FALSE
"l3_adaptive_nk_cell_alr","l3_transitional_b_cell",0.01,1,FALSE
"l3_adaptive_nk_cell_alr","l3_baeomap_cell",0.01,1,FALSE
"l3_adaptive_nk_cell_alr","l2_memory_b_cell_alr",0.01,0,FALSE
"l3_adaptive_nk_cell_alr","l2_transitional_b_cell_alr",0.01,0,FALSE
"l3_adaptive_nk_cell_alr","l2_dn_t_cell_alr",0.01,1,FALSE
"l3_adaptive_nk_cell_alr","l3_c1q_cd16_monocyte_alr",0.01,0,FALSE
"l3_adaptive_nk_cell_alr","l3_cd14_cdc2_alr",0.01,0,FALSE
"l3_adaptive_nk_cell_alr","l3_naive_vd1_gdt_alr",0.01,0,FALSE
"l3_adaptive_nk_cell_alr","l3_cd4_mait_alr",0.01,0,FALSE
"l3_adaptive_nk_cell_alr","l3_isg_memory_cd8_t_cell_alr",0.01,1,FALSE
"l3_adaptive_nk_cell_alr","l3_isg_naive_cd4_t_cell_alr",0.01,1,FALSE
"l3_adaptive_nk_cell_alr","l3_sox4_naive_cd8_t_cell_alr",0.01,0,FALSE
"l3_adaptive_nk_cell_alr","l3_klrb1_memory_cd4_treg_alr",0.01,1,FALSE
"l3_adaptive_nk_cell_alr","l3_klrb1_memory_cd8_treg_alr",0.01,1,FALSE
"l3_adaptive_nk_cell_alr","l1_b_cell_alr",0.01,1,FALSE
"l3_cd14_cdc2_alr","l2_platelet",0.01,1,FALSE
"l3_cd14_cdc2_alr","l3_intermediate_monocyte",0.01,1,FALSE
"l3_cd14_cdc2_alr","l3_baeomap_cell",0.01,1,FALSE
"l3_cd14_cdc2_alr","l2_pdc_alr",0.01,1,FALSE
"l3_cd14_cdc2_alr","l2_cd16_monocyte_alr",0.01,0,FALSE
"l3_cd14_cdc2_alr","l2_mait_alr",0.01,0,FALSE
"l3_cd14_cdc2_alr","l2_memory_cd4_t_cell_alr",0.01,0,FALSE
"l3_cd14_cdc2_alr","l3_gzmk_cd56dim_nk_cell_alr",0.01,0,FALSE
"l3_cd14_cdc2_alr","l3_adaptive_nk_cell_alr",0.01,1,FALSE
"l3_cd14_cdc2_alr","l3_cd4_mait_alr",0.01,0,FALSE
"l3_cd14_cdc2_alr","l3_klrf1_gzmb_cd27_memory_cd4_t_cell_alr",0.01,0,FALSE
"l3_cd14_cdc2_alr","l3_isg_naive_b_cell_alr",0.01,0,FALSE
"l3_cd14_cdc2_alr","l3_memory_cd8_treg_alr",0.01,0,FALSE
"l3_cd14_cdc2_alr","l1_b_cell_alr",0.01,0,FALSE
"l3_isg_cdc2_alr","sex",0.01,0,FALSE
"l3_isg_cdc2_alr","l3_transitional_b_cell",0.01,0,FALSE
"l3_isg_cdc2_alr","l2_memory_b_cell_alr",0.01,0,FALSE
"l3_isg_cdc2_alr","l2_pdc_alr",0.01,1,FALSE
"l3_isg_cdc2_alr","l3_il1b_cd14_monocyte_alr",0.01,1,FALSE
"l3_isg_cdc2_alr","l3_gzmk_cd56dim_nk_cell_alr",0.01,0,FALSE
"l3_isg_cdc2_alr","l3_cd27_effector_b_cell_alt_alr",0.01,0,FALSE
"l3_isg_cdc2_alr","l3_klrf1_effector_vd1_gdt_alr",0.01,1,FALSE
"l3_isg_cdc2_alr","l3_isg_memory_cd8_t_cell_alr",0.01,1,FALSE
"l3_isg_cdc2_alr","l3_sox4_naive_cd4_t_cell_alr",0.01,1,FALSE
"l3_cd27_effector_b_cell_alt_alr","l3_asdc",0.01,0,FALSE
"l3_cd27_effector_b_cell_alt_alr","l3_cd8aa",0.01,0,FALSE
"l3_cd27_effector_b_cell_alt_alr","l2_effector_b_cell_alr",0.01,1,FALSE
"l3_cd27_effector_b_cell_alt_alr","l2_pdc_alr",0.01,1,FALSE
"l3_cd27_effector_b_cell_alt_alr","l2_intermediate_monocyte_alr",0.01,1,FALSE
"l3_cd27_effector_b_cell_alt_alr","l2_cd56bright_nk_cell_alr",0.01,1,FALSE
"l3_cd27_effector_b_cell_alt_alr","l2_cd8aa_alr",0.01,0,FALSE
"l3_cd27_effector_b_cell_alt_alr","l2_treg_alr",0.01,1,FALSE
"l3_cd27_effector_b_cell_alt_alr","l3_isg_cd14_monocyte_alr",0.01,0,FALSE
"l3_cd27_effector_b_cell_alt_alr","l3_isg_cdc2_alr",0.01,1,FALSE
"l3_cd27_effector_b_cell_alt_alr","l3_cd95_memory_b_cell_alr",0.01,1,FALSE
"l3_cd27_effector_b_cell_alt_alr","l3_type_2_polarized_memory_b_cell_alr",0.01,1,FALSE
"l3_gzmb_vd2_gdt_alr","l3_ilc",0.01,1,FALSE
"l3_gzmb_vd2_gdt_alr","l3_proliferating_nk_cell",0.01,1,FALSE
"l3_gzmb_vd2_gdt_alr","l3_transitional_b_cell",0.01,1,FALSE
"l3_gzmb_vd2_gdt_alr","l2_plasma_cell_alr",0.01,0,FALSE
"l3_gzmb_vd2_gdt_alr","l2_cd16_monocyte_alr",0.01,0,FALSE
"l3_gzmb_vd2_gdt_alr","l2_intermediate_monocyte_alr",0.01,1,FALSE
"l3_gzmb_vd2_gdt_alr","l2_cd56bright_nk_cell_alr",0.01,1,FALSE
"l3_gzmb_vd2_gdt_alr","l2_memory_cd8_t_cell_alr",0.01,1,FALSE
"l3_gzmb_vd2_gdt_alr","l2_naive_cd8_t_cell_alr",0.01,0,FALSE
"l3_gzmb_vd2_gdt_alr","l2_treg_alr",0.01,1,FALSE
"l3_gzmb_vd2_gdt_alr","l3_gzmk_cd56dim_nk_cell_alr",0.01,1,FALSE
"l3_gzmb_vd2_gdt_alr","l3_isg_cd56dim_nk_cell_alr",0.01,1,FALSE
"l3_gzmb_vd2_gdt_alr","l3_naive_vd1_gdt_alr",0.01,1,FALSE
"l3_gzmb_vd2_gdt_alr","l3_isg_memory_cd4_t_cell_alr",0.01,0,FALSE
"l3_gzmb_vd2_gdt_alr","l3_isg_naive_cd8_t_cell_alr",0.01,1,FALSE
"l3_klrf1_effector_vd1_gdt_alr","l2_platelet",0.01,1,FALSE
"l3_klrf1_effector_vd1_gdt_alr","l3_cd56bright_nk_cell",0.01,0,FALSE
"l3_klrf1_effector_vd1_gdt_alr","l2_proliferating_t_cell_alr",0.01,0,FALSE
"l3_klrf1_effector_vd1_gdt_alr","l3_isg_cdc2_alr",0.01,0,FALSE
"l3_klrf1_effector_vd1_gdt_alr","l3_type_2_polarized_memory_b_cell_alr",0.01,0,FALSE
"l3_klrf1_effector_vd1_gdt_alr","l3_cm_cd8_t_cell_alr",0.01,0,FALSE
"l3_klrf1_effector_vd1_gdt_alr","l3_isg_naive_b_cell_alr",0.01,0,FALSE
"l3_klrf1_effector_vd1_gdt_alr","l1_monocyte_alr",0.01,0,FALSE
"l3_klrf1_effector_vd1_gdt_alr","l1_erythrocyte_alr",0.01,0,FALSE
"l3_klrf1_effector_vd1_gdt_alr","l1_platelet_alr",0.01,1,FALSE
"l3_klrf1_effector_vd1_gdt_alr","l1_progenitor_cell_alr",0.01,1,FALSE
"l3_klrf1_effector_vd1_gdt_alt_alr","l3_proliferating_t_cell",0.01,0,FALSE
"l3_klrf1_effector_vd1_gdt_alt_alr","l3_il1b_cd14_monocyte_alr",0.01,0,FALSE
"l3_klrf1_effector_vd1_gdt_alt_alr","l3_isg_cd16_monocyte_alr",0.01,1,FALSE
"l3_klrf1_effector_vd1_gdt_alt_alr","l3_type_2_polarized_memory_b_cell_alr",0.01,0,FALSE
"l3_klrf1_effector_vd1_gdt_alt_alr","l3_gzmb_cd27_em_cd4_t_cell_alr",0.01,1,FALSE
"l3_klrf1_effector_vd1_gdt_alt_alr","l3_gzmb_cd27_em_cd4_t_cell_alt_alr",0.01,1,FALSE
"l3_klrf1_effector_vd1_gdt_alt_alr","l3_klrb1_memory_cd8_treg_alr",0.01,0,FALSE
"l3_klrf1_effector_vd1_gdt_alt_alr","l1_nk_cell_alr",0.01,0,FALSE
"l3_klrf1_effector_vd1_gdt_alt_alr","l1_ilc_alr",0.01,1,FALSE
"l3_klrf1_effector_vd1_gdt_alt_alr","l1_platelet_alr",0.01,1,FALSE
"l3_naive_vd1_gdt_alr","l3_pdc",0.01,0,FALSE
"l3_naive_vd1_gdt_alr","l2_transitional_b_cell_alr",0.01,1,FALSE
"l3_naive_vd1_gdt_alr","l2_cd16_monocyte_alr",0.01,0,FALSE
"l3_naive_vd1_gdt_alr","l2_dn_t_cell_alr",0.01,0,FALSE
"l3_naive_vd1_gdt_alr","l2_memory_cd4_t_cell_alr",0.01,0,FALSE
"l3_naive_vd1_gdt_alr","l3_isg_cd16_monocyte_alr",0.01,0,FALSE
"l3_naive_vd1_gdt_alr","l3_adaptive_nk_cell_alr",0.01,1,FALSE
"l3_naive_vd1_gdt_alr","l3_gzmb_vd2_gdt_alr",0.01,0,FALSE
"l3_naive_vd1_gdt_alr","l3_isg_mait_alr",0.01,1,FALSE
"l3_naive_vd1_gdt_alr","l3_gzmb_cd27_em_cd4_t_cell_alt_alr",0.01,1,FALSE
"l3_naive_vd1_gdt_alr","l3_cm_cd8_t_cell_alr",0.01,0,FALSE
"l3_naive_vd1_gdt_alr","l3_sox4_naive_cd8_t_cell_alr",0.01,0,FALSE
"l3_naive_vd1_gdt_alr","l3_gzmk_memory_cd4_treg_alr",0.01,0,FALSE
"l3_naive_vd1_gdt_alr","l1_progenitor_cell_alr",0.01,0,FALSE
"l3_sox4_vd1_gdt_alr","l3_cd8aa",0.01,0,FALSE
"l3_sox4_vd1_gdt_alr","l3_intermediate_monocyte",0.01,1,FALSE
"l3_sox4_vd1_gdt_alr","l3_pdc",0.01,0,FALSE
"l3_sox4_vd1_gdt_alr","l3_plasma_cell",0.01,0,FALSE
"l3_sox4_vd1_gdt_alr","l3_baeomap_cell",0.01,0,FALSE
"l3_sox4_vd1_gdt_alr","l2_proliferating_nk_cell_alr",0.01,1,FALSE
"l3_sox4_vd1_gdt_alr","l2_memory_cd4_t_cell_alr",0.01,0,FALSE
"l3_sox4_vd1_gdt_alr","l2_treg_alr",0.01,0,FALSE
"l3_sox4_vd1_gdt_alr","l3_cd4_mait_alr",0.01,0,FALSE
"l3_sox4_vd1_gdt_alr","l3_cm_cd8_t_cell_alr",0.01,1,FALSE
"l3_cd4_mait_alr","l3_cdc1",0.01,0,FALSE
"l3_cd4_mait_alr","l2_cd56bright_nk_cell_alr",0.01,1,FALSE
"l3_cd4_mait_alr","l2_proliferating_t_cell_alr",0.01,0,FALSE
"l3_cd4_mait_alr","l3_adaptive_nk_cell_alr",0.01,1,FALSE
"l3_cd4_mait_alr","l3_cd14_cdc2_alr",0.01,1,FALSE
"l3_cd4_mait_alr","l3_sox4_vd1_gdt_alr",0.01,1,FALSE
"l3_cd4_mait_alr","l3_klrf1_gzmb_cd27_memory_cd4_t_cell_alr",0.01,0,FALSE
"l3_cd4_mait_alr","l3_isg_naive_cd8_t_cell_alr",0.01,1,FALSE
"l3_cd4_mait_alr","l3_klrb1_memory_cd4_treg_alr",0.01,1,FALSE
"l3_cd4_mait_alr","l3_memory_cd8_treg_alr",0.01,1,FALSE
"l3_cd4_mait_alr","l1_monocyte_alr",0.01,0,FALSE
"l3_cd4_mait_alr","l1_erythrocyte_alr",0.01,1,FALSE
"l3_isg_mait_alr","l3_intermediate_monocyte",0.01,1,FALSE
"l3_isg_mait_alr","l3_proliferating_nk_cell",0.01,0,FALSE
"l3_isg_mait_alr","l2_plasma_cell_alr",0.01,0,FALSE
"l3_isg_mait_alr","l2_pdc_alr",0.01,1,FALSE
"l3_isg_mait_alr","l2_cd56bright_nk_cell_alr",0.01,1,FALSE
"l3_isg_mait_alr","l2_proliferating_nk_cell_alr",0.01,0,FALSE
"l3_isg_mait_alr","l2_cd8aa_alr",0.01,0,FALSE
"l3_isg_mait_alr","l2_naive_cd8_t_cell_alr",0.01,1,FALSE
"l3_isg_mait_alr","l3_naive_vd1_gdt_alr",0.01,0,FALSE
"l3_isg_mait_alr","l3_klrf1_gzmb_cd27_em_cd8_t_cell_alt_alr",0.01,0,FALSE
"l3_isg_mait_alr","l1_dc_alr",0.01,0,FALSE
"l3_isg_mait_alr","l1_ilc_alr",0.01,1,FALSE
"l3_activated_memory_b_cell_alr","l2_progenitor_cell",0.01,1,FALSE
"l3_activated_memory_b_cell_alr","l3_cd8aa",0.01,0,FALSE
"l3_activated_memory_b_cell_alr","l3_cdc1",0.01,0,FALSE
"l3_activated_memory_b_cell_alr","l3_dn_t_cell",0.01,0,FALSE
"l3_activated_memory_b_cell_alr","l3_plasma_cell",0.01,1,FALSE
"l3_activated_memory_b_cell_alr","l3_transitional_b_cell",0.01,1,FALSE
"l3_activated_memory_b_cell_alr","l2_transitional_b_cell_alr",0.01,1,FALSE
"l3_activated_memory_b_cell_alr","l3_isg_cd56dim_nk_cell_alr",0.01,1,FALSE
"l3_activated_memory_b_cell_alr","l3_isg_memory_cd8_t_cell_alr",0.01,1,FALSE
"l3_activated_memory_b_cell_alr","l1_monocyte_alr",0.01,1,FALSE
"l3_cd95_memory_b_cell_alr","l3_intermediate_monocyte",0.01,0,FALSE
"l3_cd95_memory_b_cell_alr","l2_asdc_alr",0.01,1,FALSE
"l3_cd95_memory_b_cell_alr","l2_intermediate_monocyte_alr",0.01,1,FALSE
"l3_cd95_memory_b_cell_alr","l3_gzmk_cd56dim_nk_cell_alr",0.01,0,FALSE
"l3_cd95_memory_b_cell_alr","l3_cd27_effector_b_cell_alt_alr",0.01,0,FALSE
"l3_cd95_memory_b_cell_alr","l3_isg_naive_b_cell_alr",0.01,0,FALSE
"l3_cd95_memory_b_cell_alr","l3_sox4_naive_cd8_t_cell_alr",0.01,0,FALSE
"l3_cd95_memory_b_cell_alr","l3_clp_cell_alr",0.01,0,FALSE
"l3_cd95_memory_b_cell_alr","l1_erythrocyte_alr",0.01,1,FALSE
"l3_cd95_memory_b_cell_alr","l1_platelet_alr",0.01,1,FALSE
"l3_cd95_memory_b_cell_alr","l1_progenitor_cell_alr",0.01,0,FALSE
"l3_early_memory_b_cell_alr","l2_plasma_cell_alr",0.01,1,FALSE
"l3_early_memory_b_cell_alr","l2_intermediate_monocyte_alr",0.01,1,FALSE
"l3_early_memory_b_cell_alr","l2_cd8aa_alr",0.01,0,FALSE
"l3_early_memory_b_cell_alr","l2_memory_cd4_t_cell_alr",0.01,1,FALSE
"l3_early_memory_b_cell_alr","l3_c1q_cd16_monocyte_alr",0.01,1,FALSE
"l3_early_memory_b_cell_alr","l3_type_2_polarized_memory_b_cell_alr",0.01,1,FALSE
"l3_early_memory_b_cell_alr","l3_gzmk_cd27_em_cd8_t_cell_alt_alr",0.01,1,FALSE
"l3_early_memory_b_cell_alr","l3_klrf1_gzmb_cd27_em_cd8_t_cell_alt_alr",0.01,0,FALSE
"l3_early_memory_b_cell_alr","l3_sox4_naive_cd4_t_cell_alr",0.01,1,FALSE
"l3_early_memory_b_cell_alr","l3_sox4_naive_cd8_t_cell_alr",0.01,1,FALSE
"l3_early_memory_b_cell_alr","l1_nk_cell_alr",0.01,1,FALSE
"l3_type_2_polarized_memory_b_cell_alr","l3_ilc",0.01,1,FALSE
"l3_type_2_polarized_memory_b_cell_alr","l3_plasma_cell",0.01,0,FALSE
"l3_type_2_polarized_memory_b_cell_alr","l2_proliferating_nk_cell_alr",0.01,1,FALSE
"l3_type_2_polarized_memory_b_cell_alr","l2_mait_alr",0.01,1,FALSE
"l3_type_2_polarized_memory_b_cell_alr","l3_il1b_cd14_monocyte_alr",0.01,1,FALSE
"l3_type_2_polarized_memory_b_cell_alr","l3_gzmk_cd56dim_nk_cell_alr",0.01,1,FALSE
"l3_type_2_polarized_memory_b_cell_alr","l3_cd27_effector_b_cell_alt_alr",0.01,0,FALSE
"l3_type_2_polarized_memory_b_cell_alr","l3_klrf1_effector_vd1_gdt_alr",0.01,1,FALSE
"l3_type_2_polarized_memory_b_cell_alr","l3_klrf1_effector_vd1_gdt_alt_alr",0.01,1,FALSE
"l3_type_2_polarized_memory_b_cell_alr","l3_early_memory_b_cell_alr",0.01,0,FALSE
"l3_type_2_polarized_memory_b_cell_alr","l3_clp_cell_alr",0.01,0,FALSE
"l3_type_2_polarized_memory_b_cell_alr","l1_monocyte_alr",0.01,0,FALSE
"l3_isg_memory_cd4_t_cell_alr","sex",0.01,0,FALSE
"l3_isg_memory_cd4_t_cell_alr","l3_plasma_cell",0.01,0,FALSE
"l3_isg_memory_cd4_t_cell_alr","l3_platelet",0.01,0,FALSE
"l3_isg_memory_cd4_t_cell_alr","l2_memory_b_cell_alr",0.01,0,FALSE
"l3_isg_memory_cd4_t_cell_alr","l2_mait_alr",0.01,0,FALSE
"l3_isg_memory_cd4_t_cell_alr","l3_gzmb_vd2_gdt_alr",0.01,1,FALSE
"l3_isg_memory_cd4_t_cell_alr","l3_klrf1_gzmb_cd27_em_cd8_t_cell_alt_alr",0.01,1,FALSE
"l3_isg_memory_cd4_t_cell_alr","l3_clp_cell_alr",0.01,0,FALSE
"l3_isg_memory_cd4_t_cell_alr","l3_klrb1_memory_cd8_treg_alr",0.01,0,FALSE
"l3_isg_memory_cd4_t_cell_alr","l1_ilc_alr",0.01,1,FALSE
"l3_klrf1_gzmb_cd27_memory_cd4_t_cell_alr","l3_cdc1",0.01,1,FALSE
"l3_klrf1_gzmb_cd27_memory_cd4_t_cell_alr","l3_dn_t_cell",0.01,1,FALSE
"l3_klrf1_gzmb_cd27_memory_cd4_t_cell_alr","l3_intermediate_monocyte",0.01,1,FALSE
"l3_klrf1_gzmb_cd27_memory_cd4_t_cell_alr","l3_plasma_cell",0.01,1,FALSE
"l3_klrf1_gzmb_cd27_memory_cd4_t_cell_alr","l2_plasma_cell_alr",0.01,1,FALSE
"l3_klrf1_gzmb_cd27_memory_cd4_t_cell_alr","l2_cdc1_alr",0.01,1,FALSE
"l3_klrf1_gzmb_cd27_memory_cd4_t_cell_alr","l2_intermediate_monocyte_alr",0.01,1,FALSE
"l3_klrf1_gzmb_cd27_memory_cd4_t_cell_alr","l2_cd8aa_alr",0.01,1,FALSE
"l3_klrf1_gzmb_cd27_memory_cd4_t_cell_alr","l2_dn_t_cell_alr",0.01,1,FALSE
"l3_klrf1_gzmb_cd27_memory_cd4_t_cell_alr","l2_proliferating_t_cell_alr",0.01,1,FALSE
"l3_klrf1_gzmb_cd27_memory_cd4_t_cell_alr","l2_treg_alr",0.01,0,FALSE
"l3_klrf1_gzmb_cd27_memory_cd4_t_cell_alr","l3_il1b_cd14_monocyte_alr",0.01,1,FALSE
"l3_klrf1_gzmb_cd27_memory_cd4_t_cell_alr","l3_isg_cd56dim_nk_cell_alr",0.01,1,FALSE
"l3_klrf1_gzmb_cd27_memory_cd4_t_cell_alr","l3_cd14_cdc2_alr",0.01,1,FALSE
"l3_klrf1_gzmb_cd27_memory_cd4_t_cell_alr","l3_cd4_mait_alr",0.01,1,FALSE
"l3_klrf1_gzmb_cd27_memory_cd4_t_cell_alr","l3_isg_naive_cd8_t_cell_alr",0.01,1,FALSE
"l3_gzmb_cd27_em_cd4_t_cell_alr","l2_progenitor_cell",0.01,0,FALSE
"l3_gzmb_cd27_em_cd4_t_cell_alr","l3_cd8aa",0.01,0,FALSE
"l3_gzmb_cd27_em_cd4_t_cell_alr","l3_intermediate_monocyte",0.01,1,FALSE
"l3_gzmb_cd27_em_cd4_t_cell_alr","l2_intermediate_monocyte_alr",0.01,1,FALSE
"l3_gzmb_cd27_em_cd4_t_cell_alr","l2_cd56bright_nk_cell_alr",0.01,1,FALSE
"l3_gzmb_cd27_em_cd4_t_cell_alr","l2_proliferating_nk_cell_alr",0.01,0,FALSE
"l3_gzmb_cd27_em_cd4_t_cell_alr","l2_dn_t_cell_alr",0.01,1,FALSE
"l3_gzmb_cd27_em_cd4_t_cell_alr","l3_isg_cd14_monocyte_alr",0.01,0,FALSE
"l3_gzmb_cd27_em_cd4_t_cell_alr","l3_klrf1_effector_vd1_gdt_alt_alr",0.01,0,FALSE
"l3_gzmb_cd27_em_cd4_t_cell_alr","l3_klrb1_memory_cd4_treg_alr",0.01,1,FALSE
"l3_gzmb_cd27_em_cd4_t_cell_alr","l3_naive_cd4_treg_alr",0.01,0,FALSE
"l3_gzmb_cd27_em_cd4_t_cell_alr","l1_nk_cell_alr",0.01,1,FALSE
"l3_gzmb_cd27_em_cd4_t_cell_alr","l1_erythrocyte_alr",0.01,0,FALSE
"l3_gzmb_cd27_em_cd4_t_cell_alr","l1_ilc_alr",0.01,1,FALSE
"l3_gzmb_cd27_em_cd4_t_cell_alt_alr","l3_plasma_cell",0.01,1,FALSE
"l3_gzmb_cd27_em_cd4_t_cell_alt_alr","l2_plasma_cell_alr",0.01,0,FALSE
"l3_gzmb_cd27_em_cd4_t_cell_alt_alr","l2_dn_t_cell_alr",0.01,0,FALSE
"l3_gzmb_cd27_em_cd4_t_cell_alt_alr","l3_isg_cd14_monocyte_alr",0.01,0,FALSE
"l3_gzmb_cd27_em_cd4_t_cell_alt_alr","l3_klrf1_effector_vd1_gdt_alt_alr",0.01,0,FALSE
"l3_gzmb_cd27_em_cd4_t_cell_alt_alr","l3_naive_vd1_gdt_alr",0.01,0,FALSE
"l3_gzmb_cd27_em_cd4_t_cell_alt_alr","l3_isg_naive_cd4_t_cell_alr",0.01,1,FALSE
"l3_isg_memory_cd8_t_cell_alr","l3_intermediate_monocyte",0.01,1,FALSE
"l3_isg_memory_cd8_t_cell_alr","l3_plasma_cell",0.01,0,FALSE
"l3_isg_memory_cd8_t_cell_alr","l3_proliferating_t_cell",0.01,1,FALSE
"l3_isg_memory_cd8_t_cell_alr","l3_transitional_b_cell",0.01,0,FALSE
"l3_isg_memory_cd8_t_cell_alr","l2_pdc_alr",0.01,1,FALSE
"l3_isg_memory_cd8_t_cell_alr","l2_cd56bright_nk_cell_alr",0.01,1,FALSE
"l3_isg_memory_cd8_t_cell_alr","l2_proliferating_nk_cell_alr",0.01,1,FALSE
"l3_isg_memory_cd8_t_cell_alr","l3_isg_cd16_monocyte_alr",0.01,0,FALSE
"l3_isg_memory_cd8_t_cell_alr","l3_adaptive_nk_cell_alr",0.01,0,FALSE
"l3_isg_memory_cd8_t_cell_alr","l3_isg_cdc2_alr",0.01,0,FALSE
"l3_isg_memory_cd8_t_cell_alr","l3_activated_memory_b_cell_alr",0.01,0,FALSE
"l3_isg_memory_cd8_t_cell_alr","l3_isg_naive_cd4_t_cell_alr",0.01,1,FALSE
"l3_isg_memory_cd8_t_cell_alr","l3_sox4_naive_cd4_t_cell_alr",0.01,0,FALSE
"l3_isg_memory_cd8_t_cell_alr","l1_dc_alr",0.01,1,FALSE
"l3_isg_memory_cd8_t_cell_alr","l1_b_cell_alr",0.01,1,FALSE
"l3_cm_cd8_t_cell_alr","l3_cd56bright_nk_cell",0.01,0,FALSE
"l3_cm_cd8_t_cell_alr","l3_ilc",0.01,1,FALSE
"l3_cm_cd8_t_cell_alr","l3_intermediate_monocyte",0.01,0,FALSE
"l3_cm_cd8_t_cell_alr","l3_baeomap_cell",0.01,1,FALSE
"l3_cm_cd8_t_cell_alr","l2_intermediate_monocyte_alr",0.01,1,FALSE
"l3_cm_cd8_t_cell_alr","l2_dn_t_cell_alr",0.01,0,FALSE
"l3_cm_cd8_t_cell_alr","l3_gzmk_cd56dim_nk_cell_alr",0.01,0,FALSE
"l3_cm_cd8_t_cell_alr","l3_klrf1_effector_vd1_gdt_alr",0.01,1,FALSE
"l3_cm_cd8_t_cell_alr","l3_naive_vd1_gdt_alr",0.01,1,FALSE
"l3_cm_cd8_t_cell_alr","l3_sox4_vd1_gdt_alr",0.01,0,FALSE
"l3_cm_cd8_t_cell_alr","l3_isg_naive_b_cell_alr",0.01,0,FALSE
"l3_cm_cd8_t_cell_alr","l3_sox4_naive_cd4_t_cell_alr",0.01,0,FALSE
"l3_cm_cd8_t_cell_alr","l3_klrb1_memory_cd8_treg_alr",0.01,0,FALSE
"l3_cm_cd8_t_cell_alr","l1_nk_cell_alr",0.01,0,FALSE
"l3_gzmk_cd27_em_cd8_t_cell_alt_alr","l3_cd8aa",0.01,0,FALSE
"l3_gzmk_cd27_em_cd8_t_cell_alt_alr","l3_cdc1",0.01,0,FALSE
"l3_gzmk_cd27_em_cd8_t_cell_alt_alr","l3_intermediate_monocyte",0.01,1,FALSE
"l3_gzmk_cd27_em_cd8_t_cell_alt_alr","l3_baeomap_cell",0.01,0,FALSE
"l3_gzmk_cd27_em_cd8_t_cell_alt_alr","l2_cdc1_alr",0.01,1,FALSE
"l3_gzmk_cd27_em_cd8_t_cell_alt_alr","l2_cd16_monocyte_alr",0.01,1,FALSE
"l3_gzmk_cd27_em_cd8_t_cell_alt_alr","l2_proliferating_nk_cell_alr",0.01,1,FALSE
"l3_gzmk_cd27_em_cd8_t_cell_alt_alr","l2_memory_cd8_t_cell_alr",0.01,0,FALSE
"l3_gzmk_cd27_em_cd8_t_cell_alt_alr","l2_naive_cd8_t_cell_alr",0.01,0,FALSE
"l3_gzmk_cd27_em_cd8_t_cell_alt_alr","l3_early_memory_b_cell_alr",0.01,0,FALSE
"l3_gzmk_cd27_em_cd8_t_cell_alt_alr","l3_clp_cell_alr",0.01,1,FALSE
"l3_gzmk_cd27_em_cd8_t_cell_alt_alr","l3_memory_cd8_treg_alr",0.01,0,FALSE
"l3_gzmk_cd27_em_cd8_t_cell_alt_alr","l1_erythrocyte_alr",0.01,1,FALSE
"l3_klrf1_gzmb_cd27_em_cd8_t_cell_alr","l3_cdc1",0.01,1,FALSE
"l3_klrf1_gzmb_cd27_em_cd8_t_cell_alr","l3_pdc",0.01,0,FALSE
"l3_klrf1_gzmb_cd27_em_cd8_t_cell_alr","l3_plasma_cell",0.01,1,FALSE
"l3_klrf1_gzmb_cd27_em_cd8_t_cell_alr","l3_proliferating_t_cell",0.01,1,FALSE
"l3_klrf1_gzmb_cd27_em_cd8_t_cell_alr","l2_naive_cd8_t_cell_alr",0.01,0,FALSE
"l3_klrf1_gzmb_cd27_em_cd8_t_cell_alr","l2_proliferating_t_cell_alr",0.01,0,FALSE
"l3_klrf1_gzmb_cd27_em_cd8_t_cell_alr","l3_c1q_cd16_monocyte_alr",0.01,0,FALSE
"l3_klrf1_gzmb_cd27_em_cd8_t_cell_alr","l1_platelet_alr",0.01,0,FALSE
"l3_klrf1_gzmb_cd27_em_cd8_t_cell_alt_alr","l2_platelet",0.01,1,FALSE
"l3_klrf1_gzmb_cd27_em_cd8_t_cell_alt_alr","l3_dn_t_cell",0.01,1,FALSE
"l3_klrf1_gzmb_cd27_em_cd8_t_cell_alt_alr","l3_transitional_b_cell",0.01,1,FALSE
"l3_klrf1_gzmb_cd27_em_cd8_t_cell_alt_alr","l2_transitional_b_cell_alr",0.01,1,FALSE
"l3_klrf1_gzmb_cd27_em_cd8_t_cell_alt_alr","l2_asdc_alr",0.01,1,FALSE
"l3_klrf1_gzmb_cd27_em_cd8_t_cell_alt_alr","l2_proliferating_nk_cell_alr",0.01,0,FALSE
"l3_klrf1_gzmb_cd27_em_cd8_t_cell_alt_alr","l2_cd8aa_alr",0.01,1,FALSE
"l3_klrf1_gzmb_cd27_em_cd8_t_cell_alt_alr","l2_dn_t_cell_alr",0.01,1,FALSE
"l3_klrf1_gzmb_cd27_em_cd8_t_cell_alt_alr","l3_isg_mait_alr",0.01,1,FALSE
"l3_klrf1_gzmb_cd27_em_cd8_t_cell_alt_alr","l3_early_memory_b_cell_alr",0.01,1,FALSE
"l3_klrf1_gzmb_cd27_em_cd8_t_cell_alt_alr","l3_isg_memory_cd4_t_cell_alr",0.01,0,FALSE
"l3_klrf1_gzmb_cd27_em_cd8_t_cell_alt_alr","l1_dc_alr",0.01,1,FALSE
"l3_isg_naive_b_cell_alr","l3_ilc",0.01,0,FALSE
"l3_isg_naive_b_cell_alr","l3_intermediate_monocyte",0.01,1,FALSE
"l3_isg_naive_b_cell_alr","l2_gdt_alr",0.01,0,FALSE
"l3_isg_naive_b_cell_alr","l2_mait_alr",0.01,0,FALSE
"l3_isg_naive_b_cell_alr","l3_c1q_cd16_monocyte_alr",0.01,1,FALSE
"l3_isg_naive_b_cell_alr","l3_cd14_cdc2_alr",0.01,1,FALSE
"l3_isg_naive_b_cell_alr","l3_klrf1_effector_vd1_gdt_alr",0.01,1,FALSE
"l3_isg_naive_b_cell_alr","l3_cd95_memory_b_cell_alr",0.01,1,FALSE
"l3_isg_naive_b_cell_alr","l3_cm_cd8_t_cell_alr",0.01,1,FALSE
"l3_isg_naive_b_cell_alr","l3_isg_naive_cd8_t_cell_alr",0.01,0,FALSE
"l3_isg_naive_b_cell_alr","l3_memory_cd8_treg_alr",0.01,0,FALSE
"l3_isg_naive_cd4_t_cell_alr","l2_ilc",0.01,1,FALSE
"l3_isg_naive_cd4_t_cell_alr","l3_cd8aa",0.01,1,FALSE
"l3_isg_naive_cd4_t_cell_alr","l3_platelet",0.01,0,FALSE
"l3_isg_naive_cd4_t_cell_alr","l2_memory_b_cell_alr",0.01,0,FALSE
"l3_isg_naive_cd4_t_cell_alr","l2_treg_alr",0.01,0,FALSE
"l3_isg_naive_cd4_t_cell_alr","l3_adaptive_nk_cell_alr",0.01,0,FALSE
"l3_isg_naive_cd4_t_cell_alr","l3_gzmb_cd27_em_cd4_t_cell_alt_alr",0.01,0,FALSE
"l3_isg_naive_cd4_t_cell_alr","l3_isg_memory_cd8_t_cell_alr",0.01,0,FALSE
"l3_isg_naive_cd4_t_cell_alr","l3_memory_cd8_treg_alr",0.01,0,FALSE
"l3_sox4_naive_cd4_t_cell_alr","l2_platelet",0.01,1,FALSE
"l3_sox4_naive_cd4_t_cell_alr","l3_plasma_cell",0.01,1,FALSE
"l3_sox4_naive_cd4_t_cell_alr","l2_transitional_b_cell_alr",0.01,1,FALSE
"l3_sox4_naive_cd4_t_cell_alr","l2_mait_alr",0.01,1,FALSE
"l3_sox4_naive_cd4_t_cell_alr","l3_il1b_cd14_monocyte_alr",0.01,1,FALSE
"l3_sox4_naive_cd4_t_cell_alr","l3_isg_cd14_monocyte_alr",0.01,0,FALSE
"l3_sox4_naive_cd4_t_cell_alr","l3_isg_cdc2_alr",0.01,0,FALSE
"l3_sox4_naive_cd4_t_cell_alr","l3_early_memory_b_cell_alr",0.01,0,FALSE
"l3_sox4_naive_cd4_t_cell_alr","l3_isg_memory_cd8_t_cell_alr",0.01,1,FALSE
"l3_sox4_naive_cd4_t_cell_alr","l3_cm_cd8_t_cell_alr",0.01,1,FALSE
"l3_sox4_naive_cd4_t_cell_alr","l3_memory_cd8_treg_alr",0.01,1,FALSE
"l3_sox4_naive_cd4_t_cell_alr","l1_monocyte_alr",0.01,1,FALSE
"l3_sox4_naive_cd4_t_cell_alr","l1_nk_cell_alr",0.01,1,FALSE
"l3_isg_naive_cd8_t_cell_alr","l3_intermediate_monocyte",0.01,0,FALSE
"l3_isg_naive_cd8_t_cell_alr","l3_transitional_b_cell",0.01,1,FALSE
"l3_isg_naive_cd8_t_cell_alr","l2_plasma_cell_alr",0.01,1,FALSE
"l3_isg_naive_cd8_t_cell_alr","l2_cd16_monocyte_alr",0.01,1,FALSE
"l3_isg_naive_cd8_t_cell_alr","l2_gdt_alr",0.01,1,FALSE
"l3_isg_naive_cd8_t_cell_alr","l2_treg_alr",0.01,0,FALSE
"l3_isg_naive_cd8_t_cell_alr","l3_gzmb_vd2_gdt_alr",0.01,0,FALSE
"l3_isg_naive_cd8_t_cell_alr","l3_cd4_mait_alr",0.01,0,FALSE
"l3_isg_naive_cd8_t_cell_alr","l3_klrf1_gzmb_cd27_memory_cd4_t_cell_alr",0.01,0,FALSE
"l3_isg_naive_cd8_t_cell_alr","l3_isg_naive_b_cell_alr",0.01,1,FALSE
"l3_isg_naive_cd8_t_cell_alr","l3_memory_cd8_treg_alr",0.01,1,FALSE
"l3_isg_naive_cd8_t_cell_alr","l1_platelet_alr",0.01,1,FALSE
"l3_sox4_naive_cd8_t_cell_alr","cmv",0.01,0,FALSE
"l3_sox4_naive_cd8_t_cell_alr","l3_intermediate_monocyte",0.01,0,FALSE
"l3_sox4_naive_cd8_t_cell_alr","l3_proliferating_nk_cell",0.01,1,FALSE
"l3_sox4_naive_cd8_t_cell_alr","l3_transitional_b_cell",0.01,1,FALSE
"l3_sox4_naive_cd8_t_cell_alr","l3_baeomap_cell",0.01,1,FALSE
"l3_sox4_naive_cd8_t_cell_alr","l2_plasma_cell_alr",0.01,1,FALSE
"l3_sox4_naive_cd8_t_cell_alr","l2_memory_cd8_t_cell_alr",0.01,1,FALSE
"l3_sox4_naive_cd8_t_cell_alr","l3_gzmk_cd56dim_nk_cell_alr",0.01,0,FALSE
"l3_sox4_naive_cd8_t_cell_alr","l3_adaptive_nk_cell_alr",0.01,1,FALSE
"l3_sox4_naive_cd8_t_cell_alr","l3_naive_vd1_gdt_alr",0.01,1,FALSE
"l3_sox4_naive_cd8_t_cell_alr","l3_cd95_memory_b_cell_alr",0.01,1,FALSE
"l3_sox4_naive_cd8_t_cell_alr","l3_early_memory_b_cell_alr",0.01,0,FALSE
"l3_sox4_naive_cd8_t_cell_alr","l3_naive_cd4_treg_alr",0.01,0,FALSE
"l3_sox4_naive_cd8_t_cell_alr","l1_monocyte_alr",0.01,1,FALSE
"l3_sox4_naive_cd8_t_cell_alr","l1_ilc_alr",0.01,1,FALSE
"l3_sox4_naive_cd8_t_cell_alr","l1_platelet_alr",0.01,1,FALSE
"l3_clp_cell_alr","l3_cdc1",0.01,1,FALSE
"l3_clp_cell_alr","l3_proliferating_nk_cell",0.01,1,FALSE
"l3_clp_cell_alr","l2_intermediate_monocyte_alr",0.01,1,FALSE
"l3_clp_cell_alr","l2_memory_cd8_t_cell_alr",0.01,1,FALSE
"l3_clp_cell_alr","l2_treg_alr",0.01,1,FALSE
"l3_clp_cell_alr","l3_il1b_cd14_monocyte_alr",0.01,0,FALSE
"l3_clp_cell_alr","l3_isg_cd14_monocyte_alr",0.01,1,FALSE
"l3_clp_cell_alr","l3_cd95_memory_b_cell_alr",0.01,1,FALSE
"l3_clp_cell_alr","l3_type_2_polarized_memory_b_cell_alr",0.01,1,FALSE
"l3_clp_cell_alr","l3_isg_memory_cd4_t_cell_alr",0.01,1,FALSE
"l3_clp_cell_alr","l3_gzmk_cd27_em_cd8_t_cell_alt_alr",0.01,0,FALSE
"l3_clp_cell_alr","l3_memory_cd8_treg_alr",0.01,1,FALSE
"l3_clp_cell_alr","l1_dc_alr",0.01,1,FALSE
"l3_gzmk_memory_cd4_treg_alr","l3_cd8aa",0.01,1,FALSE
"l3_gzmk_memory_cd4_treg_alr","l2_cdc1_alr",0.01,1,FALSE
"l3_gzmk_memory_cd4_treg_alr","l2_intermediate_monocyte_alr",0.01,1,FALSE
"l3_gzmk_memory_cd4_treg_alr","l2_cd56bright_nk_cell_alr",0.01,1,FALSE
"l3_gzmk_memory_cd4_treg_alr","l2_dn_t_cell_alr",0.01,0,FALSE
"l3_gzmk_memory_cd4_treg_alr","l2_mait_alr",0.01,1,FALSE
"l3_gzmk_memory_cd4_treg_alr","l3_naive_vd1_gdt_alr",0.01,1,FALSE
"l3_gzmk_memory_cd4_treg_alr","l1_ilc_alr",0.01,0,FALSE
"l3_gzmk_memory_cd4_treg_alr","l1_platelet_alr",0.01,1,FALSE
"l3_klrb1_memory_cd4_treg_alr","l2_ilc",0.01,1,FALSE
"l3_klrb1_memory_cd4_treg_alr","l3_cd8aa",0.01,0,FALSE
"l3_klrb1_memory_cd4_treg_alr","l3_proliferating_nk_cell",0.01,1,FALSE
"l3_klrb1_memory_cd4_treg_alr","l3_proliferating_t_cell",0.01,1,FALSE
"l3_klrb1_memory_cd4_treg_alr","l2_intermediate_monocyte_alr",0.01,1,FALSE
"l3_klrb1_memory_cd4_treg_alr","l2_cd8aa_alr",0.01,1,FALSE
"l3_klrb1_memory_cd4_treg_alr","l2_gdt_alr",0.01,0,FALSE
"l3_klrb1_memory_cd4_treg_alr","l2_memory_cd4_t_cell_alr",0.01,0,FALSE
"l3_klrb1_memory_cd4_treg_alr","l2_memory_cd8_t_cell_alr",0.01,1,FALSE
"l3_klrb1_memory_cd4_treg_alr","l3_gzmk_cd56dim_nk_cell_alr",0.01,0,FALSE
"l3_klrb1_memory_cd4_treg_alr","l3_adaptive_nk_cell_alr",0.01,0,FALSE
"l3_klrb1_memory_cd4_treg_alr","l3_cd4_mait_alr",0.01,0,FALSE
"l3_klrb1_memory_cd4_treg_alr","l3_gzmb_cd27_em_cd4_t_cell_alr",0.01,0,FALSE
"l3_klrb1_memory_cd4_treg_alr","l1_nk_cell_alr",0.01,0,FALSE
"l3_klrb1_memory_cd8_treg_alr","l2_erythrocyte",0.01,1,FALSE
"l3_klrb1_memory_cd8_treg_alr","l3_intermediate_monocyte",0.01,1,FALSE
"l3_klrb1_memory_cd8_treg_alr","l2_cd8aa_alr",0.01,1,FALSE
"l3_klrb1_memory_cd8_treg_alr","l2_proliferating_t_cell_alr",0.01,0,FALSE
"l3_klrb1_memory_cd8_treg_alr","l3_c1q_cd16_monocyte_alr",0.01,1,FALSE
"l3_klrb1_memory_cd8_treg_alr","l3_adaptive_nk_cell_alr",0.01,0,FALSE
"l3_klrb1_memory_cd8_treg_alr","l3_klrf1_effector_vd1_gdt_alt_alr",0.01,1,FALSE
"l3_klrb1_memory_cd8_treg_alr","l3_isg_memory_cd4_t_cell_alr",0.01,1,FALSE
"l3_klrb1_memory_cd8_treg_alr","l3_cm_cd8_t_cell_alr",0.01,1,FALSE
"l3_klrb1_memory_cd8_treg_alr","l1_b_cell_alr",0.01,1,FALSE
"l3_klrb1_memory_cd8_treg_alr","l1_platelet_alr",0.01,1,FALSE
"l3_memory_cd8_treg_alr","l2_ilc",0.01,1,FALSE
"l3_memory_cd8_treg_alr","l3_cdc1",0.01,0,FALSE
"l3_memory_cd8_treg_alr","l3_ilc",0.01,0,FALSE
"l3_memory_cd8_treg_alr","l3_plasma_cell",0.01,1,FALSE
"l3_memory_cd8_treg_alr","l2_transitional_b_cell_alr",0.01,1,FALSE
"l3_memory_cd8_treg_alr","l2_asdc_alr",0.01,1,FALSE
"l3_memory_cd8_treg_alr","l2_dn_t_cell_alr",0.01,0,FALSE
"l3_memory_cd8_treg_alr","l3_cd14_cdc2_alr",0.01,1,FALSE
"l3_memory_cd8_treg_alr","l3_cd4_mait_alr",0.01,0,FALSE
"l3_memory_cd8_treg_alr","l3_gzmk_cd27_em_cd8_t_cell_alt_alr",0.01,1,FALSE
"l3_memory_cd8_treg_alr","l3_isg_naive_b_cell_alr",0.01,1,FALSE
"l3_memory_cd8_treg_alr","l3_isg_naive_cd4_t_cell_alr",0.01,1,FALSE
"l3_memory_cd8_treg_alr","l3_sox4_naive_cd4_t_cell_alr",0.01,0,FALSE
"l3_memory_cd8_treg_alr","l3_isg_naive_cd8_t_cell_alr",0.01,0,FALSE
"l3_memory_cd8_treg_alr","l3_clp_cell_alr",0.01,0,FALSE
"l3_memory_cd8_treg_alr","l1_dc_alr",0.01,0,FALSE
"l3_memory_cd8_treg_alr","l1_b_cell_alr",0.01,0,FALSE
"l3_memory_cd8_treg_alr","l1_erythrocyte_alr",0.01,1,FALSE
"l3_memory_cd8_treg_alr","l1_progenitor_cell_alr",0.01,0,FALSE
"l3_naive_cd4_treg_alr","l2_platelet",0.01,1,FALSE
"l3_naive_cd4_treg_alr","l3_erythrocyte",0.01,0,FALSE
"l3_naive_cd4_treg_alr","l3_ilc",0.01,1,FALSE
"l3_naive_cd4_treg_alr","l2_plasma_cell_alr",0.01,1,FALSE
"l3_naive_cd4_treg_alr","l2_pdc_alr",0.01,1,FALSE
"l3_naive_cd4_treg_alr","l2_cd8aa_alr",0.01,1,FALSE
"l3_naive_cd4_treg_alr","l3_gzmb_cd27_em_cd4_t_cell_alr",0.01,1,FALSE
"l3_naive_cd4_treg_alr","l3_sox4_naive_cd8_t_cell_alr",0.01,1,FALSE
"l3_naive_cd4_treg_alr","l1_b_cell_alr",0.01,1,FALSE
"l3_naive_cd4_treg_alr","l1_platelet_alr",0.01,1,FALSE
"l3_naive_cd4_treg_alr","l1_progenitor_cell_alr",0.01,1,FALSE
"l1_dc_alr","l3_intermediate_monocyte",0.01,1,FALSE
"l1_dc_alr","l2_cd16_monocyte_alr",0.01,0,FALSE
"l1_dc_alr","l2_gdt_alr",0.01,1,FALSE
"l1_dc_alr","l2_naive_cd8_t_cell_alr",0.01,1,FALSE
"l1_dc_alr","l3_isg_mait_alr",0.01,1,FALSE
"l1_dc_alr","l3_isg_memory_cd8_t_cell_alr",0.01,0,FALSE
"l1_dc_alr","l3_klrf1_gzmb_cd27_em_cd8_t_cell_alt_alr",0.01,0,FALSE
"l1_dc_alr","l3_clp_cell_alr",0.01,0,FALSE
"l1_dc_alr","l3_memory_cd8_treg_alr",0.01,1,FALSE
"l1_monocyte_alr","l3_platelet",0.01,0,FALSE
"l1_monocyte_alr","l3_baeomap_cell",0.01,1,FALSE
"l1_monocyte_alr","l2_effector_b_cell_alr",0.01,0,FALSE
"l1_monocyte_alr","l3_il1b_cd14_monocyte_alr",0.01,0,FALSE
"l1_monocyte_alr","l3_klrf1_effector_vd1_gdt_alr",0.01,1,FALSE
"l1_monocyte_alr","l3_cd4_mait_alr",0.01,1,FALSE
"l1_monocyte_alr","l3_activated_memory_b_cell_alr",0.01,0,FALSE
"l1_monocyte_alr","l3_type_2_polarized_memory_b_cell_alr",0.01,1,FALSE
"l1_monocyte_alr","l3_sox4_naive_cd4_t_cell_alr",0.01,0,FALSE
"l1_monocyte_alr","l3_sox4_naive_cd8_t_cell_alr",0.01,0,FALSE
"l1_nk_cell_alr","l2_gdt_alr",0.01,0,FALSE
"l1_nk_cell_alr","l3_il1b_cd14_monocyte_alr",0.01,0,FALSE
"l1_nk_cell_alr","l3_klrf1_effector_vd1_gdt_alt_alr",0.01,1,FALSE
"l1_nk_cell_alr","l3_early_memory_b_cell_alr",0.01,0,FALSE
"l1_nk_cell_alr","l3_gzmb_cd27_em_cd4_t_cell_alr",0.01,0,FALSE
"l1_nk_cell_alr","l3_cm_cd8_t_cell_alr",0.01,1,FALSE
"l1_nk_cell_alr","l3_sox4_naive_cd4_t_cell_alr",0.01,0,FALSE
"l1_nk_cell_alr","l3_klrb1_memory_cd4_treg_alr",0.01,1,FALSE
"l1_b_cell_alr","l2_cd16_monocyte_alr",0.01,0,FALSE
"l1_b_cell_alr","l3_adaptive_nk_cell_alr",0.01,0,FALSE
"l1_b_cell_alr","l3_cd14_cdc2_alr",0.01,1,FALSE
"l1_b_cell_alr","l3_isg_memory_cd8_t_cell_alr",0.01,0,FALSE
"l1_b_cell_alr","l3_klrb1_memory_cd8_treg_alr",0.01,0,FALSE
"l1_b_cell_alr","l3_memory_cd8_treg_alr",0.01,1,FALSE
"l1_b_cell_alr","l3_naive_cd4_treg_alr",0.01,0,FALSE
"l1_erythrocyte_alr","l3_dn_t_cell",0.01,0,FALSE
"l1_erythrocyte_alr","l2_effector_b_cell_alr",0.01,0,FALSE
"l1_erythrocyte_alr","l2_cd16_monocyte_alr",0.01,0,FALSE
"l1_erythrocyte_alr","l2_mait_alr",0.01,1,FALSE
"l1_erythrocyte_alr","l2_naive_cd8_t_cell_alr",0.01,0,FALSE
"l1_erythrocyte_alr","l3_c1q_cd16_monocyte_alr",0.01,0,FALSE
"l1_erythrocyte_alr","l3_isg_cd16_monocyte_alr",0.01,0,FALSE
"l1_erythrocyte_alr","l3_klrf1_effector_vd1_gdt_alr",0.01,1,FALSE
"l1_erythrocyte_alr","l3_cd4_mait_alr",0.01,0,FALSE
"l1_erythrocyte_alr","l3_cd95_memory_b_cell_alr",0.01,0,FALSE
"l1_erythrocyte_alr","l3_gzmb_cd27_em_cd4_t_cell_alr",0.01,1,FALSE
"l1_erythrocyte_alr","l3_gzmk_cd27_em_cd8_t_cell_alt_alr",0.01,0,FALSE
"l1_erythrocyte_alr","l3_memory_cd8_treg_alr",0.01,0,FALSE
"l1_ilc_alr","l3_dn_t_cell",0.01,0,FALSE
"l1_ilc_alr","l3_erythrocyte",0.01,1,FALSE
"l1_ilc_alr","l3_plasma_cell",0.01,0,FALSE
"l1_ilc_alr","l3_proliferating_t_cell",0.01,0,FALSE
"l1_ilc_alr","l3_baeomap_cell",0.01,0,FALSE
"l1_ilc_alr","l2_proliferating_nk_cell_alr",0.01,1,FALSE
"l1_ilc_alr","l2_gdt_alr",0.01,0,FALSE
"l1_ilc_alr","l3_c1q_cd16_monocyte_alr",0.01,0,FALSE
"l1_ilc_alr","l3_klrf1_effector_vd1_gdt_alt_alr",0.01,0,FALSE
"l1_ilc_alr","l3_isg_mait_alr",0.01,0,FALSE
"l1_ilc_alr","l3_isg_memory_cd4_t_cell_alr",0.01,0,FALSE
"l1_ilc_alr","l3_gzmb_cd27_em_cd4_t_cell_alr",0.01,0,FALSE
"l1_ilc_alr","l3_sox4_naive_cd8_t_cell_alr",0.01,0,FALSE
"l1_ilc_alr","l3_gzmk_memory_cd4_treg_alr",0.01,1,FALSE
"l1_platelet_alr","age_group",0.01,0,FALSE
"l1_platelet_alr","l3_erythrocyte",0.01,0,FALSE
"l1_platelet_alr","l3_proliferating_t_cell",0.01,0,FALSE
"l1_platelet_alr","l3_baeomap_cell",0.01,1,FALSE
"l1_platelet_alr","l2_gdt_alr",0.01,1,FALSE
"l1_platelet_alr","l2_treg_alr",0.01,0,FALSE
"l1_platelet_alr","l3_il1b_cd14_monocyte_alr",0.01,1,FALSE
"l1_platelet_alr","l3_isg_cd14_monocyte_alr",0.01,0,FALSE
"l1_platelet_alr","l3_klrf1_effector_vd1_gdt_alr",0.01,0,FALSE
"l1_platelet_alr","l3_klrf1_effector_vd1_gdt_alt_alr",0.01,0,FALSE
"l1_platelet_alr","l3_cd95_memory_b_cell_alr",0.01,0,FALSE
"l1_platelet_alr","l3_klrf1_gzmb_cd27_em_cd8_t_cell_alr",0.01,1,FALSE
"l1_platelet_alr","l3_isg_naive_cd8_t_cell_alr",0.01,0,FALSE
"l1_platelet_alr","l3_sox4_naive_cd8_t_cell_alr",0.01,0,FALSE
"l1_platelet_alr","l3_gzmk_memory_cd4_treg_alr",0.01,0,FALSE
"l1_platelet_alr","l3_klrb1_memory_cd8_treg_alr",0.01,0,FALSE
"l1_platelet_alr","l3_naive_cd4_treg_alr",0.01,0,FALSE
"l1_progenitor_cell_alr","l2_platelet",0.01,1,FALSE
"l1_progenitor_cell_alr","l3_cd56bright_nk_cell",0.01,0,FALSE
"l1_progenitor_cell_alr","l3_pdc",0.01,1,FALSE
"l1_progenitor_cell_alr","l3_transitional_b_cell",0.01,0,FALSE
"l1_progenitor_cell_alr","l2_cd56bright_nk_cell_alr",0.01,0,FALSE
"l1_progenitor_cell_alr","l2_proliferating_t_cell_alr",0.01,1,FALSE
"l1_progenitor_cell_alr","l2_treg_alr",0.01,0,FALSE
"l1_progenitor_cell_alr","l3_isg_cd14_monocyte_alr",0.01,0,FALSE
"l1_progenitor_cell_alr","l3_klrf1_effector_vd1_gdt_alr",0.01,0,FALSE
"l1_progenitor_cell_alr","l3_naive_vd1_gdt_alr",0.01,1,FALSE
"l1_progenitor_cell_alr","l3_cd95_memory_b_cell_alr",0.01,1,FALSE
"l1_progenitor_cell_alr","l3_memory_cd8_treg_alr",0.01,1,FALSE
"l1_progenitor_cell_alr","l3_naive_cd4_treg_alr",0.01,0,FALSE
"age_group","sex",0,0,FALSE
"age_group","cmv",0,0,FALSE
"age_group","l2_erythrocyte",0,0,FALSE
"age_group","l2_ilc",0,0,FALSE
"age_group","l2_platelet",0,0,FALSE
"age_group","l3_asdc",0,0,FALSE
"age_group","l3_cd56bright_nk_cell",0,0,FALSE
"age_group","l3_cdc1",0,0,FALSE
"age_group","l3_dn_t_cell",0,0,FALSE
"age_group","l3_erythrocyte",0,0,FALSE
"age_group","l3_ilc",0,0,FALSE
"age_group","l3_pdc",0,0,FALSE
"age_group","l3_plasma_cell",0,0,FALSE
"age_group","l3_platelet",0,0,FALSE
"age_group","l3_proliferating_nk_cell",0,0,FALSE
"age_group","l3_baeomap_cell",0,0,FALSE
"age_group","l2_effector_b_cell_alr",0,0,FALSE
"age_group","l2_memory_b_cell_alr",0,0,FALSE
"age_group","l2_plasma_cell_alr",0,0,FALSE
"age_group","l2_transitional_b_cell_alr",0,0,FALSE
"age_group","l2_pdc_alr",0,0,FALSE
"age_group","l2_cd56bright_nk_cell_alr",0,0,FALSE
"age_group","l2_proliferating_nk_cell_alr",0,0,FALSE
"age_group","l2_cd8aa_alr",0,0,FALSE
"age_group","l2_dn_t_cell_alr",0,0,FALSE
"age_group","l2_memory_cd4_t_cell_alr",0,0,FALSE
"age_group","l2_memory_cd8_t_cell_alr",0,0,FALSE
"age_group","l3_il1b_cd14_monocyte_alr",0,0,FALSE
"age_group","l3_c1q_cd16_monocyte_alr",0,0,FALSE
"age_group","l3_isg_cd16_monocyte_alr",0,0,FALSE
"age_group","l3_gzmk_cd56dim_nk_cell_alr",0,0,FALSE
"age_group","l3_isg_cd56dim_nk_cell_alr",0,0,FALSE
"age_group","l3_adaptive_nk_cell_alr",0,0,FALSE
"age_group","l3_isg_cdc2_alr",0,0,FALSE
"age_group","l3_cd27_effector_b_cell_alt_alr",0,0,FALSE
"age_group","l3_gzmb_vd2_gdt_alr",0,0,FALSE
"age_group","l3_klrf1_effector_vd1_gdt_alr",0,0,FALSE
"age_group","l3_klrf1_effector_vd1_gdt_alt_alr",0,0,FALSE
"age_group","l3_naive_vd1_gdt_alr",0,0,FALSE
"age_group","l3_sox4_vd1_gdt_alr",0,0,FALSE
"age_group","l3_cd4_mait_alr",0,0,FALSE
"age_group","l3_activated_memory_b_cell_alr",0,0,FALSE
"age_group","l3_early_memory_b_cell_alr",0,0,FALSE
"age_group","l3_type_2_polarized_memory_b_cell_alr",0,0,FALSE
"age_group","l3_isg_memory_cd4_t_cell_alr",0,0,FALSE
"age_group","l3_klrf1_gzmb_cd27_memory_cd4_t_cell_alr",0,0,FALSE
"age_group","l3_gzmb_cd27_em_cd4_t_cell_alr",0,0,FALSE
"age_group","l3_gzmb_cd27_em_cd4_t_cell_alt_alr",0,0,FALSE
"age_group","l3_isg_memory_cd8_t_cell_alr",0,0,FALSE
"age_group","l3_gzmk_cd27_em_cd8_t_cell_alt_alr",0,0,FALSE
"age_group","l3_klrf1_gzmb_cd27_em_cd8_t_cell_alr",0,0,FALSE
"age_group","l3_klrf1_gzmb_cd27_em_cd8_t_cell_alt_alr",0,0,FALSE
"age_group","l3_isg_naive_b_cell_alr",0,0,FALSE
"age_group","l3_isg_naive_cd4_t_cell_alr",0,0,FALSE
"age_group","l3_isg_naive_cd8_t_cell_alr",0,0,FALSE
"age_group","l3_sox4_naive_cd8_t_cell_alr",0,0,FALSE
"age_group","l3_clp_cell_alr",0,0,FALSE
"age_group","l3_gzmk_memory_cd4_treg_alr",0,0,FALSE
"age_group","l3_klrb1_memory_cd4_treg_alr",0,0,FALSE
"age_group","l3_klrb1_memory_cd8_treg_alr",0,0,FALSE
"age_group","l3_memory_cd8_treg_alr",0,0,FALSE
"age_group","l3_naive_cd4_treg_alr",0,0,FALSE
"age_group","l1_dc_alr",0,0,FALSE
"age_group","l1_monocyte_alr",0,0,FALSE
"age_group","l1_nk_cell_alr",0,0,FALSE
"age_group","l1_b_cell_alr",0,0,FALSE
"age_group","l1_erythrocyte_alr",0,0,FALSE
"age_group","l1_progenitor_cell_alr",0,0,FALSE
"sex","age_group",0,0,FALSE
"sex","cmv",0,0,FALSE
"sex","l2_erythrocyte",0,0,FALSE
"sex","l2_ilc",0,0,FALSE
"sex","l2_platelet",0,0,FALSE
"sex","l2_progenitor_cell",0,0,FALSE
"sex","l3_asdc",0,0,FALSE
"sex","l3_cd56bright_nk_cell",0,0,FALSE
"sex","l3_dn_t_cell",0,0,FALSE
"sex","l3_erythrocyte",0,0,FALSE
"sex","l3_ilc",0,0,FALSE
"sex","l3_intermediate_monocyte",0,0,FALSE
"sex","l3_pdc",0,0,FALSE
"sex","l3_plasma_cell",0,0,FALSE
"sex","l3_transitional_b_cell",0,0,FALSE
"sex","l3_baeomap_cell",0,0,FALSE
"sex","l2_effector_b_cell_alr",0,0,FALSE
"sex","l2_memory_b_cell_alr",0,0,FALSE
"sex","l2_plasma_cell_alr",0,0,FALSE
"sex","l2_transitional_b_cell_alr",0,0,FALSE
"sex","l2_asdc_alr",0,0,FALSE
"sex","l2_cdc1_alr",0,0,FALSE
"sex","l2_pdc_alr",0,0,FALSE
"sex","l2_cd16_monocyte_alr",0,0,FALSE
"sex","l2_intermediate_monocyte_alr",0,0,FALSE
"sex","l2_proliferating_nk_cell_alr",0,0,FALSE
"sex","l2_cd8aa_alr",0,0,FALSE
"sex","l2_dn_t_cell_alr",0,0,FALSE
"sex","l2_gdt_alr",0,0,FALSE
"sex","l2_mait_alr",0,0,FALSE
"sex","l2_memory_cd4_t_cell_alr",0,0,FALSE
"sex","l2_proliferating_t_cell_alr",0,0,FALSE
"sex","l3_il1b_cd14_monocyte_alr",0,0,FALSE
"sex","l3_c1q_cd16_monocyte_alr",0,0,FALSE
"sex","l3_isg_cd16_monocyte_alr",0,0,FALSE
"sex","l3_gzmk_cd56dim_nk_cell_alr",0,0,FALSE
"sex","l3_isg_cd56dim_nk_cell_alr",0,0,FALSE
"sex","l3_adaptive_nk_cell_alr",0,0,FALSE
"sex","l3_cd14_cdc2_alr",0,0,FALSE
"sex","l3_gzmb_vd2_gdt_alr",0,0,FALSE
"sex","l3_klrf1_effector_vd1_gdt_alr",0,0,FALSE
"sex","l3_klrf1_effector_vd1_gdt_alt_alr",0,0,FALSE
"sex","l3_naive_vd1_gdt_alr",0,0,FALSE
"sex","l3_sox4_vd1_gdt_alr",0,0,FALSE
"sex","l3_isg_mait_alr",0,0,FALSE
"sex","l3_activated_memory_b_cell_alr",0,0,FALSE
"sex","l3_cd95_memory_b_cell_alr",0,0,FALSE
"sex","l3_type_2_polarized_memory_b_cell_alr",0,0,FALSE
"sex","l3_klrf1_gzmb_cd27_memory_cd4_t_cell_alr",0,0,FALSE
"sex","l3_gzmb_cd27_em_cd4_t_cell_alr",0,0,FALSE
"sex","l3_gzmb_cd27_em_cd4_t_cell_alt_alr",0,0,FALSE
"sex","l3_isg_memory_cd8_t_cell_alr",0,0,FALSE
"sex","l3_cm_cd8_t_cell_alr",0,0,FALSE
"sex","l3_gzmk_cd27_em_cd8_t_cell_alt_alr",0,0,FALSE
"sex","l3_klrf1_gzmb_cd27_em_cd8_t_cell_alr",0,0,FALSE
"sex","l3_klrf1_gzmb_cd27_em_cd8_t_cell_alt_alr",0,0,FALSE
"sex","l3_isg_naive_b_cell_alr",0,0,FALSE
"sex","l3_isg_naive_cd4_t_cell_alr",0,0,FALSE
"sex","l3_sox4_naive_cd4_t_cell_alr",0,0,FALSE
"sex","l3_isg_naive_cd8_t_cell_alr",0,0,FALSE
"sex","l3_sox4_naive_cd8_t_cell_alr",0,0,FALSE
"sex","l3_clp_cell_alr",0,0,FALSE
"sex","l3_gzmk_memory_cd4_treg_alr",0,0,FALSE
"sex","l3_klrb1_memory_cd4_treg_alr",0,0,FALSE
"sex","l3_klrb1_memory_cd8_treg_alr",0,0,FALSE
"sex","l3_memory_cd8_treg_alr",0,0,FALSE
"sex","l3_naive_cd4_treg_alr",0,0,FALSE
"sex","l1_dc_alr",0,0,FALSE
"sex","l1_monocyte_alr",0,0,FALSE
"sex","l1_b_cell_alr",0,0,FALSE
"sex","l1_erythrocyte_alr",0,0,FALSE
"sex","l1_ilc_alr",0,0,FALSE
"sex","l1_platelet_alr",0,0,FALSE
"sex","l1_progenitor_cell_alr",0,0,FALSE
"cmv","age_group",0,0,FALSE
"cmv","sex",0,0,FALSE
"cmv","l2_erythrocyte",0,0,FALSE
"cmv","l2_ilc",0,0,FALSE
"cmv","l2_platelet",0,0,FALSE
"cmv","l2_progenitor_cell",0,0,FALSE
"cmv","l3_asdc",0,0,FALSE
"cmv","l3_cd56bright_nk_cell",0,0,FALSE
"cmv","l3_cd8aa",0,0,FALSE
"cmv","l3_cdc1",0,0,FALSE
"cmv","l3_dn_t_cell",0,0,FALSE
"cmv","l3_plasma_cell",0,0,FALSE
"cmv","l3_platelet",0,0,FALSE
"cmv","l3_proliferating_nk_cell",0,0,FALSE
"cmv","l3_transitional_b_cell",0,0,FALSE
"cmv","l3_baeomap_cell",0,0,FALSE
"cmv","l2_effector_b_cell_alr",0,0,FALSE
"cmv","l2_memory_b_cell_alr",0,0,FALSE
"cmv","l2_plasma_cell_alr",0,0,FALSE
"cmv","l2_transitional_b_cell_alr",0,0,FALSE
"cmv","l2_asdc_alr",0,0,FALSE
"cmv","l2_cdc1_alr",0,0,FALSE
"cmv","l2_pdc_alr",0,0,FALSE
"cmv","l2_cd16_monocyte_alr",0,0,FALSE
"cmv","l2_intermediate_monocyte_alr",0,0,FALSE
"cmv","l2_proliferating_nk_cell_alr",0,0,FALSE
"cmv","l2_cd8aa_alr",0,0,FALSE
"cmv","l2_dn_t_cell_alr",0,0,FALSE
"cmv","l2_gdt_alr",0,0,FALSE
"cmv","l2_mait_alr",0,0,FALSE
"cmv","l2_memory_cd4_t_cell_alr",0,0,FALSE
"cmv","l2_memory_cd8_t_cell_alr",0,0,FALSE
"cmv","l2_naive_cd8_t_cell_alr",0,0,FALSE
"cmv","l2_proliferating_t_cell_alr",0,0,FALSE
"cmv","l2_treg_alr",0,0,FALSE
"cmv","l3_il1b_cd14_monocyte_alr",0,0,FALSE
"cmv","l3_c1q_cd16_monocyte_alr",0,0,FALSE
"cmv","l3_gzmk_cd56dim_nk_cell_alr",0,0,FALSE
"cmv","l3_isg_cd56dim_nk_cell_alr",0,0,FALSE
"cmv","l3_cd14_cdc2_alr",0,0,FALSE
"cmv","l3_isg_cdc2_alr",0,0,FALSE
"cmv","l3_cd27_effector_b_cell_alt_alr",0,0,FALSE
"cmv","l3_gzmb_vd2_gdt_alr",0,0,FALSE
"cmv","l3_klrf1_effector_vd1_gdt_alr",0,0,FALSE
"cmv","l3_naive_vd1_gdt_alr",0,0,FALSE
"cmv","l3_sox4_vd1_gdt_alr",0,0,FALSE
"cmv","l3_cd4_mait_alr",0,0,FALSE
"cmv","l3_isg_mait_alr",0,0,FALSE
"cmv","l3_activated_memory_b_cell_alr",0,0,FALSE
"cmv","l3_cd95_memory_b_cell_alr",0,0,FALSE
"cmv","l3_early_memory_b_cell_alr",0,0,FALSE
"cmv","l3_isg_memory_cd4_t_cell_alr",0,0,FALSE
"cmv","l3_gzmb_cd27_em_cd4_t_cell_alr",0,0,FALSE
"cmv","l3_gzmb_cd27_em_cd4_t_cell_alt_alr",0,0,FALSE
"cmv","l3_isg_memory_cd8_t_cell_alr",0,0,FALSE
"cmv","l3_klrf1_gzmb_cd27_em_cd8_t_cell_alr",0,0,FALSE
"cmv","l3_isg_naive_b_cell_alr",0,0,FALSE
"cmv","l3_isg_naive_cd4_t_cell_alr",0,0,FALSE
"cmv","l3_sox4_naive_cd4_t_cell_alr",0,0,FALSE
"cmv","l3_isg_naive_cd8_t_cell_alr",0,0,FALSE
"cmv","l3_clp_cell_alr",0,0,FALSE
"cmv","l3_klrb1_memory_cd4_treg_alr",0,0,FALSE
"cmv","l3_klrb1_memory_cd8_treg_alr",0,0,FALSE
"cmv","l3_memory_cd8_treg_alr",0,0,FALSE
"cmv","l3_naive_cd4_treg_alr",0,0,FALSE
"cmv","l1_dc_alr",0,0,FALSE
"cmv","l1_monocyte_alr",0,0,FALSE
"cmv","l1_nk_cell_alr",0,0,FALSE
"cmv","l1_b_cell_alr",0,0,FALSE
"cmv","l1_erythrocyte_alr",0,0,FALSE
"cmv","l1_ilc_alr",0,0,FALSE
"cmv","l1_platelet_alr",0,0,FALSE
"cmv","l1_progenitor_cell_alr",0,0,FALSE
"l2_erythrocyte","age_group",0,0,FALSE
"l2_erythrocyte","sex",0,0,FALSE
"l2_erythrocyte","cmv",0,0,FALSE
"l2_erythrocyte","l2_ilc",0,0,FALSE
"l2_erythrocyte","l2_progenitor_cell",0,0,FALSE
"l2_erythrocyte","l3_asdc",0,0,FALSE
"l2_erythrocyte","l3_cd8aa",0,0,FALSE
"l2_erythrocyte","l3_erythrocyte",0,0,FALSE
"l2_erythrocyte","l3_transitional_b_cell",0,0,FALSE
"l2_erythrocyte","l3_baeomap_cell",0,0,FALSE
"l2_erythrocyte","l2_memory_b_cell_alr",0,0,FALSE
"l2_erythrocyte","l2_transitional_b_cell_alr",0,0,FALSE
"l2_erythrocyte","l2_pdc_alr",0,0,FALSE
"l2_erythrocyte","l2_cd16_monocyte_alr",0,0,FALSE
"l2_erythrocyte","l2_treg_alr",0,0,FALSE
"l2_erythrocyte","l3_adaptive_nk_cell_alr",0,0,FALSE
"l2_erythrocyte","l3_cd14_cdc2_alr",0,0,FALSE
"l2_erythrocyte","l3_cd27_effector_b_cell_alt_alr",0,0,FALSE
"l2_erythrocyte","l3_naive_vd1_gdt_alr",0,0,FALSE
"l2_erythrocyte","l3_cd95_memory_b_cell_alr",0,0,FALSE
"l2_erythrocyte","l3_early_memory_b_cell_alr",0,0,FALSE
"l2_erythrocyte","l3_type_2_polarized_memory_b_cell_alr",0,0,FALSE
"l2_erythrocyte","l3_isg_memory_cd8_t_cell_alr",0,0,FALSE
"l2_erythrocyte","l3_cm_cd8_t_cell_alr",0,0,FALSE
"l2_erythrocyte","l3_gzmk_cd27_em_cd8_t_cell_alt_alr",0,0,FALSE
"l2_erythrocyte","l3_klrf1_gzmb_cd27_em_cd8_t_cell_alt_alr",0,0,FALSE
"l2_erythrocyte","l3_isg_naive_cd8_t_cell_alr",0,0,FALSE
"l2_erythrocyte","l3_sox4_naive_cd8_t_cell_alr",0,0,FALSE
"l2_erythrocyte","l3_clp_cell_alr",0,0,FALSE
"l2_erythrocyte","l3_gzmk_memory_cd4_treg_alr",0,0,FALSE
"l2_erythrocyte","l3_klrb1_memory_cd4_treg_alr",0,0,FALSE
"l2_erythrocyte","l3_memory_cd8_treg_alr",0,0,FALSE
"l2_erythrocyte","l3_naive_cd4_treg_alr",0,0,FALSE
"l2_erythrocyte","l1_progenitor_cell_alr",0,0,FALSE
"l2_ilc","age_group",0,0,FALSE
"l2_ilc","sex",0,0,FALSE
"l2_ilc","cmv",0,0,FALSE
"l2_ilc","l2_erythrocyte",0,0,FALSE
"l2_ilc","l2_platelet",0,0,FALSE
"l2_ilc","l2_progenitor_cell",0,0,FALSE
"l2_ilc","l3_cd8aa",0,0,FALSE
"l2_ilc","l3_ilc",0,0,FALSE
"l2_ilc","l3_pdc",0,0,FALSE
"l2_ilc","l3_baeomap_cell",0,0,FALSE
"l2_ilc","l2_effector_b_cell_alr",0,0,FALSE
"l2_ilc","l2_memory_b_cell_alr",0,0,FALSE
"l2_ilc","l2_pdc_alr",0,0,FALSE
"l2_ilc","l2_cd16_monocyte_alr",0,0,FALSE
"l2_ilc","l2_cd56bright_nk_cell_alr",0,0,FALSE
"l2_ilc","l2_proliferating_nk_cell_alr",0,0,FALSE
"l2_ilc","l2_cd8aa_alr",0,0,FALSE
"l2_ilc","l2_gdt_alr",0,0,FALSE
"l2_ilc","l2_memory_cd8_t_cell_alr",0,0,FALSE
"l2_ilc","l2_naive_cd8_t_cell_alr",0,0,FALSE
"l2_ilc","l2_proliferating_t_cell_alr",0,0,FALSE
"l2_ilc","l2_treg_alr",0,0,FALSE
"l2_ilc","l3_isg_cd14_monocyte_alr",0,0,FALSE
"l2_ilc","l3_cd14_cdc2_alr",0,0,FALSE
"l2_ilc","l3_gzmb_vd2_gdt_alr",0,0,FALSE
"l2_ilc","l3_klrf1_effector_vd1_gdt_alr",0,0,FALSE
"l2_ilc","l3_naive_vd1_gdt_alr",0,0,FALSE
"l2_ilc","l3_sox4_vd1_gdt_alr",0,0,FALSE
"l2_ilc","l3_cd95_memory_b_cell_alr",0,0,FALSE
"l2_ilc","l3_type_2_polarized_memory_b_cell_alr",0,0,FALSE
"l2_ilc","l3_isg_memory_cd8_t_cell_alr",0,0,FALSE
"l2_ilc","l3_cm_cd8_t_cell_alr",0,0,FALSE
"l2_ilc","l3_gzmk_cd27_em_cd8_t_cell_alt_alr",0,0,FALSE
"l2_ilc","l3_klrf1_gzmb_cd27_em_cd8_t_cell_alt_alr",0,0,FALSE
"l2_ilc","l3_sox4_naive_cd4_t_cell_alr",0,0,FALSE
"l2_ilc","l3_isg_naive_cd8_t_cell_alr",0,0,FALSE
"l2_ilc","l3_clp_cell_alr",0,0,FALSE
"l2_ilc","l3_gzmk_memory_cd4_treg_alr",0,0,FALSE
"l2_ilc","l3_naive_cd4_treg_alr",0,0,FALSE
"l2_ilc","l1_nk_cell_alr",0,0,FALSE
"l2_ilc","l1_progenitor_cell_alr",0,0,FALSE
"l2_platelet","age_group",0,0,FALSE
"l2_platelet","sex",0,0,FALSE
"l2_platelet","cmv",0,0,FALSE
"l2_platelet","l2_ilc",0,0,FALSE
"l2_platelet","l2_progenitor_cell",0,0,FALSE
"l2_platelet","l3_cd8aa",0,0,FALSE
"l2_platelet","l3_cdc1",0,0,FALSE
"l2_platelet","l3_pdc",0,0,FALSE
"l2_platelet","l3_platelet",0,0,FALSE
"l2_platelet","l3_transitional_b_cell",0,0,FALSE
"l2_platelet","l2_effector_b_cell_alr",0,0,FALSE
"l2_platelet","l2_memory_b_cell_alr",0,0,FALSE
"l2_platelet","l2_transitional_b_cell_alr",0,0,FALSE
"l2_platelet","l2_cdc1_alr",0,0,FALSE
"l2_platelet","l2_pdc_alr",0,0,FALSE
"l2_platelet","l2_cd16_monocyte_alr",0,0,FALSE
"l2_platelet","l2_cd8aa_alr",0,0,FALSE
"l2_platelet","l2_gdt_alr",0,0,FALSE
"l2_platelet","l2_mait_alr",0,0,FALSE
"l2_platelet","l2_proliferating_t_cell_alr",0,0,FALSE
"l2_platelet","l3_c1q_cd16_monocyte_alr",0,0,FALSE
"l2_platelet","l3_adaptive_nk_cell_alr",0,0,FALSE
"l2_platelet","l3_cd27_effector_b_cell_alt_alr",0,0,FALSE
"l2_platelet","l3_gzmb_vd2_gdt_alr",0,0,FALSE
"l2_platelet","l3_naive_vd1_gdt_alr",0,0,FALSE
"l2_platelet","l3_sox4_vd1_gdt_alr",0,0,FALSE
"l2_platelet","l3_cd95_memory_b_cell_alr",0,0,FALSE
"l2_platelet","l3_early_memory_b_cell_alr",0,0,FALSE
"l2_platelet","l3_type_2_polarized_memory_b_cell_alr",0,0,FALSE
"l2_platelet","l3_isg_memory_cd8_t_cell_alr",0,0,FALSE
"l2_platelet","l3_cm_cd8_t_cell_alr",0,0,FALSE
"l2_platelet","l3_gzmk_cd27_em_cd8_t_cell_alt_alr",0,0,FALSE
"l2_platelet","l3_isg_naive_cd8_t_cell_alr",0,0,FALSE
"l2_platelet","l3_clp_cell_alr",0,0,FALSE
"l2_platelet","l3_gzmk_memory_cd4_treg_alr",0,0,FALSE
"l2_platelet","l3_klrb1_memory_cd4_treg_alr",0,0,FALSE
"l2_progenitor_cell","sex",0,0,FALSE
"l2_progenitor_cell","cmv",0,0,FALSE
"l2_progenitor_cell","l2_erythrocyte",0,0,FALSE
"l2_progenitor_cell","l2_ilc",0,0,FALSE
"l2_progenitor_cell","l2_platelet",0,0,FALSE
"l2_progenitor_cell","l3_cd56bright_nk_cell",0,0,FALSE
"l2_progenitor_cell","l3_cd8aa",0,0,FALSE
"l2_progenitor_cell","l3_cdc1",0,0,FALSE
"l2_progenitor_cell","l3_erythrocyte",0,0,FALSE
"l2_progenitor_cell","l3_ilc",0,0,FALSE
"l2_progenitor_cell","l2_effector_b_cell_alr",0,0,FALSE
"l2_progenitor_cell","l2_memory_b_cell_alr",0,0,FALSE
"l2_progenitor_cell","l2_plasma_cell_alr",0,0,FALSE
"l2_progenitor_cell","l2_asdc_alr",0,0,FALSE
"l2_progenitor_cell","l2_intermediate_monocyte_alr",0,0,FALSE
"l2_progenitor_cell","l2_proliferating_nk_cell_alr",0,0,FALSE
"l2_progenitor_cell","l2_cd8aa_alr",0,0,FALSE
"l2_progenitor_cell","l2_dn_t_cell_alr",0,0,FALSE
"l2_progenitor_cell","l2_memory_cd4_t_cell_alr",0,0,FALSE
"l2_progenitor_cell","l2_treg_alr",0,0,FALSE
"l2_progenitor_cell","l3_il1b_cd14_monocyte_alr",0,0,FALSE
"l2_progenitor_cell","l3_isg_cd14_monocyte_alr",0,0,FALSE
"l2_progenitor_cell","l3_c1q_cd16_monocyte_alr",0,0,FALSE
"l2_progenitor_cell","l3_isg_cd16_monocyte_alr",0,0,FALSE
"l2_progenitor_cell","l3_isg_cd56dim_nk_cell_alr",0,0,FALSE
"l2_progenitor_cell","l3_isg_cdc2_alr",0,0,FALSE
"l2_progenitor_cell","l3_gzmb_vd2_gdt_alr",0,0,FALSE
"l2_progenitor_cell","l3_klrf1_effector_vd1_gdt_alr",0,0,FALSE
"l2_progenitor_cell","l3_cd4_mait_alr",0,0,FALSE
"l2_progenitor_cell","l3_isg_mait_alr",0,0,FALSE
"l2_progenitor_cell","l3_early_memory_b_cell_alr",0,0,FALSE
"l2_progenitor_cell","l3_type_2_polarized_memory_b_cell_alr",0,0,FALSE
"l2_progenitor_cell","l3_klrf1_gzmb_cd27_memory_cd4_t_cell_alr",0,0,FALSE
"l2_progenitor_cell","l3_gzmb_cd27_em_cd4_t_cell_alt_alr",0,0,FALSE
"l2_progenitor_cell","l3_isg_memory_cd8_t_cell_alr",0,0,FALSE
"l2_progenitor_cell","l3_cm_cd8_t_cell_alr",0,0,FALSE
"l2_progenitor_cell","l3_gzmk_cd27_em_cd8_t_cell_alt_alr",0,0,FALSE
"l2_progenitor_cell","l3_klrf1_gzmb_cd27_em_cd8_t_cell_alt_alr",0,0,FALSE
"l2_progenitor_cell","l3_isg_naive_cd4_t_cell_alr",0,0,FALSE
"l2_progenitor_cell","l3_isg_naive_cd8_t_cell_alr",0,0,FALSE
"l2_progenitor_cell","l3_sox4_naive_cd8_t_cell_alr",0,0,FALSE
"l2_progenitor_cell","l3_gzmk_memory_cd4_treg_alr",0,0,FALSE
"l2_progenitor_cell","l3_klrb1_memory_cd8_treg_alr",0,0,FALSE
"l2_progenitor_cell","l3_memory_cd8_treg_alr",0,0,FALSE
"l2_progenitor_cell","l1_monocyte_alr",0,0,FALSE
"l2_progenitor_cell","l1_nk_cell_alr",0,0,FALSE
"l2_progenitor_cell","l1_erythrocyte_alr",0,0,FALSE
"l2_progenitor_cell","l1_ilc_alr",0,0,FALSE
"l2_progenitor_cell","l1_platelet_alr",0,0,FALSE
"l3_asdc","age_group",0,0,FALSE
"l3_asdc","sex",0,0,FALSE
"l3_asdc","cmv",0,0,FALSE
"l3_asdc","l2_erythrocyte",0,0,FALSE
"l3_asdc","l3_cd56bright_nk_cell",0,0,FALSE
"l3_asdc","l3_cd8aa",0,0,FALSE
"l3_asdc","l3_cdc1",0,0,FALSE
"l3_asdc","l3_dn_t_cell",0,0,FALSE
"l3_asdc","l3_erythrocyte",0,0,FALSE
"l3_asdc","l3_pdc",0,0,FALSE
"l3_asdc","l3_platelet",0,0,FALSE
"l3_asdc","l3_proliferating_t_cell",0,0,FALSE
"l3_asdc","l2_effector_b_cell_alr",0,0,FALSE
"l3_asdc","l2_memory_b_cell_alr",0,0,FALSE
"l3_asdc","l2_cd16_monocyte_alr",0,0,FALSE
"l3_asdc","l2_cd8aa_alr",0,0,FALSE
"l3_asdc","l2_dn_t_cell_alr",0,0,FALSE
"l3_asdc","l2_proliferating_t_cell_alr",0,0,FALSE
"l3_asdc","l2_treg_alr",0,0,FALSE
"l3_asdc","l3_il1b_cd14_monocyte_alr",0,0,FALSE
"l3_asdc","l3_isg_cd14_monocyte_alr",0,0,FALSE
"l3_asdc","l3_c1q_cd16_monocyte_alr",0,0,FALSE
"l3_asdc","l3_isg_cd16_monocyte_alr",0,0,FALSE
"l3_asdc","l3_gzmk_cd56dim_nk_cell_alr",0,0,FALSE
"l3_asdc","l3_isg_cd56dim_nk_cell_alr",0,0,FALSE
"l3_asdc","l3_adaptive_nk_cell_alr",0,0,FALSE
"l3_asdc","l3_cd14_cdc2_alr",0,0,FALSE
"l3_asdc","l3_isg_cdc2_alr",0,0,FALSE
"l3_asdc","l3_klrf1_effector_vd1_gdt_alr",0,0,FALSE
"l3_asdc","l3_klrf1_effector_vd1_gdt_alt_alr",0,0,FALSE
"l3_asdc","l3_sox4_vd1_gdt_alr",0,0,FALSE
"l3_asdc","l3_cd4_mait_alr",0,0,FALSE
"l3_asdc","l3_isg_mait_alr",0,0,FALSE
"l3_asdc","l3_activated_memory_b_cell_alr",0,0,FALSE
"l3_asdc","l3_early_memory_b_cell_alr",0,0,FALSE
"l3_asdc","l3_type_2_polarized_memory_b_cell_alr",0,0,FALSE
"l3_asdc","l3_isg_memory_cd4_t_cell_alr",0,0,FALSE
"l3_asdc","l3_klrf1_gzmb_cd27_memory_cd4_t_cell_alr",0,0,FALSE
"l3_asdc","l3_gzmb_cd27_em_cd4_t_cell_alt_alr",0,0,FALSE
"l3_asdc","l3_gzmk_cd27_em_cd8_t_cell_alt_alr",0,0,FALSE
"l3_asdc","l3_klrf1_gzmb_cd27_em_cd8_t_cell_alr",0,0,FALSE
"l3_asdc","l3_klrf1_gzmb_cd27_em_cd8_t_cell_alt_alr",0,0,FALSE
"l3_asdc","l3_isg_naive_cd4_t_cell_alr",0,0,FALSE
"l3_asdc","l3_clp_cell_alr",0,0,FALSE
"l3_asdc","l3_gzmk_memory_cd4_treg_alr",0,0,FALSE
"l3_asdc","l3_klrb1_memory_cd4_treg_alr",0,0,FALSE
"l3_asdc","l3_klrb1_memory_cd8_treg_alr",0,0,FALSE
"l3_asdc","l3_memory_cd8_treg_alr",0,0,FALSE
"l3_cd56bright_nk_cell","age_group",0,0,FALSE
"l3_cd56bright_nk_cell","sex",0,0,FALSE
"l3_cd56bright_nk_cell","cmv",0,0,FALSE
"l3_cd56bright_nk_cell","l2_progenitor_cell",0,0,FALSE
"l3_cd56bright_nk_cell","l3_asdc",0,0,FALSE
"l3_cd56bright_nk_cell","l3_cd8aa",0,0,FALSE
"l3_cd56bright_nk_cell","l3_cdc1",0,0,FALSE
"l3_cd56bright_nk_cell","l3_pdc",0,0,FALSE
"l3_cd56bright_nk_cell","l3_proliferating_nk_cell",0,0,FALSE
"l3_cd56bright_nk_cell","l3_baeomap_cell",0,0,FALSE
"l3_cd56bright_nk_cell","l2_effector_b_cell_alr",0,0,FALSE
"l3_cd56bright_nk_cell","l2_memory_b_cell_alr",0,0,FALSE
"l3_cd56bright_nk_cell","l2_cdc1_alr",0,0,FALSE
"l3_cd56bright_nk_cell","l2_pdc_alr",0,0,FALSE
"l3_cd56bright_nk_cell","l2_intermediate_monocyte_alr",0,0,FALSE
"l3_cd56bright_nk_cell","l2_cd8aa_alr",0,0,FALSE
"l3_cd56bright_nk_cell","l2_dn_t_cell_alr",0,0,FALSE
"l3_cd56bright_nk_cell","l2_gdt_alr",0,0,FALSE
"l3_cd56bright_nk_cell","l2_mait_alr",0,0,FALSE
"l3_cd56bright_nk_cell","l2_memory_cd4_t_cell_alr",0,0,FALSE
"l3_cd56bright_nk_cell","l2_naive_cd8_t_cell_alr",0,0,FALSE
"l3_cd56bright_nk_cell","l2_proliferating_t_cell_alr",0,0,FALSE
"l3_cd56bright_nk_cell","l3_isg_cd14_monocyte_alr",0,0,FALSE
"l3_cd56bright_nk_cell","l3_isg_cd16_monocyte_alr",0,0,FALSE
"l3_cd56bright_nk_cell","l3_gzmk_cd56dim_nk_cell_alr",0,0,FALSE
"l3_cd56bright_nk_cell","l3_isg_cd56dim_nk_cell_alr",0,0,FALSE
"l3_cd56bright_nk_cell","l3_adaptive_nk_cell_alr",0,0,FALSE
"l3_cd56bright_nk_cell","l3_cd14_cdc2_alr",0,0,FALSE
"l3_cd56bright_nk_cell","l3_isg_cdc2_alr",0,0,FALSE
"l3_cd56bright_nk_cell","l3_cd27_effector_b_cell_alt_alr",0,0,FALSE
"l3_cd56bright_nk_cell","l3_naive_vd1_gdt_alr",0,0,FALSE
"l3_cd56bright_nk_cell","l3_sox4_vd1_gdt_alr",0,0,FALSE
"l3_cd56bright_nk_cell","l3_cd4_mait_alr",0,0,FALSE
"l3_cd56bright_nk_cell","l3_isg_mait_alr",0,0,FALSE
"l3_cd56bright_nk_cell","l3_cd95_memory_b_cell_alr",0,0,FALSE
"l3_cd56bright_nk_cell","l3_early_memory_b_cell_alr",0,0,FALSE
"l3_cd56bright_nk_cell","l3_type_2_polarized_memory_b_cell_alr",0,0,FALSE
"l3_cd56bright_nk_cell","l3_isg_memory_cd4_t_cell_alr",0,0,FALSE
"l3_cd56bright_nk_cell","l3_gzmb_cd27_em_cd4_t_cell_alr",0,0,FALSE
"l3_cd56bright_nk_cell","l3_isg_memory_cd8_t_cell_alr",0,0,FALSE
"l3_cd56bright_nk_cell","l3_klrf1_gzmb_cd27_em_cd8_t_cell_alr",0,0,FALSE
"l3_cd56bright_nk_cell","l3_klrf1_gzmb_cd27_em_cd8_t_cell_alt_alr",0,0,FALSE
"l3_cd56bright_nk_cell","l3_isg_naive_b_cell_alr",0,0,FALSE
"l3_cd56bright_nk_cell","l3_isg_naive_cd4_t_cell_alr",0,0,FALSE
"l3_cd56bright_nk_cell","l3_sox4_naive_cd4_t_cell_alr",0,0,FALSE
"l3_cd56bright_nk_cell","l3_isg_naive_cd8_t_cell_alr",0,0,FALSE
"l3_cd56bright_nk_cell","l3_gzmk_memory_cd4_treg_alr",0,0,FALSE
"l3_cd56bright_nk_cell","l3_klrb1_memory_cd4_treg_alr",0,0,FALSE
"l3_cd56bright_nk_cell","l3_klrb1_memory_cd8_treg_alr",0,0,FALSE
"l3_cd56bright_nk_cell","l3_memory_cd8_treg_alr",0,0,FALSE
"l3_cd56bright_nk_cell","l3_naive_cd4_treg_alr",0,0,FALSE
"l3_cd56bright_nk_cell","l1_monocyte_alr",0,0,FALSE
"l3_cd56bright_nk_cell","l1_erythrocyte_alr",0,0,FALSE
"l3_cd56bright_nk_cell","l1_ilc_alr",0,0,FALSE
"l3_cd8aa","cmv",0,0,FALSE
"l3_cd8aa","l2_erythrocyte",0,0,FALSE
"l3_cd8aa","l2_ilc",0,0,FALSE
"l3_cd8aa","l2_platelet",0,0,FALSE
"l3_cd8aa","l2_progenitor_cell",0,0,FALSE
"l3_cd8aa","l3_asdc",0,0,FALSE
"l3_cd8aa","l3_cd56bright_nk_cell",0,0,FALSE
"l3_cd8aa","l3_dn_t_cell",0,0,FALSE
"l3_cd8aa","l3_erythrocyte",0,0,FALSE
"l3_cd8aa","l3_baeomap_cell",0,0,FALSE
"l3_cd8aa","l2_effector_b_cell_alr",0,0,FALSE
"l3_cd8aa","l2_plasma_cell_alr",0,0,FALSE
"l3_cd8aa","l2_dn_t_cell_alr",0,0,FALSE
"l3_cd8aa","l2_naive_cd8_t_cell_alr",0,0,FALSE
"l3_cd8aa","l3_isg_cd14_monocyte_alr",0,0,FALSE
"l3_cd8aa","l3_c1q_cd16_monocyte_alr",0,0,FALSE
"l3_cd8aa","l3_isg_cd16_monocyte_alr",0,0,FALSE
"l3_cd8aa","l3_gzmk_cd56dim_nk_cell_alr",0,0,FALSE
"l3_cd8aa","l3_isg_cd56dim_nk_cell_alr",0,0,FALSE
"l3_cd8aa","l3_cd14_cdc2_alr",0,0,FALSE
"l3_cd8aa","l3_isg_cdc2_alr",0,0,FALSE
"l3_cd8aa","l3_cd4_mait_alr",0,0,FALSE
"l3_cd8aa","l3_isg_mait_alr",0,0,FALSE
"l3_cd8aa","l3_type_2_polarized_memory_b_cell_alr",0,0,FALSE
"l3_cd8aa","l3_isg_memory_cd4_t_cell_alr",0,0,FALSE
"l3_cd8aa","l3_cm_cd8_t_cell_alr",0,0,FALSE
"l3_cd8aa","l3_klrf1_gzmb_cd27_em_cd8_t_cell_alr",0,0,FALSE
"l3_cd8aa","l3_isg_naive_b_cell_alr",0,0,FALSE
"l3_cd8aa","l3_isg_naive_cd8_t_cell_alr",0,0,FALSE
"l3_cd8aa","l3_sox4_naive_cd8_t_cell_alr",0,0,FALSE
"l3_cd8aa","l3_clp_cell_alr",0,0,FALSE
"l3_cd8aa","l1_nk_cell_alr",0,0,FALSE
"l3_cd8aa","l1_progenitor_cell_alr",0,0,FALSE
"l3_cdc1","age_group",0,0,FALSE
"l3_cdc1","cmv",0,0,FALSE
"l3_cdc1","l2_platelet",0,0,FALSE
"l3_cdc1","l2_progenitor_cell",0,0,FALSE
"l3_cdc1","l3_asdc",0,0,FALSE
"l3_cdc1","l3_cd56bright_nk_cell",0,0,FALSE
"l3_cdc1","l3_dn_t_cell",0,0,FALSE
"l3_cdc1","l3_intermediate_monocyte",0,0,FALSE
"l3_cdc1","l3_transitional_b_cell",0,0,FALSE
"l3_cdc1","l2_plasma_cell_alr",0,0,FALSE
"l3_cdc1","l2_transitional_b_cell_alr",0,0,FALSE
"l3_cdc1","l2_cd16_monocyte_alr",0,0,FALSE
"l3_cdc1","l2_dn_t_cell_alr",0,0,FALSE
"l3_cdc1","l2_memory_cd4_t_cell_alr",0,0,FALSE
"l3_cdc1","l2_proliferating_t_cell_alr",0,0,FALSE
"l3_cdc1","l2_treg_alr",0,0,FALSE
"l3_cdc1","l3_cd14_cdc2_alr",0,0,FALSE
"l3_cdc1","l3_klrf1_effector_vd1_gdt_alr",0,0,FALSE
"l3_cdc1","l3_klrf1_effector_vd1_gdt_alt_alr",0,0,FALSE
"l3_cdc1","l3_type_2_polarized_memory_b_cell_alr",0,0,FALSE
"l3_cdc1","l3_gzmb_cd27_em_cd4_t_cell_alr",0,0,FALSE
"l3_cdc1","l3_isg_memory_cd8_t_cell_alr",0,0,FALSE
"l3_cdc1","l3_cm_cd8_t_cell_alr",0,0,FALSE
"l3_cdc1","l3_isg_naive_b_cell_alr",0,0,FALSE
"l3_cdc1","l3_isg_naive_cd4_t_cell_alr",0,0,FALSE
"l3_cdc1","l3_isg_naive_cd8_t_cell_alr",0,0,FALSE
"l3_cdc1","l3_sox4_naive_cd8_t_cell_alr",0,0,FALSE
"l3_cdc1","l3_gzmk_memory_cd4_treg_alr",0,0,FALSE
"l3_cdc1","l3_klrb1_memory_cd8_treg_alr",0,0,FALSE
"l3_cdc1","l3_naive_cd4_treg_alr",0,0,FALSE
"l3_cdc1","l1_monocyte_alr",0,0,FALSE
"l3_cdc1","l1_progenitor_cell_alr",0,0,FALSE
"l3_dn_t_cell","age_group",0,0,FALSE
"l3_dn_t_cell","sex",0,0,FALSE
"l3_dn_t_cell","cmv",0,0,FALSE
"l3_dn_t_cell","l3_asdc",0,0,FALSE
"l3_dn_t_cell","l3_cd8aa",0,0,FALSE
"l3_dn_t_cell","l3_cdc1",0,0,FALSE
"l3_dn_t_cell","l3_erythrocyte",0,0,FALSE
"l3_dn_t_cell","l3_ilc",0,0,FALSE
"l3_dn_t_cell","l3_pdc",0,0,FALSE
"l3_dn_t_cell","l3_plasma_cell",0,0,FALSE
"l3_dn_t_cell","l2_asdc_alr",0,0,FALSE
"l3_dn_t_cell","l2_cdc1_alr",0,0,FALSE
"l3_dn_t_cell","l2_cd16_monocyte_alr",0,0,FALSE
"l3_dn_t_cell","l2_intermediate_monocyte_alr",0,0,FALSE
"l3_dn_t_cell","l2_gdt_alr",0,0,FALSE
"l3_dn_t_cell","l2_memory_cd4_t_cell_alr",0,0,FALSE
"l3_dn_t_cell","l2_memory_cd8_t_cell_alr",0,0,FALSE
"l3_dn_t_cell","l2_naive_cd8_t_cell_alr",0,0,FALSE
"l3_dn_t_cell","l2_proliferating_t_cell_alr",0,0,FALSE
"l3_dn_t_cell","l3_isg_cd14_monocyte_alr",0,0,FALSE
"l3_dn_t_cell","l3_c1q_cd16_monocyte_alr",0,0,FALSE
"l3_dn_t_cell","l3_gzmk_cd56dim_nk_cell_alr",0,0,FALSE
"l3_dn_t_cell","l3_isg_cd56dim_nk_cell_alr",0,0,FALSE
"l3_dn_t_cell","l3_cd14_cdc2_alr",0,0,FALSE
"l3_dn_t_cell","l3_isg_cdc2_alr",0,0,FALSE
"l3_dn_t_cell","l3_cd27_effector_b_cell_alt_alr",0,0,FALSE
"l3_dn_t_cell","l3_gzmb_vd2_gdt_alr",0,0,FALSE
"l3_dn_t_cell","l3_klrf1_effector_vd1_gdt_alr",0,0,FALSE
"l3_dn_t_cell","l3_naive_vd1_gdt_alr",0,0,FALSE
"l3_dn_t_cell","l3_sox4_vd1_gdt_alr",0,0,FALSE
"l3_dn_t_cell","l3_cd4_mait_alr",0,0,FALSE
"l3_dn_t_cell","l3_klrf1_gzmb_cd27_em_cd8_t_cell_alr",0,0,FALSE
"l3_dn_t_cell","l3_sox4_naive_cd4_t_cell_alr",0,0,FALSE
"l3_dn_t_cell","l3_sox4_naive_cd8_t_cell_alr",0,0,FALSE
"l3_dn_t_cell","l3_klrb1_memory_cd8_treg_alr",0,0,FALSE
"l3_dn_t_cell","l1_dc_alr",0,0,FALSE
"l3_dn_t_cell","l1_nk_cell_alr",0,0,FALSE
"l3_erythrocyte","age_group",0,0,FALSE
"l3_erythrocyte","sex",0,0,FALSE
"l3_erythrocyte","l2_erythrocyte",0,0,FALSE
"l3_erythrocyte","l2_progenitor_cell",0,0,FALSE
"l3_erythrocyte","l3_asdc",0,0,FALSE
"l3_erythrocyte","l3_cd8aa",0,0,FALSE
"l3_erythrocyte","l3_dn_t_cell",0,0,FALSE
"l3_erythrocyte","l3_ilc",0,0,FALSE
"l3_erythrocyte","l3_plasma_cell",0,0,FALSE
"l3_erythrocyte","l3_platelet",0,0,FALSE
"l3_erythrocyte","l3_baeomap_cell",0,0,FALSE
"l3_erythrocyte","l2_memory_b_cell_alr",0,0,FALSE
"l3_erythrocyte","l2_cd16_monocyte_alr",0,0,FALSE
"l3_erythrocyte","l2_mait_alr",0,0,FALSE
"l3_erythrocyte","l2_memory_cd4_t_cell_alr",0,0,FALSE
"l3_erythrocyte","l3_il1b_cd14_monocyte_alr",0,0,FALSE
"l3_erythrocyte","l3_isg_cd14_monocyte_alr",0,0,FALSE
"l3_erythrocyte","l3_isg_cd16_monocyte_alr",0,0,FALSE
"l3_erythrocyte","l3_gzmk_cd56dim_nk_cell_alr",0,0,FALSE
"l3_erythrocyte","l3_isg_cd56dim_nk_cell_alr",0,0,FALSE
"l3_erythrocyte","l3_isg_cdc2_alr",0,0,FALSE
"l3_erythrocyte","l3_naive_vd1_gdt_alr",0,0,FALSE
"l3_erythrocyte","l3_sox4_vd1_gdt_alr",0,0,FALSE
"l3_erythrocyte","l3_cd4_mait_alr",0,0,FALSE
"l3_erythrocyte","l3_isg_mait_alr",0,0,FALSE
"l3_erythrocyte","l3_early_memory_b_cell_alr",0,0,FALSE
"l3_erythrocyte","l3_type_2_polarized_memory_b_cell_alr",0,0,FALSE
"l3_erythrocyte","l3_isg_memory_cd4_t_cell_alr",0,0,FALSE
"l3_erythrocyte","l3_klrf1_gzmb_cd27_memory_cd4_t_cell_alr",0,0,FALSE
"l3_erythrocyte","l3_gzmb_cd27_em_cd4_t_cell_alr",0,0,FALSE
"l3_erythrocyte","l3_gzmb_cd27_em_cd4_t_cell_alt_alr",0,0,FALSE
"l3_erythrocyte","l3_isg_memory_cd8_t_cell_alr",0,0,FALSE
"l3_erythrocyte","l3_gzmk_cd27_em_cd8_t_cell_alt_alr",0,0,FALSE
"l3_erythrocyte","l3_klrf1_gzmb_cd27_em_cd8_t_cell_alt_alr",0,0,FALSE
"l3_erythrocyte","l3_isg_naive_b_cell_alr",0,0,FALSE
"l3_erythrocyte","l3_sox4_naive_cd4_t_cell_alr",0,0,FALSE
"l3_erythrocyte","l3_isg_naive_cd8_t_cell_alr",0,0,FALSE
"l3_erythrocyte","l3_sox4_naive_cd8_t_cell_alr",0,0,FALSE
"l3_erythrocyte","l3_clp_cell_alr",0,0,FALSE
"l3_erythrocyte","l3_gzmk_memory_cd4_treg_alr",0,0,FALSE
"l3_erythrocyte","l3_klrb1_memory_cd4_treg_alr",0,0,FALSE
"l3_erythrocyte","l3_klrb1_memory_cd8_treg_alr",0,0,FALSE
"l3_erythrocyte","l3_memory_cd8_treg_alr",0,0,FALSE
"l3_ilc","age_group",0,0,FALSE
"l3_ilc","sex",0,0,FALSE
"l3_ilc","l2_ilc",0,0,FALSE
"l3_ilc","l2_progenitor_cell",0,0,FALSE
"l3_ilc","l3_dn_t_cell",0,0,FALSE
"l3_ilc","l3_erythrocyte",0,0,FALSE
"l3_ilc","l3_intermediate_monocyte",0,0,FALSE
"l3_ilc","l3_pdc",0,0,FALSE
"l3_ilc","l3_plasma_cell",0,0,FALSE
"l3_ilc","l3_proliferating_nk_cell",0,0,FALSE
"l3_ilc","l3_proliferating_t_cell",0,0,FALSE
"l3_ilc","l2_transitional_b_cell_alr",0,0,FALSE
"l3_ilc","l2_cd16_monocyte_alr",0,0,FALSE
"l3_ilc","l2_cd56bright_nk_cell_alr",0,0,FALSE
"l3_ilc","l2_proliferating_nk_cell_alr",0,0,FALSE
"l3_ilc","l2_dn_t_cell_alr",0,0,FALSE
"l3_ilc","l2_mait_alr",0,0,FALSE
"l3_ilc","l2_memory_cd4_t_cell_alr",0,0,FALSE
"l3_ilc","l2_memory_cd8_t_cell_alr",0,0,FALSE
"l3_ilc","l2_naive_cd8_t_cell_alr",0,0,FALSE
"l3_ilc","l2_proliferating_t_cell_alr",0,0,FALSE
"l3_ilc","l3_il1b_cd14_monocyte_alr",0,0,FALSE
"l3_ilc","l3_isg_cd14_monocyte_alr",0,0,FALSE
"l3_ilc","l3_c1q_cd16_monocyte_alr",0,0,FALSE
"l3_ilc","l3_isg_cd16_monocyte_alr",0,0,FALSE
"l3_ilc","l3_isg_cd56dim_nk_cell_alr",0,0,FALSE
"l3_ilc","l3_adaptive_nk_cell_alr",0,0,FALSE
"l3_ilc","l3_isg_cdc2_alr",0,0,FALSE
"l3_ilc","l3_klrf1_effector_vd1_gdt_alt_alr",0,0,FALSE
"l3_ilc","l3_naive_vd1_gdt_alr",0,0,FALSE
"l3_ilc","l3_sox4_vd1_gdt_alr",0,0,FALSE
"l3_ilc","l3_cd4_mait_alr",0,0,FALSE
"l3_ilc","l3_isg_mait_alr",0,0,FALSE
"l3_ilc","l3_cd95_memory_b_cell_alr",0,0,FALSE
"l3_ilc","l3_early_memory_b_cell_alr",0,0,FALSE
"l3_ilc","l3_isg_memory_cd4_t_cell_alr",0,0,FALSE
"l3_ilc","l3_gzmb_cd27_em_cd4_t_cell_alr",0,0,FALSE
"l3_ilc","l3_gzmb_cd27_em_cd4_t_cell_alt_alr",0,0,FALSE
"l3_ilc","l3_isg_memory_cd8_t_cell_alr",0,0,FALSE
"l3_ilc","l3_gzmk_cd27_em_cd8_t_cell_alt_alr",0,0,FALSE
"l3_ilc","l3_klrf1_gzmb_cd27_em_cd8_t_cell_alt_alr",0,0,FALSE
"l3_ilc","l3_isg_naive_cd4_t_cell_alr",0,0,FALSE
"l3_ilc","l3_sox4_naive_cd4_t_cell_alr",0,0,FALSE
"l3_ilc","l3_isg_naive_cd8_t_cell_alr",0,0,FALSE
"l3_ilc","l3_sox4_naive_cd8_t_cell_alr",0,0,FALSE
"l3_ilc","l3_clp_cell_alr",0,0,FALSE
"l3_ilc","l3_klrb1_memory_cd4_treg_alr",0,0,FALSE
"l3_ilc","l3_klrb1_memory_cd8_treg_alr",0,0,FALSE
"l3_ilc","l1_dc_alr",0,0,FALSE
"l3_ilc","l1_monocyte_alr",0,0,FALSE
"l3_ilc","l1_b_cell_alr",0,0,FALSE
"l3_ilc","l1_erythrocyte_alr",0,0,FALSE
"l3_ilc","l1_platelet_alr",0,0,FALSE
"l3_intermediate_monocyte","sex",0,0,FALSE
"l3_intermediate_monocyte","l3_cdc1",0,0,FALSE
"l3_intermediate_monocyte","l3_ilc",0,0,FALSE
"l3_intermediate_monocyte","l3_plasma_cell",0,0,FALSE
"l3_intermediate_monocyte","l3_platelet",0,0,FALSE
"l3_intermediate_monocyte","l2_memory_cd4_t_cell_alr",0,0,FALSE
"l3_intermediate_monocyte","l2_memory_cd8_t_cell_alr",0,0,FALSE
"l3_intermediate_monocyte","l2_treg_alr",0,0,FALSE
"l3_intermediate_monocyte","l3_adaptive_nk_cell_alr",0,0,FALSE
"l3_intermediate_monocyte","l3_isg_cdc2_alr",0,0,FALSE
"l3_intermediate_monocyte","l3_cd27_effector_b_cell_alt_alr",0,0,FALSE
"l3_intermediate_monocyte","l3_gzmb_vd2_gdt_alr",0,0,FALSE
"l3_intermediate_monocyte","l3_naive_vd1_gdt_alr",0,0,FALSE
"l3_intermediate_monocyte","l3_cd4_mait_alr",0,0,FALSE
"l3_intermediate_monocyte","l3_type_2_polarized_memory_b_cell_alr",0,0,FALSE
"l3_intermediate_monocyte","l3_sox4_naive_cd4_t_cell_alr",0,0,FALSE
"l3_intermediate_monocyte","l3_memory_cd8_treg_alr",0,0,FALSE
"l3_intermediate_monocyte","l3_naive_cd4_treg_alr",0,0,FALSE
"l3_pdc","age_group",0,0,FALSE
"l3_pdc","sex",0,0,FALSE
"l3_pdc","l2_ilc",0,0,FALSE
"l3_pdc","l2_platelet",0,0,FALSE
"l3_pdc","l3_asdc",0,0,FALSE
"l3_pdc","l3_cd56bright_nk_cell",0,0,FALSE
"l3_pdc","l3_dn_t_cell",0,0,FALSE
"l3_pdc","l3_ilc",0,0,FALSE
"l3_pdc","l3_plasma_cell",0,0,FALSE
"l3_pdc","l2_asdc_alr",0,0,FALSE
"l3_pdc","l2_cdc1_alr",0,0,FALSE
"l3_pdc","l2_cd16_monocyte_alr",0,0,FALSE
"l3_pdc","l2_mait_alr",0,0,FALSE
"l3_pdc","l3_isg_cd14_monocyte_alr",0,0,FALSE
"l3_pdc","l3_isg_cd16_monocyte_alr",0,0,FALSE
"l3_pdc","l3_gzmk_cd56dim_nk_cell_alr",0,0,FALSE
"l3_pdc","l3_isg_cd56dim_nk_cell_alr",0,0,FALSE
"l3_pdc","l3_cd14_cdc2_alr",0,0,FALSE
"l3_pdc","l3_isg_cdc2_alr",0,0,FALSE
"l3_pdc","l3_cd27_effector_b_cell_alt_alr",0,0,FALSE
"l3_pdc","l3_klrf1_effector_vd1_gdt_alt_alr",0,0,FALSE
"l3_pdc","l3_cd4_mait_alr",0,0,FALSE
"l3_pdc","l3_cd95_memory_b_cell_alr",0,0,FALSE
"l3_pdc","l3_isg_memory_cd4_t_cell_alr",0,0,FALSE
"l3_pdc","l3_gzmb_cd27_em_cd4_t_cell_alr",0,0,FALSE
"l3_pdc","l3_isg_memory_cd8_t_cell_alr",0,0,FALSE
"l3_pdc","l3_cm_cd8_t_cell_alr",0,0,FALSE
"l3_pdc","l3_gzmk_cd27_em_cd8_t_cell_alt_alr",0,0,FALSE
"l3_pdc","l3_klrf1_gzmb_cd27_em_cd8_t_cell_alt_alr",0,0,FALSE
"l3_pdc","l3_isg_naive_cd8_t_cell_alr",0,0,FALSE
"l3_pdc","l3_sox4_naive_cd8_t_cell_alr",0,0,FALSE
"l3_pdc","l3_clp_cell_alr",0,0,FALSE
"l3_pdc","l3_klrb1_memory_cd4_treg_alr",0,0,FALSE
"l3_pdc","l3_klrb1_memory_cd8_treg_alr",0,0,FALSE
"l3_pdc","l3_memory_cd8_treg_alr",0,0,FALSE
"l3_pdc","l3_naive_cd4_treg_alr",0,0,FALSE
"l3_plasma_cell","age_group",0,0,FALSE
"l3_plasma_cell","sex",0,0,FALSE
"l3_plasma_cell","cmv",0,0,FALSE
"l3_plasma_cell","l3_dn_t_cell",0,0,FALSE
"l3_plasma_cell","l3_erythrocyte",0,0,FALSE
"l3_plasma_cell","l3_ilc",0,0,FALSE
"l3_plasma_cell","l3_intermediate_monocyte",0,0,FALSE
"l3_plasma_cell","l3_pdc",0,0,FALSE
"l3_plasma_cell","l3_proliferating_nk_cell",0,0,FALSE
"l3_plasma_cell","l3_transitional_b_cell",0,0,FALSE
"l3_plasma_cell","l3_baeomap_cell",0,0,FALSE
"l3_plasma_cell","l2_transitional_b_cell_alr",0,0,FALSE
"l3_plasma_cell","l2_cd16_monocyte_alr",0,0,FALSE
"l3_plasma_cell","l2_intermediate_monocyte_alr",0,0,FALSE
"l3_plasma_cell","l2_proliferating_nk_cell_alr",0,0,FALSE
"l3_plasma_cell","l2_memory_cd8_t_cell_alr",0,0,FALSE
"l3_plasma_cell","l3_isg_cd14_monocyte_alr",0,0,FALSE
"l3_plasma_cell","l3_c1q_cd16_monocyte_alr",0,0,FALSE
"l3_plasma_cell","l3_isg_cd16_monocyte_alr",0,0,FALSE
"l3_plasma_cell","l3_cd27_effector_b_cell_alt_alr",0,0,FALSE
"l3_plasma_cell","l3_klrf1_effector_vd1_gdt_alt_alr",0,0,FALSE
"l3_plasma_cell","l3_cd4_mait_alr",0,0,FALSE
"l3_plasma_cell","l3_isg_mait_alr",0,0,FALSE
"l3_plasma_cell","l3_cm_cd8_t_cell_alr",0,0,FALSE
"l3_plasma_cell","l3_gzmk_cd27_em_cd8_t_cell_alt_alr",0,0,FALSE
"l3_plasma_cell","l3_isg_naive_cd4_t_cell_alr",0,0,FALSE
"l3_plasma_cell","l3_clp_cell_alr",0,0,FALSE
"l3_plasma_cell","l3_gzmk_memory_cd4_treg_alr",0,0,FALSE
"l3_plasma_cell","l3_klrb1_memory_cd4_treg_alr",0,0,FALSE
"l3_plasma_cell","l3_klrb1_memory_cd8_treg_alr",0,0,FALSE
"l3_plasma_cell","l1_nk_cell_alr",0,0,FALSE
"l3_platelet","age_group",0,0,FALSE
"l3_platelet","cmv",0,0,FALSE
"l3_platelet","l2_platelet",0,0,FALSE
"l3_platelet","l3_asdc",0,0,FALSE
"l3_platelet","l3_erythrocyte",0,0,FALSE
"l3_platelet","l3_intermediate_monocyte",0,0,FALSE
"l3_platelet","l3_proliferating_t_cell",0,0,FALSE
"l3_platelet","l2_transitional_b_cell_alr",0,0,FALSE
"l3_platelet","l2_dn_t_cell_alr",0,0,FALSE
"l3_platelet","l2_gdt_alr",0,0,FALSE
"l3_platelet","l3_isg_cd14_monocyte_alr",0,0,FALSE
"l3_platelet","l3_isg_cd16_monocyte_alr",0,0,FALSE
"l3_platelet","l3_gzmk_cd56dim_nk_cell_alr",0,0,FALSE
"l3_platelet","l3_isg_cd56dim_nk_cell_alr",0,0,FALSE
"l3_platelet","l3_cd14_cdc2_alr",0,0,FALSE
"l3_platelet","l3_isg_cdc2_alr",0,0,FALSE
"l3_platelet","l3_cd27_effector_b_cell_alt_alr",0,0,FALSE
"l3_platelet","l3_klrf1_effector_vd1_gdt_alr",0,0,FALSE
"l3_platelet","l3_sox4_vd1_gdt_alr",0,0,FALSE
"l3_platelet","l3_isg_mait_alr",0,0,FALSE
"l3_platelet","l3_type_2_polarized_memory_b_cell_alr",0,0,FALSE
"l3_platelet","l3_gzmb_cd27_em_cd4_t_cell_alt_alr",0,0,FALSE
"l3_platelet","l3_isg_memory_cd8_t_cell_alr",0,0,FALSE
"l3_platelet","l3_isg_naive_cd8_t_cell_alr",0,0,FALSE
"l3_platelet","l3_sox4_naive_cd8_t_cell_alr",0,0,FALSE
"l3_platelet","l3_gzmk_memory_cd4_treg_alr",0,0,FALSE
"l3_platelet","l3_klrb1_memory_cd4_treg_alr",0,0,FALSE
"l3_platelet","l1_dc_alr",0,0,FALSE
"l3_platelet","l1_erythrocyte_alr",0,0,FALSE
"l3_platelet","l1_ilc_alr",0,0,FALSE
"l3_proliferating_nk_cell","age_group",0,0,FALSE
"l3_proliferating_nk_cell","cmv",0,0,FALSE
"l3_proliferating_nk_cell","l3_cd56bright_nk_cell",0,0,FALSE
"l3_proliferating_nk_cell","l3_ilc",0,0,FALSE
"l3_proliferating_nk_cell","l3_plasma_cell",0,0,FALSE
"l3_proliferating_nk_cell","l3_proliferating_t_cell",0,0,FALSE
"l3_proliferating_nk_cell","l2_effector_b_cell_alr",0,0,FALSE
"l3_proliferating_nk_cell","l2_plasma_cell_alr",0,0,FALSE
"l3_proliferating_nk_cell","l2_cdc1_alr",0,0,FALSE
"l3_proliferating_nk_cell","l2_mait_alr",0,0,FALSE
"l3_proliferating_nk_cell","l3_cd14_cdc2_alr",0,0,FALSE
"l3_proliferating_nk_cell","l3_cd27_effector_b_cell_alt_alr",0,0,FALSE
"l3_proliferating_nk_cell","l3_cd4_mait_alr",0,0,FALSE
"l3_proliferating_nk_cell","l3_activated_memory_b_cell_alr",0,0,FALSE
"l3_proliferating_nk_cell","l3_cd95_memory_b_cell_alr",0,0,FALSE
"l3_proliferating_nk_cell","l3_early_memory_b_cell_alr",0,0,FALSE
"l3_proliferating_nk_cell","l3_type_2_polarized_memory_b_cell_alr",0,0,FALSE
"l3_proliferating_nk_cell","l3_isg_memory_cd8_t_cell_alr",0,0,FALSE
"l3_proliferating_nk_cell","l3_klrf1_gzmb_cd27_em_cd8_t_cell_alr",0,0,FALSE
"l3_proliferating_nk_cell","l3_gzmk_memory_cd4_treg_alr",0,0,FALSE
"l3_proliferating_nk_cell","l3_klrb1_memory_cd8_treg_alr",0,0,FALSE
"l3_proliferating_nk_cell","l3_memory_cd8_treg_alr",0,0,FALSE
"l3_proliferating_nk_cell","l1_ilc_alr",0,0,FALSE
"l3_proliferating_t_cell","l3_asdc",0,0,FALSE
"l3_proliferating_t_cell","l3_ilc",0,0,FALSE
"l3_proliferating_t_cell","l3_platelet",0,0,FALSE
"l3_proliferating_t_cell","l3_proliferating_nk_cell",0,0,FALSE
"l3_proliferating_t_cell","l2_effector_b_cell_alr",0,0,FALSE
"l3_proliferating_t_cell","l2_cd16_monocyte_alr",0,0,FALSE
"l3_proliferating_t_cell","l2_gdt_alr",0,0,FALSE
"l3_proliferating_t_cell","l3_isg_cd16_monocyte_alr",0,0,FALSE
"l3_proliferating_t_cell","l3_isg_cdc2_alr",0,0,FALSE
"l3_proliferating_t_cell","l3_cd27_effector_b_cell_alt_alr",0,0,FALSE
"l3_proliferating_t_cell","l3_sox4_vd1_gdt_alr",0,0,FALSE
"l3_proliferating_t_cell","l3_activated_memory_b_cell_alr",0,0,FALSE
"l3_proliferating_t_cell","l3_early_memory_b_cell_alr",0,0,FALSE
"l3_proliferating_t_cell","l3_cm_cd8_t_cell_alr",0,0,FALSE
"l3_proliferating_t_cell","l3_gzmk_cd27_em_cd8_t_cell_alt_alr",0,0,FALSE
"l3_proliferating_t_cell","l3_isg_naive_b_cell_alr",0,0,FALSE
"l3_proliferating_t_cell","l3_sox4_naive_cd8_t_cell_alr",0,0,FALSE
"l3_proliferating_t_cell","l3_clp_cell_alr",0,0,FALSE
"l3_proliferating_t_cell","l3_gzmk_memory_cd4_treg_alr",0,0,FALSE
"l3_proliferating_t_cell","l3_klrb1_memory_cd8_treg_alr",0,0,FALSE
"l3_proliferating_t_cell","l1_monocyte_alr",0,0,FALSE
"l3_transitional_b_cell","sex",0,0,FALSE
"l3_transitional_b_cell","cmv",0,0,FALSE
"l3_transitional_b_cell","l2_erythrocyte",0,0,FALSE
"l3_transitional_b_cell","l2_platelet",0,0,FALSE
"l3_transitional_b_cell","l3_cdc1",0,0,FALSE
"l3_transitional_b_cell","l3_plasma_cell",0,0,FALSE
"l3_transitional_b_cell","l2_asdc_alr",0,0,FALSE
"l3_transitional_b_cell","l2_intermediate_monocyte_alr",0,0,FALSE
"l3_transitional_b_cell","l2_treg_alr",0,0,FALSE
"l3_transitional_b_cell","l3_gzmk_cd56dim_nk_cell_alr",0,0,FALSE
"l3_transitional_b_cell","l3_isg_cd56dim_nk_cell_alr",0,0,FALSE
"l3_transitional_b_cell","l3_cd27_effector_b_cell_alt_alr",0,0,FALSE
"l3_transitional_b_cell","l3_klrf1_effector_vd1_gdt_alt_alr",0,0,FALSE
"l3_transitional_b_cell","l3_isg_mait_alr",0,0,FALSE
"l3_transitional_b_cell","l3_klrf1_gzmb_cd27_memory_cd4_t_cell_alr",0,0,FALSE
"l3_transitional_b_cell","l3_gzmk_cd27_em_cd8_t_cell_alt_alr",0,0,FALSE
"l3_transitional_b_cell","l3_klrf1_gzmb_cd27_em_cd8_t_cell_alr",0,0,FALSE
"l3_transitional_b_cell","l3_gzmk_memory_cd4_treg_alr",0,0,FALSE
"l3_transitional_b_cell","l3_klrb1_memory_cd4_treg_alr",0,0,FALSE
"l3_transitional_b_cell","l3_memory_cd8_treg_alr",0,0,FALSE
"l3_transitional_b_cell","l1_ilc_alr",0,0,FALSE
"l3_baeomap_cell","age_group",0,0,FALSE
"l3_baeomap_cell","sex",0,0,FALSE
"l3_baeomap_cell","cmv",0,0,FALSE
"l3_baeomap_cell","l2_erythrocyte",0,0,FALSE
"l3_baeomap_cell","l2_ilc",0,0,FALSE
"l3_baeomap_cell","l3_cd56bright_nk_cell",0,0,FALSE
"l3_baeomap_cell","l3_cd8aa",0,0,FALSE
"l3_baeomap_cell","l3_erythrocyte",0,0,FALSE
"l3_baeomap_cell","l3_plasma_cell",0,0,FALSE
"l3_baeomap_cell","l2_plasma_cell_alr",0,0,FALSE
"l3_baeomap_cell","l2_asdc_alr",0,0,FALSE
"l3_baeomap_cell","l2_intermediate_monocyte_alr",0,0,FALSE
"l3_baeomap_cell","l2_cd8aa_alr",0,0,FALSE
"l3_baeomap_cell","l2_dn_t_cell_alr",0,0,FALSE
"l3_baeomap_cell","l2_mait_alr",0,0,FALSE
"l3_baeomap_cell","l2_proliferating_t_cell_alr",0,0,FALSE
"l3_baeomap_cell","l3_il1b_cd14_monocyte_alr",0,0,FALSE
"l3_baeomap_cell","l3_isg_cdc2_alr",0,0,FALSE
"l3_baeomap_cell","l3_gzmb_vd2_gdt_alr",0,0,FALSE
"l3_baeomap_cell","l3_klrf1_effector_vd1_gdt_alr",0,0,FALSE
"l3_baeomap_cell","l3_isg_mait_alr",0,0,FALSE
"l3_baeomap_cell","l3_activated_memory_b_cell_alr",0,0,FALSE
"l3_baeomap_cell","l3_cd95_memory_b_cell_alr",0,0,FALSE
"l3_baeomap_cell","l3_early_memory_b_cell_alr",0,0,FALSE
"l3_baeomap_cell","l3_type_2_polarized_memory_b_cell_alr",0,0,FALSE
"l3_baeomap_cell","l3_isg_memory_cd4_t_cell_alr",0,0,FALSE
"l3_baeomap_cell","l3_klrf1_gzmb_cd27_memory_cd4_t_cell_alr",0,0,FALSE
"l3_baeomap_cell","l3_gzmb_cd27_em_cd4_t_cell_alt_alr",0,0,FALSE
"l3_baeomap_cell","l3_isg_naive_b_cell_alr",0,0,FALSE
"l3_baeomap_cell","l3_isg_naive_cd8_t_cell_alr",0,0,FALSE
"l3_baeomap_cell","l3_klrb1_memory_cd8_treg_alr",0,0,FALSE
"l3_baeomap_cell","l3_naive_cd4_treg_alr",0,0,FALSE
"l3_baeomap_cell","l1_dc_alr",0,0,FALSE
"l3_baeomap_cell","l1_erythrocyte_alr",0,0,FALSE
"l3_baeomap_cell","l1_progenitor_cell_alr",0,0,FALSE
"l2_effector_b_cell_alr","age_group",0,0,FALSE
"l2_effector_b_cell_alr","sex",0,0,FALSE
"l2_effector_b_cell_alr","cmv",0,0,FALSE
"l2_effector_b_cell_alr","l2_ilc",0,0,FALSE
"l2_effector_b_cell_alr","l2_platelet",0,0,FALSE
"l2_effector_b_cell_alr","l2_progenitor_cell",0,0,FALSE
"l2_effector_b_cell_alr","l3_asdc",0,0,FALSE
"l2_effector_b_cell_alr","l3_cd56bright_nk_cell",0,0,FALSE
"l2_effector_b_cell_alr","l3_cd8aa",0,0,FALSE
"l2_effector_b_cell_alr","l3_proliferating_nk_cell",0,0,FALSE
"l2_effector_b_cell_alr","l3_proliferating_t_cell",0,0,FALSE
"l2_effector_b_cell_alr","l2_asdc_alr",0,0,FALSE
"l2_effector_b_cell_alr","l2_cdc1_alr",0,0,FALSE
"l2_effector_b_cell_alr","l2_cd16_monocyte_alr",0,0,FALSE
"l2_effector_b_cell_alr","l2_intermediate_monocyte_alr",0,0,FALSE
"l2_effector_b_cell_alr","l2_proliferating_nk_cell_alr",0,0,FALSE
"l2_effector_b_cell_alr","l2_cd8aa_alr",0,0,FALSE
"l2_effector_b_cell_alr","l2_memory_cd4_t_cell_alr",0,0,FALSE
"l2_effector_b_cell_alr","l2_proliferating_t_cell_alr",0,0,FALSE
"l2_effector_b_cell_alr","l3_isg_cd14_monocyte_alr",0,0,FALSE
"l2_effector_b_cell_alr","l3_c1q_cd16_monocyte_alr",0,0,FALSE
"l2_effector_b_cell_alr","l3_isg_cd16_monocyte_alr",0,0,FALSE
"l2_effector_b_cell_alr","l3_isg_cdc2_alr",0,0,FALSE
"l2_effector_b_cell_alr","l3_naive_vd1_gdt_alr",0,0,FALSE
"l2_effector_b_cell_alr","l3_sox4_vd1_gdt_alr",0,0,FALSE
"l2_effector_b_cell_alr","l3_cd4_mait_alr",0,0,FALSE
"l2_effector_b_cell_alr","l3_isg_mait_alr",0,0,FALSE
"l2_effector_b_cell_alr","l3_isg_memory_cd4_t_cell_alr",0,0,FALSE
"l2_effector_b_cell_alr","l3_isg_memory_cd8_t_cell_alr",0,0,FALSE
"l2_effector_b_cell_alr","l3_cm_cd8_t_cell_alr",0,0,FALSE
"l2_effector_b_cell_alr","l3_gzmk_cd27_em_cd8_t_cell_alt_alr",0,0,FALSE
"l2_effector_b_cell_alr","l3_klrf1_gzmb_cd27_em_cd8_t_cell_alr",0,0,FALSE
"l2_effector_b_cell_alr","l3_isg_naive_cd4_t_cell_alr",0,0,FALSE
"l2_effector_b_cell_alr","l3_isg_naive_cd8_t_cell_alr",0,0,FALSE
"l2_effector_b_cell_alr","l3_sox4_naive_cd8_t_cell_alr",0,0,FALSE
"l2_effector_b_cell_alr","l3_klrb1_memory_cd4_treg_alr",0,0,FALSE
"l2_effector_b_cell_alr","l3_klrb1_memory_cd8_treg_alr",0,0,FALSE
"l2_effector_b_cell_alr","l3_memory_cd8_treg_alr",0,0,FALSE
"l2_effector_b_cell_alr","l1_nk_cell_alr",0,0,FALSE
"l2_effector_b_cell_alr","l1_ilc_alr",0,0,FALSE
"l2_effector_b_cell_alr","l1_platelet_alr",0,0,FALSE
"l2_effector_b_cell_alr","l1_progenitor_cell_alr",0,0,FALSE
"l2_memory_b_cell_alr","age_group",0,0,FALSE
"l2_memory_b_cell_alr","sex",0,0,FALSE
"l2_memory_b_cell_alr","cmv",0,0,FALSE
"l2_memory_b_cell_alr","l2_erythrocyte",0,0,FALSE
"l2_memory_b_cell_alr","l2_ilc",0,0,FALSE
"l2_memory_b_cell_alr","l2_platelet",0,0,FALSE
"l2_memory_b_cell_alr","l2_progenitor_cell",0,0,FALSE
"l2_memory_b_cell_alr","l3_asdc",0,0,FALSE
"l2_memory_b_cell_alr","l3_cd56bright_nk_cell",0,0,FALSE
"l2_memory_b_cell_alr","l3_erythrocyte",0,0,FALSE
"l2_memory_b_cell_alr","l2_asdc_alr",0,0,FALSE
"l2_memory_b_cell_alr","l2_cdc1_alr",0,0,FALSE
"l2_memory_b_cell_alr","l2_cd8aa_alr",0,0,FALSE
"l2_memory_b_cell_alr","l2_dn_t_cell_alr",0,0,FALSE
"l2_memory_b_cell_alr","l2_mait_alr",0,0,FALSE
"l2_memory_b_cell_alr","l2_memory_cd4_t_cell_alr",0,0,FALSE
"l2_memory_b_cell_alr","l2_proliferating_t_cell_alr",0,0,FALSE
"l2_memory_b_cell_alr","l2_treg_alr",0,0,FALSE
"l2_memory_b_cell_alr","l3_isg_cd14_monocyte_alr",0,0,FALSE
"l2_memory_b_cell_alr","l3_isg_cd16_monocyte_alr",0,0,FALSE
"l2_memory_b_cell_alr","l3_gzmk_cd56dim_nk_cell_alr",0,0,FALSE
"l2_memory_b_cell_alr","l3_isg_cd56dim_nk_cell_alr",0,0,FALSE
"l2_memory_b_cell_alr","l3_klrf1_effector_vd1_gdt_alt_alr",0,0,FALSE
"l2_memory_b_cell_alr","l3_sox4_vd1_gdt_alr",0,0,FALSE
"l2_memory_b_cell_alr","l3_gzmb_cd27_em_cd4_t_cell_alr",0,0,FALSE
"l2_memory_b_cell_alr","l3_gzmb_cd27_em_cd4_t_cell_alt_alr",0,0,FALSE
"l2_memory_b_cell_alr","l3_isg_memory_cd8_t_cell_alr",0,0,FALSE
"l2_memory_b_cell_alr","l3_cm_cd8_t_cell_alr",0,0,FALSE
"l2_memory_b_cell_alr","l3_gzmk_cd27_em_cd8_t_cell_alt_alr",0,0,FALSE
"l2_memory_b_cell_alr","l3_klrf1_gzmb_cd27_em_cd8_t_cell_alr",0,0,FALSE
"l2_memory_b_cell_alr","l3_klrf1_gzmb_cd27_em_cd8_t_cell_alt_alr",0,0,FALSE
"l2_memory_b_cell_alr","l3_isg_naive_cd8_t_cell_alr",0,0,FALSE
"l2_memory_b_cell_alr","l3_clp_cell_alr",0,0,FALSE
"l2_memory_b_cell_alr","l3_gzmk_memory_cd4_treg_alr",0,0,FALSE
"l2_memory_b_cell_alr","l3_klrb1_memory_cd4_treg_alr",0,0,FALSE
"l2_memory_b_cell_alr","l3_klrb1_memory_cd8_treg_alr",0,0,FALSE
"l2_memory_b_cell_alr","l3_memory_cd8_treg_alr",0,0,FALSE
"l2_memory_b_cell_alr","l3_naive_cd4_treg_alr",0,0,FALSE
"l2_memory_b_cell_alr","l1_dc_alr",0,0,FALSE
"l2_memory_b_cell_alr","l1_nk_cell_alr",0,0,FALSE
"l2_memory_b_cell_alr","l1_erythrocyte_alr",0,0,FALSE
"l2_memory_b_cell_alr","l1_ilc_alr",0,0,FALSE
"l2_memory_b_cell_alr","l1_platelet_alr",0,0,FALSE
"l2_memory_b_cell_alr","l1_progenitor_cell_alr",0,0,FALSE
"l2_plasma_cell_alr","age_group",0,0,FALSE
"l2_plasma_cell_alr","sex",0,0,FALSE
"l2_plasma_cell_alr","cmv",0,0,FALSE
"l2_plasma_cell_alr","l2_progenitor_cell",0,0,FALSE
"l2_plasma_cell_alr","l3_cd8aa",0,0,FALSE
"l2_plasma_cell_alr","l3_cdc1",0,0,FALSE
"l2_plasma_cell_alr","l3_proliferating_nk_cell",0,0,FALSE
"l2_plasma_cell_alr","l3_baeomap_cell",0,0,FALSE
"l2_plasma_cell_alr","l2_cd16_monocyte_alr",0,0,FALSE
"l2_plasma_cell_alr","l2_proliferating_nk_cell_alr",0,0,FALSE
"l2_plasma_cell_alr","l2_treg_alr",0,0,FALSE
"l2_plasma_cell_alr","l3_il1b_cd14_monocyte_alr",0,0,FALSE
"l2_plasma_cell_alr","l3_isg_cd14_monocyte_alr",0,0,FALSE
"l2_plasma_cell_alr","l3_gzmk_cd56dim_nk_cell_alr",0,0,FALSE
"l2_plasma_cell_alr","l3_klrf1_effector_vd1_gdt_alt_alr",0,0,FALSE
"l2_plasma_cell_alr","l3_type_2_polarized_memory_b_cell_alr",0,0,FALSE
"l2_plasma_cell_alr","l3_gzmk_cd27_em_cd8_t_cell_alt_alr",0,0,FALSE
"l2_plasma_cell_alr","l3_klrf1_gzmb_cd27_em_cd8_t_cell_alr",0,0,FALSE
"l2_plasma_cell_alr","l3_clp_cell_alr",0,0,FALSE
"l2_plasma_cell_alr","l3_gzmk_memory_cd4_treg_alr",0,0,FALSE
"l2_plasma_cell_alr","l3_klrb1_memory_cd4_treg_alr",0,0,FALSE
"l2_plasma_cell_alr","l3_klrb1_memory_cd8_treg_alr",0,0,FALSE
"l2_plasma_cell_alr","l3_memory_cd8_treg_alr",0,0,FALSE
"l2_plasma_cell_alr","l1_progenitor_cell_alr",0,0,FALSE
"l2_transitional_b_cell_alr","age_group",0,0,FALSE
"l2_transitional_b_cell_alr","sex",0,0,FALSE
"l2_transitional_b_cell_alr","cmv",0,0,FALSE
"l2_transitional_b_cell_alr","l2_erythrocyte",0,0,FALSE
"l2_transitional_b_cell_alr","l2_platelet",0,0,FALSE
"l2_transitional_b_cell_alr","l3_cdc1",0,0,FALSE
"l2_transitional_b_cell_alr","l3_ilc",0,0,FALSE
"l2_transitional_b_cell_alr","l3_plasma_cell",0,0,FALSE
"l2_transitional_b_cell_alr","l3_platelet",0,0,FALSE
"l2_transitional_b_cell_alr","l2_treg_alr",0,0,FALSE
"l2_transitional_b_cell_alr","l3_isg_cdc2_alr",0,0,FALSE
"l2_transitional_b_cell_alr","l3_klrf1_effector_vd1_gdt_alt_alr",0,0,FALSE
"l2_transitional_b_cell_alr","l3_early_memory_b_cell_alr",0,0,FALSE
"l2_transitional_b_cell_alr","l3_type_2_polarized_memory_b_cell_alr",0,0,FALSE
"l2_transitional_b_cell_alr","l3_klrf1_gzmb_cd27_memory_cd4_t_cell_alr",0,0,FALSE
"l2_transitional_b_cell_alr","l3_gzmb_cd27_em_cd4_t_cell_alr",0,0,FALSE
"l2_transitional_b_cell_alr","l3_gzmb_cd27_em_cd4_t_cell_alt_alr",0,0,FALSE
"l2_transitional_b_cell_alr","l3_gzmk_cd27_em_cd8_t_cell_alt_alr",0,0,FALSE
"l2_transitional_b_cell_alr","l3_klrf1_gzmb_cd27_em_cd8_t_cell_alr",0,0,FALSE
"l2_transitional_b_cell_alr","l3_isg_naive_cd8_t_cell_alr",0,0,FALSE
"l2_transitional_b_cell_alr","l3_sox4_naive_cd8_t_cell_alr",0,0,FALSE
"l2_transitional_b_cell_alr","l3_gzmk_memory_cd4_treg_alr",0,0,FALSE
"l2_transitional_b_cell_alr","l3_klrb1_memory_cd4_treg_alr",0,0,FALSE
"l2_transitional_b_cell_alr","l1_progenitor_cell_alr",0,0,FALSE
"l2_asdc_alr","sex",0,0,FALSE
"l2_asdc_alr","cmv",0,0,FALSE
"l2_asdc_alr","l2_progenitor_cell",0,0,FALSE
"l2_asdc_alr","l3_dn_t_cell",0,0,FALSE
"l2_asdc_alr","l3_pdc",0,0,FALSE
"l2_asdc_alr","l3_transitional_b_cell",0,0,FALSE
"l2_asdc_alr","l3_baeomap_cell",0,0,FALSE
"l2_asdc_alr","l2_effector_b_cell_alr",0,0,FALSE
"l2_asdc_alr","l2_memory_b_cell_alr",0,0,FALSE
"l2_asdc_alr","l2_cd16_monocyte_alr",0,0,FALSE
"l2_asdc_alr","l2_mait_alr",0,0,FALSE
"l2_asdc_alr","l2_memory_cd4_t_cell_alr",0,0,FALSE
"l2_asdc_alr","l2_proliferating_t_cell_alr",0,0,FALSE
"l2_asdc_alr","l2_treg_alr",0,0,FALSE
"l2_asdc_alr","l3_il1b_cd14_monocyte_alr",0,0,FALSE
"l2_asdc_alr","l3_isg_cd14_monocyte_alr",0,0,FALSE
"l2_asdc_alr","l3_isg_cd16_monocyte_alr",0,0,FALSE
"l2_asdc_alr","l3_gzmk_cd56dim_nk_cell_alr",0,0,FALSE
"l2_asdc_alr","l3_adaptive_nk_cell_alr",0,0,FALSE
"l2_asdc_alr","l3_cd27_effector_b_cell_alt_alr",0,0,FALSE
"l2_asdc_alr","l3_klrf1_effector_vd1_gdt_alr",0,0,FALSE
"l2_asdc_alr","l3_klrf1_effector_vd1_gdt_alt_alr",0,0,FALSE
"l2_asdc_alr","l3_cd4_mait_alr",0,0,FALSE
"l2_asdc_alr","l3_isg_mait_alr",0,0,FALSE
"l2_asdc_alr","l3_activated_memory_b_cell_alr",0,0,FALSE
"l2_asdc_alr","l3_klrf1_gzmb_cd27_memory_cd4_t_cell_alr",0,0,FALSE
"l2_asdc_alr","l3_cm_cd8_t_cell_alr",0,0,FALSE
"l2_asdc_alr","l3_gzmk_cd27_em_cd8_t_cell_alt_alr",0,0,FALSE
"l2_asdc_alr","l3_clp_cell_alr",0,0,FALSE
"l2_asdc_alr","l3_gzmk_memory_cd4_treg_alr",0,0,FALSE
"l2_asdc_alr","l3_klrb1_memory_cd8_treg_alr",0,0,FALSE
"l2_asdc_alr","l3_naive_cd4_treg_alr",0,0,FALSE
"l2_asdc_alr","l1_nk_cell_alr",0,0,FALSE
"l2_asdc_alr","l1_b_cell_alr",0,0,FALSE
"l2_asdc_alr","l1_ilc_alr",0,0,FALSE
"l2_asdc_alr","l1_progenitor_cell_alr",0,0,FALSE
"l2_cdc1_alr","sex",0,0,FALSE
"l2_cdc1_alr","cmv",0,0,FALSE
"l2_cdc1_alr","l2_platelet",0,0,FALSE
"l2_cdc1_alr","l3_cd56bright_nk_cell",0,0,FALSE
"l2_cdc1_alr","l3_dn_t_cell",0,0,FALSE
"l2_cdc1_alr","l3_pdc",0,0,FALSE
"l2_cdc1_alr","l3_proliferating_nk_cell",0,0,FALSE
"l2_cdc1_alr","l2_effector_b_cell_alr",0,0,FALSE
"l2_cdc1_alr","l2_memory_b_cell_alr",0,0,FALSE
"l2_cdc1_alr","l2_cd16_monocyte_alr",0,0,FALSE
"l2_cdc1_alr","l2_intermediate_monocyte_alr",0,0,FALSE
"l2_cdc1_alr","l2_proliferating_nk_cell_alr",0,0,FALSE
"l2_cdc1_alr","l2_dn_t_cell_alr",0,0,FALSE
"l2_cdc1_alr","l2_mait_alr",0,0,FALSE
"l2_cdc1_alr","l2_proliferating_t_cell_alr",0,0,FALSE
"l2_cdc1_alr","l2_treg_alr",0,0,FALSE
"l2_cdc1_alr","l3_isg_cd14_monocyte_alr",0,0,FALSE
"l2_cdc1_alr","l3_c1q_cd16_monocyte_alr",0,0,FALSE
"l2_cdc1_alr","l3_isg_cd16_monocyte_alr",0,0,FALSE
"l2_cdc1_alr","l3_gzmk_cd56dim_nk_cell_alr",0,0,FALSE
"l2_cdc1_alr","l3_cd27_effector_b_cell_alt_alr",0,0,FALSE
"l2_cdc1_alr","l3_klrf1_effector_vd1_gdt_alr",0,0,FALSE
"l2_cdc1_alr","l3_klrf1_effector_vd1_gdt_alt_alr",0,0,FALSE
"l2_cdc1_alr","l3_cd4_mait_alr",0,0,FALSE
"l2_cdc1_alr","l3_isg_mait_alr",0,0,FALSE
"l2_cdc1_alr","l3_cm_cd8_t_cell_alr",0,0,FALSE
"l2_cdc1_alr","l3_isg_naive_cd8_t_cell_alr",0,0,FALSE
"l2_cdc1_alr","l3_sox4_naive_cd8_t_cell_alr",0,0,FALSE
"l2_cdc1_alr","l3_clp_cell_alr",0,0,FALSE
"l2_cdc1_alr","l3_klrb1_memory_cd8_treg_alr",0,0,FALSE
"l2_cdc1_alr","l3_naive_cd4_treg_alr",0,0,FALSE
"l2_cdc1_alr","l1_monocyte_alr",0,0,FALSE
"l2_cdc1_alr","l1_nk_cell_alr",0,0,FALSE
"l2_cdc1_alr","l1_ilc_alr",0,0,FALSE
"l2_cdc1_alr","l1_progenitor_cell_alr",0,0,FALSE
"l2_pdc_alr","age_group",0,0,FALSE
"l2_pdc_alr","sex",0,0,FALSE
"l2_pdc_alr","cmv",0,0,FALSE
"l2_pdc_alr","l2_erythrocyte",0,0,FALSE
"l2_pdc_alr","l2_ilc",0,0,FALSE
"l2_pdc_alr","l2_platelet",0,0,FALSE
"l2_pdc_alr","l3_cd56bright_nk_cell",0,0,FALSE
"l2_pdc_alr","l2_memory_cd4_t_cell_alr",0,0,FALSE
"l2_pdc_alr","l2_treg_alr",0,0,FALSE
"l2_pdc_alr","l3_isg_cd16_monocyte_alr",0,0,FALSE
"l2_pdc_alr","l3_klrf1_effector_vd1_gdt_alt_alr",0,0,FALSE
"l2_pdc_alr","l3_naive_vd1_gdt_alr",0,0,FALSE
"l2_pdc_alr","l3_sox4_vd1_gdt_alr",0,0,FALSE
"l2_pdc_alr","l3_cd4_mait_alr",0,0,FALSE
"l2_pdc_alr","l3_cm_cd8_t_cell_alr",0,0,FALSE
"l2_pdc_alr","l3_gzmk_cd27_em_cd8_t_cell_alt_alr",0,0,FALSE
"l2_pdc_alr","l3_klrf1_gzmb_cd27_em_cd8_t_cell_alr",0,0,FALSE
"l2_pdc_alr","l3_sox4_naive_cd8_t_cell_alr",0,0,FALSE
"l2_pdc_alr","l3_clp_cell_alr",0,0,FALSE
"l2_pdc_alr","l1_progenitor_cell_alr",0,0,FALSE
"l2_cd16_monocyte_alr","sex",0,0,FALSE
"l2_cd16_monocyte_alr","cmv",0,0,FALSE
"l2_cd16_monocyte_alr","l2_erythrocyte",0,0,FALSE
"l2_cd16_monocyte_alr","l2_ilc",0,0,FALSE
"l2_cd16_monocyte_alr","l2_platelet",0,0,FALSE
"l2_cd16_monocyte_alr","l3_asdc",0,0,FALSE
"l2_cd16_monocyte_alr","l3_cdc1",0,0,FALSE
"l2_cd16_monocyte_alr","l3_dn_t_cell",0,0,FALSE
"l2_cd16_monocyte_alr","l3_erythrocyte",0,0,FALSE
"l2_cd16_monocyte_alr","l3_ilc",0,0,FALSE
"l2_cd16_monocyte_alr","l3_pdc",0,0,FALSE
"l2_cd16_monocyte_alr","l3_plasma_cell",0,0,FALSE
"l2_cd16_monocyte_alr","l3_proliferating_t_cell",0,0,FALSE
"l2_cd16_monocyte_alr","l2_effector_b_cell_alr",0,0,FALSE
"l2_cd16_monocyte_alr","l2_plasma_cell_alr",0,0,FALSE
"l2_cd16_monocyte_alr","l2_asdc_alr",0,0,FALSE
"l2_cd16_monocyte_alr","l2_cdc1_alr",0,0,FALSE
"l2_cd16_monocyte_alr","l2_cd8aa_alr",0,0,FALSE
"l2_cd16_monocyte_alr","l2_dn_t_cell_alr",0,0,FALSE
"l2_cd16_monocyte_alr","l2_gdt_alr",0,0,FALSE
"l2_cd16_monocyte_alr","l2_proliferating_t_cell_alr",0,0,FALSE
"l2_cd16_monocyte_alr","l3_il1b_cd14_monocyte_alr",0,0,FALSE
"l2_cd16_monocyte_alr","l3_isg_cd56dim_nk_cell_alr",0,0,FALSE
"l2_cd16_monocyte_alr","l3_adaptive_nk_cell_alr",0,0,FALSE
"l2_cd16_monocyte_alr","l3_isg_cdc2_alr",0,0,FALSE
"l2_cd16_monocyte_alr","l3_cd27_effector_b_cell_alt_alr",0,0,FALSE
"l2_cd16_monocyte_alr","l3_klrf1_effector_vd1_gdt_alt_alr",0,0,FALSE
"l2_cd16_monocyte_alr","l3_early_memory_b_cell_alr",0,0,FALSE
"l2_cd16_monocyte_alr","l3_isg_memory_cd4_t_cell_alr",0,0,FALSE
"l2_cd16_monocyte_alr","l3_klrf1_gzmb_cd27_memory_cd4_t_cell_alr",0,0,FALSE
"l2_cd16_monocyte_alr","l3_gzmb_cd27_em_cd4_t_cell_alr",0,0,FALSE
"l2_cd16_monocyte_alr","l3_isg_memory_cd8_t_cell_alr",0,0,FALSE
"l2_cd16_monocyte_alr","l3_sox4_naive_cd4_t_cell_alr",0,0,FALSE
"l2_cd16_monocyte_alr","l3_sox4_naive_cd8_t_cell_alr",0,0,FALSE
"l2_cd16_monocyte_alr","l3_clp_cell_alr",0,0,FALSE
"l2_cd16_monocyte_alr","l3_klrb1_memory_cd4_treg_alr",0,0,FALSE
"l2_cd16_monocyte_alr","l3_memory_cd8_treg_alr",0,0,FALSE
"l2_cd16_monocyte_alr","l3_naive_cd4_treg_alr",0,0,FALSE
"l2_cd16_monocyte_alr","l1_progenitor_cell_alr",0,0,FALSE
"l2_intermediate_monocyte_alr","sex",0,0,FALSE
"l2_intermediate_monocyte_alr","cmv",0,0,FALSE
"l2_intermediate_monocyte_alr","l2_progenitor_cell",0,0,FALSE
"l2_intermediate_monocyte_alr","l3_cd56bright_nk_cell",0,0,FALSE
"l2_intermediate_monocyte_alr","l3_dn_t_cell",0,0,FALSE
"l2_intermediate_monocyte_alr","l3_plasma_cell",0,0,FALSE
"l2_intermediate_monocyte_alr","l3_transitional_b_cell",0,0,FALSE
"l2_intermediate_monocyte_alr","l3_baeomap_cell",0,0,FALSE
"l2_intermediate_monocyte_alr","l2_effector_b_cell_alr",0,0,FALSE
"l2_intermediate_monocyte_alr","l2_cdc1_alr",0,0,FALSE
"l2_intermediate_monocyte_alr","l3_cd14_cdc2_alr",0,0,FALSE
"l2_intermediate_monocyte_alr","l3_naive_vd1_gdt_alr",0,0,FALSE
"l2_intermediate_monocyte_alr","l3_cd4_mait_alr",0,0,FALSE
"l2_intermediate_monocyte_alr","l3_isg_mait_alr",0,0,FALSE
"l2_intermediate_monocyte_alr","l3_isg_memory_cd8_t_cell_alr",0,0,FALSE
"l2_intermediate_monocyte_alr","l3_klrb1_memory_cd8_treg_alr",0,0,FALSE
"l2_cd56bright_nk_cell_alr","age_group",0,0,FALSE
"l2_cd56bright_nk_cell_alr","l2_ilc",0,0,FALSE
"l2_cd56bright_nk_cell_alr","l3_ilc",0,0,FALSE
"l2_cd56bright_nk_cell_alr","l2_dn_t_cell_alr",0,0,FALSE
"l2_cd56bright_nk_cell_alr","l3_isg_cd16_monocyte_alr",0,0,FALSE
"l2_cd56bright_nk_cell_alr","l3_sox4_vd1_gdt_alr",0,0,FALSE
"l2_cd56bright_nk_cell_alr","l3_activated_memory_b_cell_alr",0,0,FALSE
"l2_cd56bright_nk_cell_alr","l3_cd95_memory_b_cell_alr",0,0,FALSE
"l2_cd56bright_nk_cell_alr","l3_early_memory_b_cell_alr",0,0,FALSE
"l2_cd56bright_nk_cell_alr","l3_isg_naive_cd8_t_cell_alr",0,0,FALSE
"l2_cd56bright_nk_cell_alr","l3_clp_cell_alr",0,0,FALSE
"l2_cd56bright_nk_cell_alr","l3_klrb1_memory_cd4_treg_alr",0,0,FALSE
"l2_cd56bright_nk_cell_alr","l3_klrb1_memory_cd8_treg_alr",0,0,FALSE
"l2_cd56bright_nk_cell_alr","l3_memory_cd8_treg_alr",0,0,FALSE
"l2_cd56bright_nk_cell_alr","l3_naive_cd4_treg_alr",0,0,FALSE
"l2_proliferating_nk_cell_alr","age_group",0,0,FALSE
"l2_proliferating_nk_cell_alr","sex",0,0,FALSE
"l2_proliferating_nk_cell_alr","cmv",0,0,FALSE
"l2_proliferating_nk_cell_alr","l2_ilc",0,0,FALSE
"l2_proliferating_nk_cell_alr","l2_progenitor_cell",0,0,FALSE
"l2_proliferating_nk_cell_alr","l3_ilc",0,0,FALSE
"l2_proliferating_nk_cell_alr","l3_plasma_cell",0,0,FALSE
"l2_proliferating_nk_cell_alr","l2_effector_b_cell_alr",0,0,FALSE
"l2_proliferating_nk_cell_alr","l2_plasma_cell_alr",0,0,FALSE
"l2_proliferating_nk_cell_alr","l2_cdc1_alr",0,0,FALSE
"l2_proliferating_nk_cell_alr","l2_cd8aa_alr",0,0,FALSE
"l2_proliferating_nk_cell_alr","l2_dn_t_cell_alr",0,0,FALSE
"l2_proliferating_nk_cell_alr","l2_mait_alr",0,0,FALSE
"l2_proliferating_nk_cell_alr","l2_memory_cd8_t_cell_alr",0,0,FALSE
"l2_proliferating_nk_cell_alr","l3_c1q_cd16_monocyte_alr",0,0,FALSE
"l2_proliferating_nk_cell_alr","l3_cd14_cdc2_alr",0,0,FALSE
"l2_proliferating_nk_cell_alr","l3_gzmb_vd2_gdt_alr",0,0,FALSE
"l2_proliferating_nk_cell_alr","l3_cd4_mait_alr",0,0,FALSE
"l2_proliferating_nk_cell_alr","l3_activated_memory_b_cell_alr",0,0,FALSE
"l2_proliferating_nk_cell_alr","l3_cd95_memory_b_cell_alr",0,0,FALSE
"l2_proliferating_nk_cell_alr","l3_clp_cell_alr",0,0,FALSE
"l2_proliferating_nk_cell_alr","l3_gzmk_memory_cd4_treg_alr",0,0,FALSE
"l2_proliferating_nk_cell_alr","l3_klrb1_memory_cd4_treg_alr",0,0,FALSE
"l2_proliferating_nk_cell_alr","l3_memory_cd8_treg_alr",0,0,FALSE
"l2_cd8aa_alr","age_group",0,0,FALSE
"l2_cd8aa_alr","sex",0,0,FALSE
"l2_cd8aa_alr","cmv",0,0,FALSE
"l2_cd8aa_alr","l2_ilc",0,0,FALSE
"l2_cd8aa_alr","l2_platelet",0,0,FALSE
"l2_cd8aa_alr","l2_progenitor_cell",0,0,FALSE
"l2_cd8aa_alr","l3_asdc",0,0,FALSE
"l2_cd8aa_alr","l3_cd56bright_nk_cell",0,0,FALSE
"l2_cd8aa_alr","l3_baeomap_cell",0,0,FALSE
"l2_cd8aa_alr","l2_effector_b_cell_alr",0,0,FALSE
"l2_cd8aa_alr","l2_memory_b_cell_alr",0,0,FALSE
"l2_cd8aa_alr","l2_cd16_monocyte_alr",0,0,FALSE
"l2_cd8aa_alr","l2_proliferating_nk_cell_alr",0,0,FALSE
"l2_cd8aa_alr","l3_isg_cd14_monocyte_alr",0,0,FALSE
"l2_cd8aa_alr","l3_c1q_cd16_monocyte_alr",0,0,FALSE
"l2_cd8aa_alr","l3_isg_cd16_monocyte_alr",0,0,FALSE
"l2_cd8aa_alr","l3_isg_cd56dim_nk_cell_alr",0,0,FALSE
"l2_cd8aa_alr","l3_adaptive_nk_cell_alr",0,0,FALSE
"l2_cd8aa_alr","l3_cd14_cdc2_alr",0,0,FALSE
"l2_cd8aa_alr","l3_isg_cdc2_alr",0,0,FALSE
"l2_cd8aa_alr","l3_klrf1_effector_vd1_gdt_alr",0,0,FALSE
"l2_cd8aa_alr","l3_klrf1_effector_vd1_gdt_alt_alr",0,0,FALSE
"l2_cd8aa_alr","l3_cd4_mait_alr",0,0,FALSE
"l2_cd8aa_alr","l3_cm_cd8_t_cell_alr",0,0,FALSE
"l2_cd8aa_alr","l3_klrf1_gzmb_cd27_em_cd8_t_cell_alr",0,0,FALSE
"l2_cd8aa_alr","l3_isg_naive_b_cell_alr",0,0,FALSE
"l2_cd8aa_alr","l3_clp_cell_alr",0,0,FALSE
"l2_cd8aa_alr","l3_gzmk_memory_cd4_treg_alr",0,0,FALSE
"l2_cd8aa_alr","l1_progenitor_cell_alr",0,0,FALSE
"l2_dn_t_cell_alr","age_group",0,0,FALSE
"l2_dn_t_cell_alr","sex",0,0,FALSE
"l2_dn_t_cell_alr","cmv",0,0,FALSE
"l2_dn_t_cell_alr","l2_progenitor_cell",0,0,FALSE
"l2_dn_t_cell_alr","l3_asdc",0,0,FALSE
"l2_dn_t_cell_alr","l3_cd56bright_nk_cell",0,0,FALSE
"l2_dn_t_cell_alr","l3_cd8aa",0,0,FALSE
"l2_dn_t_cell_alr","l3_cdc1",0,0,FALSE
"l2_dn_t_cell_alr","l3_ilc",0,0,FALSE
"l2_dn_t_cell_alr","l3_platelet",0,0,FALSE
"l2_dn_t_cell_alr","l3_baeomap_cell",0,0,FALSE
"l2_dn_t_cell_alr","l2_memory_b_cell_alr",0,0,FALSE
"l2_dn_t_cell_alr","l2_cdc1_alr",0,0,FALSE
"l2_dn_t_cell_alr","l2_cd16_monocyte_alr",0,0,FALSE
"l2_dn_t_cell_alr","l2_cd56bright_nk_cell_alr",0,0,FALSE
"l2_dn_t_cell_alr","l2_proliferating_nk_cell_alr",0,0,FALSE
"l2_dn_t_cell_alr","l3_isg_cd14_monocyte_alr",0,0,FALSE
"l2_dn_t_cell_alr","l3_c1q_cd16_monocyte_alr",0,0,FALSE
"l2_dn_t_cell_alr","l3_isg_cd16_monocyte_alr",0,0,FALSE
"l2_dn_t_cell_alr","l3_gzmk_cd56dim_nk_cell_alr",0,0,FALSE
"l2_dn_t_cell_alr","l3_isg_cd56dim_nk_cell_alr",0,0,FALSE
"l2_dn_t_cell_alr","l3_cd14_cdc2_alr",0,0,FALSE
"l2_dn_t_cell_alr","l3_isg_cdc2_alr",0,0,FALSE
"l2_dn_t_cell_alr","l3_cd27_effector_b_cell_alt_alr",0,0,FALSE
"l2_dn_t_cell_alr","l3_gzmb_vd2_gdt_alr",0,0,FALSE
"l2_dn_t_cell_alr","l3_klrf1_effector_vd1_gdt_alr",0,0,FALSE
"l2_dn_t_cell_alr","l3_cd4_mait_alr",0,0,FALSE
"l2_dn_t_cell_alr","l3_isg_mait_alr",0,0,FALSE
"l2_dn_t_cell_alr","l3_activated_memory_b_cell_alr",0,0,FALSE
"l2_dn_t_cell_alr","l3_early_memory_b_cell_alr",0,0,FALSE
"l2_dn_t_cell_alr","l3_gzmk_cd27_em_cd8_t_cell_alt_alr",0,0,FALSE
"l2_dn_t_cell_alr","l3_klrf1_gzmb_cd27_em_cd8_t_cell_alr",0,0,FALSE
"l2_dn_t_cell_alr","l3_isg_naive_b_cell_alr",0,0,FALSE
"l2_dn_t_cell_alr","l3_clp_cell_alr",0,0,FALSE
"l2_dn_t_cell_alr","l3_klrb1_memory_cd8_treg_alr",0,0,FALSE
"l2_dn_t_cell_alr","l3_naive_cd4_treg_alr",0,0,FALSE
"l2_gdt_alr","sex",0,0,FALSE
"l2_gdt_alr","cmv",0,0,FALSE
"l2_gdt_alr","l2_ilc",0,0,FALSE
"l2_gdt_alr","l2_platelet",0,0,FALSE
"l2_gdt_alr","l3_cd56bright_nk_cell",0,0,FALSE
"l2_gdt_alr","l3_dn_t_cell",0,0,FALSE
"l2_gdt_alr","l3_platelet",0,0,FALSE
"l2_gdt_alr","l3_proliferating_t_cell",0,0,FALSE
"l2_gdt_alr","l2_cd16_monocyte_alr",0,0,FALSE
"l2_gdt_alr","l2_memory_cd4_t_cell_alr",0,0,FALSE
"l2_gdt_alr","l3_isg_cd16_monocyte_alr",0,0,FALSE
"l2_gdt_alr","l3_cd14_cdc2_alr",0,0,FALSE
"l2_gdt_alr","l3_isg_cdc2_alr",0,0,FALSE
"l2_gdt_alr","l3_cd27_effector_b_cell_alt_alr",0,0,FALSE
"l2_gdt_alr","l3_isg_mait_alr",0,0,FALSE
"l2_gdt_alr","l3_early_memory_b_cell_alr",0,0,FALSE
"l2_gdt_alr","l3_klrf1_gzmb_cd27_memory_cd4_t_cell_alr",0,0,FALSE
"l2_gdt_alr","l3_gzmb_cd27_em_cd4_t_cell_alr",0,0,FALSE
"l2_gdt_alr","l3_gzmb_cd27_em_cd4_t_cell_alt_alr",0,0,FALSE
"l2_gdt_alr","l3_cm_cd8_t_cell_alr",0,0,FALSE
"l2_gdt_alr","l3_gzmk_cd27_em_cd8_t_cell_alt_alr",0,0,FALSE
"l2_gdt_alr","l3_klrf1_gzmb_cd27_em_cd8_t_cell_alr",0,0,FALSE
"l2_gdt_alr","l3_klrf1_gzmb_cd27_em_cd8_t_cell_alt_alr",0,0,FALSE
"l2_gdt_alr","l3_isg_naive_cd4_t_cell_alr",0,0,FALSE
"l2_mait_alr","sex",0,0,FALSE
"l2_mait_alr","cmv",0,0,FALSE
"l2_mait_alr","l2_platelet",0,0,FALSE
"l2_mait_alr","l3_cd56bright_nk_cell",0,0,FALSE
"l2_mait_alr","l3_erythrocyte",0,0,FALSE
"l2_mait_alr","l3_ilc",0,0,FALSE
"l2_mait_alr","l3_pdc",0,0,FALSE
"l2_mait_alr","l3_proliferating_nk_cell",0,0,FALSE
"l2_mait_alr","l3_baeomap_cell",0,0,FALSE
"l2_mait_alr","l2_memory_b_cell_alr",0,0,FALSE
"l2_mait_alr","l2_asdc_alr",0,0,FALSE
"l2_mait_alr","l2_cdc1_alr",0,0,FALSE
"l2_mait_alr","l2_proliferating_nk_cell_alr",0,0,FALSE
"l2_mait_alr","l3_isg_cd14_monocyte_alr",0,0,FALSE
"l2_mait_alr","l3_c1q_cd16_monocyte_alr",0,0,FALSE
"l2_mait_alr","l3_isg_cdc2_alr",0,0,FALSE
"l2_mait_alr","l3_cd27_effector_b_cell_alt_alr",0,0,FALSE
"l2_mait_alr","l3_gzmb_vd2_gdt_alr",0,0,FALSE
"l2_mait_alr","l3_gzmb_cd27_em_cd4_t_cell_alt_alr",0,0,FALSE
"l2_mait_alr","l3_klrf1_gzmb_cd27_em_cd8_t_cell_alr",0,0,FALSE
"l2_mait_alr","l3_clp_cell_alr",0,0,FALSE
"l2_mait_alr","l3_klrb1_memory_cd4_treg_alr",0,0,FALSE
"l2_mait_alr","l3_klrb1_memory_cd8_treg_alr",0,0,FALSE
"l2_mait_alr","l1_ilc_alr",0,0,FALSE
"l2_memory_cd4_t_cell_alr","age_group",0,0,FALSE
"l2_memory_cd4_t_cell_alr","sex",0,0,FALSE
"l2_memory_cd4_t_cell_alr","cmv",0,0,FALSE
"l2_memory_cd4_t_cell_alr","l2_progenitor_cell",0,0,FALSE
"l2_memory_cd4_t_cell_alr","l3_cd56bright_nk_cell",0,0,FALSE
"l2_memory_cd4_t_cell_alr","l3_cdc1",0,0,FALSE
"l2_memory_cd4_t_cell_alr","l3_dn_t_cell",0,0,FALSE
"l2_memory_cd4_t_cell_alr","l3_erythrocyte",0,0,FALSE
"l2_memory_cd4_t_cell_alr","l3_ilc",0,0,FALSE
"l2_memory_cd4_t_cell_alr","l3_intermediate_monocyte",0,0,FALSE
"l2_memory_cd4_t_cell_alr","l2_effector_b_cell_alr",0,0,FALSE
"l2_memory_cd4_t_cell_alr","l2_memory_b_cell_alr",0,0,FALSE
"l2_memory_cd4_t_cell_alr","l2_asdc_alr",0,0,FALSE
"l2_memory_cd4_t_cell_alr","l2_pdc_alr",0,0,FALSE
"l2_memory_cd4_t_cell_alr","l2_gdt_alr",0,0,FALSE
"l2_memory_cd4_t_cell_alr","l3_il1b_cd14_monocyte_alr",0,0,FALSE
"l2_memory_cd4_t_cell_alr","l3_isg_cd14_monocyte_alr",0,0,FALSE
"l2_memory_cd4_t_cell_alr","l3_isg_cd16_monocyte_alr",0,0,FALSE
"l2_memory_cd4_t_cell_alr","l3_gzmk_cd56dim_nk_cell_alr",0,0,FALSE
"l2_memory_cd4_t_cell_alr","l3_adaptive_nk_cell_alr",0,0,FALSE
"l2_memory_cd4_t_cell_alr","l3_cd27_effector_b_cell_alt_alr",0,0,FALSE
"l2_memory_cd4_t_cell_alr","l3_klrf1_effector_vd1_gdt_alt_alr",0,0,FALSE
"l2_memory_cd4_t_cell_alr","l3_gzmb_cd27_em_cd4_t_cell_alt_alr",0,0,FALSE
"l2_memory_cd4_t_cell_alr","l3_gzmk_cd27_em_cd8_t_cell_alt_alr",0,0,FALSE
"l2_memory_cd4_t_cell_alr","l3_klrf1_gzmb_cd27_em_cd8_t_cell_alr",0,0,FALSE
"l2_memory_cd4_t_cell_alr","l3_isg_naive_cd8_t_cell_alr",0,0,FALSE
"l2_memory_cd4_t_cell_alr","l3_clp_cell_alr",0,0,FALSE
"l2_memory_cd4_t_cell_alr","l3_klrb1_memory_cd8_treg_alr",0,0,FALSE
"l2_memory_cd4_t_cell_alr","l1_monocyte_alr",0,0,FALSE
"l2_memory_cd4_t_cell_alr","l1_erythrocyte_alr",0,0,FALSE
"l2_memory_cd8_t_cell_alr","age_group",0,0,FALSE
"l2_memory_cd8_t_cell_alr","cmv",0,0,FALSE
"l2_memory_cd8_t_cell_alr","l2_ilc",0,0,FALSE
"l2_memory_cd8_t_cell_alr","l3_dn_t_cell",0,0,FALSE
"l2_memory_cd8_t_cell_alr","l3_ilc",0,0,FALSE
"l2_memory_cd8_t_cell_alr","l3_intermediate_monocyte",0,0,FALSE
"l2_memory_cd8_t_cell_alr","l3_plasma_cell",0,0,FALSE
"l2_memory_cd8_t_cell_alr","l2_proliferating_nk_cell_alr",0,0,FALSE
"l2_memory_cd8_t_cell_alr","l3_il1b_cd14_monocyte_alr",0,0,FALSE
"l2_memory_cd8_t_cell_alr","l3_isg_cd14_monocyte_alr",0,0,FALSE
"l2_memory_cd8_t_cell_alr","l3_gzmk_cd56dim_nk_cell_alr",0,0,FALSE
"l2_memory_cd8_t_cell_alr","l3_isg_cd56dim_nk_cell_alr",0,0,FALSE
"l2_memory_cd8_t_cell_alr","l3_adaptive_nk_cell_alr",0,0,FALSE
"l2_memory_cd8_t_cell_alr","l3_isg_cdc2_alr",0,0,FALSE
"l2_memory_cd8_t_cell_alr","l3_cd27_effector_b_cell_alt_alr",0,0,FALSE
"l2_memory_cd8_t_cell_alr","l3_sox4_vd1_gdt_alr",0,0,FALSE
"l2_memory_cd8_t_cell_alr","l3_isg_mait_alr",0,0,FALSE
"l2_memory_cd8_t_cell_alr","l3_early_memory_b_cell_alr",0,0,FALSE
"l2_memory_cd8_t_cell_alr","l3_isg_memory_cd4_t_cell_alr",0,0,FALSE
"l2_memory_cd8_t_cell_alr","l3_klrf1_gzmb_cd27_em_cd8_t_cell_alr",0,0,FALSE
"l2_memory_cd8_t_cell_alr","l3_isg_naive_b_cell_alr",0,0,FALSE
"l2_memory_cd8_t_cell_alr","l3_isg_naive_cd8_t_cell_alr",0,0,FALSE
"l2_memory_cd8_t_cell_alr","l3_memory_cd8_treg_alr",0,0,FALSE
"l2_memory_cd8_t_cell_alr","l3_naive_cd4_treg_alr",0,0,FALSE
"l2_memory_cd8_t_cell_alr","l1_erythrocyte_alr",0,0,FALSE
"l2_memory_cd8_t_cell_alr","l1_progenitor_cell_alr",0,0,FALSE
"l2_naive_cd8_t_cell_alr","cmv",0,0,FALSE
"l2_naive_cd8_t_cell_alr","l2_ilc",0,0,FALSE
"l2_naive_cd8_t_cell_alr","l3_cd56bright_nk_cell",0,0,FALSE
"l2_naive_cd8_t_cell_alr","l3_cd8aa",0,0,FALSE
"l2_naive_cd8_t_cell_alr","l3_dn_t_cell",0,0,FALSE
"l2_naive_cd8_t_cell_alr","l3_ilc",0,0,FALSE
"l2_naive_cd8_t_cell_alr","l3_isg_cd14_monocyte_alr",0,0,FALSE
"l2_naive_cd8_t_cell_alr","l3_isg_cd56dim_nk_cell_alr",0,0,FALSE
"l2_naive_cd8_t_cell_alr","l3_adaptive_nk_cell_alr",0,0,FALSE
"l2_naive_cd8_t_cell_alr","l3_cd14_cdc2_alr",0,0,FALSE
"l2_naive_cd8_t_cell_alr","l3_isg_cdc2_alr",0,0,FALSE
"l2_naive_cd8_t_cell_alr","l3_cd95_memory_b_cell_alr",0,0,FALSE
"l2_naive_cd8_t_cell_alr","l3_isg_memory_cd4_t_cell_alr",0,0,FALSE
"l2_naive_cd8_t_cell_alr","l3_cm_cd8_t_cell_alr",0,0,FALSE
"l2_naive_cd8_t_cell_alr","l3_isg_naive_cd4_t_cell_alr",0,0,FALSE
"l2_naive_cd8_t_cell_alr","l3_clp_cell_alr",0,0,FALSE
"l2_naive_cd8_t_cell_alr","l3_gzmk_memory_cd4_treg_alr",0,0,FALSE
"l2_naive_cd8_t_cell_alr","l3_klrb1_memory_cd8_treg_alr",0,0,FALSE
"l2_naive_cd8_t_cell_alr","l3_naive_cd4_treg_alr",0,0,FALSE
"l2_naive_cd8_t_cell_alr","l1_progenitor_cell_alr",0,0,FALSE
"l2_proliferating_t_cell_alr","sex",0,0,FALSE
"l2_proliferating_t_cell_alr","cmv",0,0,FALSE
"l2_proliferating_t_cell_alr","l2_ilc",0,0,FALSE
"l2_proliferating_t_cell_alr","l2_platelet",0,0,FALSE
"l2_proliferating_t_cell_alr","l3_asdc",0,0,FALSE
"l2_proliferating_t_cell_alr","l3_cd56bright_nk_cell",0,0,FALSE
"l2_proliferating_t_cell_alr","l3_cdc1",0,0,FALSE
"l2_proliferating_t_cell_alr","l3_dn_t_cell",0,0,FALSE
"l2_proliferating_t_cell_alr","l3_ilc",0,0,FALSE
"l2_proliferating_t_cell_alr","l3_baeomap_cell",0,0,FALSE
"l2_proliferating_t_cell_alr","l2_effector_b_cell_alr",0,0,FALSE
"l2_proliferating_t_cell_alr","l2_memory_b_cell_alr",0,0,FALSE
"l2_proliferating_t_cell_alr","l2_asdc_alr",0,0,FALSE
"l2_proliferating_t_cell_alr","l2_cdc1_alr",0,0,FALSE
"l2_proliferating_t_cell_alr","l2_cd16_monocyte_alr",0,0,FALSE
"l2_proliferating_t_cell_alr","l3_isg_cd14_monocyte_alr",0,0,FALSE
"l2_proliferating_t_cell_alr","l3_gzmk_cd56dim_nk_cell_alr",0,0,FALSE
"l2_proliferating_t_cell_alr","l3_cd14_cdc2_alr",0,0,FALSE
"l2_proliferating_t_cell_alr","l3_isg_cdc2_alr",0,0,FALSE
"l2_proliferating_t_cell_alr","l3_cd27_effector_b_cell_alt_alr",0,0,FALSE
"l2_proliferating_t_cell_alr","l3_gzmb_vd2_gdt_alr",0,0,FALSE
"l2_proliferating_t_cell_alr","l3_klrf1_effector_vd1_gdt_alt_alr",0,0,FALSE
"l2_proliferating_t_cell_alr","l3_early_memory_b_cell_alr",0,0,FALSE
"l2_proliferating_t_cell_alr","l3_gzmb_cd27_em_cd4_t_cell_alt_alr",0,0,FALSE
"l2_proliferating_t_cell_alr","l3_gzmk_cd27_em_cd8_t_cell_alt_alr",0,0,FALSE
"l2_proliferating_t_cell_alr","l3_isg_naive_b_cell_alr",0,0,FALSE
"l2_proliferating_t_cell_alr","l3_clp_cell_alr",0,0,FALSE
"l2_proliferating_t_cell_alr","l3_gzmk_memory_cd4_treg_alr",0,0,FALSE
"l2_proliferating_t_cell_alr","l3_klrb1_memory_cd4_treg_alr",0,0,FALSE
"l2_treg_alr","cmv",0,0,FALSE
"l2_treg_alr","l2_erythrocyte",0,0,FALSE
"l2_treg_alr","l2_ilc",0,0,FALSE
"l2_treg_alr","l2_progenitor_cell",0,0,FALSE
"l2_treg_alr","l3_asdc",0,0,FALSE
"l2_treg_alr","l3_cdc1",0,0,FALSE
"l2_treg_alr","l3_intermediate_monocyte",0,0,FALSE
"l2_treg_alr","l3_transitional_b_cell",0,0,FALSE
"l2_treg_alr","l2_memory_b_cell_alr",0,0,FALSE
"l2_treg_alr","l2_plasma_cell_alr",0,0,FALSE
"l2_treg_alr","l2_transitional_b_cell_alr",0,0,FALSE
"l2_treg_alr","l2_asdc_alr",0,0,FALSE
"l2_treg_alr","l2_cdc1_alr",0,0,FALSE
"l2_treg_alr","l2_pdc_alr",0,0,FALSE
"l2_treg_alr","l3_isg_cd14_monocyte_alr",0,0,FALSE
"l2_treg_alr","l3_isg_cd16_monocyte_alr",0,0,FALSE
"l2_treg_alr","l3_cd14_cdc2_alr",0,0,FALSE
"l2_treg_alr","l3_isg_cdc2_alr",0,0,FALSE
"l2_treg_alr","l3_klrf1_effector_vd1_gdt_alr",0,0,FALSE
"l2_treg_alr","l3_naive_vd1_gdt_alr",0,0,FALSE
"l2_treg_alr","l3_isg_mait_alr",0,0,FALSE
"l2_treg_alr","l3_activated_memory_b_cell_alr",0,0,FALSE
"l2_treg_alr","l3_early_memory_b_cell_alr",0,0,FALSE
"l2_treg_alr","l3_type_2_polarized_memory_b_cell_alr",0,0,FALSE
"l2_treg_alr","l3_isg_memory_cd4_t_cell_alr",0,0,FALSE
"l2_treg_alr","l3_isg_memory_cd8_t_cell_alr",0,0,FALSE
"l2_treg_alr","l3_cm_cd8_t_cell_alr",0,0,FALSE
"l2_treg_alr","l3_klrf1_gzmb_cd27_em_cd8_t_cell_alr",0,0,FALSE
"l2_treg_alr","l3_isg_naive_b_cell_alr",0,0,FALSE
"l2_treg_alr","l3_klrb1_memory_cd4_treg_alr",0,0,FALSE
"l2_treg_alr","l3_memory_cd8_treg_alr",0,0,FALSE
"l2_treg_alr","l1_nk_cell_alr",0,0,FALSE
"l2_treg_alr","l1_erythrocyte_alr",0,0,FALSE
"l2_treg_alr","l1_ilc_alr",0,0,FALSE
"l3_il1b_cd14_monocyte_alr","age_group",0,0,FALSE
"l3_il1b_cd14_monocyte_alr","sex",0,0,FALSE
"l3_il1b_cd14_monocyte_alr","cmv",0,0,FALSE
"l3_il1b_cd14_monocyte_alr","l2_progenitor_cell",0,0,FALSE
"l3_il1b_cd14_monocyte_alr","l3_asdc",0,0,FALSE
"l3_il1b_cd14_monocyte_alr","l3_erythrocyte",0,0,FALSE
"l3_il1b_cd14_monocyte_alr","l3_ilc",0,0,FALSE
"l3_il1b_cd14_monocyte_alr","l3_baeomap_cell",0,0,FALSE
"l3_il1b_cd14_monocyte_alr","l2_plasma_cell_alr",0,0,FALSE
"l3_il1b_cd14_monocyte_alr","l2_asdc_alr",0,0,FALSE
"l3_il1b_cd14_monocyte_alr","l2_cd16_monocyte_alr",0,0,FALSE
"l3_il1b_cd14_monocyte_alr","l2_memory_cd4_t_cell_alr",0,0,FALSE
"l3_il1b_cd14_monocyte_alr","l2_memory_cd8_t_cell_alr",0,0,FALSE
"l3_il1b_cd14_monocyte_alr","l3_adaptive_nk_cell_alr",0,0,FALSE
"l3_il1b_cd14_monocyte_alr","l3_cd27_effector_b_cell_alt_alr",0,0,FALSE
"l3_il1b_cd14_monocyte_alr","l3_gzmb_vd2_gdt_alr",0,0,FALSE
"l3_il1b_cd14_monocyte_alr","l3_klrf1_effector_vd1_gdt_alr",0,0,FALSE
"l3_il1b_cd14_monocyte_alr","l3_sox4_vd1_gdt_alr",0,0,FALSE
"l3_il1b_cd14_monocyte_alr","l3_cd4_mait_alr",0,0,FALSE
"l3_il1b_cd14_monocyte_alr","l3_isg_memory_cd4_t_cell_alr",0,0,FALSE
"l3_il1b_cd14_monocyte_alr","l3_klrf1_gzmb_cd27_em_cd8_t_cell_alr",0,0,FALSE
"l3_il1b_cd14_monocyte_alr","l3_isg_naive_b_cell_alr",0,0,FALSE
"l3_il1b_cd14_monocyte_alr","l3_isg_naive_cd4_t_cell_alr",0,0,FALSE
"l3_il1b_cd14_monocyte_alr","l3_sox4_naive_cd8_t_cell_alr",0,0,FALSE
"l3_il1b_cd14_monocyte_alr","l3_gzmk_memory_cd4_treg_alr",0,0,FALSE
"l3_il1b_cd14_monocyte_alr","l3_memory_cd8_treg_alr",0,0,FALSE
"l3_il1b_cd14_monocyte_alr","l3_naive_cd4_treg_alr",0,0,FALSE
"l3_il1b_cd14_monocyte_alr","l1_dc_alr",0,0,FALSE
"l3_isg_cd14_monocyte_alr","l2_ilc",0,0,FALSE
"l3_isg_cd14_monocyte_alr","l2_progenitor_cell",0,0,FALSE
"l3_isg_cd14_monocyte_alr","l3_asdc",0,0,FALSE
"l3_isg_cd14_monocyte_alr","l3_cd56bright_nk_cell",0,0,FALSE
"l3_isg_cd14_monocyte_alr","l3_cd8aa",0,0,FALSE
"l3_isg_cd14_monocyte_alr","l3_dn_t_cell",0,0,FALSE
"l3_isg_cd14_monocyte_alr","l3_erythrocyte",0,0,FALSE
"l3_isg_cd14_monocyte_alr","l3_ilc",0,0,FALSE
"l3_isg_cd14_monocyte_alr","l3_pdc",0,0,FALSE
"l3_isg_cd14_monocyte_alr","l3_plasma_cell",0,0,FALSE
"l3_isg_cd14_monocyte_alr","l3_platelet",0,0,FALSE
"l3_isg_cd14_monocyte_alr","l2_effector_b_cell_alr",0,0,FALSE
"l3_isg_cd14_monocyte_alr","l2_memory_b_cell_alr",0,0,FALSE
"l3_isg_cd14_monocyte_alr","l2_plasma_cell_alr",0,0,FALSE
"l3_isg_cd14_monocyte_alr","l2_asdc_alr",0,0,FALSE
"l3_isg_cd14_monocyte_alr","l2_cdc1_alr",0,0,FALSE
"l3_isg_cd14_monocyte_alr","l2_cd8aa_alr",0,0,FALSE
"l3_isg_cd14_monocyte_alr","l2_dn_t_cell_alr",0,0,FALSE
"l3_isg_cd14_monocyte_alr","l2_mait_alr",0,0,FALSE
"l3_isg_cd14_monocyte_alr","l2_memory_cd4_t_cell_alr",0,0,FALSE
"l3_isg_cd14_monocyte_alr","l2_memory_cd8_t_cell_alr",0,0,FALSE
"l3_isg_cd14_monocyte_alr","l2_naive_cd8_t_cell_alr",0,0,FALSE
"l3_isg_cd14_monocyte_alr","l2_proliferating_t_cell_alr",0,0,FALSE
"l3_isg_cd14_monocyte_alr","l2_treg_alr",0,0,FALSE
"l3_isg_cd14_monocyte_alr","l3_adaptive_nk_cell_alr",0,0,FALSE
"l3_isg_cd14_monocyte_alr","l3_gzmb_vd2_gdt_alr",0,0,FALSE
"l3_isg_cd14_monocyte_alr","l3_activated_memory_b_cell_alr",0,0,FALSE
"l3_isg_cd14_monocyte_alr","l3_early_memory_b_cell_alr",0,0,FALSE
"l3_isg_cd14_monocyte_alr","l3_type_2_polarized_memory_b_cell_alr",0,0,FALSE
"l3_isg_cd14_monocyte_alr","l3_klrf1_gzmb_cd27_memory_cd4_t_cell_alr",0,0,FALSE
"l3_isg_cd14_monocyte_alr","l3_gzmk_cd27_em_cd8_t_cell_alt_alr",0,0,FALSE
"l3_isg_cd14_monocyte_alr","l3_klrf1_gzmb_cd27_em_cd8_t_cell_alr",0,0,FALSE
"l3_isg_cd14_monocyte_alr","l3_klrf1_gzmb_cd27_em_cd8_t_cell_alt_alr",0,0,FALSE
"l3_isg_cd14_monocyte_alr","l3_isg_naive_cd8_t_cell_alr",0,0,FALSE
"l3_isg_cd14_monocyte_alr","l3_sox4_naive_cd8_t_cell_alr",0,0,FALSE
"l3_isg_cd14_monocyte_alr","l3_klrb1_memory_cd4_treg_alr",0,0,FALSE
"l3_isg_cd14_monocyte_alr","l3_klrb1_memory_cd8_treg_alr",0,0,FALSE
"l3_isg_cd14_monocyte_alr","l3_memory_cd8_treg_alr",0,0,FALSE
"l3_isg_cd14_monocyte_alr","l1_dc_alr",0,0,FALSE
"l3_isg_cd14_monocyte_alr","l1_b_cell_alr",0,0,FALSE
"l3_isg_cd14_monocyte_alr","l1_erythrocyte_alr",0,0,FALSE
"l3_isg_cd14_monocyte_alr","l1_ilc_alr",0,0,FALSE
"l3_c1q_cd16_monocyte_alr","age_group",0,0,FALSE
"l3_c1q_cd16_monocyte_alr","sex",0,0,FALSE
"l3_c1q_cd16_monocyte_alr","cmv",0,0,FALSE
"l3_c1q_cd16_monocyte_alr","l2_platelet",0,0,FALSE
"l3_c1q_cd16_monocyte_alr","l2_progenitor_cell",0,0,FALSE
"l3_c1q_cd16_monocyte_alr","l3_asdc",0,0,FALSE
"l3_c1q_cd16_monocyte_alr","l3_cd8aa",0,0,FALSE
"l3_c1q_cd16_monocyte_alr","l3_dn_t_cell",0,0,FALSE
"l3_c1q_cd16_monocyte_alr","l3_ilc",0,0,FALSE
"l3_c1q_cd16_monocyte_alr","l3_plasma_cell",0,0,FALSE
"l3_c1q_cd16_monocyte_alr","l2_effector_b_cell_alr",0,0,FALSE
"l3_c1q_cd16_monocyte_alr","l2_cdc1_alr",0,0,FALSE
"l3_c1q_cd16_monocyte_alr","l2_proliferating_nk_cell_alr",0,0,FALSE
"l3_c1q_cd16_monocyte_alr","l2_cd8aa_alr",0,0,FALSE
"l3_c1q_cd16_monocyte_alr","l2_dn_t_cell_alr",0,0,FALSE
"l3_c1q_cd16_monocyte_alr","l2_mait_alr",0,0,FALSE
"l3_c1q_cd16_monocyte_alr","l3_gzmk_cd56dim_nk_cell_alr",0,0,FALSE
"l3_c1q_cd16_monocyte_alr","l3_isg_cdc2_alr",0,0,FALSE
"l3_c1q_cd16_monocyte_alr","l3_cd27_effector_b_cell_alt_alr",0,0,FALSE
"l3_c1q_cd16_monocyte_alr","l3_klrf1_effector_vd1_gdt_alr",0,0,FALSE
"l3_c1q_cd16_monocyte_alr","l3_klrf1_effector_vd1_gdt_alt_alr",0,0,FALSE
"l3_c1q_cd16_monocyte_alr","l3_naive_vd1_gdt_alr",0,0,FALSE
"l3_c1q_cd16_monocyte_alr","l3_sox4_vd1_gdt_alr",0,0,FALSE
"l3_c1q_cd16_monocyte_alr","l3_cd4_mait_alr",0,0,FALSE
"l3_c1q_cd16_monocyte_alr","l3_activated_memory_b_cell_alr",0,0,FALSE
"l3_c1q_cd16_monocyte_alr","l3_type_2_polarized_memory_b_cell_alr",0,0,FALSE
"l3_c1q_cd16_monocyte_alr","l3_gzmb_cd27_em_cd4_t_cell_alr",0,0,FALSE
"l3_c1q_cd16_monocyte_alr","l3_cm_cd8_t_cell_alr",0,0,FALSE
"l3_c1q_cd16_monocyte_alr","l3_klrf1_gzmb_cd27_em_cd8_t_cell_alt_alr",0,0,FALSE
"l3_c1q_cd16_monocyte_alr","l3_sox4_naive_cd4_t_cell_alr",0,0,FALSE
"l3_c1q_cd16_monocyte_alr","l3_isg_naive_cd8_t_cell_alr",0,0,FALSE
"l3_c1q_cd16_monocyte_alr","l3_sox4_naive_cd8_t_cell_alr",0,0,FALSE
"l3_c1q_cd16_monocyte_alr","l3_klrb1_memory_cd4_treg_alr",0,0,FALSE
"l3_c1q_cd16_monocyte_alr","l1_dc_alr",0,0,FALSE
"l3_c1q_cd16_monocyte_alr","l1_nk_cell_alr",0,0,FALSE
"l3_c1q_cd16_monocyte_alr","l1_progenitor_cell_alr",0,0,FALSE
"l3_isg_cd16_monocyte_alr","age_group",0,0,FALSE
"l3_isg_cd16_monocyte_alr","sex",0,0,FALSE
"l3_isg_cd16_monocyte_alr","l2_progenitor_cell",0,0,FALSE
"l3_isg_cd16_monocyte_alr","l3_asdc",0,0,FALSE
"l3_isg_cd16_monocyte_alr","l3_cd56bright_nk_cell",0,0,FALSE
"l3_isg_cd16_monocyte_alr","l3_cd8aa",0,0,FALSE
"l3_isg_cd16_monocyte_alr","l3_erythrocyte",0,0,FALSE
"l3_isg_cd16_monocyte_alr","l3_ilc",0,0,FALSE
"l3_isg_cd16_monocyte_alr","l3_pdc",0,0,FALSE
"l3_isg_cd16_monocyte_alr","l3_plasma_cell",0,0,FALSE
"l3_isg_cd16_monocyte_alr","l3_platelet",0,0,FALSE
"l3_isg_cd16_monocyte_alr","l3_proliferating_t_cell",0,0,FALSE
"l3_isg_cd16_monocyte_alr","l2_effector_b_cell_alr",0,0,FALSE
"l3_isg_cd16_monocyte_alr","l2_memory_b_cell_alr",0,0,FALSE
"l3_isg_cd16_monocyte_alr","l2_asdc_alr",0,0,FALSE
"l3_isg_cd16_monocyte_alr","l2_cdc1_alr",0,0,FALSE
"l3_isg_cd16_monocyte_alr","l2_pdc_alr",0,0,FALSE
"l3_isg_cd16_monocyte_alr","l2_cd56bright_nk_cell_alr",0,0,FALSE
"l3_isg_cd16_monocyte_alr","l2_cd8aa_alr",0,0,FALSE
"l3_isg_cd16_monocyte_alr","l2_dn_t_cell_alr",0,0,FALSE
"l3_isg_cd16_monocyte_alr","l2_gdt_alr",0,0,FALSE
"l3_isg_cd16_monocyte_alr","l2_memory_cd4_t_cell_alr",0,0,FALSE
"l3_isg_cd16_monocyte_alr","l2_treg_alr",0,0,FALSE
"l3_isg_cd16_monocyte_alr","l3_adaptive_nk_cell_alr",0,0,FALSE
"l3_isg_cd16_monocyte_alr","l3_isg_cdc2_alr",0,0,FALSE
"l3_isg_cd16_monocyte_alr","l3_gzmb_vd2_gdt_alr",0,0,FALSE
"l3_isg_cd16_monocyte_alr","l3_klrf1_effector_vd1_gdt_alr",0,0,FALSE
"l3_isg_cd16_monocyte_alr","l3_activated_memory_b_cell_alr",0,0,FALSE
"l3_isg_cd16_monocyte_alr","l3_early_memory_b_cell_alr",0,0,FALSE
"l3_isg_cd16_monocyte_alr","l3_type_2_polarized_memory_b_cell_alr",0,0,FALSE
"l3_isg_cd16_monocyte_alr","l3_isg_memory_cd4_t_cell_alr",0,0,FALSE
"l3_isg_cd16_monocyte_alr","l3_klrf1_gzmb_cd27_memory_cd4_t_cell_alr",0,0,FALSE
"l3_isg_cd16_monocyte_alr","l3_gzmb_cd27_em_cd4_t_cell_alt_alr",0,0,FALSE
"l3_isg_cd16_monocyte_alr","l3_gzmk_cd27_em_cd8_t_cell_alt_alr",0,0,FALSE
"l3_isg_cd16_monocyte_alr","l3_klrf1_gzmb_cd27_em_cd8_t_cell_alr",0,0,FALSE
"l3_isg_cd16_monocyte_alr","l3_isg_naive_b_cell_alr",0,0,FALSE
"l3_isg_cd16_monocyte_alr","l3_sox4_naive_cd4_t_cell_alr",0,0,FALSE
"l3_isg_cd16_monocyte_alr","l3_gzmk_memory_cd4_treg_alr",0,0,FALSE
"l3_isg_cd16_monocyte_alr","l3_klrb1_memory_cd4_treg_alr",0,0,FALSE
"l3_isg_cd16_monocyte_alr","l3_klrb1_memory_cd8_treg_alr",0,0,FALSE
"l3_isg_cd16_monocyte_alr","l1_dc_alr",0,0,FALSE
"l3_isg_cd16_monocyte_alr","l1_nk_cell_alr",0,0,FALSE
"l3_isg_cd16_monocyte_alr","l1_ilc_alr",0,0,FALSE
"l3_gzmk_cd56dim_nk_cell_alr","age_group",0,0,FALSE
"l3_gzmk_cd56dim_nk_cell_alr","sex",0,0,FALSE
"l3_gzmk_cd56dim_nk_cell_alr","cmv",0,0,FALSE
"l3_gzmk_cd56dim_nk_cell_alr","l3_asdc",0,0,FALSE
"l3_gzmk_cd56dim_nk_cell_alr","l3_cd56bright_nk_cell",0,0,FALSE
"l3_gzmk_cd56dim_nk_cell_alr","l3_cd8aa",0,0,FALSE
"l3_gzmk_cd56dim_nk_cell_alr","l3_dn_t_cell",0,0,FALSE
"l3_gzmk_cd56dim_nk_cell_alr","l3_erythrocyte",0,0,FALSE
"l3_gzmk_cd56dim_nk_cell_alr","l3_pdc",0,0,FALSE
"l3_gzmk_cd56dim_nk_cell_alr","l3_platelet",0,0,FALSE
"l3_gzmk_cd56dim_nk_cell_alr","l3_transitional_b_cell",0,0,FALSE
"l3_gzmk_cd56dim_nk_cell_alr","l2_memory_b_cell_alr",0,0,FALSE
"l3_gzmk_cd56dim_nk_cell_alr","l2_plasma_cell_alr",0,0,FALSE
"l3_gzmk_cd56dim_nk_cell_alr","l2_asdc_alr",0,0,FALSE
"l3_gzmk_cd56dim_nk_cell_alr","l2_cdc1_alr",0,0,FALSE
"l3_gzmk_cd56dim_nk_cell_alr","l2_dn_t_cell_alr",0,0,FALSE
"l3_gzmk_cd56dim_nk_cell_alr","l2_memory_cd4_t_cell_alr",0,0,FALSE
"l3_gzmk_cd56dim_nk_cell_alr","l2_memory_cd8_t_cell_alr",0,0,FALSE
"l3_gzmk_cd56dim_nk_cell_alr","l2_proliferating_t_cell_alr",0,0,FALSE
"l3_gzmk_cd56dim_nk_cell_alr","l3_c1q_cd16_monocyte_alr",0,0,FALSE
"l3_gzmk_cd56dim_nk_cell_alr","l3_naive_vd1_gdt_alr",0,0,FALSE
"l3_gzmk_cd56dim_nk_cell_alr","l3_sox4_vd1_gdt_alr",0,0,FALSE
"l3_gzmk_cd56dim_nk_cell_alr","l3_isg_mait_alr",0,0,FALSE
"l3_gzmk_cd56dim_nk_cell_alr","l3_isg_memory_cd8_t_cell_alr",0,0,FALSE
"l3_gzmk_cd56dim_nk_cell_alr","l3_gzmk_cd27_em_cd8_t_cell_alt_alr",0,0,FALSE
"l3_gzmk_cd56dim_nk_cell_alr","l3_klrf1_gzmb_cd27_em_cd8_t_cell_alr",0,0,FALSE
"l3_gzmk_cd56dim_nk_cell_alr","l3_isg_naive_cd4_t_cell_alr",0,0,FALSE
"l3_gzmk_cd56dim_nk_cell_alr","l3_sox4_naive_cd4_t_cell_alr",0,0,FALSE
"l3_gzmk_cd56dim_nk_cell_alr","l3_clp_cell_alr",0,0,FALSE
"l3_gzmk_cd56dim_nk_cell_alr","l3_memory_cd8_treg_alr",0,0,FALSE
"l3_gzmk_cd56dim_nk_cell_alr","l1_monocyte_alr",0,0,FALSE
"l3_isg_cd56dim_nk_cell_alr","age_group",0,0,FALSE
"l3_isg_cd56dim_nk_cell_alr","sex",0,0,FALSE
"l3_isg_cd56dim_nk_cell_alr","cmv",0,0,FALSE
"l3_isg_cd56dim_nk_cell_alr","l2_progenitor_cell",0,0,FALSE
"l3_isg_cd56dim_nk_cell_alr","l3_asdc",0,0,FALSE
"l3_isg_cd56dim_nk_cell_alr","l3_cd56bright_nk_cell",0,0,FALSE
"l3_isg_cd56dim_nk_cell_alr","l3_cd8aa",0,0,FALSE
"l3_isg_cd56dim_nk_cell_alr","l3_dn_t_cell",0,0,FALSE
"l3_isg_cd56dim_nk_cell_alr","l3_erythrocyte",0,0,FALSE
"l3_isg_cd56dim_nk_cell_alr","l3_ilc",0,0,FALSE
"l3_isg_cd56dim_nk_cell_alr","l3_pdc",0,0,FALSE
"l3_isg_cd56dim_nk_cell_alr","l3_platelet",0,0,FALSE
"l3_isg_cd56dim_nk_cell_alr","l3_transitional_b_cell",0,0,FALSE
"l3_isg_cd56dim_nk_cell_alr","l2_memory_b_cell_alr",0,0,FALSE
"l3_isg_cd56dim_nk_cell_alr","l2_cd16_monocyte_alr",0,0,FALSE
"l3_isg_cd56dim_nk_cell_alr","l2_cd8aa_alr",0,0,FALSE
"l3_isg_cd56dim_nk_cell_alr","l2_dn_t_cell_alr",0,0,FALSE
"l3_isg_cd56dim_nk_cell_alr","l2_memory_cd8_t_cell_alr",0,0,FALSE
"l3_isg_cd56dim_nk_cell_alr","l2_naive_cd8_t_cell_alr",0,0,FALSE
"l3_isg_cd56dim_nk_cell_alr","l3_cd14_cdc2_alr",0,0,FALSE
"l3_isg_cd56dim_nk_cell_alr","l3_cd27_effector_b_cell_alt_alr",0,0,FALSE
"l3_isg_cd56dim_nk_cell_alr","l3_naive_vd1_gdt_alr",0,0,FALSE
"l3_isg_cd56dim_nk_cell_alr","l3_cd95_memory_b_cell_alr",0,0,FALSE
"l3_isg_cd56dim_nk_cell_alr","l3_early_memory_b_cell_alr",0,0,FALSE
"l3_isg_cd56dim_nk_cell_alr","l3_gzmk_cd27_em_cd8_t_cell_alt_alr",0,0,FALSE
"l3_isg_cd56dim_nk_cell_alr","l3_klrf1_gzmb_cd27_em_cd8_t_cell_alt_alr",0,0,FALSE
"l3_isg_cd56dim_nk_cell_alr","l3_sox4_naive_cd4_t_cell_alr",0,0,FALSE
"l3_isg_cd56dim_nk_cell_alr","l3_sox4_naive_cd8_t_cell_alr",0,0,FALSE
"l3_isg_cd56dim_nk_cell_alr","l3_clp_cell_alr",0,0,FALSE
"l3_isg_cd56dim_nk_cell_alr","l3_klrb1_memory_cd4_treg_alr",0,0,FALSE
"l3_isg_cd56dim_nk_cell_alr","l3_klrb1_memory_cd8_treg_alr",0,0,FALSE
"l3_isg_cd56dim_nk_cell_alr","l3_naive_cd4_treg_alr",0,0,FALSE
"l3_isg_cd56dim_nk_cell_alr","l1_dc_alr",0,0,FALSE
"l3_isg_cd56dim_nk_cell_alr","l1_monocyte_alr",0,0,FALSE
"l3_isg_cd56dim_nk_cell_alr","l1_erythrocyte_alr",0,0,FALSE
"l3_adaptive_nk_cell_alr","age_group",0,0,FALSE
"l3_adaptive_nk_cell_alr","sex",0,0,FALSE
"l3_adaptive_nk_cell_alr","l2_erythrocyte",0,0,FALSE
"l3_adaptive_nk_cell_alr","l2_platelet",0,0,FALSE
"l3_adaptive_nk_cell_alr","l3_asdc",0,0,FALSE
"l3_adaptive_nk_cell_alr","l3_cd56bright_nk_cell",0,0,FALSE
"l3_adaptive_nk_cell_alr","l3_ilc",0,0,FALSE
"l3_adaptive_nk_cell_alr","l3_intermediate_monocyte",0,0,FALSE
"l3_adaptive_nk_cell_alr","l2_asdc_alr",0,0,FALSE
"l3_adaptive_nk_cell_alr","l2_cd16_monocyte_alr",0,0,FALSE
"l3_adaptive_nk_cell_alr","l2_cd8aa_alr",0,0,FALSE
"l3_adaptive_nk_cell_alr","l2_memory_cd4_t_cell_alr",0,0,FALSE
"l3_adaptive_nk_cell_alr","l2_memory_cd8_t_cell_alr",0,0,FALSE
"l3_adaptive_nk_cell_alr","l2_naive_cd8_t_cell_alr",0,0,FALSE
"l3_adaptive_nk_cell_alr","l3_il1b_cd14_monocyte_alr",0,0,FALSE
"l3_adaptive_nk_cell_alr","l3_isg_cd14_monocyte_alr",0,0,FALSE
"l3_adaptive_nk_cell_alr","l3_isg_cd16_monocyte_alr",0,0,FALSE
"l3_adaptive_nk_cell_alr","l3_isg_cdc2_alr",0,0,FALSE
"l3_adaptive_nk_cell_alr","l3_isg_mait_alr",0,0,FALSE
"l3_adaptive_nk_cell_alr","l3_gzmb_cd27_em_cd4_t_cell_alr",0,0,FALSE
"l3_adaptive_nk_cell_alr","l3_cm_cd8_t_cell_alr",0,0,FALSE
"l3_adaptive_nk_cell_alr","l3_gzmk_cd27_em_cd8_t_cell_alt_alr",0,0,FALSE
"l3_adaptive_nk_cell_alr","l3_isg_naive_b_cell_alr",0,0,FALSE
"l3_adaptive_nk_cell_alr","l3_clp_cell_alr",0,0,FALSE
"l3_adaptive_nk_cell_alr","l3_memory_cd8_treg_alr",0,0,FALSE
"l3_adaptive_nk_cell_alr","l3_naive_cd4_treg_alr",0,0,FALSE
"l3_adaptive_nk_cell_alr","l1_ilc_alr",0,0,FALSE
"l3_cd14_cdc2_alr","sex",0,0,FALSE
"l3_cd14_cdc2_alr","cmv",0,0,FALSE
"l3_cd14_cdc2_alr","l2_erythrocyte",0,0,FALSE
"l3_cd14_cdc2_alr","l2_ilc",0,0,FALSE
"l3_cd14_cdc2_alr","l3_asdc",0,0,FALSE
"l3_cd14_cdc2_alr","l3_cd56bright_nk_cell",0,0,FALSE
"l3_cd14_cdc2_alr","l3_cd8aa",0,0,FALSE
"l3_cd14_cdc2_alr","l3_cdc1",0,0,FALSE
"l3_cd14_cdc2_alr","l3_dn_t_cell",0,0,FALSE
"l3_cd14_cdc2_alr","l3_pdc",0,0,FALSE
"l3_cd14_cdc2_alr","l3_platelet",0,0,FALSE
"l3_cd14_cdc2_alr","l3_proliferating_nk_cell",0,0,FALSE
"l3_cd14_cdc2_alr","l2_intermediate_monocyte_alr",0,0,FALSE
"l3_cd14_cdc2_alr","l2_proliferating_nk_cell_alr",0,0,FALSE
"l3_cd14_cdc2_alr","l2_cd8aa_alr",0,0,FALSE
"l3_cd14_cdc2_alr","l2_dn_t_cell_alr",0,0,FALSE
"l3_cd14_cdc2_alr","l2_gdt_alr",0,0,FALSE
"l3_cd14_cdc2_alr","l2_naive_cd8_t_cell_alr",0,0,FALSE
"l3_cd14_cdc2_alr","l2_proliferating_t_cell_alr",0,0,FALSE
"l3_cd14_cdc2_alr","l2_treg_alr",0,0,FALSE
"l3_cd14_cdc2_alr","l3_isg_cd56dim_nk_cell_alr",0,0,FALSE
"l3_cd14_cdc2_alr","l3_cd27_effector_b_cell_alt_alr",0,0,FALSE
"l3_cd14_cdc2_alr","l3_gzmb_vd2_gdt_alr",0,0,FALSE
"l3_cd14_cdc2_alr","l3_klrf1_effector_vd1_gdt_alr",0,0,FALSE
"l3_cd14_cdc2_alr","l3_klrf1_effector_vd1_gdt_alt_alr",0,0,FALSE
"l3_cd14_cdc2_alr","l3_naive_vd1_gdt_alr",0,0,FALSE
"l3_cd14_cdc2_alr","l3_sox4_vd1_gdt_alr",0,0,FALSE
"l3_cd14_cdc2_alr","l3_activated_memory_b_cell_alr",0,0,FALSE
"l3_cd14_cdc2_alr","l3_early_memory_b_cell_alr",0,0,FALSE
"l3_cd14_cdc2_alr","l3_type_2_polarized_memory_b_cell_alr",0,0,FALSE
"l3_cd14_cdc2_alr","l3_isg_memory_cd4_t_cell_alr",0,0,FALSE
"l3_cd14_cdc2_alr","l3_gzmb_cd27_em_cd4_t_cell_alr",0,0,FALSE
"l3_cd14_cdc2_alr","l3_cm_cd8_t_cell_alr",0,0,FALSE
"l3_cd14_cdc2_alr","l3_klrf1_gzmb_cd27_em_cd8_t_cell_alr",0,0,FALSE
"l3_cd14_cdc2_alr","l3_sox4_naive_cd4_t_cell_alr",0,0,FALSE
"l3_cd14_cdc2_alr","l3_isg_naive_cd8_t_cell_alr",0,0,FALSE
"l3_cd14_cdc2_alr","l3_gzmk_memory_cd4_treg_alr",0,0,FALSE
"l3_cd14_cdc2_alr","l3_klrb1_memory_cd4_treg_alr",0,0,FALSE
"l3_cd14_cdc2_alr","l3_naive_cd4_treg_alr",0,0,FALSE
"l3_cd14_cdc2_alr","l1_monocyte_alr",0,0,FALSE
"l3_isg_cdc2_alr","age_group",0,0,FALSE
"l3_isg_cdc2_alr","cmv",0,0,FALSE
"l3_isg_cdc2_alr","l2_progenitor_cell",0,0,FALSE
"l3_isg_cdc2_alr","l3_asdc",0,0,FALSE
"l3_isg_cdc2_alr","l3_cd56bright_nk_cell",0,0,FALSE
"l3_isg_cdc2_alr","l3_cd8aa",0,0,FALSE
"l3_isg_cdc2_alr","l3_dn_t_cell",0,0,FALSE
"l3_isg_cdc2_alr","l3_erythrocyte",0,0,FALSE
"l3_isg_cdc2_alr","l3_ilc",0,0,FALSE
"l3_isg_cdc2_alr","l3_intermediate_monocyte",0,0,FALSE
"l3_isg_cdc2_alr","l3_pdc",0,0,FALSE
"l3_isg_cdc2_alr","l3_platelet",0,0,FALSE
"l3_isg_cdc2_alr","l3_proliferating_t_cell",0,0,FALSE
"l3_isg_cdc2_alr","l3_baeomap_cell",0,0,FALSE
"l3_isg_cdc2_alr","l2_effector_b_cell_alr",0,0,FALSE
"l3_isg_cdc2_alr","l2_transitional_b_cell_alr",0,0,FALSE
"l3_isg_cdc2_alr","l2_cd16_monocyte_alr",0,0,FALSE
"l3_isg_cdc2_alr","l2_cd8aa_alr",0,0,FALSE
"l3_isg_cdc2_alr","l2_dn_t_cell_alr",0,0,FALSE
"l3_isg_cdc2_alr","l2_gdt_alr",0,0,FALSE
"l3_isg_cdc2_alr","l2_mait_alr",0,0,FALSE
"l3_isg_cdc2_alr","l2_memory_cd8_t_cell_alr",0,0,FALSE
"l3_isg_cdc2_alr","l2_naive_cd8_t_cell_alr",0,0,FALSE
"l3_isg_cdc2_alr","l2_proliferating_t_cell_alr",0,0,FALSE
"l3_isg_cdc2_alr","l2_treg_alr",0,0,FALSE
"l3_isg_cdc2_alr","l3_c1q_cd16_monocyte_alr",0,0,FALSE
"l3_isg_cdc2_alr","l3_isg_cd16_monocyte_alr",0,0,FALSE
"l3_isg_cdc2_alr","l3_adaptive_nk_cell_alr",0,0,FALSE
"l3_isg_cdc2_alr","l3_gzmb_vd2_gdt_alr",0,0,FALSE
"l3_isg_cdc2_alr","l3_naive_vd1_gdt_alr",0,0,FALSE
"l3_isg_cdc2_alr","l3_sox4_vd1_gdt_alr",0,0,FALSE
"l3_isg_cdc2_alr","l3_cd4_mait_alr",0,0,FALSE
"l3_isg_cdc2_alr","l3_cd95_memory_b_cell_alr",0,0,FALSE
"l3_isg_cdc2_alr","l3_early_memory_b_cell_alr",0,0,FALSE
"l3_isg_cdc2_alr","l3_cm_cd8_t_cell_alr",0,0,FALSE
"l3_isg_cdc2_alr","l3_gzmk_cd27_em_cd8_t_cell_alt_alr",0,0,FALSE
"l3_isg_cdc2_alr","l3_klrf1_gzmb_cd27_em_cd8_t_cell_alr",0,0,FALSE
"l3_isg_cdc2_alr","l3_klrf1_gzmb_cd27_em_cd8_t_cell_alt_alr",0,0,FALSE
"l3_isg_cdc2_alr","l3_isg_naive_b_cell_alr",0,0,FALSE
"l3_isg_cdc2_alr","l3_isg_naive_cd4_t_cell_alr",0,0,FALSE
"l3_isg_cdc2_alr","l3_isg_naive_cd8_t_cell_alr",0,0,FALSE
"l3_isg_cdc2_alr","l3_sox4_naive_cd8_t_cell_alr",0,0,FALSE
"l3_isg_cdc2_alr","l3_klrb1_memory_cd4_treg_alr",0,0,FALSE
"l3_isg_cdc2_alr","l3_klrb1_memory_cd8_treg_alr",0,0,FALSE
"l3_isg_cdc2_alr","l3_memory_cd8_treg_alr",0,0,FALSE
"l3_isg_cdc2_alr","l1_dc_alr",0,0,FALSE
"l3_isg_cdc2_alr","l1_monocyte_alr",0,0,FALSE
"l3_isg_cdc2_alr","l1_progenitor_cell_alr",0,0,FALSE
"l3_cd27_effector_b_cell_alt_alr","age_group",0,0,FALSE
"l3_cd27_effector_b_cell_alt_alr","cmv",0,0,FALSE
"l3_cd27_effector_b_cell_alt_alr","l2_erythrocyte",0,0,FALSE
"l3_cd27_effector_b_cell_alt_alr","l2_platelet",0,0,FALSE
"l3_cd27_effector_b_cell_alt_alr","l3_cd56bright_nk_cell",0,0,FALSE
"l3_cd27_effector_b_cell_alt_alr","l3_dn_t_cell",0,0,FALSE
"l3_cd27_effector_b_cell_alt_alr","l3_intermediate_monocyte",0,0,FALSE
"l3_cd27_effector_b_cell_alt_alr","l3_pdc",0,0,FALSE
"l3_cd27_effector_b_cell_alt_alr","l3_plasma_cell",0,0,FALSE
"l3_cd27_effector_b_cell_alt_alr","l3_platelet",0,0,FALSE
"l3_cd27_effector_b_cell_alt_alr","l3_proliferating_nk_cell",0,0,FALSE
"l3_cd27_effector_b_cell_alt_alr","l3_proliferating_t_cell",0,0,FALSE
"l3_cd27_effector_b_cell_alt_alr","l3_transitional_b_cell",0,0,FALSE
"l3_cd27_effector_b_cell_alt_alr","l2_asdc_alr",0,0,FALSE
"l3_cd27_effector_b_cell_alt_alr","l2_cdc1_alr",0,0,FALSE
"l3_cd27_effector_b_cell_alt_alr","l2_cd16_monocyte_alr",0,0,FALSE
"l3_cd27_effector_b_cell_alt_alr","l2_dn_t_cell_alr",0,0,FALSE
"l3_cd27_effector_b_cell_alt_alr","l2_gdt_alr",0,0,FALSE
"l3_cd27_effector_b_cell_alt_alr","l2_mait_alr",0,0,FALSE
"l3_cd27_effector_b_cell_alt_alr","l2_memory_cd4_t_cell_alr",0,0,FALSE
"l3_cd27_effector_b_cell_alt_alr","l2_memory_cd8_t_cell_alr",0,0,FALSE
"l3_cd27_effector_b_cell_alt_alr","l2_proliferating_t_cell_alr",0,0,FALSE
"l3_cd27_effector_b_cell_alt_alr","l3_il1b_cd14_monocyte_alr",0,0,FALSE
"l3_cd27_effector_b_cell_alt_alr","l3_c1q_cd16_monocyte_alr",0,0,FALSE
"l3_cd27_effector_b_cell_alt_alr","l3_isg_cd56dim_nk_cell_alr",0,0,FALSE
"l3_cd27_effector_b_cell_alt_alr","l3_cd14_cdc2_alr",0,0,FALSE
"l3_cd27_effector_b_cell_alt_alr","l3_gzmb_vd2_gdt_alr",0,0,FALSE
"l3_cd27_effector_b_cell_alt_alr","l3_klrf1_effector_vd1_gdt_alt_alr",0,0,FALSE
"l3_cd27_effector_b_cell_alt_alr","l3_sox4_vd1_gdt_alr",0,0,FALSE
"l3_cd27_effector_b_cell_alt_alr","l3_isg_mait_alr",0,0,FALSE
"l3_cd27_effector_b_cell_alt_alr","l3_activated_memory_b_cell_alr",0,0,FALSE
"l3_cd27_effector_b_cell_alt_alr","l3_early_memory_b_cell_alr",0,0,FALSE
"l3_cd27_effector_b_cell_alt_alr","l3_isg_memory_cd4_t_cell_alr",0,0,FALSE
"l3_cd27_effector_b_cell_alt_alr","l3_isg_memory_cd8_t_cell_alr",0,0,FALSE
"l3_cd27_effector_b_cell_alt_alr","l3_cm_cd8_t_cell_alr",0,0,FALSE
"l3_cd27_effector_b_cell_alt_alr","l3_isg_naive_b_cell_alr",0,0,FALSE
"l3_cd27_effector_b_cell_alt_alr","l3_isg_naive_cd4_t_cell_alr",0,0,FALSE
"l3_cd27_effector_b_cell_alt_alr","l3_clp_cell_alr",0,0,FALSE
"l3_cd27_effector_b_cell_alt_alr","l3_gzmk_memory_cd4_treg_alr",0,0,FALSE
"l3_cd27_effector_b_cell_alt_alr","l3_klrb1_memory_cd8_treg_alr",0,0,FALSE
"l3_cd27_effector_b_cell_alt_alr","l3_memory_cd8_treg_alr",0,0,FALSE
"l3_cd27_effector_b_cell_alt_alr","l1_dc_alr",0,0,FALSE
"l3_cd27_effector_b_cell_alt_alr","l1_monocyte_alr",0,0,FALSE
"l3_cd27_effector_b_cell_alt_alr","l1_b_cell_alr",0,0,FALSE
"l3_cd27_effector_b_cell_alt_alr","l1_erythrocyte_alr",0,0,FALSE
"l3_cd27_effector_b_cell_alt_alr","l1_ilc_alr",0,0,FALSE
"l3_cd27_effector_b_cell_alt_alr","l1_platelet_alr",0,0,FALSE
"l3_cd27_effector_b_cell_alt_alr","l1_progenitor_cell_alr",0,0,FALSE
"l3_gzmb_vd2_gdt_alr","age_group",0,0,FALSE
"l3_gzmb_vd2_gdt_alr","sex",0,0,FALSE
"l3_gzmb_vd2_gdt_alr","cmv",0,0,FALSE
"l3_gzmb_vd2_gdt_alr","l2_ilc",0,0,FALSE
"l3_gzmb_vd2_gdt_alr","l2_platelet",0,0,FALSE
"l3_gzmb_vd2_gdt_alr","l2_progenitor_cell",0,0,FALSE
"l3_gzmb_vd2_gdt_alr","l3_dn_t_cell",0,0,FALSE
"l3_gzmb_vd2_gdt_alr","l3_intermediate_monocyte",0,0,FALSE
"l3_gzmb_vd2_gdt_alr","l3_baeomap_cell",0,0,FALSE
"l3_gzmb_vd2_gdt_alr","l2_proliferating_nk_cell_alr",0,0,FALSE
"l3_gzmb_vd2_gdt_alr","l2_dn_t_cell_alr",0,0,FALSE
"l3_gzmb_vd2_gdt_alr","l2_mait_alr",0,0,FALSE
"l3_gzmb_vd2_gdt_alr","l2_proliferating_t_cell_alr",0,0,FALSE
"l3_gzmb_vd2_gdt_alr","l3_il1b_cd14_monocyte_alr",0,0,FALSE
"l3_gzmb_vd2_gdt_alr","l3_isg_cd14_monocyte_alr",0,0,FALSE
"l3_gzmb_vd2_gdt_alr","l3_isg_cd16_monocyte_alr",0,0,FALSE
"l3_gzmb_vd2_gdt_alr","l3_cd14_cdc2_alr",0,0,FALSE
"l3_gzmb_vd2_gdt_alr","l3_isg_cdc2_alr",0,0,FALSE
"l3_gzmb_vd2_gdt_alr","l3_cd27_effector_b_cell_alt_alr",0,0,FALSE
"l3_gzmb_vd2_gdt_alr","l3_klrf1_effector_vd1_gdt_alr",0,0,FALSE
"l3_gzmb_vd2_gdt_alr","l3_cd4_mait_alr",0,0,FALSE
"l3_gzmb_vd2_gdt_alr","l3_isg_mait_alr",0,0,FALSE
"l3_gzmb_vd2_gdt_alr","l3_cd95_memory_b_cell_alr",0,0,FALSE
"l3_gzmb_vd2_gdt_alr","l3_type_2_polarized_memory_b_cell_alr",0,0,FALSE
"l3_gzmb_vd2_gdt_alr","l3_klrf1_gzmb_cd27_memory_cd4_t_cell_alr",0,0,FALSE
"l3_gzmb_vd2_gdt_alr","l3_gzmb_cd27_em_cd4_t_cell_alt_alr",0,0,FALSE
"l3_gzmb_vd2_gdt_alr","l3_isg_memory_cd8_t_cell_alr",0,0,FALSE
"l3_gzmb_vd2_gdt_alr","l3_isg_naive_b_cell_alr",0,0,FALSE
"l3_gzmb_vd2_gdt_alr","l3_clp_cell_alr",0,0,FALSE
"l3_gzmb_vd2_gdt_alr","l3_gzmk_memory_cd4_treg_alr",0,0,FALSE
"l3_gzmb_vd2_gdt_alr","l3_klrb1_memory_cd4_treg_alr",0,0,FALSE
"l3_gzmb_vd2_gdt_alr","l3_klrb1_memory_cd8_treg_alr",0,0,FALSE
"l3_gzmb_vd2_gdt_alr","l1_nk_cell_alr",0,0,FALSE
"l3_gzmb_vd2_gdt_alr","l1_b_cell_alr",0,0,FALSE
"l3_gzmb_vd2_gdt_alr","l1_progenitor_cell_alr",0,0,FALSE
"l3_klrf1_effector_vd1_gdt_alr","age_group",0,0,FALSE
"l3_klrf1_effector_vd1_gdt_alr","sex",0,0,FALSE
"l3_klrf1_effector_vd1_gdt_alr","cmv",0,0,FALSE
"l3_klrf1_effector_vd1_gdt_alr","l2_ilc",0,0,FALSE
"l3_klrf1_effector_vd1_gdt_alr","l2_progenitor_cell",0,0,FALSE
"l3_klrf1_effector_vd1_gdt_alr","l3_asdc",0,0,FALSE
"l3_klrf1_effector_vd1_gdt_alr","l3_cdc1",0,0,FALSE
"l3_klrf1_effector_vd1_gdt_alr","l3_dn_t_cell",0,0,FALSE
"l3_klrf1_effector_vd1_gdt_alr","l3_platelet",0,0,FALSE
"l3_klrf1_effector_vd1_gdt_alr","l3_baeomap_cell",0,0,FALSE
"l3_klrf1_effector_vd1_gdt_alr","l2_asdc_alr",0,0,FALSE
"l3_klrf1_effector_vd1_gdt_alr","l2_cdc1_alr",0,0,FALSE
"l3_klrf1_effector_vd1_gdt_alr","l2_cd8aa_alr",0,0,FALSE
"l3_klrf1_effector_vd1_gdt_alr","l2_dn_t_cell_alr",0,0,FALSE
"l3_klrf1_effector_vd1_gdt_alr","l2_treg_alr",0,0,FALSE
"l3_klrf1_effector_vd1_gdt_alr","l3_il1b_cd14_monocyte_alr",0,0,FALSE
"l3_klrf1_effector_vd1_gdt_alr","l3_c1q_cd16_monocyte_alr",0,0,FALSE
"l3_klrf1_effector_vd1_gdt_alr","l3_isg_cd16_monocyte_alr",0,0,FALSE
"l3_klrf1_effector_vd1_gdt_alr","l3_cd14_cdc2_alr",0,0,FALSE
"l3_klrf1_effector_vd1_gdt_alr","l3_gzmb_vd2_gdt_alr",0,0,FALSE
"l3_klrf1_effector_vd1_gdt_alr","l3_cd95_memory_b_cell_alr",0,0,FALSE
"l3_klrf1_effector_vd1_gdt_alr","l3_gzmb_cd27_em_cd4_t_cell_alr",0,0,FALSE
"l3_klrf1_effector_vd1_gdt_alr","l3_gzmb_cd27_em_cd4_t_cell_alt_alr",0,0,FALSE
"l3_klrf1_effector_vd1_gdt_alr","l3_klrf1_gzmb_cd27_em_cd8_t_cell_alt_alr",0,0,FALSE
"l3_klrf1_effector_vd1_gdt_alr","l3_klrb1_memory_cd4_treg_alr",0,0,FALSE
"l3_klrf1_effector_vd1_gdt_alr","l1_dc_alr",0,0,FALSE
"l3_klrf1_effector_vd1_gdt_alt_alr","age_group",0,0,FALSE
"l3_klrf1_effector_vd1_gdt_alt_alr","sex",0,0,FALSE
"l3_klrf1_effector_vd1_gdt_alt_alr","l3_asdc",0,0,FALSE
"l3_klrf1_effector_vd1_gdt_alt_alr","l3_cdc1",0,0,FALSE
"l3_klrf1_effector_vd1_gdt_alt_alr","l3_ilc",0,0,FALSE
"l3_klrf1_effector_vd1_gdt_alt_alr","l3_pdc",0,0,FALSE
"l3_klrf1_effector_vd1_gdt_alt_alr","l3_plasma_cell",0,0,FALSE
"l3_klrf1_effector_vd1_gdt_alt_alr","l3_transitional_b_cell",0,0,FALSE
"l3_klrf1_effector_vd1_gdt_alt_alr","l2_memory_b_cell_alr",0,0,FALSE
"l3_klrf1_effector_vd1_gdt_alt_alr","l2_plasma_cell_alr",0,0,FALSE
"l3_klrf1_effector_vd1_gdt_alt_alr","l2_transitional_b_cell_alr",0,0,FALSE
"l3_klrf1_effector_vd1_gdt_alt_alr","l2_asdc_alr",0,0,FALSE
"l3_klrf1_effector_vd1_gdt_alt_alr","l2_cdc1_alr",0,0,FALSE
"l3_klrf1_effector_vd1_gdt_alt_alr","l2_pdc_alr",0,0,FALSE
"l3_klrf1_effector_vd1_gdt_alt_alr","l2_cd16_monocyte_alr",0,0,FALSE
"l3_klrf1_effector_vd1_gdt_alt_alr","l2_cd8aa_alr",0,0,FALSE
"l3_klrf1_effector_vd1_gdt_alt_alr","l2_memory_cd4_t_cell_alr",0,0,FALSE
"l3_klrf1_effector_vd1_gdt_alt_alr","l2_proliferating_t_cell_alr",0,0,FALSE
"l3_klrf1_effector_vd1_gdt_alt_alr","l3_c1q_cd16_monocyte_alr",0,0,FALSE
"l3_klrf1_effector_vd1_gdt_alt_alr","l3_cd14_cdc2_alr",0,0,FALSE
"l3_klrf1_effector_vd1_gdt_alt_alr","l3_cd27_effector_b_cell_alt_alr",0,0,FALSE
"l3_klrf1_effector_vd1_gdt_alt_alr","l3_isg_mait_alr",0,0,FALSE
"l3_klrf1_effector_vd1_gdt_alt_alr","l3_cd95_memory_b_cell_alr",0,0,FALSE
"l3_klrf1_effector_vd1_gdt_alt_alr","l3_early_memory_b_cell_alr",0,0,FALSE
"l3_klrf1_effector_vd1_gdt_alt_alr","l3_isg_memory_cd4_t_cell_alr",0,0,FALSE
"l3_klrf1_effector_vd1_gdt_alt_alr","l3_cm_cd8_t_cell_alr",0,0,FALSE
"l3_klrf1_effector_vd1_gdt_alt_alr","l3_gzmk_cd27_em_cd8_t_cell_alt_alr",0,0,FALSE
"l3_klrf1_effector_vd1_gdt_alt_alr","l3_sox4_naive_cd4_t_cell_alr",0,0,FALSE
"l3_klrf1_effector_vd1_gdt_alt_alr","l3_sox4_naive_cd8_t_cell_alr",0,0,FALSE
"l3_klrf1_effector_vd1_gdt_alt_alr","l3_clp_cell_alr",0,0,FALSE
"l3_klrf1_effector_vd1_gdt_alt_alr","l3_gzmk_memory_cd4_treg_alr",0,0,FALSE
"l3_klrf1_effector_vd1_gdt_alt_alr","l3_klrb1_memory_cd4_treg_alr",0,0,FALSE
"l3_klrf1_effector_vd1_gdt_alt_alr","l1_dc_alr",0,0,FALSE
"l3_klrf1_effector_vd1_gdt_alt_alr","l1_b_cell_alr",0,0,FALSE
"l3_naive_vd1_gdt_alr","age_group",0,0,FALSE
"l3_naive_vd1_gdt_alr","sex",0,0,FALSE
"l3_naive_vd1_gdt_alr","cmv",0,0,FALSE
"l3_naive_vd1_gdt_alr","l2_erythrocyte",0,0,FALSE
"l3_naive_vd1_gdt_alr","l2_ilc",0,0,FALSE
"l3_naive_vd1_gdt_alr","l2_platelet",0,0,FALSE
"l3_naive_vd1_gdt_alr","l3_cd56bright_nk_cell",0,0,FALSE
"l3_naive_vd1_gdt_alr","l3_dn_t_cell",0,0,FALSE
"l3_naive_vd1_gdt_alr","l3_erythrocyte",0,0,FALSE
"l3_naive_vd1_gdt_alr","l3_ilc",0,0,FALSE
"l3_naive_vd1_gdt_alr","l3_intermediate_monocyte",0,0,FALSE
"l3_naive_vd1_gdt_alr","l2_effector_b_cell_alr",0,0,FALSE
"l3_naive_vd1_gdt_alr","l2_pdc_alr",0,0,FALSE
"l3_naive_vd1_gdt_alr","l2_intermediate_monocyte_alr",0,0,FALSE
"l3_naive_vd1_gdt_alr","l2_treg_alr",0,0,FALSE
"l3_naive_vd1_gdt_alr","l3_c1q_cd16_monocyte_alr",0,0,FALSE
"l3_naive_vd1_gdt_alr","l3_gzmk_cd56dim_nk_cell_alr",0,0,FALSE
"l3_naive_vd1_gdt_alr","l3_isg_cd56dim_nk_cell_alr",0,0,FALSE
"l3_naive_vd1_gdt_alr","l3_cd14_cdc2_alr",0,0,FALSE
"l3_naive_vd1_gdt_alr","l3_isg_cdc2_alr",0,0,FALSE
"l3_naive_vd1_gdt_alr","l3_cd4_mait_alr",0,0,FALSE
"l3_naive_vd1_gdt_alr","l3_activated_memory_b_cell_alr",0,0,FALSE
"l3_naive_vd1_gdt_alr","l3_gzmk_cd27_em_cd8_t_cell_alt_alr",0,0,FALSE
"l3_naive_vd1_gdt_alr","l3_klrf1_gzmb_cd27_em_cd8_t_cell_alt_alr",0,0,FALSE
"l3_naive_vd1_gdt_alr","l3_isg_naive_b_cell_alr",0,0,FALSE
"l3_naive_vd1_gdt_alr","l3_isg_naive_cd4_t_cell_alr",0,0,FALSE
"l3_naive_vd1_gdt_alr","l3_naive_cd4_treg_alr",0,0,FALSE
"l3_sox4_vd1_gdt_alr","age_group",0,0,FALSE
"l3_sox4_vd1_gdt_alr","sex",0,0,FALSE
"l3_sox4_vd1_gdt_alr","cmv",0,0,FALSE
"l3_sox4_vd1_gdt_alr","l2_ilc",0,0,FALSE
"l3_sox4_vd1_gdt_alr","l2_platelet",0,0,FALSE
"l3_sox4_vd1_gdt_alr","l3_asdc",0,0,FALSE
"l3_sox4_vd1_gdt_alr","l3_cd56bright_nk_cell",0,0,FALSE
"l3_sox4_vd1_gdt_alr","l3_dn_t_cell",0,0,FALSE
"l3_sox4_vd1_gdt_alr","l3_erythrocyte",0,0,FALSE
"l3_sox4_vd1_gdt_alr","l3_ilc",0,0,FALSE
"l3_sox4_vd1_gdt_alr","l3_platelet",0,0,FALSE
"l3_sox4_vd1_gdt_alr","l3_proliferating_t_cell",0,0,FALSE
"l3_sox4_vd1_gdt_alr","l2_effector_b_cell_alr",0,0,FALSE
"l3_sox4_vd1_gdt_alr","l2_memory_b_cell_alr",0,0,FALSE
"l3_sox4_vd1_gdt_alr","l2_pdc_alr",0,0,FALSE
"l3_sox4_vd1_gdt_alr","l2_cd56bright_nk_cell_alr",0,0,FALSE
"l3_sox4_vd1_gdt_alr","l2_memory_cd8_t_cell_alr",0,0,FALSE
"l3_sox4_vd1_gdt_alr","l3_il1b_cd14_monocyte_alr",0,0,FALSE
"l3_sox4_vd1_gdt_alr","l3_c1q_cd16_monocyte_alr",0,0,FALSE
"l3_sox4_vd1_gdt_alr","l3_gzmk_cd56dim_nk_cell_alr",0,0,FALSE
"l3_sox4_vd1_gdt_alr","l3_cd14_cdc2_alr",0,0,FALSE
"l3_sox4_vd1_gdt_alr","l3_isg_cdc2_alr",0,0,FALSE
"l3_sox4_vd1_gdt_alr","l3_cd27_effector_b_cell_alt_alr",0,0,FALSE
"l3_sox4_vd1_gdt_alr","l3_activated_memory_b_cell_alr",0,0,FALSE
"l3_sox4_vd1_gdt_alr","l3_early_memory_b_cell_alr",0,0,FALSE
"l3_sox4_vd1_gdt_alr","l3_isg_memory_cd4_t_cell_alr",0,0,FALSE
"l3_sox4_vd1_gdt_alr","l3_gzmb_cd27_em_cd4_t_cell_alr",0,0,FALSE
"l3_sox4_vd1_gdt_alr","l3_gzmb_cd27_em_cd4_t_cell_alt_alr",0,0,FALSE
"l3_sox4_vd1_gdt_alr","l3_gzmk_cd27_em_cd8_t_cell_alt_alr",0,0,FALSE
"l3_sox4_vd1_gdt_alr","l3_klrf1_gzmb_cd27_em_cd8_t_cell_alr",0,0,FALSE
"l3_sox4_vd1_gdt_alr","l3_isg_naive_b_cell_alr",0,0,FALSE
"l3_sox4_vd1_gdt_alr","l3_sox4_naive_cd4_t_cell_alr",0,0,FALSE
"l3_sox4_vd1_gdt_alr","l3_isg_naive_cd8_t_cell_alr",0,0,FALSE
"l3_sox4_vd1_gdt_alr","l3_clp_cell_alr",0,0,FALSE
"l3_sox4_vd1_gdt_alr","l3_klrb1_memory_cd4_treg_alr",0,0,FALSE
"l3_sox4_vd1_gdt_alr","l3_klrb1_memory_cd8_treg_alr",0,0,FALSE
"l3_sox4_vd1_gdt_alr","l3_memory_cd8_treg_alr",0,0,FALSE
"l3_sox4_vd1_gdt_alr","l3_naive_cd4_treg_alr",0,0,FALSE
"l3_cd4_mait_alr","age_group",0,0,FALSE
"l3_cd4_mait_alr","cmv",0,0,FALSE
"l3_cd4_mait_alr","l2_progenitor_cell",0,0,FALSE
"l3_cd4_mait_alr","l3_asdc",0,0,FALSE
"l3_cd4_mait_alr","l3_cd56bright_nk_cell",0,0,FALSE
"l3_cd4_mait_alr","l3_cd8aa",0,0,FALSE
"l3_cd4_mait_alr","l3_dn_t_cell",0,0,FALSE
"l3_cd4_mait_alr","l3_erythrocyte",0,0,FALSE
"l3_cd4_mait_alr","l3_ilc",0,0,FALSE
"l3_cd4_mait_alr","l3_intermediate_monocyte",0,0,FALSE
"l3_cd4_mait_alr","l3_pdc",0,0,FALSE
"l3_cd4_mait_alr","l3_plasma_cell",0,0,FALSE
"l3_cd4_mait_alr","l3_proliferating_nk_cell",0,0,FALSE
"l3_cd4_mait_alr","l2_effector_b_cell_alr",0,0,FALSE
"l3_cd4_mait_alr","l2_asdc_alr",0,0,FALSE
"l3_cd4_mait_alr","l2_cdc1_alr",0,0,FALSE
"l3_cd4_mait_alr","l2_pdc_alr",0,0,FALSE
"l3_cd4_mait_alr","l2_intermediate_monocyte_alr",0,0,FALSE
"l3_cd4_mait_alr","l2_proliferating_nk_cell_alr",0,0,FALSE
"l3_cd4_mait_alr","l2_cd8aa_alr",0,0,FALSE
"l3_cd4_mait_alr","l2_dn_t_cell_alr",0,0,FALSE
"l3_cd4_mait_alr","l3_il1b_cd14_monocyte_alr",0,0,FALSE
"l3_cd4_mait_alr","l3_c1q_cd16_monocyte_alr",0,0,FALSE
"l3_cd4_mait_alr","l3_isg_cdc2_alr",0,0,FALSE
"l3_cd4_mait_alr","l3_gzmb_vd2_gdt_alr",0,0,FALSE
"l3_cd4_mait_alr","l3_naive_vd1_gdt_alr",0,0,FALSE
"l3_cd4_mait_alr","l3_isg_mait_alr",0,0,FALSE
"l3_cd4_mait_alr","l3_activated_memory_b_cell_alr",0,0,FALSE
"l3_cd4_mait_alr","l3_type_2_polarized_memory_b_cell_alr",0,0,FALSE
"l3_cd4_mait_alr","l3_isg_memory_cd4_t_cell_alr",0,0,FALSE
"l3_cd4_mait_alr","l3_isg_memory_cd8_t_cell_alr",0,0,FALSE
"l3_cd4_mait_alr","l3_gzmk_cd27_em_cd8_t_cell_alt_alr",0,0,FALSE
"l3_cd4_mait_alr","l3_klrf1_gzmb_cd27_em_cd8_t_cell_alr",0,0,FALSE
"l3_cd4_mait_alr","l3_isg_naive_cd4_t_cell_alr",0,0,FALSE
"l3_cd4_mait_alr","l3_clp_cell_alr",0,0,FALSE
"l3_cd4_mait_alr","l3_gzmk_memory_cd4_treg_alr",0,0,FALSE
"l3_cd4_mait_alr","l1_dc_alr",0,0,FALSE
"l3_cd4_mait_alr","l1_b_cell_alr",0,0,FALSE
"l3_cd4_mait_alr","l1_ilc_alr",0,0,FALSE
"l3_cd4_mait_alr","l1_platelet_alr",0,0,FALSE
"l3_isg_mait_alr","sex",0,0,FALSE
"l3_isg_mait_alr","cmv",0,0,FALSE
"l3_isg_mait_alr","l2_progenitor_cell",0,0,FALSE
"l3_isg_mait_alr","l3_asdc",0,0,FALSE
"l3_isg_mait_alr","l3_cd56bright_nk_cell",0,0,FALSE
"l3_isg_mait_alr","l3_cd8aa",0,0,FALSE
"l3_isg_mait_alr","l3_erythrocyte",0,0,FALSE
"l3_isg_mait_alr","l3_ilc",0,0,FALSE
"l3_isg_mait_alr","l3_plasma_cell",0,0,FALSE
"l3_isg_mait_alr","l3_platelet",0,0,FALSE
"l3_isg_mait_alr","l3_transitional_b_cell",0,0,FALSE
"l3_isg_mait_alr","l3_baeomap_cell",0,0,FALSE
"l3_isg_mait_alr","l2_effector_b_cell_alr",0,0,FALSE
"l3_isg_mait_alr","l2_asdc_alr",0,0,FALSE
"l3_isg_mait_alr","l2_cdc1_alr",0,0,FALSE
"l3_isg_mait_alr","l2_intermediate_monocyte_alr",0,0,FALSE
"l3_isg_mait_alr","l2_dn_t_cell_alr",0,0,FALSE
"l3_isg_mait_alr","l2_gdt_alr",0,0,FALSE
"l3_isg_mait_alr","l2_memory_cd8_t_cell_alr",0,0,FALSE
"l3_isg_mait_alr","l2_treg_alr",0,0,FALSE
"l3_isg_mait_alr","l3_gzmk_cd56dim_nk_cell_alr",0,0,FALSE
"l3_isg_mait_alr","l3_adaptive_nk_cell_alr",0,0,FALSE
"l3_isg_mait_alr","l3_cd27_effector_b_cell_alt_alr",0,0,FALSE
"l3_isg_mait_alr","l3_gzmb_vd2_gdt_alr",0,0,FALSE
"l3_isg_mait_alr","l3_klrf1_effector_vd1_gdt_alt_alr",0,0,FALSE
"l3_isg_mait_alr","l3_cd4_mait_alr",0,0,FALSE
"l3_isg_mait_alr","l3_activated_memory_b_cell_alr",0,0,FALSE
"l3_isg_mait_alr","l3_cd95_memory_b_cell_alr",0,0,FALSE
"l3_isg_mait_alr","l3_klrf1_gzmb_cd27_memory_cd4_t_cell_alr",0,0,FALSE
"l3_isg_mait_alr","l3_isg_memory_cd8_t_cell_alr",0,0,FALSE
"l3_isg_mait_alr","l3_gzmk_cd27_em_cd8_t_cell_alt_alr",0,0,FALSE
"l3_isg_mait_alr","l3_klrf1_gzmb_cd27_em_cd8_t_cell_alr",0,0,FALSE
"l3_isg_mait_alr","l3_isg_naive_b_cell_alr",0,0,FALSE
"l3_isg_mait_alr","l3_isg_naive_cd4_t_cell_alr",0,0,FALSE
"l3_isg_mait_alr","l3_sox4_naive_cd8_t_cell_alr",0,0,FALSE
"l3_isg_mait_alr","l3_clp_cell_alr",0,0,FALSE
"l3_isg_mait_alr","l3_gzmk_memory_cd4_treg_alr",0,0,FALSE
"l3_isg_mait_alr","l3_klrb1_memory_cd4_treg_alr",0,0,FALSE
"l3_isg_mait_alr","l3_memory_cd8_treg_alr",0,0,FALSE
"l3_isg_mait_alr","l1_nk_cell_alr",0,0,FALSE
"l3_activated_memory_b_cell_alr","age_group",0,0,FALSE
"l3_activated_memory_b_cell_alr","sex",0,0,FALSE
"l3_activated_memory_b_cell_alr","cmv",0,0,FALSE
"l3_activated_memory_b_cell_alr","l3_asdc",0,0,FALSE
"l3_activated_memory_b_cell_alr","l3_proliferating_nk_cell",0,0,FALSE
"l3_activated_memory_b_cell_alr","l3_proliferating_t_cell",0,0,FALSE
"l3_activated_memory_b_cell_alr","l3_baeomap_cell",0,0,FALSE
"l3_activated_memory_b_cell_alr","l2_asdc_alr",0,0,FALSE
"l3_activated_memory_b_cell_alr","l2_cd56bright_nk_cell_alr",0,0,FALSE
"l3_activated_memory_b_cell_alr","l2_proliferating_nk_cell_alr",0,0,FALSE
"l3_activated_memory_b_cell_alr","l2_dn_t_cell_alr",0,0,FALSE
"l3_activated_memory_b_cell_alr","l2_treg_alr",0,0,FALSE
"l3_activated_memory_b_cell_alr","l3_isg_cd14_monocyte_alr",0,0,FALSE
"l3_activated_memory_b_cell_alr","l3_c1q_cd16_monocyte_alr",0,0,FALSE
"l3_activated_memory_b_cell_alr","l3_isg_cd16_monocyte_alr",0,0,FALSE
"l3_activated_memory_b_cell_alr","l3_cd14_cdc2_alr",0,0,FALSE
"l3_activated_memory_b_cell_alr","l3_cd27_effector_b_cell_alt_alr",0,0,FALSE
"l3_activated_memory_b_cell_alr","l3_naive_vd1_gdt_alr",0,0,FALSE
"l3_activated_memory_b_cell_alr","l3_sox4_vd1_gdt_alr",0,0,FALSE
"l3_activated_memory_b_cell_alr","l3_cd4_mait_alr",0,0,FALSE
"l3_activated_memory_b_cell_alr","l3_isg_mait_alr",0,0,FALSE
"l3_activated_memory_b_cell_alr","l3_early_memory_b_cell_alr",0,0,FALSE
"l3_activated_memory_b_cell_alr","l3_isg_memory_cd4_t_cell_alr",0,0,FALSE
"l3_activated_memory_b_cell_alr","l3_klrf1_gzmb_cd27_memory_cd4_t_cell_alr",0,0,FALSE
"l3_activated_memory_b_cell_alr","l3_cm_cd8_t_cell_alr",0,0,FALSE
"l3_activated_memory_b_cell_alr","l3_gzmk_cd27_em_cd8_t_cell_alt_alr",0,0,FALSE
"l3_activated_memory_b_cell_alr","l3_isg_naive_b_cell_alr",0,0,FALSE
"l3_activated_memory_b_cell_alr","l3_isg_naive_cd4_t_cell_alr",0,0,FALSE
"l3_activated_memory_b_cell_alr","l3_sox4_naive_cd4_t_cell_alr",0,0,FALSE
"l3_activated_memory_b_cell_alr","l3_isg_naive_cd8_t_cell_alr",0,0,FALSE
"l3_activated_memory_b_cell_alr","l3_clp_cell_alr",0,0,FALSE
"l3_activated_memory_b_cell_alr","l3_gzmk_memory_cd4_treg_alr",0,0,FALSE
"l3_activated_memory_b_cell_alr","l3_klrb1_memory_cd8_treg_alr",0,0,FALSE
"l3_activated_memory_b_cell_alr","l3_memory_cd8_treg_alr",0,0,FALSE
"l3_activated_memory_b_cell_alr","l1_nk_cell_alr",0,0,FALSE
"l3_activated_memory_b_cell_alr","l1_b_cell_alr",0,0,FALSE
"l3_activated_memory_b_cell_alr","l1_erythrocyte_alr",0,0,FALSE
"l3_cd95_memory_b_cell_alr","sex",0,0,FALSE
"l3_cd95_memory_b_cell_alr","cmv",0,0,FALSE
"l3_cd95_memory_b_cell_alr","l2_erythrocyte",0,0,FALSE
"l3_cd95_memory_b_cell_alr","l2_ilc",0,0,FALSE
"l3_cd95_memory_b_cell_alr","l2_platelet",0,0,FALSE
"l3_cd95_memory_b_cell_alr","l3_cd56bright_nk_cell",0,0,FALSE
"l3_cd95_memory_b_cell_alr","l3_ilc",0,0,FALSE
"l3_cd95_memory_b_cell_alr","l3_pdc",0,0,FALSE
"l3_cd95_memory_b_cell_alr","l3_proliferating_nk_cell",0,0,FALSE
"l3_cd95_memory_b_cell_alr","l3_baeomap_cell",0,0,FALSE
"l3_cd95_memory_b_cell_alr","l2_cd56bright_nk_cell_alr",0,0,FALSE
"l3_cd95_memory_b_cell_alr","l2_proliferating_nk_cell_alr",0,0,FALSE
"l3_cd95_memory_b_cell_alr","l2_naive_cd8_t_cell_alr",0,0,FALSE
"l3_cd95_memory_b_cell_alr","l3_isg_cd56dim_nk_cell_alr",0,0,FALSE
"l3_cd95_memory_b_cell_alr","l3_isg_cdc2_alr",0,0,FALSE
"l3_cd95_memory_b_cell_alr","l3_gzmb_vd2_gdt_alr",0,0,FALSE
"l3_cd95_memory_b_cell_alr","l3_klrf1_effector_vd1_gdt_alr",0,0,FALSE
"l3_cd95_memory_b_cell_alr","l3_klrf1_effector_vd1_gdt_alt_alr",0,0,FALSE
"l3_cd95_memory_b_cell_alr","l3_isg_mait_alr",0,0,FALSE
"l3_cd95_memory_b_cell_alr","l3_isg_memory_cd4_t_cell_alr",0,0,FALSE
"l3_cd95_memory_b_cell_alr","l3_klrf1_gzmb_cd27_memory_cd4_t_cell_alr",0,0,FALSE
"l3_cd95_memory_b_cell_alr","l3_isg_memory_cd8_t_cell_alr",0,0,FALSE
"l3_cd95_memory_b_cell_alr","l3_klrf1_gzmb_cd27_em_cd8_t_cell_alr",0,0,FALSE
"l3_cd95_memory_b_cell_alr","l3_isg_naive_cd4_t_cell_alr",0,0,FALSE
"l3_cd95_memory_b_cell_alr","l3_gzmk_memory_cd4_treg_alr",0,0,FALSE
"l3_cd95_memory_b_cell_alr","l3_klrb1_memory_cd8_treg_alr",0,0,FALSE
"l3_cd95_memory_b_cell_alr","l1_nk_cell_alr",0,0,FALSE
"l3_cd95_memory_b_cell_alr","l1_ilc_alr",0,0,FALSE
"l3_early_memory_b_cell_alr","age_group",0,0,FALSE
"l3_early_memory_b_cell_alr","cmv",0,0,FALSE
"l3_early_memory_b_cell_alr","l2_erythrocyte",0,0,FALSE
"l3_early_memory_b_cell_alr","l2_platelet",0,0,FALSE
"l3_early_memory_b_cell_alr","l2_progenitor_cell",0,0,FALSE
"l3_early_memory_b_cell_alr","l3_asdc",0,0,FALSE
"l3_early_memory_b_cell_alr","l3_cd56bright_nk_cell",0,0,FALSE
"l3_early_memory_b_cell_alr","l3_erythrocyte",0,0,FALSE
"l3_early_memory_b_cell_alr","l3_ilc",0,0,FALSE
"l3_early_memory_b_cell_alr","l3_proliferating_nk_cell",0,0,FALSE
"l3_early_memory_b_cell_alr","l3_proliferating_t_cell",0,0,FALSE
"l3_early_memory_b_cell_alr","l3_baeomap_cell",0,0,FALSE
"l3_early_memory_b_cell_alr","l2_transitional_b_cell_alr",0,0,FALSE
"l3_early_memory_b_cell_alr","l2_cd16_monocyte_alr",0,0,FALSE
"l3_early_memory_b_cell_alr","l2_cd56bright_nk_cell_alr",0,0,FALSE
"l3_early_memory_b_cell_alr","l2_dn_t_cell_alr",0,0,FALSE
"l3_early_memory_b_cell_alr","l2_gdt_alr",0,0,FALSE
"l3_early_memory_b_cell_alr","l2_memory_cd8_t_cell_alr",0,0,FALSE
"l3_early_memory_b_cell_alr","l2_proliferating_t_cell_alr",0,0,FALSE
"l3_early_memory_b_cell_alr","l2_treg_alr",0,0,FALSE
"l3_early_memory_b_cell_alr","l3_isg_cd14_monocyte_alr",0,0,FALSE
"l3_early_memory_b_cell_alr","l3_isg_cd16_monocyte_alr",0,0,FALSE
"l3_early_memory_b_cell_alr","l3_isg_cd56dim_nk_cell_alr",0,0,FALSE
"l3_early_memory_b_cell_alr","l3_cd14_cdc2_alr",0,0,FALSE
"l3_early_memory_b_cell_alr","l3_isg_cdc2_alr",0,0,FALSE
"l3_early_memory_b_cell_alr","l3_cd27_effector_b_cell_alt_alr",0,0,FALSE
"l3_early_memory_b_cell_alr","l3_klrf1_effector_vd1_gdt_alt_alr",0,0,FALSE
"l3_early_memory_b_cell_alr","l3_sox4_vd1_gdt_alr",0,0,FALSE
"l3_early_memory_b_cell_alr","l3_activated_memory_b_cell_alr",0,0,FALSE
"l3_early_memory_b_cell_alr","l3_isg_memory_cd4_t_cell_alr",0,0,FALSE
"l3_early_memory_b_cell_alr","l3_klrf1_gzmb_cd27_memory_cd4_t_cell_alr",0,0,FALSE
"l3_early_memory_b_cell_alr","l3_gzmb_cd27_em_cd4_t_cell_alr",0,0,FALSE
"l3_early_memory_b_cell_alr","l3_gzmb_cd27_em_cd4_t_cell_alt_alr",0,0,FALSE
"l3_early_memory_b_cell_alr","l3_klrf1_gzmb_cd27_em_cd8_t_cell_alr",0,0,FALSE
"l3_early_memory_b_cell_alr","l3_isg_naive_b_cell_alr",0,0,FALSE
"l3_early_memory_b_cell_alr","l3_clp_cell_alr",0,0,FALSE
"l3_early_memory_b_cell_alr","l3_klrb1_memory_cd4_treg_alr",0,0,FALSE
"l3_early_memory_b_cell_alr","l3_klrb1_memory_cd8_treg_alr",0,0,FALSE
"l3_early_memory_b_cell_alr","l3_memory_cd8_treg_alr",0,0,FALSE
"l3_early_memory_b_cell_alr","l3_naive_cd4_treg_alr",0,0,FALSE
"l3_type_2_polarized_memory_b_cell_alr","age_group",0,0,FALSE
"l3_type_2_polarized_memory_b_cell_alr","sex",0,0,FALSE
"l3_type_2_polarized_memory_b_cell_alr","l2_erythrocyte",0,0,FALSE
"l3_type_2_polarized_memory_b_cell_alr","l2_ilc",0,0,FALSE
"l3_type_2_polarized_memory_b_cell_alr","l2_platelet",0,0,FALSE
"l3_type_2_polarized_memory_b_cell_alr","l2_progenitor_cell",0,0,FALSE
"l3_type_2_polarized_memory_b_cell_alr","l3_asdc",0,0,FALSE
"l3_type_2_polarized_memory_b_cell_alr","l3_cd56bright_nk_cell",0,0,FALSE
"l3_type_2_polarized_memory_b_cell_alr","l3_cd8aa",0,0,FALSE
"l3_type_2_polarized_memory_b_cell_alr","l3_cdc1",0,0,FALSE
"l3_type_2_polarized_memory_b_cell_alr","l3_erythrocyte",0,0,FALSE
"l3_type_2_polarized_memory_b_cell_alr","l3_intermediate_monocyte",0,0,FALSE
"l3_type_2_polarized_memory_b_cell_alr","l3_platelet",0,0,FALSE
"l3_type_2_polarized_memory_b_cell_alr","l3_proliferating_nk_cell",0,0,FALSE
"l3_type_2_polarized_memory_b_cell_alr","l3_baeomap_cell",0,0,FALSE
"l3_type_2_polarized_memory_b_cell_alr","l2_plasma_cell_alr",0,0,FALSE
"l3_type_2_polarized_memory_b_cell_alr","l2_transitional_b_cell_alr",0,0,FALSE
"l3_type_2_polarized_memory_b_cell_alr","l2_treg_alr",0,0,FALSE
"l3_type_2_polarized_memory_b_cell_alr","l3_isg_cd14_monocyte_alr",0,0,FALSE
"l3_type_2_polarized_memory_b_cell_alr","l3_c1q_cd16_monocyte_alr",0,0,FALSE
"l3_type_2_polarized_memory_b_cell_alr","l3_isg_cd16_monocyte_alr",0,0,FALSE
"l3_type_2_polarized_memory_b_cell_alr","l3_cd14_cdc2_alr",0,0,FALSE
"l3_type_2_polarized_memory_b_cell_alr","l3_gzmb_vd2_gdt_alr",0,0,FALSE
"l3_type_2_polarized_memory_b_cell_alr","l3_cd4_mait_alr",0,0,FALSE
"l3_type_2_polarized_memory_b_cell_alr","l3_isg_memory_cd4_t_cell_alr",0,0,FALSE
"l3_type_2_polarized_memory_b_cell_alr","l3_klrf1_gzmb_cd27_memory_cd4_t_cell_alr",0,0,FALSE
"l3_type_2_polarized_memory_b_cell_alr","l3_isg_memory_cd8_t_cell_alr",0,0,FALSE
"l3_type_2_polarized_memory_b_cell_alr","l3_cm_cd8_t_cell_alr",0,0,FALSE
"l3_type_2_polarized_memory_b_cell_alr","l3_gzmk_cd27_em_cd8_t_cell_alt_alr",0,0,FALSE
"l3_type_2_polarized_memory_b_cell_alr","l3_klrf1_gzmb_cd27_em_cd8_t_cell_alr",0,0,FALSE
"l3_type_2_polarized_memory_b_cell_alr","l3_klrf1_gzmb_cd27_em_cd8_t_cell_alt_alr",0,0,FALSE
"l3_type_2_polarized_memory_b_cell_alr","l3_isg_naive_cd4_t_cell_alr",0,0,FALSE
"l3_type_2_polarized_memory_b_cell_alr","l3_sox4_naive_cd4_t_cell_alr",0,0,FALSE
"l3_type_2_polarized_memory_b_cell_alr","l3_isg_naive_cd8_t_cell_alr",0,0,FALSE
"l3_type_2_polarized_memory_b_cell_alr","l3_sox4_naive_cd8_t_cell_alr",0,0,FALSE
"l3_type_2_polarized_memory_b_cell_alr","l3_gzmk_memory_cd4_treg_alr",0,0,FALSE
"l3_type_2_polarized_memory_b_cell_alr","l3_klrb1_memory_cd4_treg_alr",0,0,FALSE
"l3_type_2_polarized_memory_b_cell_alr","l3_klrb1_memory_cd8_treg_alr",0,0,FALSE
"l3_type_2_polarized_memory_b_cell_alr","l1_progenitor_cell_alr",0,0,FALSE
"l3_isg_memory_cd4_t_cell_alr","age_group",0,0,FALSE
"l3_isg_memory_cd4_t_cell_alr","cmv",0,0,FALSE
"l3_isg_memory_cd4_t_cell_alr","l3_asdc",0,0,FALSE
"l3_isg_memory_cd4_t_cell_alr","l3_cd56bright_nk_cell",0,0,FALSE
"l3_isg_memory_cd4_t_cell_alr","l3_cd8aa",0,0,FALSE
"l3_isg_memory_cd4_t_cell_alr","l3_erythrocyte",0,0,FALSE
"l3_isg_memory_cd4_t_cell_alr","l3_ilc",0,0,FALSE
"l3_isg_memory_cd4_t_cell_alr","l3_pdc",0,0,FALSE
"l3_isg_memory_cd4_t_cell_alr","l3_baeomap_cell",0,0,FALSE
"l3_isg_memory_cd4_t_cell_alr","l2_effector_b_cell_alr",0,0,FALSE
"l3_isg_memory_cd4_t_cell_alr","l2_cd16_monocyte_alr",0,0,FALSE
"l3_isg_memory_cd4_t_cell_alr","l2_memory_cd8_t_cell_alr",0,0,FALSE
"l3_isg_memory_cd4_t_cell_alr","l2_naive_cd8_t_cell_alr",0,0,FALSE
"l3_isg_memory_cd4_t_cell_alr","l2_treg_alr",0,0,FALSE
"l3_isg_memory_cd4_t_cell_alr","l3_il1b_cd14_monocyte_alr",0,0,FALSE
"l3_isg_memory_cd4_t_cell_alr","l3_isg_cd16_monocyte_alr",0,0,FALSE
"l3_isg_memory_cd4_t_cell_alr","l3_cd14_cdc2_alr",0,0,FALSE
"l3_isg_memory_cd4_t_cell_alr","l3_cd27_effector_b_cell_alt_alr",0,0,FALSE
"l3_isg_memory_cd4_t_cell_alr","l3_klrf1_effector_vd1_gdt_alt_alr",0,0,FALSE
"l3_isg_memory_cd4_t_cell_alr","l3_sox4_vd1_gdt_alr",0,0,FALSE
"l3_isg_memory_cd4_t_cell_alr","l3_cd4_mait_alr",0,0,FALSE
"l3_isg_memory_cd4_t_cell_alr","l3_activated_memory_b_cell_alr",0,0,FALSE
"l3_isg_memory_cd4_t_cell_alr","l3_cd95_memory_b_cell_alr",0,0,FALSE
"l3_isg_memory_cd4_t_cell_alr","l3_early_memory_b_cell_alr",0,0,FALSE
"l3_isg_memory_cd4_t_cell_alr","l3_type_2_polarized_memory_b_cell_alr",0,0,FALSE
"l3_isg_memory_cd4_t_cell_alr","l3_klrf1_gzmb_cd27_memory_cd4_t_cell_alr",0,0,FALSE
"l3_isg_memory_cd4_t_cell_alr","l3_gzmk_cd27_em_cd8_t_cell_alt_alr",0,0,FALSE
"l3_isg_memory_cd4_t_cell_alr","l3_klrf1_gzmb_cd27_em_cd8_t_cell_alr",0,0,FALSE
"l3_isg_memory_cd4_t_cell_alr","l3_sox4_naive_cd4_t_cell_alr",0,0,FALSE
"l3_isg_memory_cd4_t_cell_alr","l3_sox4_naive_cd8_t_cell_alr",0,0,FALSE
"l3_isg_memory_cd4_t_cell_alr","l3_gzmk_memory_cd4_treg_alr",0,0,FALSE
"l3_isg_memory_cd4_t_cell_alr","l3_klrb1_memory_cd4_treg_alr",0,0,FALSE
"l3_isg_memory_cd4_t_cell_alr","l3_memory_cd8_treg_alr",0,0,FALSE
"l3_klrf1_gzmb_cd27_memory_cd4_t_cell_alr","age_group",0,0,FALSE
"l3_klrf1_gzmb_cd27_memory_cd4_t_cell_alr","sex",0,0,FALSE
"l3_klrf1_gzmb_cd27_memory_cd4_t_cell_alr","l2_progenitor_cell",0,0,FALSE
"l3_klrf1_gzmb_cd27_memory_cd4_t_cell_alr","l3_asdc",0,0,FALSE
"l3_klrf1_gzmb_cd27_memory_cd4_t_cell_alr","l3_erythrocyte",0,0,FALSE
"l3_klrf1_gzmb_cd27_memory_cd4_t_cell_alr","l3_transitional_b_cell",0,0,FALSE
"l3_klrf1_gzmb_cd27_memory_cd4_t_cell_alr","l3_baeomap_cell",0,0,FALSE
"l3_klrf1_gzmb_cd27_memory_cd4_t_cell_alr","l2_transitional_b_cell_alr",0,0,FALSE
"l3_klrf1_gzmb_cd27_memory_cd4_t_cell_alr","l2_asdc_alr",0,0,FALSE
"l3_klrf1_gzmb_cd27_memory_cd4_t_cell_alr","l2_cd16_monocyte_alr",0,0,FALSE
"l3_klrf1_gzmb_cd27_memory_cd4_t_cell_alr","l2_gdt_alr",0,0,FALSE
"l3_klrf1_gzmb_cd27_memory_cd4_t_cell_alr","l3_isg_cd14_monocyte_alr",0,0,FALSE
"l3_klrf1_gzmb_cd27_memory_cd4_t_cell_alr","l3_isg_cd16_monocyte_alr",0,0,FALSE
"l3_klrf1_gzmb_cd27_memory_cd4_t_cell_alr","l3_gzmb_vd2_gdt_alr",0,0,FALSE
"l3_klrf1_gzmb_cd27_memory_cd4_t_cell_alr","l3_isg_mait_alr",0,0,FALSE
"l3_klrf1_gzmb_cd27_memory_cd4_t_cell_alr","l3_activated_memory_b_cell_alr",0,0,FALSE
"l3_klrf1_gzmb_cd27_memory_cd4_t_cell_alr","l3_cd95_memory_b_cell_alr",0,0,FALSE
"l3_klrf1_gzmb_cd27_memory_cd4_t_cell_alr","l3_early_memory_b_cell_alr",0,0,FALSE
"l3_klrf1_gzmb_cd27_memory_cd4_t_cell_alr","l3_type_2_polarized_memory_b_cell_alr",0,0,FALSE
"l3_klrf1_gzmb_cd27_memory_cd4_t_cell_alr","l3_isg_memory_cd4_t_cell_alr",0,0,FALSE
"l3_klrf1_gzmb_cd27_memory_cd4_t_cell_alr","l3_klrf1_gzmb_cd27_em_cd8_t_cell_alr",0,0,FALSE
"l3_klrf1_gzmb_cd27_memory_cd4_t_cell_alr","l3_sox4_naive_cd8_t_cell_alr",0,0,FALSE
"l3_klrf1_gzmb_cd27_memory_cd4_t_cell_alr","l3_clp_cell_alr",0,0,FALSE
"l3_klrf1_gzmb_cd27_memory_cd4_t_cell_alr","l3_klrb1_memory_cd4_treg_alr",0,0,FALSE
"l3_klrf1_gzmb_cd27_memory_cd4_t_cell_alr","l3_klrb1_memory_cd8_treg_alr",0,0,FALSE
"l3_klrf1_gzmb_cd27_memory_cd4_t_cell_alr","l3_memory_cd8_treg_alr",0,0,FALSE
"l3_klrf1_gzmb_cd27_memory_cd4_t_cell_alr","l3_naive_cd4_treg_alr",0,0,FALSE
"l3_klrf1_gzmb_cd27_memory_cd4_t_cell_alr","l1_dc_alr",0,0,FALSE
"l3_gzmb_cd27_em_cd4_t_cell_alr","age_group",0,0,FALSE
"l3_gzmb_cd27_em_cd4_t_cell_alr","sex",0,0,FALSE
"l3_gzmb_cd27_em_cd4_t_cell_alr","cmv",0,0,FALSE
"l3_gzmb_cd27_em_cd4_t_cell_alr","l3_cd56bright_nk_cell",0,0,FALSE
"l3_gzmb_cd27_em_cd4_t_cell_alr","l3_cdc1",0,0,FALSE
"l3_gzmb_cd27_em_cd4_t_cell_alr","l3_erythrocyte",0,0,FALSE
"l3_gzmb_cd27_em_cd4_t_cell_alr","l3_ilc",0,0,FALSE
"l3_gzmb_cd27_em_cd4_t_cell_alr","l3_pdc",0,0,FALSE
"l3_gzmb_cd27_em_cd4_t_cell_alr","l2_memory_b_cell_alr",0,0,FALSE
"l3_gzmb_cd27_em_cd4_t_cell_alr","l2_transitional_b_cell_alr",0,0,FALSE
"l3_gzmb_cd27_em_cd4_t_cell_alr","l2_cd16_monocyte_alr",0,0,FALSE
"l3_gzmb_cd27_em_cd4_t_cell_alr","l2_gdt_alr",0,0,FALSE
"l3_gzmb_cd27_em_cd4_t_cell_alr","l3_c1q_cd16_monocyte_alr",0,0,FALSE
"l3_gzmb_cd27_em_cd4_t_cell_alr","l3_adaptive_nk_cell_alr",0,0,FALSE
"l3_gzmb_cd27_em_cd4_t_cell_alr","l3_cd14_cdc2_alr",0,0,FALSE
"l3_gzmb_cd27_em_cd4_t_cell_alr","l3_klrf1_effector_vd1_gdt_alr",0,0,FALSE
"l3_gzmb_cd27_em_cd4_t_cell_alr","l3_sox4_vd1_gdt_alr",0,0,FALSE
"l3_gzmb_cd27_em_cd4_t_cell_alr","l3_early_memory_b_cell_alr",0,0,FALSE
"l3_gzmb_cd27_em_cd4_t_cell_alr","l3_isg_memory_cd8_t_cell_alr",0,0,FALSE
"l3_gzmb_cd27_em_cd4_t_cell_alr","l3_klrf1_gzmb_cd27_em_cd8_t_cell_alr",0,0,FALSE
"l3_gzmb_cd27_em_cd4_t_cell_alr","l3_isg_naive_cd4_t_cell_alr",0,0,FALSE
"l3_gzmb_cd27_em_cd4_t_cell_alr","l3_sox4_naive_cd4_t_cell_alr",0,0,FALSE
"l3_gzmb_cd27_em_cd4_t_cell_alr","l3_isg_naive_cd8_t_cell_alr",0,0,FALSE
"l3_gzmb_cd27_em_cd4_t_cell_alr","l3_gzmk_memory_cd4_treg_alr",0,0,FALSE
"l3_gzmb_cd27_em_cd4_t_cell_alr","l3_klrb1_memory_cd8_treg_alr",0,0,FALSE
"l3_gzmb_cd27_em_cd4_t_cell_alt_alr","age_group",0,0,FALSE
"l3_gzmb_cd27_em_cd4_t_cell_alt_alr","sex",0,0,FALSE
"l3_gzmb_cd27_em_cd4_t_cell_alt_alr","cmv",0,0,FALSE
"l3_gzmb_cd27_em_cd4_t_cell_alt_alr","l2_progenitor_cell",0,0,FALSE
"l3_gzmb_cd27_em_cd4_t_cell_alt_alr","l3_asdc",0,0,FALSE
"l3_gzmb_cd27_em_cd4_t_cell_alt_alr","l3_erythrocyte",0,0,FALSE
"l3_gzmb_cd27_em_cd4_t_cell_alt_alr","l3_ilc",0,0,FALSE
"l3_gzmb_cd27_em_cd4_t_cell_alt_alr","l3_platelet",0,0,FALSE
"l3_gzmb_cd27_em_cd4_t_cell_alt_alr","l3_baeomap_cell",0,0,FALSE
"l3_gzmb_cd27_em_cd4_t_cell_alt_alr","l2_memory_b_cell_alr",0,0,FALSE
"l3_gzmb_cd27_em_cd4_t_cell_alt_alr","l2_transitional_b_cell_alr",0,0,FALSE
"l3_gzmb_cd27_em_cd4_t_cell_alt_alr","l2_gdt_alr",0,0,FALSE
"l3_gzmb_cd27_em_cd4_t_cell_alt_alr","l2_mait_alr",0,0,FALSE
"l3_gzmb_cd27_em_cd4_t_cell_alt_alr","l2_memory_cd4_t_cell_alr",0,0,FALSE
"l3_gzmb_cd27_em_cd4_t_cell_alt_alr","l2_proliferating_t_cell_alr",0,0,FALSE
"l3_gzmb_cd27_em_cd4_t_cell_alt_alr","l3_isg_cd16_monocyte_alr",0,0,FALSE
"l3_gzmb_cd27_em_cd4_t_cell_alt_alr","l3_gzmb_vd2_gdt_alr",0,0,FALSE
"l3_gzmb_cd27_em_cd4_t_cell_alt_alr","l3_klrf1_effector_vd1_gdt_alr",0,0,FALSE
"l3_gzmb_cd27_em_cd4_t_cell_alt_alr","l3_sox4_vd1_gdt_alr",0,0,FALSE
"l3_gzmb_cd27_em_cd4_t_cell_alt_alr","l3_early_memory_b_cell_alr",0,0,FALSE
"l3_gzmb_cd27_em_cd4_t_cell_alt_alr","l3_isg_memory_cd8_t_cell_alr",0,0,FALSE
"l3_gzmb_cd27_em_cd4_t_cell_alt_alr","l3_sox4_naive_cd4_t_cell_alr",0,0,FALSE
"l3_gzmb_cd27_em_cd4_t_cell_alt_alr","l3_isg_naive_cd8_t_cell_alr",0,0,FALSE
"l3_gzmb_cd27_em_cd4_t_cell_alt_alr","l3_clp_cell_alr",0,0,FALSE
"l3_gzmb_cd27_em_cd4_t_cell_alt_alr","l3_klrb1_memory_cd8_treg_alr",0,0,FALSE
"l3_gzmb_cd27_em_cd4_t_cell_alt_alr","l1_dc_alr",0,0,FALSE
"l3_gzmb_cd27_em_cd4_t_cell_alt_alr","l1_monocyte_alr",0,0,FALSE
"l3_isg_memory_cd8_t_cell_alr","age_group",0,0,FALSE
"l3_isg_memory_cd8_t_cell_alr","sex",0,0,FALSE
"l3_isg_memory_cd8_t_cell_alr","cmv",0,0,FALSE
"l3_isg_memory_cd8_t_cell_alr","l2_erythrocyte",0,0,FALSE
"l3_isg_memory_cd8_t_cell_alr","l2_ilc",0,0,FALSE
"l3_isg_memory_cd8_t_cell_alr","l2_platelet",0,0,FALSE
"l3_isg_memory_cd8_t_cell_alr","l2_progenitor_cell",0,0,FALSE
"l3_isg_memory_cd8_t_cell_alr","l3_cd56bright_nk_cell",0,0,FALSE
"l3_isg_memory_cd8_t_cell_alr","l3_cdc1",0,0,FALSE
"l3_isg_memory_cd8_t_cell_alr","l3_erythrocyte",0,0,FALSE
"l3_isg_memory_cd8_t_cell_alr","l3_ilc",0,0,FALSE
"l3_isg_memory_cd8_t_cell_alr","l3_pdc",0,0,FALSE
"l3_isg_memory_cd8_t_cell_alr","l3_platelet",0,0,FALSE
"l3_isg_memory_cd8_t_cell_alr","l3_proliferating_nk_cell",0,0,FALSE
"l3_isg_memory_cd8_t_cell_alr","l2_effector_b_cell_alr",0,0,FALSE
"l3_isg_memory_cd8_t_cell_alr","l2_memory_b_cell_alr",0,0,FALSE
"l3_isg_memory_cd8_t_cell_alr","l2_cd16_monocyte_alr",0,0,FALSE
"l3_isg_memory_cd8_t_cell_alr","l2_intermediate_monocyte_alr",0,0,FALSE
"l3_isg_memory_cd8_t_cell_alr","l2_treg_alr",0,0,FALSE
"l3_isg_memory_cd8_t_cell_alr","l3_gzmk_cd56dim_nk_cell_alr",0,0,FALSE
"l3_isg_memory_cd8_t_cell_alr","l3_cd27_effector_b_cell_alt_alr",0,0,FALSE
"l3_isg_memory_cd8_t_cell_alr","l3_gzmb_vd2_gdt_alr",0,0,FALSE
"l3_isg_memory_cd8_t_cell_alr","l3_cd4_mait_alr",0,0,FALSE
"l3_isg_memory_cd8_t_cell_alr","l3_isg_mait_alr",0,0,FALSE
"l3_isg_memory_cd8_t_cell_alr","l3_cd95_memory_b_cell_alr",0,0,FALSE
"l3_isg_memory_cd8_t_cell_alr","l3_type_2_polarized_memory_b_cell_alr",0,0,FALSE
"l3_isg_memory_cd8_t_cell_alr","l3_gzmb_cd27_em_cd4_t_cell_alr",0,0,FALSE
"l3_isg_memory_cd8_t_cell_alr","l3_gzmb_cd27_em_cd4_t_cell_alt_alr",0,0,FALSE
"l3_isg_memory_cd8_t_cell_alr","l3_klrf1_gzmb_cd27_em_cd8_t_cell_alr",0,0,FALSE
"l3_isg_memory_cd8_t_cell_alr","l3_isg_naive_b_cell_alr",0,0,FALSE
"l3_isg_memory_cd8_t_cell_alr","l3_sox4_naive_cd8_t_cell_alr",0,0,FALSE
"l3_isg_memory_cd8_t_cell_alr","l3_clp_cell_alr",0,0,FALSE
"l3_isg_memory_cd8_t_cell_alr","l3_gzmk_memory_cd4_treg_alr",0,0,FALSE
"l3_isg_memory_cd8_t_cell_alr","l3_klrb1_memory_cd4_treg_alr",0,0,FALSE
"l3_isg_memory_cd8_t_cell_alr","l3_klrb1_memory_cd8_treg_alr",0,0,FALSE
"l3_isg_memory_cd8_t_cell_alr","l1_monocyte_alr",0,0,FALSE
"l3_isg_memory_cd8_t_cell_alr","l1_progenitor_cell_alr",0,0,FALSE
"l3_cm_cd8_t_cell_alr","sex",0,0,FALSE
"l3_cm_cd8_t_cell_alr","l2_erythrocyte",0,0,FALSE
"l3_cm_cd8_t_cell_alr","l2_ilc",0,0,FALSE
"l3_cm_cd8_t_cell_alr","l2_platelet",0,0,FALSE
"l3_cm_cd8_t_cell_alr","l2_progenitor_cell",0,0,FALSE
"l3_cm_cd8_t_cell_alr","l3_cd8aa",0,0,FALSE
"l3_cm_cd8_t_cell_alr","l3_cdc1",0,0,FALSE
"l3_cm_cd8_t_cell_alr","l3_pdc",0,0,FALSE
"l3_cm_cd8_t_cell_alr","l3_plasma_cell",0,0,FALSE
"l3_cm_cd8_t_cell_alr","l3_proliferating_t_cell",0,0,FALSE
"l3_cm_cd8_t_cell_alr","l2_effector_b_cell_alr",0,0,FALSE
"l3_cm_cd8_t_cell_alr","l2_memory_b_cell_alr",0,0,FALSE
"l3_cm_cd8_t_cell_alr","l2_asdc_alr",0,0,FALSE
"l3_cm_cd8_t_cell_alr","l2_cdc1_alr",0,0,FALSE
"l3_cm_cd8_t_cell_alr","l2_pdc_alr",0,0,FALSE
"l3_cm_cd8_t_cell_alr","l2_cd8aa_alr",0,0,FALSE
"l3_cm_cd8_t_cell_alr","l2_gdt_alr",0,0,FALSE
"l3_cm_cd8_t_cell_alr","l2_naive_cd8_t_cell_alr",0,0,FALSE
"l3_cm_cd8_t_cell_alr","l2_treg_alr",0,0,FALSE
"l3_cm_cd8_t_cell_alr","l3_c1q_cd16_monocyte_alr",0,0,FALSE
"l3_cm_cd8_t_cell_alr","l3_adaptive_nk_cell_alr",0,0,FALSE
"l3_cm_cd8_t_cell_alr","l3_cd14_cdc2_alr",0,0,FALSE
"l3_cm_cd8_t_cell_alr","l3_isg_cdc2_alr",0,0,FALSE
"l3_cm_cd8_t_cell_alr","l3_cd27_effector_b_cell_alt_alr",0,0,FALSE
"l3_cm_cd8_t_cell_alr","l3_klrf1_effector_vd1_gdt_alt_alr",0,0,FALSE
"l3_cm_cd8_t_cell_alr","l3_activated_memory_b_cell_alr",0,0,FALSE
"l3_cm_cd8_t_cell_alr","l3_type_2_polarized_memory_b_cell_alr",0,0,FALSE
"l3_cm_cd8_t_cell_alr","l3_klrf1_gzmb_cd27_em_cd8_t_cell_alr",0,0,FALSE
"l3_cm_cd8_t_cell_alr","l3_clp_cell_alr",0,0,FALSE
"l3_cm_cd8_t_cell_alr","l3_memory_cd8_treg_alr",0,0,FALSE
"l3_cm_cd8_t_cell_alr","l3_naive_cd4_treg_alr",0,0,FALSE
"l3_cm_cd8_t_cell_alr","l1_dc_alr",0,0,FALSE
"l3_cm_cd8_t_cell_alr","l1_b_cell_alr",0,0,FALSE
"l3_cm_cd8_t_cell_alr","l1_erythrocyte_alr",0,0,FALSE
"l3_cm_cd8_t_cell_alr","l1_ilc_alr",0,0,FALSE
"l3_cm_cd8_t_cell_alr","l1_progenitor_cell_alr",0,0,FALSE
"l3_gzmk_cd27_em_cd8_t_cell_alt_alr","age_group",0,0,FALSE
"l3_gzmk_cd27_em_cd8_t_cell_alt_alr","sex",0,0,FALSE
"l3_gzmk_cd27_em_cd8_t_cell_alt_alr","l2_erythrocyte",0,0,FALSE
"l3_gzmk_cd27_em_cd8_t_cell_alt_alr","l2_ilc",0,0,FALSE
"l3_gzmk_cd27_em_cd8_t_cell_alt_alr","l2_platelet",0,0,FALSE
"l3_gzmk_cd27_em_cd8_t_cell_alt_alr","l2_progenitor_cell",0,0,FALSE
"l3_gzmk_cd27_em_cd8_t_cell_alt_alr","l3_asdc",0,0,FALSE
"l3_gzmk_cd27_em_cd8_t_cell_alt_alr","l3_erythrocyte",0,0,FALSE
"l3_gzmk_cd27_em_cd8_t_cell_alt_alr","l3_ilc",0,0,FALSE
"l3_gzmk_cd27_em_cd8_t_cell_alt_alr","l3_pdc",0,0,FALSE
"l3_gzmk_cd27_em_cd8_t_cell_alt_alr","l3_plasma_cell",0,0,FALSE
"l3_gzmk_cd27_em_cd8_t_cell_alt_alr","l3_proliferating_t_cell",0,0,FALSE
"l3_gzmk_cd27_em_cd8_t_cell_alt_alr","l3_transitional_b_cell",0,0,FALSE
"l3_gzmk_cd27_em_cd8_t_cell_alt_alr","l2_effector_b_cell_alr",0,0,FALSE
"l3_gzmk_cd27_em_cd8_t_cell_alt_alr","l2_memory_b_cell_alr",0,0,FALSE
"l3_gzmk_cd27_em_cd8_t_cell_alt_alr","l2_plasma_cell_alr",0,0,FALSE
"l3_gzmk_cd27_em_cd8_t_cell_alt_alr","l2_transitional_b_cell_alr",0,0,FALSE
"l3_gzmk_cd27_em_cd8_t_cell_alt_alr","l2_asdc_alr",0,0,FALSE
"l3_gzmk_cd27_em_cd8_t_cell_alt_alr","l2_pdc_alr",0,0,FALSE
"l3_gzmk_cd27_em_cd8_t_cell_alt_alr","l2_dn_t_cell_alr",0,0,FALSE
"l3_gzmk_cd27_em_cd8_t_cell_alt_alr","l2_gdt_alr",0,0,FALSE
"l3_gzmk_cd27_em_cd8_t_cell_alt_alr","l2_memory_cd4_t_cell_alr",0,0,FALSE
"l3_gzmk_cd27_em_cd8_t_cell_alt_alr","l2_proliferating_t_cell_alr",0,0,FALSE
"l3_gzmk_cd27_em_cd8_t_cell_alt_alr","l3_isg_cd14_monocyte_alr",0,0,FALSE
"l3_gzmk_cd27_em_cd8_t_cell_alt_alr","l3_isg_cd16_monocyte_alr",0,0,FALSE
"l3_gzmk_cd27_em_cd8_t_cell_alt_alr","l3_gzmk_cd56dim_nk_cell_alr",0,0,FALSE
"l3_gzmk_cd27_em_cd8_t_cell_alt_alr","l3_isg_cd56dim_nk_cell_alr",0,0,FALSE
"l3_gzmk_cd27_em_cd8_t_cell_alt_alr","l3_adaptive_nk_cell_alr",0,0,FALSE
"l3_gzmk_cd27_em_cd8_t_cell_alt_alr","l3_isg_cdc2_alr",0,0,FALSE
"l3_gzmk_cd27_em_cd8_t_cell_alt_alr","l3_klrf1_effector_vd1_gdt_alt_alr",0,0,FALSE
"l3_gzmk_cd27_em_cd8_t_cell_alt_alr","l3_naive_vd1_gdt_alr",0,0,FALSE
"l3_gzmk_cd27_em_cd8_t_cell_alt_alr","l3_sox4_vd1_gdt_alr",0,0,FALSE
"l3_gzmk_cd27_em_cd8_t_cell_alt_alr","l3_cd4_mait_alr",0,0,FALSE
"l3_gzmk_cd27_em_cd8_t_cell_alt_alr","l3_isg_mait_alr",0,0,FALSE
"l3_gzmk_cd27_em_cd8_t_cell_alt_alr","l3_activated_memory_b_cell_alr",0,0,FALSE
"l3_gzmk_cd27_em_cd8_t_cell_alt_alr","l3_type_2_polarized_memory_b_cell_alr",0,0,FALSE
"l3_gzmk_cd27_em_cd8_t_cell_alt_alr","l3_isg_memory_cd4_t_cell_alr",0,0,FALSE
"l3_gzmk_cd27_em_cd8_t_cell_alt_alr","l3_klrf1_gzmb_cd27_em_cd8_t_cell_alr",0,0,FALSE
"l3_gzmk_cd27_em_cd8_t_cell_alt_alr","l3_klrf1_gzmb_cd27_em_cd8_t_cell_alt_alr",0,0,FALSE
"l3_gzmk_cd27_em_cd8_t_cell_alt_alr","l3_isg_naive_b_cell_alr",0,0,FALSE
"l3_gzmk_cd27_em_cd8_t_cell_alt_alr","l3_isg_naive_cd4_t_cell_alr",0,0,FALSE
"l3_gzmk_cd27_em_cd8_t_cell_alt_alr","l3_isg_naive_cd8_t_cell_alr",0,0,FALSE
"l3_gzmk_cd27_em_cd8_t_cell_alt_alr","l3_gzmk_memory_cd4_treg_alr",0,0,FALSE
"l3_gzmk_cd27_em_cd8_t_cell_alt_alr","l3_naive_cd4_treg_alr",0,0,FALSE
"l3_gzmk_cd27_em_cd8_t_cell_alt_alr","l1_dc_alr",0,0,FALSE
"l3_gzmk_cd27_em_cd8_t_cell_alt_alr","l1_nk_cell_alr",0,0,FALSE
"l3_gzmk_cd27_em_cd8_t_cell_alt_alr","l1_b_cell_alr",0,0,FALSE
"l3_gzmk_cd27_em_cd8_t_cell_alt_alr","l1_ilc_alr",0,0,FALSE
"l3_gzmk_cd27_em_cd8_t_cell_alt_alr","l1_platelet_alr",0,0,FALSE
"l3_gzmk_cd27_em_cd8_t_cell_alt_alr","l1_progenitor_cell_alr",0,0,FALSE
"l3_klrf1_gzmb_cd27_em_cd8_t_cell_alr","age_group",0,0,FALSE
"l3_klrf1_gzmb_cd27_em_cd8_t_cell_alr","sex",0,0,FALSE
"l3_klrf1_gzmb_cd27_em_cd8_t_cell_alr","cmv",0,0,FALSE
"l3_klrf1_gzmb_cd27_em_cd8_t_cell_alr","l3_asdc",0,0,FALSE
"l3_klrf1_gzmb_cd27_em_cd8_t_cell_alr","l3_cd56bright_nk_cell",0,0,FALSE
"l3_klrf1_gzmb_cd27_em_cd8_t_cell_alr","l3_cd8aa",0,0,FALSE
"l3_klrf1_gzmb_cd27_em_cd8_t_cell_alr","l3_dn_t_cell",0,0,FALSE
"l3_klrf1_gzmb_cd27_em_cd8_t_cell_alr","l3_proliferating_nk_cell",0,0,FALSE
"l3_klrf1_gzmb_cd27_em_cd8_t_cell_alr","l3_transitional_b_cell",0,0,FALSE
"l3_klrf1_gzmb_cd27_em_cd8_t_cell_alr","l2_effector_b_cell_alr",0,0,FALSE
"l3_klrf1_gzmb_cd27_em_cd8_t_cell_alr","l2_memory_b_cell_alr",0,0,FALSE
"l3_klrf1_gzmb_cd27_em_cd8_t_cell_alr","l2_plasma_cell_alr",0,0,FALSE
"l3_klrf1_gzmb_cd27_em_cd8_t_cell_alr","l2_transitional_b_cell_alr",0,0,FALSE
"l3_klrf1_gzmb_cd27_em_cd8_t_cell_alr","l2_pdc_alr",0,0,FALSE
"l3_klrf1_gzmb_cd27_em_cd8_t_cell_alr","l2_cd8aa_alr",0,0,FALSE
"l3_klrf1_gzmb_cd27_em_cd8_t_cell_alr","l2_dn_t_cell_alr",0,0,FALSE
"l3_klrf1_gzmb_cd27_em_cd8_t_cell_alr","l2_gdt_alr",0,0,FALSE
"l3_klrf1_gzmb_cd27_em_cd8_t_cell_alr","l2_mait_alr",0,0,FALSE
"l3_klrf1_gzmb_cd27_em_cd8_t_cell_alr","l2_memory_cd4_t_cell_alr",0,0,FALSE
"l3_klrf1_gzmb_cd27_em_cd8_t_cell_alr","l2_memory_cd8_t_cell_alr",0,0,FALSE
"l3_klrf1_gzmb_cd27_em_cd8_t_cell_alr","l2_treg_alr",0,0,FALSE
"l3_klrf1_gzmb_cd27_em_cd8_t_cell_alr","l3_il1b_cd14_monocyte_alr",0,0,FALSE
"l3_klrf1_gzmb_cd27_em_cd8_t_cell_alr","l3_isg_cd14_monocyte_alr",0,0,FALSE
"l3_klrf1_gzmb_cd27_em_cd8_t_cell_alr","l3_isg_cd16_monocyte_alr",0,0,FALSE
"l3_klrf1_gzmb_cd27_em_cd8_t_cell_alr","l3_gzmk_cd56dim_nk_cell_alr",0,0,FALSE
"l3_klrf1_gzmb_cd27_em_cd8_t_cell_alr","l3_cd14_cdc2_alr",0,0,FALSE
"l3_klrf1_gzmb_cd27_em_cd8_t_cell_alr","l3_isg_cdc2_alr",0,0,FALSE
"l3_klrf1_gzmb_cd27_em_cd8_t_cell_alr","l3_sox4_vd1_gdt_alr",0,0,FALSE
"l3_klrf1_gzmb_cd27_em_cd8_t_cell_alr","l3_cd4_mait_alr",0,0,FALSE
"l3_klrf1_gzmb_cd27_em_cd8_t_cell_alr","l3_isg_mait_alr",0,0,FALSE
"l3_klrf1_gzmb_cd27_em_cd8_t_cell_alr","l3_cd95_memory_b_cell_alr",0,0,FALSE
"l3_klrf1_gzmb_cd27_em_cd8_t_cell_alr","l3_early_memory_b_cell_alr",0,0,FALSE
"l3_klrf1_gzmb_cd27_em_cd8_t_cell_alr","l3_type_2_polarized_memory_b_cell_alr",0,0,FALSE
"l3_klrf1_gzmb_cd27_em_cd8_t_cell_alr","l3_isg_memory_cd4_t_cell_alr",0,0,FALSE
"l3_klrf1_gzmb_cd27_em_cd8_t_cell_alr","l3_klrf1_gzmb_cd27_memory_cd4_t_cell_alr",0,0,FALSE
"l3_klrf1_gzmb_cd27_em_cd8_t_cell_alr","l3_gzmb_cd27_em_cd4_t_cell_alr",0,0,FALSE
"l3_klrf1_gzmb_cd27_em_cd8_t_cell_alr","l3_isg_memory_cd8_t_cell_alr",0,0,FALSE
"l3_klrf1_gzmb_cd27_em_cd8_t_cell_alr","l3_cm_cd8_t_cell_alr",0,0,FALSE
"l3_klrf1_gzmb_cd27_em_cd8_t_cell_alr","l3_gzmk_cd27_em_cd8_t_cell_alt_alr",0,0,FALSE
"l3_klrf1_gzmb_cd27_em_cd8_t_cell_alr","l3_isg_naive_b_cell_alr",0,0,FALSE
"l3_klrf1_gzmb_cd27_em_cd8_t_cell_alr","l3_isg_naive_cd4_t_cell_alr",0,0,FALSE
"l3_klrf1_gzmb_cd27_em_cd8_t_cell_alr","l3_sox4_naive_cd4_t_cell_alr",0,0,FALSE
"l3_klrf1_gzmb_cd27_em_cd8_t_cell_alr","l3_isg_naive_cd8_t_cell_alr",0,0,FALSE
"l3_klrf1_gzmb_cd27_em_cd8_t_cell_alr","l3_clp_cell_alr",0,0,FALSE
"l3_klrf1_gzmb_cd27_em_cd8_t_cell_alr","l3_klrb1_memory_cd4_treg_alr",0,0,FALSE
"l3_klrf1_gzmb_cd27_em_cd8_t_cell_alr","l3_klrb1_memory_cd8_treg_alr",0,0,FALSE
"l3_klrf1_gzmb_cd27_em_cd8_t_cell_alr","l3_memory_cd8_treg_alr",0,0,FALSE
"l3_klrf1_gzmb_cd27_em_cd8_t_cell_alr","l3_naive_cd4_treg_alr",0,0,FALSE
"l3_klrf1_gzmb_cd27_em_cd8_t_cell_alr","l1_dc_alr",0,0,FALSE
"l3_klrf1_gzmb_cd27_em_cd8_t_cell_alr","l1_monocyte_alr",0,0,FALSE
"l3_klrf1_gzmb_cd27_em_cd8_t_cell_alt_alr","age_group",0,0,FALSE
"l3_klrf1_gzmb_cd27_em_cd8_t_cell_alt_alr","sex",0,0,FALSE
"l3_klrf1_gzmb_cd27_em_cd8_t_cell_alt_alr","l2_erythrocyte",0,0,FALSE
"l3_klrf1_gzmb_cd27_em_cd8_t_cell_alt_alr","l2_ilc",0,0,FALSE
"l3_klrf1_gzmb_cd27_em_cd8_t_cell_alt_alr","l2_progenitor_cell",0,0,FALSE
"l3_klrf1_gzmb_cd27_em_cd8_t_cell_alt_alr","l3_asdc",0,0,FALSE
"l3_klrf1_gzmb_cd27_em_cd8_t_cell_alt_alr","l3_cd56bright_nk_cell",0,0,FALSE
"l3_klrf1_gzmb_cd27_em_cd8_t_cell_alt_alr","l3_erythrocyte",0,0,FALSE
"l3_klrf1_gzmb_cd27_em_cd8_t_cell_alt_alr","l3_ilc",0,0,FALSE
"l3_klrf1_gzmb_cd27_em_cd8_t_cell_alt_alr","l3_pdc",0,0,FALSE
"l3_klrf1_gzmb_cd27_em_cd8_t_cell_alt_alr","l2_memory_b_cell_alr",0,0,FALSE
"l3_klrf1_gzmb_cd27_em_cd8_t_cell_alt_alr","l2_gdt_alr",0,0,FALSE
"l3_klrf1_gzmb_cd27_em_cd8_t_cell_alt_alr","l3_isg_cd14_monocyte_alr",0,0,FALSE
"l3_klrf1_gzmb_cd27_em_cd8_t_cell_alt_alr","l3_c1q_cd16_monocyte_alr",0,0,FALSE
"l3_klrf1_gzmb_cd27_em_cd8_t_cell_alt_alr","l3_isg_cd56dim_nk_cell_alr",0,0,FALSE
"l3_klrf1_gzmb_cd27_em_cd8_t_cell_alt_alr","l3_isg_cdc2_alr",0,0,FALSE
"l3_klrf1_gzmb_cd27_em_cd8_t_cell_alt_alr","l3_klrf1_effector_vd1_gdt_alr",0,0,FALSE
"l3_klrf1_gzmb_cd27_em_cd8_t_cell_alt_alr","l3_naive_vd1_gdt_alr",0,0,FALSE
"l3_klrf1_gzmb_cd27_em_cd8_t_cell_alt_alr","l3_type_2_polarized_memory_b_cell_alr",0,0,FALSE
"l3_klrf1_gzmb_cd27_em_cd8_t_cell_alt_alr","l3_gzmk_cd27_em_cd8_t_cell_alt_alr",0,0,FALSE
"l3_klrf1_gzmb_cd27_em_cd8_t_cell_alt_alr","l3_isg_naive_b_cell_alr",0,0,FALSE
"l3_klrf1_gzmb_cd27_em_cd8_t_cell_alt_alr","l3_sox4_naive_cd4_t_cell_alr",0,0,FALSE
"l3_klrf1_gzmb_cd27_em_cd8_t_cell_alt_alr","l3_isg_naive_cd8_t_cell_alr",0,0,FALSE
"l3_klrf1_gzmb_cd27_em_cd8_t_cell_alt_alr","l3_klrb1_memory_cd4_treg_alr",0,0,FALSE
"l3_klrf1_gzmb_cd27_em_cd8_t_cell_alt_alr","l3_klrb1_memory_cd8_treg_alr",0,0,FALSE
"l3_klrf1_gzmb_cd27_em_cd8_t_cell_alt_alr","l1_monocyte_alr",0,0,FALSE
"l3_klrf1_gzmb_cd27_em_cd8_t_cell_alt_alr","l1_b_cell_alr",0,0,FALSE
"l3_klrf1_gzmb_cd27_em_cd8_t_cell_alt_alr","l1_erythrocyte_alr",0,0,FALSE
"l3_klrf1_gzmb_cd27_em_cd8_t_cell_alt_alr","l1_ilc_alr",0,0,FALSE
"l3_klrf1_gzmb_cd27_em_cd8_t_cell_alt_alr","l1_progenitor_cell_alr",0,0,FALSE
"l3_isg_naive_b_cell_alr","age_group",0,0,FALSE
"l3_isg_naive_b_cell_alr","sex",0,0,FALSE
"l3_isg_naive_b_cell_alr","cmv",0,0,FALSE
"l3_isg_naive_b_cell_alr","l3_cd56bright_nk_cell",0,0,FALSE
"l3_isg_naive_b_cell_alr","l3_cd8aa",0,0,FALSE
"l3_isg_naive_b_cell_alr","l3_cdc1",0,0,FALSE
"l3_isg_naive_b_cell_alr","l3_erythrocyte",0,0,FALSE
"l3_isg_naive_b_cell_alr","l3_proliferating_t_cell",0,0,FALSE
"l3_isg_naive_b_cell_alr","l3_baeomap_cell",0,0,FALSE
"l3_isg_naive_b_cell_alr","l2_cd8aa_alr",0,0,FALSE
"l3_isg_naive_b_cell_alr","l2_dn_t_cell_alr",0,0,FALSE
"l3_isg_naive_b_cell_alr","l2_memory_cd8_t_cell_alr",0,0,FALSE
"l3_isg_naive_b_cell_alr","l2_proliferating_t_cell_alr",0,0,FALSE
"l3_isg_naive_b_cell_alr","l2_treg_alr",0,0,FALSE
"l3_isg_naive_b_cell_alr","l3_il1b_cd14_monocyte_alr",0,0,FALSE
"l3_isg_naive_b_cell_alr","l3_isg_cd16_monocyte_alr",0,0,FALSE
"l3_isg_naive_b_cell_alr","l3_adaptive_nk_cell_alr",0,0,FALSE
"l3_isg_naive_b_cell_alr","l3_isg_cdc2_alr",0,0,FALSE
"l3_isg_naive_b_cell_alr","l3_cd27_effector_b_cell_alt_alr",0,0,FALSE
"l3_isg_naive_b_cell_alr","l3_gzmb_vd2_gdt_alr",0,0,FALSE
"l3_isg_naive_b_cell_alr","l3_naive_vd1_gdt_alr",0,0,FALSE
"l3_isg_naive_b_cell_alr","l3_sox4_vd1_gdt_alr",0,0,FALSE
"l3_isg_naive_b_cell_alr","l3_isg_mait_alr",0,0,FALSE
"l3_isg_naive_b_cell_alr","l3_activated_memory_b_cell_alr",0,0,FALSE
"l3_isg_naive_b_cell_alr","l3_early_memory_b_cell_alr",0,0,FALSE
"l3_isg_naive_b_cell_alr","l3_isg_memory_cd8_t_cell_alr",0,0,FALSE
"l3_isg_naive_b_cell_alr","l3_gzmk_cd27_em_cd8_t_cell_alt_alr",0,0,FALSE
"l3_isg_naive_b_cell_alr","l3_klrf1_gzmb_cd27_em_cd8_t_cell_alr",0,0,FALSE
"l3_isg_naive_b_cell_alr","l3_klrf1_gzmb_cd27_em_cd8_t_cell_alt_alr",0,0,FALSE
"l3_isg_naive_b_cell_alr","l3_sox4_naive_cd4_t_cell_alr",0,0,FALSE
"l3_isg_naive_b_cell_alr","l3_clp_cell_alr",0,0,FALSE
"l3_isg_naive_b_cell_alr","l3_gzmk_memory_cd4_treg_alr",0,0,FALSE
"l3_isg_naive_b_cell_alr","l3_naive_cd4_treg_alr",0,0,FALSE
"l3_isg_naive_cd4_t_cell_alr","age_group",0,0,FALSE
"l3_isg_naive_cd4_t_cell_alr","sex",0,0,FALSE
"l3_isg_naive_cd4_t_cell_alr","cmv",0,0,FALSE
"l3_isg_naive_cd4_t_cell_alr","l2_progenitor_cell",0,0,FALSE
"l3_isg_naive_cd4_t_cell_alr","l3_asdc",0,0,FALSE
"l3_isg_naive_cd4_t_cell_alr","l3_cd56bright_nk_cell",0,0,FALSE
"l3_isg_naive_cd4_t_cell_alr","l3_cdc1",0,0,FALSE
"l3_isg_naive_cd4_t_cell_alr","l3_ilc",0,0,FALSE
"l3_isg_naive_cd4_t_cell_alr","l3_plasma_cell",0,0,FALSE
"l3_isg_naive_cd4_t_cell_alr","l2_effector_b_cell_alr",0,0,FALSE
"l3_isg_naive_cd4_t_cell_alr","l2_gdt_alr",0,0,FALSE
"l3_isg_naive_cd4_t_cell_alr","l2_naive_cd8_t_cell_alr",0,0,FALSE
"l3_isg_naive_cd4_t_cell_alr","l3_il1b_cd14_monocyte_alr",0,0,FALSE
"l3_isg_naive_cd4_t_cell_alr","l3_gzmk_cd56dim_nk_cell_alr",0,0,FALSE
"l3_isg_naive_cd4_t_cell_alr","l3_isg_cdc2_alr",0,0,FALSE
"l3_isg_naive_cd4_t_cell_alr","l3_cd27_effector_b_cell_alt_alr",0,0,FALSE
"l3_isg_naive_cd4_t_cell_alr","l3_naive_vd1_gdt_alr",0,0,FALSE
"l3_isg_naive_cd4_t_cell_alr","l3_cd4_mait_alr",0,0,FALSE
"l3_isg_naive_cd4_t_cell_alr","l3_isg_mait_alr",0,0,FALSE
"l3_isg_naive_cd4_t_cell_alr","l3_activated_memory_b_cell_alr",0,0,FALSE
"l3_isg_naive_cd4_t_cell_alr","l3_cd95_memory_b_cell_alr",0,0,FALSE
"l3_isg_naive_cd4_t_cell_alr","l3_type_2_polarized_memory_b_cell_alr",0,0,FALSE
"l3_isg_naive_cd4_t_cell_alr","l3_gzmb_cd27_em_cd4_t_cell_alr",0,0,FALSE
"l3_isg_naive_cd4_t_cell_alr","l3_gzmk_cd27_em_cd8_t_cell_alt_alr",0,0,FALSE
"l3_isg_naive_cd4_t_cell_alr","l3_klrf1_gzmb_cd27_em_cd8_t_cell_alr",0,0,FALSE
"l3_isg_naive_cd4_t_cell_alr","l3_clp_cell_alr",0,0,FALSE
"l3_isg_naive_cd4_t_cell_alr","l3_gzmk_memory_cd4_treg_alr",0,0,FALSE
"l3_isg_naive_cd4_t_cell_alr","l3_klrb1_memory_cd8_treg_alr",0,0,FALSE
"l3_isg_naive_cd4_t_cell_alr","l1_dc_alr",0,0,FALSE
"l3_sox4_naive_cd4_t_cell_alr","sex",0,0,FALSE
"l3_sox4_naive_cd4_t_cell_alr","cmv",0,0,FALSE
"l3_sox4_naive_cd4_t_cell_alr","l2_ilc",0,0,FALSE
"l3_sox4_naive_cd4_t_cell_alr","l3_cd56bright_nk_cell",0,0,FALSE
"l3_sox4_naive_cd4_t_cell_alr","l3_dn_t_cell",0,0,FALSE
"l3_sox4_naive_cd4_t_cell_alr","l3_erythrocyte",0,0,FALSE
"l3_sox4_naive_cd4_t_cell_alr","l3_ilc",0,0,FALSE
"l3_sox4_naive_cd4_t_cell_alr","l3_intermediate_monocyte",0,0,FALSE
"l3_sox4_naive_cd4_t_cell_alr","l2_cd16_monocyte_alr",0,0,FALSE
"l3_sox4_naive_cd4_t_cell_alr","l3_c1q_cd16_monocyte_alr",0,0,FALSE
"l3_sox4_naive_cd4_t_cell_alr","l3_isg_cd16_monocyte_alr",0,0,FALSE
"l3_sox4_naive_cd4_t_cell_alr","l3_gzmk_cd56dim_nk_cell_alr",0,0,FALSE
"l3_sox4_naive_cd4_t_cell_alr","l3_isg_cd56dim_nk_cell_alr",0,0,FALSE
"l3_sox4_naive_cd4_t_cell_alr","l3_cd14_cdc2_alr",0,0,FALSE
"l3_sox4_naive_cd4_t_cell_alr","l3_klrf1_effector_vd1_gdt_alt_alr",0,0,FALSE
"l3_sox4_naive_cd4_t_cell_alr","l3_sox4_vd1_gdt_alr",0,0,FALSE
"l3_sox4_naive_cd4_t_cell_alr","l3_activated_memory_b_cell_alr",0,0,FALSE
"l3_sox4_naive_cd4_t_cell_alr","l3_type_2_polarized_memory_b_cell_alr",0,0,FALSE
"l3_sox4_naive_cd4_t_cell_alr","l3_isg_memory_cd4_t_cell_alr",0,0,FALSE
"l3_sox4_naive_cd4_t_cell_alr","l3_gzmb_cd27_em_cd4_t_cell_alr",0,0,FALSE
"l3_sox4_naive_cd4_t_cell_alr","l3_gzmb_cd27_em_cd4_t_cell_alt_alr",0,0,FALSE
"l3_sox4_naive_cd4_t_cell_alr","l3_klrf1_gzmb_cd27_em_cd8_t_cell_alr",0,0,FALSE
"l3_sox4_naive_cd4_t_cell_alr","l3_klrf1_gzmb_cd27_em_cd8_t_cell_alt_alr",0,0,FALSE
"l3_sox4_naive_cd4_t_cell_alr","l3_isg_naive_b_cell_alr",0,0,FALSE
"l3_sox4_naive_cd4_t_cell_alr","l3_isg_naive_cd8_t_cell_alr",0,0,FALSE
"l3_sox4_naive_cd4_t_cell_alr","l3_gzmk_memory_cd4_treg_alr",0,0,FALSE
"l3_sox4_naive_cd4_t_cell_alr","l1_progenitor_cell_alr",0,0,FALSE
"l3_isg_naive_cd8_t_cell_alr","age_group",0,0,FALSE
"l3_isg_naive_cd8_t_cell_alr","sex",0,0,FALSE
"l3_isg_naive_cd8_t_cell_alr","cmv",0,0,FALSE
"l3_isg_naive_cd8_t_cell_alr","l2_erythrocyte",0,0,FALSE
"l3_isg_naive_cd8_t_cell_alr","l2_ilc",0,0,FALSE
"l3_isg_naive_cd8_t_cell_alr","l2_platelet",0,0,FALSE
"l3_isg_naive_cd8_t_cell_alr","l2_progenitor_cell",0,0,FALSE
"l3_isg_naive_cd8_t_cell_alr","l3_cd56bright_nk_cell",0,0,FALSE
"l3_isg_naive_cd8_t_cell_alr","l3_cd8aa",0,0,FALSE
"l3_isg_naive_cd8_t_cell_alr","l3_cdc1",0,0,FALSE
"l3_isg_naive_cd8_t_cell_alr","l3_erythrocyte",0,0,FALSE
"l3_isg_naive_cd8_t_cell_alr","l3_ilc",0,0,FALSE
"l3_isg_naive_cd8_t_cell_alr","l3_pdc",0,0,FALSE
"l3_isg_naive_cd8_t_cell_alr","l3_platelet",0,0,FALSE
"l3_isg_naive_cd8_t_cell_alr","l3_baeomap_cell",0,0,FALSE
"l3_isg_naive_cd8_t_cell_alr","l2_effector_b_cell_alr",0,0,FALSE
"l3_isg_naive_cd8_t_cell_alr","l2_memory_b_cell_alr",0,0,FALSE
"l3_isg_naive_cd8_t_cell_alr","l2_transitional_b_cell_alr",0,0,FALSE
"l3_isg_naive_cd8_t_cell_alr","l2_cdc1_alr",0,0,FALSE
"l3_isg_naive_cd8_t_cell_alr","l2_cd56bright_nk_cell_alr",0,0,FALSE
"l3_isg_naive_cd8_t_cell_alr","l2_memory_cd4_t_cell_alr",0,0,FALSE
"l3_isg_naive_cd8_t_cell_alr","l2_memory_cd8_t_cell_alr",0,0,FALSE
"l3_isg_naive_cd8_t_cell_alr","l3_isg_cd14_monocyte_alr",0,0,FALSE
"l3_isg_naive_cd8_t_cell_alr","l3_c1q_cd16_monocyte_alr",0,0,FALSE
"l3_isg_naive_cd8_t_cell_alr","l3_cd14_cdc2_alr",0,0,FALSE
"l3_isg_naive_cd8_t_cell_alr","l3_isg_cdc2_alr",0,0,FALSE
"l3_isg_naive_cd8_t_cell_alr","l3_sox4_vd1_gdt_alr",0,0,FALSE
"l3_isg_naive_cd8_t_cell_alr","l3_activated_memory_b_cell_alr",0,0,FALSE
"l3_isg_naive_cd8_t_cell_alr","l3_type_2_polarized_memory_b_cell_alr",0,0,FALSE
"l3_isg_naive_cd8_t_cell_alr","l3_gzmb_cd27_em_cd4_t_cell_alr",0,0,FALSE
"l3_isg_naive_cd8_t_cell_alr","l3_gzmb_cd27_em_cd4_t_cell_alt_alr",0,0,FALSE
"l3_isg_naive_cd8_t_cell_alr","l3_gzmk_cd27_em_cd8_t_cell_alt_alr",0,0,FALSE
"l3_isg_naive_cd8_t_cell_alr","l3_klrf1_gzmb_cd27_em_cd8_t_cell_alr",0,0,FALSE
"l3_isg_naive_cd8_t_cell_alr","l3_klrf1_gzmb_cd27_em_cd8_t_cell_alt_alr",0,0,FALSE
"l3_isg_naive_cd8_t_cell_alr","l3_sox4_naive_cd4_t_cell_alr",0,0,FALSE
"l3_isg_naive_cd8_t_cell_alr","l3_sox4_naive_cd8_t_cell_alr",0,0,FALSE
"l3_isg_naive_cd8_t_cell_alr","l3_clp_cell_alr",0,0,FALSE
"l3_isg_naive_cd8_t_cell_alr","l3_klrb1_memory_cd4_treg_alr",0,0,FALSE
"l3_isg_naive_cd8_t_cell_alr","l3_klrb1_memory_cd8_treg_alr",0,0,FALSE
"l3_isg_naive_cd8_t_cell_alr","l3_naive_cd4_treg_alr",0,0,FALSE
"l3_isg_naive_cd8_t_cell_alr","l1_nk_cell_alr",0,0,FALSE
"l3_isg_naive_cd8_t_cell_alr","l1_erythrocyte_alr",0,0,FALSE
"l3_isg_naive_cd8_t_cell_alr","l1_ilc_alr",0,0,FALSE
"l3_isg_naive_cd8_t_cell_alr","l1_progenitor_cell_alr",0,0,FALSE
"l3_sox4_naive_cd8_t_cell_alr","age_group",0,0,FALSE
"l3_sox4_naive_cd8_t_cell_alr","sex",0,0,FALSE
"l3_sox4_naive_cd8_t_cell_alr","l2_erythrocyte",0,0,FALSE
"l3_sox4_naive_cd8_t_cell_alr","l2_progenitor_cell",0,0,FALSE
"l3_sox4_naive_cd8_t_cell_alr","l3_cd8aa",0,0,FALSE
"l3_sox4_naive_cd8_t_cell_alr","l3_cdc1",0,0,FALSE
"l3_sox4_naive_cd8_t_cell_alr","l3_dn_t_cell",0,0,FALSE
"l3_sox4_naive_cd8_t_cell_alr","l3_erythrocyte",0,0,FALSE
"l3_sox4_naive_cd8_t_cell_alr","l3_ilc",0,0,FALSE
"l3_sox4_naive_cd8_t_cell_alr","l3_pdc",0,0,FALSE
"l3_sox4_naive_cd8_t_cell_alr","l3_platelet",0,0,FALSE
"l3_sox4_naive_cd8_t_cell_alr","l3_proliferating_t_cell",0,0,FALSE
"l3_sox4_naive_cd8_t_cell_alr","l2_effector_b_cell_alr",0,0,FALSE
"l3_sox4_naive_cd8_t_cell_alr","l2_transitional_b_cell_alr",0,0,FALSE
"l3_sox4_naive_cd8_t_cell_alr","l2_cdc1_alr",0,0,FALSE
"l3_sox4_naive_cd8_t_cell_alr","l2_pdc_alr",0,0,FALSE
"l3_sox4_naive_cd8_t_cell_alr","l2_cd16_monocyte_alr",0,0,FALSE
"l3_sox4_naive_cd8_t_cell_alr","l3_il1b_cd14_monocyte_alr",0,0,FALSE
"l3_sox4_naive_cd8_t_cell_alr","l3_isg_cd14_monocyte_alr",0,0,FALSE
"l3_sox4_naive_cd8_t_cell_alr","l3_c1q_cd16_monocyte_alr",0,0,FALSE
"l3_sox4_naive_cd8_t_cell_alr","l3_isg_cd56dim_nk_cell_alr",0,0,FALSE
"l3_sox4_naive_cd8_t_cell_alr","l3_isg_cdc2_alr",0,0,FALSE
"l3_sox4_naive_cd8_t_cell_alr","l3_klrf1_effector_vd1_gdt_alt_alr",0,0,FALSE
"l3_sox4_naive_cd8_t_cell_alr","l3_isg_mait_alr",0,0,FALSE
"l3_sox4_naive_cd8_t_cell_alr","l3_type_2_polarized_memory_b_cell_alr",0,0,FALSE
"l3_sox4_naive_cd8_t_cell_alr","l3_isg_memory_cd4_t_cell_alr",0,0,FALSE
"l3_sox4_naive_cd8_t_cell_alr","l3_klrf1_gzmb_cd27_memory_cd4_t_cell_alr",0,0,FALSE
"l3_sox4_naive_cd8_t_cell_alr","l3_isg_memory_cd8_t_cell_alr",0,0,FALSE
"l3_sox4_naive_cd8_t_cell_alr","l3_isg_naive_cd8_t_cell_alr",0,0,FALSE
"l3_sox4_naive_cd8_t_cell_alr","l3_gzmk_memory_cd4_treg_alr",0,0,FALSE
"l3_sox4_naive_cd8_t_cell_alr","l3_klrb1_memory_cd8_treg_alr",0,0,FALSE
"l3_sox4_naive_cd8_t_cell_alr","l3_memory_cd8_treg_alr",0,0,FALSE
"l3_sox4_naive_cd8_t_cell_alr","l1_erythrocyte_alr",0,0,FALSE
"l3_clp_cell_alr","age_group",0,0,FALSE
"l3_clp_cell_alr","sex",0,0,FALSE
"l3_clp_cell_alr","cmv",0,0,FALSE
"l3_clp_cell_alr","l2_erythrocyte",0,0,FALSE
"l3_clp_cell_alr","l2_ilc",0,0,FALSE
"l3_clp_cell_alr","l2_platelet",0,0,FALSE
"l3_clp_cell_alr","l3_asdc",0,0,FALSE
"l3_clp_cell_alr","l3_cd8aa",0,0,FALSE
"l3_clp_cell_alr","l3_erythrocyte",0,0,FALSE
"l3_clp_cell_alr","l3_ilc",0,0,FALSE
"l3_clp_cell_alr","l3_pdc",0,0,FALSE
"l3_clp_cell_alr","l3_plasma_cell",0,0,FALSE
"l3_clp_cell_alr","l3_proliferating_t_cell",0,0,FALSE
"l3_clp_cell_alr","l2_memory_b_cell_alr",0,0,FALSE
"l3_clp_cell_alr","l2_plasma_cell_alr",0,0,FALSE
"l3_clp_cell_alr","l2_asdc_alr",0,0,FALSE
"l3_clp_cell_alr","l2_cdc1_alr",0,0,FALSE
"l3_clp_cell_alr","l2_pdc_alr",0,0,FALSE
"l3_clp_cell_alr","l2_cd16_monocyte_alr",0,0,FALSE
"l3_clp_cell_alr","l2_cd56bright_nk_cell_alr",0,0,FALSE
"l3_clp_cell_alr","l2_proliferating_nk_cell_alr",0,0,FALSE
"l3_clp_cell_alr","l2_cd8aa_alr",0,0,FALSE
"l3_clp_cell_alr","l2_dn_t_cell_alr",0,0,FALSE
"l3_clp_cell_alr","l2_mait_alr",0,0,FALSE
"l3_clp_cell_alr","l2_memory_cd4_t_cell_alr",0,0,FALSE
"l3_clp_cell_alr","l2_naive_cd8_t_cell_alr",0,0,FALSE
"l3_clp_cell_alr","l2_proliferating_t_cell_alr",0,0,FALSE
"l3_clp_cell_alr","l3_gzmk_cd56dim_nk_cell_alr",0,0,FALSE
"l3_clp_cell_alr","l3_isg_cd56dim_nk_cell_alr",0,0,FALSE
"l3_clp_cell_alr","l3_adaptive_nk_cell_alr",0,0,FALSE
"l3_clp_cell_alr","l3_cd27_effector_b_cell_alt_alr",0,0,FALSE
"l3_clp_cell_alr","l3_gzmb_vd2_gdt_alr",0,0,FALSE
"l3_clp_cell_alr","l3_klrf1_effector_vd1_gdt_alt_alr",0,0,FALSE
"l3_clp_cell_alr","l3_sox4_vd1_gdt_alr",0,0,FALSE
"l3_clp_cell_alr","l3_cd4_mait_alr",0,0,FALSE
"l3_clp_cell_alr","l3_isg_mait_alr",0,0,FALSE
"l3_clp_cell_alr","l3_activated_memory_b_cell_alr",0,0,FALSE
"l3_clp_cell_alr","l3_early_memory_b_cell_alr",0,0,FALSE
"l3_clp_cell_alr","l3_klrf1_gzmb_cd27_memory_cd4_t_cell_alr",0,0,FALSE
"l3_clp_cell_alr","l3_gzmb_cd27_em_cd4_t_cell_alt_alr",0,0,FALSE
"l3_clp_cell_alr","l3_isg_memory_cd8_t_cell_alr",0,0,FALSE
"l3_clp_cell_alr","l3_cm_cd8_t_cell_alr",0,0,FALSE
"l3_clp_cell_alr","l3_klrf1_gzmb_cd27_em_cd8_t_cell_alr",0,0,FALSE
"l3_clp_cell_alr","l3_isg_naive_b_cell_alr",0,0,FALSE
"l3_clp_cell_alr","l3_isg_naive_cd4_t_cell_alr",0,0,FALSE
"l3_clp_cell_alr","l3_isg_naive_cd8_t_cell_alr",0,0,FALSE
"l3_clp_cell_alr","l3_klrb1_memory_cd4_treg_alr",0,0,FALSE
"l3_clp_cell_alr","l3_klrb1_memory_cd8_treg_alr",0,0,FALSE
"l3_clp_cell_alr","l3_naive_cd4_treg_alr",0,0,FALSE
"l3_clp_cell_alr","l1_nk_cell_alr",0,0,FALSE
"l3_clp_cell_alr","l1_erythrocyte_alr",0,0,FALSE
"l3_clp_cell_alr","l1_ilc_alr",0,0,FALSE
"l3_clp_cell_alr","l1_platelet_alr",0,0,FALSE
"l3_clp_cell_alr","l1_progenitor_cell_alr",0,0,FALSE
"l3_gzmk_memory_cd4_treg_alr","age_group",0,0,FALSE
"l3_gzmk_memory_cd4_treg_alr","sex",0,0,FALSE
"l3_gzmk_memory_cd4_treg_alr","l2_erythrocyte",0,0,FALSE
"l3_gzmk_memory_cd4_treg_alr","l2_ilc",0,0,FALSE
"l3_gzmk_memory_cd4_treg_alr","l2_platelet",0,0,FALSE
"l3_gzmk_memory_cd4_treg_alr","l2_progenitor_cell",0,0,FALSE
"l3_gzmk_memory_cd4_treg_alr","l3_asdc",0,0,FALSE
"l3_gzmk_memory_cd4_treg_alr","l3_cd56bright_nk_cell",0,0,FALSE
"l3_gzmk_memory_cd4_treg_alr","l3_cdc1",0,0,FALSE
"l3_gzmk_memory_cd4_treg_alr","l3_erythrocyte",0,0,FALSE
"l3_gzmk_memory_cd4_treg_alr","l3_plasma_cell",0,0,FALSE
"l3_gzmk_memory_cd4_treg_alr","l3_platelet",0,0,FALSE
"l3_gzmk_memory_cd4_treg_alr","l3_proliferating_nk_cell",0,0,FALSE
"l3_gzmk_memory_cd4_treg_alr","l3_proliferating_t_cell",0,0,FALSE
"l3_gzmk_memory_cd4_treg_alr","l3_transitional_b_cell",0,0,FALSE
"l3_gzmk_memory_cd4_treg_alr","l2_memory_b_cell_alr",0,0,FALSE
"l3_gzmk_memory_cd4_treg_alr","l2_plasma_cell_alr",0,0,FALSE
"l3_gzmk_memory_cd4_treg_alr","l2_transitional_b_cell_alr",0,0,FALSE
"l3_gzmk_memory_cd4_treg_alr","l2_asdc_alr",0,0,FALSE
"l3_gzmk_memory_cd4_treg_alr","l2_proliferating_nk_cell_alr",0,0,FALSE
"l3_gzmk_memory_cd4_treg_alr","l2_cd8aa_alr",0,0,FALSE
"l3_gzmk_memory_cd4_treg_alr","l2_naive_cd8_t_cell_alr",0,0,FALSE
"l3_gzmk_memory_cd4_treg_alr","l2_proliferating_t_cell_alr",0,0,FALSE
"l3_gzmk_memory_cd4_treg_alr","l3_il1b_cd14_monocyte_alr",0,0,FALSE
"l3_gzmk_memory_cd4_treg_alr","l3_isg_cd16_monocyte_alr",0,0,FALSE
"l3_gzmk_memory_cd4_treg_alr","l3_cd14_cdc2_alr",0,0,FALSE
"l3_gzmk_memory_cd4_treg_alr","l3_cd27_effector_b_cell_alt_alr",0,0,FALSE
"l3_gzmk_memory_cd4_treg_alr","l3_gzmb_vd2_gdt_alr",0,0,FALSE
"l3_gzmk_memory_cd4_treg_alr","l3_klrf1_effector_vd1_gdt_alt_alr",0,0,FALSE
"l3_gzmk_memory_cd4_treg_alr","l3_cd4_mait_alr",0,0,FALSE
"l3_gzmk_memory_cd4_treg_alr","l3_isg_mait_alr",0,0,FALSE
"l3_gzmk_memory_cd4_treg_alr","l3_activated_memory_b_cell_alr",0,0,FALSE
"l3_gzmk_memory_cd4_treg_alr","l3_cd95_memory_b_cell_alr",0,0,FALSE
"l3_gzmk_memory_cd4_treg_alr","l3_type_2_polarized_memory_b_cell_alr",0,0,FALSE
"l3_gzmk_memory_cd4_treg_alr","l3_isg_memory_cd4_t_cell_alr",0,0,FALSE
"l3_gzmk_memory_cd4_treg_alr","l3_gzmb_cd27_em_cd4_t_cell_alr",0,0,FALSE
"l3_gzmk_memory_cd4_treg_alr","l3_isg_memory_cd8_t_cell_alr",0,0,FALSE
"l3_gzmk_memory_cd4_treg_alr","l3_gzmk_cd27_em_cd8_t_cell_alt_alr",0,0,FALSE
"l3_gzmk_memory_cd4_treg_alr","l3_isg_naive_b_cell_alr",0,0,FALSE
"l3_gzmk_memory_cd4_treg_alr","l3_isg_naive_cd4_t_cell_alr",0,0,FALSE
"l3_gzmk_memory_cd4_treg_alr","l3_sox4_naive_cd4_t_cell_alr",0,0,FALSE
"l3_gzmk_memory_cd4_treg_alr","l3_sox4_naive_cd8_t_cell_alr",0,0,FALSE
"l3_gzmk_memory_cd4_treg_alr","l3_klrb1_memory_cd8_treg_alr",0,0,FALSE
"l3_gzmk_memory_cd4_treg_alr","l3_memory_cd8_treg_alr",0,0,FALSE
"l3_gzmk_memory_cd4_treg_alr","l1_dc_alr",0,0,FALSE
"l3_gzmk_memory_cd4_treg_alr","l1_monocyte_alr",0,0,FALSE
"l3_gzmk_memory_cd4_treg_alr","l1_nk_cell_alr",0,0,FALSE
"l3_gzmk_memory_cd4_treg_alr","l1_b_cell_alr",0,0,FALSE
"l3_gzmk_memory_cd4_treg_alr","l1_erythrocyte_alr",0,0,FALSE
"l3_gzmk_memory_cd4_treg_alr","l1_progenitor_cell_alr",0,0,FALSE
"l3_klrb1_memory_cd4_treg_alr","age_group",0,0,FALSE
"l3_klrb1_memory_cd4_treg_alr","sex",0,0,FALSE
"l3_klrb1_memory_cd4_treg_alr","cmv",0,0,FALSE
"l3_klrb1_memory_cd4_treg_alr","l2_erythrocyte",0,0,FALSE
"l3_klrb1_memory_cd4_treg_alr","l2_platelet",0,0,FALSE
"l3_klrb1_memory_cd4_treg_alr","l3_asdc",0,0,FALSE
"l3_klrb1_memory_cd4_treg_alr","l3_cd56bright_nk_cell",0,0,FALSE
"l3_klrb1_memory_cd4_treg_alr","l3_erythrocyte",0,0,FALSE
"l3_klrb1_memory_cd4_treg_alr","l3_ilc",0,0,FALSE
"l3_klrb1_memory_cd4_treg_alr","l3_pdc",0,0,FALSE
"l3_klrb1_memory_cd4_treg_alr","l3_plasma_cell",0,0,FALSE
"l3_klrb1_memory_cd4_treg_alr","l3_platelet",0,0,FALSE
"l3_klrb1_memory_cd4_treg_alr","l3_transitional_b_cell",0,0,FALSE
"l3_klrb1_memory_cd4_treg_alr","l2_effector_b_cell_alr",0,0,FALSE
"l3_klrb1_memory_cd4_treg_alr","l2_memory_b_cell_alr",0,0,FALSE
"l3_klrb1_memory_cd4_treg_alr","l2_plasma_cell_alr",0,0,FALSE
"l3_klrb1_memory_cd4_treg_alr","l2_transitional_b_cell_alr",0,0,FALSE
"l3_klrb1_memory_cd4_treg_alr","l2_cd16_monocyte_alr",0,0,FALSE
"l3_klrb1_memory_cd4_treg_alr","l2_cd56bright_nk_cell_alr",0,0,FALSE
"l3_klrb1_memory_cd4_treg_alr","l2_proliferating_nk_cell_alr",0,0,FALSE
"l3_klrb1_memory_cd4_treg_alr","l2_mait_alr",0,0,FALSE
"l3_klrb1_memory_cd4_treg_alr","l2_proliferating_t_cell_alr",0,0,FALSE
"l3_klrb1_memory_cd4_treg_alr","l2_treg_alr",0,0,FALSE
"l3_klrb1_memory_cd4_treg_alr","l3_isg_cd14_monocyte_alr",0,0,FALSE
"l3_klrb1_memory_cd4_treg_alr","l3_c1q_cd16_monocyte_alr",0,0,FALSE
"l3_klrb1_memory_cd4_treg_alr","l3_isg_cd16_monocyte_alr",0,0,FALSE
"l3_klrb1_memory_cd4_treg_alr","l3_isg_cd56dim_nk_cell_alr",0,0,FALSE
"l3_klrb1_memory_cd4_treg_alr","l3_cd14_cdc2_alr",0,0,FALSE
"l3_klrb1_memory_cd4_treg_alr","l3_isg_cdc2_alr",0,0,FALSE
"l3_klrb1_memory_cd4_treg_alr","l3_gzmb_vd2_gdt_alr",0,0,FALSE
"l3_klrb1_memory_cd4_treg_alr","l3_klrf1_effector_vd1_gdt_alr",0,0,FALSE
"l3_klrb1_memory_cd4_treg_alr","l3_klrf1_effector_vd1_gdt_alt_alr",0,0,FALSE
"l3_klrb1_memory_cd4_treg_alr","l3_sox4_vd1_gdt_alr",0,0,FALSE
"l3_klrb1_memory_cd4_treg_alr","l3_isg_mait_alr",0,0,FALSE
"l3_klrb1_memory_cd4_treg_alr","l3_early_memory_b_cell_alr",0,0,FALSE
"l3_klrb1_memory_cd4_treg_alr","l3_type_2_polarized_memory_b_cell_alr",0,0,FALSE
"l3_klrb1_memory_cd4_treg_alr","l3_isg_memory_cd4_t_cell_alr",0,0,FALSE
"l3_klrb1_memory_cd4_treg_alr","l3_klrf1_gzmb_cd27_memory_cd4_t_cell_alr",0,0,FALSE
"l3_klrb1_memory_cd4_treg_alr","l3_isg_memory_cd8_t_cell_alr",0,0,FALSE
"l3_klrb1_memory_cd4_treg_alr","l3_klrf1_gzmb_cd27_em_cd8_t_cell_alr",0,0,FALSE
"l3_klrb1_memory_cd4_treg_alr","l3_klrf1_gzmb_cd27_em_cd8_t_cell_alt_alr",0,0,FALSE
"l3_klrb1_memory_cd4_treg_alr","l3_isg_naive_cd8_t_cell_alr",0,0,FALSE
"l3_klrb1_memory_cd4_treg_alr","l3_clp_cell_alr",0,0,FALSE
"l3_klrb1_memory_cd4_treg_alr","l3_klrb1_memory_cd8_treg_alr",0,0,FALSE
"l3_klrb1_memory_cd4_treg_alr","l1_dc_alr",0,0,FALSE
"l3_klrb1_memory_cd4_treg_alr","l1_monocyte_alr",0,0,FALSE
"l3_klrb1_memory_cd4_treg_alr","l1_b_cell_alr",0,0,FALSE
"l3_klrb1_memory_cd4_treg_alr","l1_erythrocyte_alr",0,0,FALSE
"l3_klrb1_memory_cd8_treg_alr","age_group",0,0,FALSE
"l3_klrb1_memory_cd8_treg_alr","sex",0,0,FALSE
"l3_klrb1_memory_cd8_treg_alr","cmv",0,0,FALSE
"l3_klrb1_memory_cd8_treg_alr","l2_progenitor_cell",0,0,FALSE
"l3_klrb1_memory_cd8_treg_alr","l3_asdc",0,0,FALSE
"l3_klrb1_memory_cd8_treg_alr","l3_cd56bright_nk_cell",0,0,FALSE
"l3_klrb1_memory_cd8_treg_alr","l3_cdc1",0,0,FALSE
"l3_klrb1_memory_cd8_treg_alr","l3_dn_t_cell",0,0,FALSE
"l3_klrb1_memory_cd8_treg_alr","l3_erythrocyte",0,0,FALSE
"l3_klrb1_memory_cd8_treg_alr","l3_ilc",0,0,FALSE
"l3_klrb1_memory_cd8_treg_alr","l3_pdc",0,0,FALSE
"l3_klrb1_memory_cd8_treg_alr","l3_plasma_cell",0,0,FALSE
"l3_klrb1_memory_cd8_treg_alr","l3_proliferating_nk_cell",0,0,FALSE
"l3_klrb1_memory_cd8_treg_alr","l3_proliferating_t_cell",0,0,FALSE
"l3_klrb1_memory_cd8_treg_alr","l3_baeomap_cell",0,0,FALSE
"l3_klrb1_memory_cd8_treg_alr","l2_effector_b_cell_alr",0,0,FALSE
"l3_klrb1_memory_cd8_treg_alr","l2_memory_b_cell_alr",0,0,FALSE
"l3_klrb1_memory_cd8_treg_alr","l2_plasma_cell_alr",0,0,FALSE
"l3_klrb1_memory_cd8_treg_alr","l2_asdc_alr",0,0,FALSE
"l3_klrb1_memory_cd8_treg_alr","l2_cdc1_alr",0,0,FALSE
"l3_klrb1_memory_cd8_treg_alr","l2_intermediate_monocyte_alr",0,0,FALSE
"l3_klrb1_memory_cd8_treg_alr","l2_cd56bright_nk_cell_alr",0,0,FALSE
"l3_klrb1_memory_cd8_treg_alr","l2_dn_t_cell_alr",0,0,FALSE
"l3_klrb1_memory_cd8_treg_alr","l2_mait_alr",0,0,FALSE
"l3_klrb1_memory_cd8_treg_alr","l2_memory_cd4_t_cell_alr",0,0,FALSE
"l3_klrb1_memory_cd8_treg_alr","l2_naive_cd8_t_cell_alr",0,0,FALSE
"l3_klrb1_memory_cd8_treg_alr","l3_isg_cd14_monocyte_alr",0,0,FALSE
"l3_klrb1_memory_cd8_treg_alr","l3_isg_cd16_monocyte_alr",0,0,FALSE
"l3_klrb1_memory_cd8_treg_alr","l3_isg_cd56dim_nk_cell_alr",0,0,FALSE
"l3_klrb1_memory_cd8_treg_alr","l3_isg_cdc2_alr",0,0,FALSE
"l3_klrb1_memory_cd8_treg_alr","l3_cd27_effector_b_cell_alt_alr",0,0,FALSE
"l3_klrb1_memory_cd8_treg_alr","l3_gzmb_vd2_gdt_alr",0,0,FALSE
"l3_klrb1_memory_cd8_treg_alr","l3_sox4_vd1_gdt_alr",0,0,FALSE
"l3_klrb1_memory_cd8_treg_alr","l3_activated_memory_b_cell_alr",0,0,FALSE
"l3_klrb1_memory_cd8_treg_alr","l3_cd95_memory_b_cell_alr",0,0,FALSE
"l3_klrb1_memory_cd8_treg_alr","l3_early_memory_b_cell_alr",0,0,FALSE
"l3_klrb1_memory_cd8_treg_alr","l3_type_2_polarized_memory_b_cell_alr",0,0,FALSE
"l3_klrb1_memory_cd8_treg_alr","l3_klrf1_gzmb_cd27_memory_cd4_t_cell_alr",0,0,FALSE
"l3_klrb1_memory_cd8_treg_alr","l3_gzmb_cd27_em_cd4_t_cell_alr",0,0,FALSE
"l3_klrb1_memory_cd8_treg_alr","l3_gzmb_cd27_em_cd4_t_cell_alt_alr",0,0,FALSE
"l3_klrb1_memory_cd8_treg_alr","l3_isg_memory_cd8_t_cell_alr",0,0,FALSE
"l3_klrb1_memory_cd8_treg_alr","l3_klrf1_gzmb_cd27_em_cd8_t_cell_alr",0,0,FALSE
"l3_klrb1_memory_cd8_treg_alr","l3_klrf1_gzmb_cd27_em_cd8_t_cell_alt_alr",0,0,FALSE
"l3_klrb1_memory_cd8_treg_alr","l3_isg_naive_cd4_t_cell_alr",0,0,FALSE
"l3_klrb1_memory_cd8_treg_alr","l3_isg_naive_cd8_t_cell_alr",0,0,FALSE
"l3_klrb1_memory_cd8_treg_alr","l3_sox4_naive_cd8_t_cell_alr",0,0,FALSE
"l3_klrb1_memory_cd8_treg_alr","l3_clp_cell_alr",0,0,FALSE
"l3_klrb1_memory_cd8_treg_alr","l3_gzmk_memory_cd4_treg_alr",0,0,FALSE
"l3_klrb1_memory_cd8_treg_alr","l3_klrb1_memory_cd4_treg_alr",0,0,FALSE
"l3_klrb1_memory_cd8_treg_alr","l3_memory_cd8_treg_alr",0,0,FALSE
"l3_klrb1_memory_cd8_treg_alr","l1_dc_alr",0,0,FALSE
"l3_klrb1_memory_cd8_treg_alr","l1_nk_cell_alr",0,0,FALSE
"l3_memory_cd8_treg_alr","age_group",0,0,FALSE
"l3_memory_cd8_treg_alr","sex",0,0,FALSE
"l3_memory_cd8_treg_alr","cmv",0,0,FALSE
"l3_memory_cd8_treg_alr","l2_erythrocyte",0,0,FALSE
"l3_memory_cd8_treg_alr","l2_progenitor_cell",0,0,FALSE
"l3_memory_cd8_treg_alr","l3_asdc",0,0,FALSE
"l3_memory_cd8_treg_alr","l3_cd56bright_nk_cell",0,0,FALSE
"l3_memory_cd8_treg_alr","l3_erythrocyte",0,0,FALSE
"l3_memory_cd8_treg_alr","l3_intermediate_monocyte",0,0,FALSE
"l3_memory_cd8_treg_alr","l3_pdc",0,0,FALSE
"l3_memory_cd8_treg_alr","l3_proliferating_nk_cell",0,0,FALSE
"l3_memory_cd8_treg_alr","l3_transitional_b_cell",0,0,FALSE
"l3_memory_cd8_treg_alr","l2_effector_b_cell_alr",0,0,FALSE
"l3_memory_cd8_treg_alr","l2_memory_b_cell_alr",0,0,FALSE
"l3_memory_cd8_treg_alr","l2_plasma_cell_alr",0,0,FALSE
"l3_memory_cd8_treg_alr","l2_cd16_monocyte_alr",0,0,FALSE
"l3_memory_cd8_treg_alr","l2_cd56bright_nk_cell_alr",0,0,FALSE
"l3_memory_cd8_treg_alr","l2_proliferating_nk_cell_alr",0,0,FALSE
"l3_memory_cd8_treg_alr","l2_memory_cd8_t_cell_alr",0,0,FALSE
"l3_memory_cd8_treg_alr","l2_treg_alr",0,0,FALSE
"l3_memory_cd8_treg_alr","l3_il1b_cd14_monocyte_alr",0,0,FALSE
"l3_memory_cd8_treg_alr","l3_isg_cd14_monocyte_alr",0,0,FALSE
"l3_memory_cd8_treg_alr","l3_gzmk_cd56dim_nk_cell_alr",0,0,FALSE
"l3_memory_cd8_treg_alr","l3_adaptive_nk_cell_alr",0,0,FALSE
"l3_memory_cd8_treg_alr","l3_isg_cdc2_alr",0,0,FALSE
"l3_memory_cd8_treg_alr","l3_cd27_effector_b_cell_alt_alr",0,0,FALSE
"l3_memory_cd8_treg_alr","l3_sox4_vd1_gdt_alr",0,0,FALSE
"l3_memory_cd8_treg_alr","l3_isg_mait_alr",0,0,FALSE
"l3_memory_cd8_treg_alr","l3_activated_memory_b_cell_alr",0,0,FALSE
"l3_memory_cd8_treg_alr","l3_early_memory_b_cell_alr",0,0,FALSE
"l3_memory_cd8_treg_alr","l3_isg_memory_cd4_t_cell_alr",0,0,FALSE
"l3_memory_cd8_treg_alr","l3_klrf1_gzmb_cd27_memory_cd4_t_cell_alr",0,0,FALSE
"l3_memory_cd8_treg_alr","l3_cm_cd8_t_cell_alr",0,0,FALSE
"l3_memory_cd8_treg_alr","l3_klrf1_gzmb_cd27_em_cd8_t_cell_alr",0,0,FALSE
"l3_memory_cd8_treg_alr","l3_sox4_naive_cd8_t_cell_alr",0,0,FALSE
"l3_memory_cd8_treg_alr","l3_gzmk_memory_cd4_treg_alr",0,0,FALSE
"l3_memory_cd8_treg_alr","l3_klrb1_memory_cd8_treg_alr",0,0,FALSE
"l3_memory_cd8_treg_alr","l1_nk_cell_alr",0,0,FALSE
"l3_naive_cd4_treg_alr","age_group",0,0,FALSE
"l3_naive_cd4_treg_alr","sex",0,0,FALSE
"l3_naive_cd4_treg_alr","cmv",0,0,FALSE
"l3_naive_cd4_treg_alr","l2_erythrocyte",0,0,FALSE
"l3_naive_cd4_treg_alr","l2_ilc",0,0,FALSE
"l3_naive_cd4_treg_alr","l3_cd56bright_nk_cell",0,0,FALSE
"l3_naive_cd4_treg_alr","l3_cdc1",0,0,FALSE
"l3_naive_cd4_treg_alr","l3_intermediate_monocyte",0,0,FALSE
"l3_naive_cd4_treg_alr","l3_pdc",0,0,FALSE
"l3_naive_cd4_treg_alr","l3_baeomap_cell",0,0,FALSE
"l3_naive_cd4_treg_alr","l2_memory_b_cell_alr",0,0,FALSE
"l3_naive_cd4_treg_alr","l2_asdc_alr",0,0,FALSE
"l3_naive_cd4_treg_alr","l2_cdc1_alr",0,0,FALSE
"l3_naive_cd4_treg_alr","l2_cd16_monocyte_alr",0,0,FALSE
"l3_naive_cd4_treg_alr","l2_cd56bright_nk_cell_alr",0,0,FALSE
"l3_naive_cd4_treg_alr","l2_dn_t_cell_alr",0,0,FALSE
"l3_naive_cd4_treg_alr","l2_memory_cd8_t_cell_alr",0,0,FALSE
"l3_naive_cd4_treg_alr","l2_naive_cd8_t_cell_alr",0,0,FALSE
"l3_naive_cd4_treg_alr","l3_il1b_cd14_monocyte_alr",0,0,FALSE
"l3_naive_cd4_treg_alr","l3_isg_cd56dim_nk_cell_alr",0,0,FALSE
"l3_naive_cd4_treg_alr","l3_adaptive_nk_cell_alr",0,0,FALSE
"l3_naive_cd4_treg_alr","l3_cd14_cdc2_alr",0,0,FALSE
"l3_naive_cd4_treg_alr","l3_naive_vd1_gdt_alr",0,0,FALSE
"l3_naive_cd4_treg_alr","l3_sox4_vd1_gdt_alr",0,0,FALSE
"l3_naive_cd4_treg_alr","l3_early_memory_b_cell_alr",0,0,FALSE
"l3_naive_cd4_treg_alr","l3_klrf1_gzmb_cd27_memory_cd4_t_cell_alr",0,0,FALSE
"l3_naive_cd4_treg_alr","l3_cm_cd8_t_cell_alr",0,0,FALSE
"l3_naive_cd4_treg_alr","l3_gzmk_cd27_em_cd8_t_cell_alt_alr",0,0,FALSE
"l3_naive_cd4_treg_alr","l3_klrf1_gzmb_cd27_em_cd8_t_cell_alr",0,0,FALSE
"l3_naive_cd4_treg_alr","l3_isg_naive_b_cell_alr",0,0,FALSE
"l3_naive_cd4_treg_alr","l3_isg_naive_cd8_t_cell_alr",0,0,FALSE
"l3_naive_cd4_treg_alr","l3_clp_cell_alr",0,0,FALSE
"l3_naive_cd4_treg_alr","l1_dc_alr",0,0,FALSE
"l3_naive_cd4_treg_alr","l1_nk_cell_alr",0,0,FALSE
"l3_naive_cd4_treg_alr","l1_erythrocyte_alr",0,0,FALSE
"l3_naive_cd4_treg_alr","l1_ilc_alr",0,0,FALSE
"l1_dc_alr","age_group",0,0,FALSE
"l1_dc_alr","sex",0,0,FALSE
"l1_dc_alr","cmv",0,0,FALSE
"l1_dc_alr","l3_dn_t_cell",0,0,FALSE
"l1_dc_alr","l3_ilc",0,0,FALSE
"l1_dc_alr","l3_platelet",0,0,FALSE
"l1_dc_alr","l3_baeomap_cell",0,0,FALSE
"l1_dc_alr","l2_memory_b_cell_alr",0,0,FALSE
"l1_dc_alr","l3_il1b_cd14_monocyte_alr",0,0,FALSE
"l1_dc_alr","l3_isg_cd14_monocyte_alr",0,0,FALSE
"l1_dc_alr","l3_c1q_cd16_monocyte_alr",0,0,FALSE
"l1_dc_alr","l3_isg_cd16_monocyte_alr",0,0,FALSE
"l1_dc_alr","l3_isg_cd56dim_nk_cell_alr",0,0,FALSE
"l1_dc_alr","l3_isg_cdc2_alr",0,0,FALSE
"l1_dc_alr","l3_cd27_effector_b_cell_alt_alr",0,0,FALSE
"l1_dc_alr","l3_klrf1_effector_vd1_gdt_alr",0,0,FALSE
"l1_dc_alr","l3_klrf1_effector_vd1_gdt_alt_alr",0,0,FALSE
"l1_dc_alr","l3_cd4_mait_alr",0,0,FALSE
"l1_dc_alr","l3_klrf1_gzmb_cd27_memory_cd4_t_cell_alr",0,0,FALSE
"l1_dc_alr","l3_gzmb_cd27_em_cd4_t_cell_alt_alr",0,0,FALSE
"l1_dc_alr","l3_cm_cd8_t_cell_alr",0,0,FALSE
"l1_dc_alr","l3_gzmk_cd27_em_cd8_t_cell_alt_alr",0,0,FALSE
"l1_dc_alr","l3_klrf1_gzmb_cd27_em_cd8_t_cell_alr",0,0,FALSE
"l1_dc_alr","l3_isg_naive_cd4_t_cell_alr",0,0,FALSE
"l1_dc_alr","l3_gzmk_memory_cd4_treg_alr",0,0,FALSE
"l1_dc_alr","l3_klrb1_memory_cd4_treg_alr",0,0,FALSE
"l1_dc_alr","l3_klrb1_memory_cd8_treg_alr",0,0,FALSE
"l1_dc_alr","l3_naive_cd4_treg_alr",0,0,FALSE
"l1_monocyte_alr","age_group",0,0,FALSE
"l1_monocyte_alr","sex",0,0,FALSE
"l1_monocyte_alr","cmv",0,0,FALSE
"l1_monocyte_alr","l2_progenitor_cell",0,0,FALSE
"l1_monocyte_alr","l3_cd56bright_nk_cell",0,0,FALSE
"l1_monocyte_alr","l3_cdc1",0,0,FALSE
"l1_monocyte_alr","l3_ilc",0,0,FALSE
"l1_monocyte_alr","l3_proliferating_t_cell",0,0,FALSE
"l1_monocyte_alr","l2_cdc1_alr",0,0,FALSE
"l1_monocyte_alr","l2_memory_cd4_t_cell_alr",0,0,FALSE
"l1_monocyte_alr","l3_gzmk_cd56dim_nk_cell_alr",0,0,FALSE
"l1_monocyte_alr","l3_isg_cd56dim_nk_cell_alr",0,0,FALSE
"l1_monocyte_alr","l3_cd14_cdc2_alr",0,0,FALSE
"l1_monocyte_alr","l3_isg_cdc2_alr",0,0,FALSE
"l1_monocyte_alr","l3_cd27_effector_b_cell_alt_alr",0,0,FALSE
"l1_monocyte_alr","l3_gzmb_cd27_em_cd4_t_cell_alt_alr",0,0,FALSE
"l1_monocyte_alr","l3_isg_memory_cd8_t_cell_alr",0,0,FALSE
"l1_monocyte_alr","l3_klrf1_gzmb_cd27_em_cd8_t_cell_alr",0,0,FALSE
"l1_monocyte_alr","l3_klrf1_gzmb_cd27_em_cd8_t_cell_alt_alr",0,0,FALSE
"l1_monocyte_alr","l3_gzmk_memory_cd4_treg_alr",0,0,FALSE
"l1_monocyte_alr","l3_klrb1_memory_cd4_treg_alr",0,0,FALSE
"l1_nk_cell_alr","age_group",0,0,FALSE
"l1_nk_cell_alr","cmv",0,0,FALSE
"l1_nk_cell_alr","l2_ilc",0,0,FALSE
"l1_nk_cell_alr","l2_progenitor_cell",0,0,FALSE
"l1_nk_cell_alr","l3_cd8aa",0,0,FALSE
"l1_nk_cell_alr","l3_dn_t_cell",0,0,FALSE
"l1_nk_cell_alr","l3_plasma_cell",0,0,FALSE
"l1_nk_cell_alr","l2_effector_b_cell_alr",0,0,FALSE
"l1_nk_cell_alr","l2_memory_b_cell_alr",0,0,FALSE
"l1_nk_cell_alr","l2_asdc_alr",0,0,FALSE
"l1_nk_cell_alr","l2_cdc1_alr",0,0,FALSE
"l1_nk_cell_alr","l2_treg_alr",0,0,FALSE
"l1_nk_cell_alr","l3_c1q_cd16_monocyte_alr",0,0,FALSE
"l1_nk_cell_alr","l3_isg_cd16_monocyte_alr",0,0,FALSE
"l1_nk_cell_alr","l3_gzmb_vd2_gdt_alr",0,0,FALSE
"l1_nk_cell_alr","l3_isg_mait_alr",0,0,FALSE
"l1_nk_cell_alr","l3_activated_memory_b_cell_alr",0,0,FALSE
"l1_nk_cell_alr","l3_cd95_memory_b_cell_alr",0,0,FALSE
"l1_nk_cell_alr","l3_gzmk_cd27_em_cd8_t_cell_alt_alr",0,0,FALSE
"l1_nk_cell_alr","l3_isg_naive_cd8_t_cell_alr",0,0,FALSE
"l1_nk_cell_alr","l3_clp_cell_alr",0,0,FALSE
"l1_nk_cell_alr","l3_gzmk_memory_cd4_treg_alr",0,0,FALSE
"l1_nk_cell_alr","l3_klrb1_memory_cd8_treg_alr",0,0,FALSE
"l1_nk_cell_alr","l3_memory_cd8_treg_alr",0,0,FALSE
"l1_nk_cell_alr","l3_naive_cd4_treg_alr",0,0,FALSE
"l1_b_cell_alr","age_group",0,0,FALSE
"l1_b_cell_alr","sex",0,0,FALSE
"l1_b_cell_alr","cmv",0,0,FALSE
"l1_b_cell_alr","l3_ilc",0,0,FALSE
"l1_b_cell_alr","l2_asdc_alr",0,0,FALSE
"l1_b_cell_alr","l3_isg_cd14_monocyte_alr",0,0,FALSE
"l1_b_cell_alr","l3_cd27_effector_b_cell_alt_alr",0,0,FALSE
"l1_b_cell_alr","l3_gzmb_vd2_gdt_alr",0,0,FALSE
"l1_b_cell_alr","l3_klrf1_effector_vd1_gdt_alt_alr",0,0,FALSE
"l1_b_cell_alr","l3_cd4_mait_alr",0,0,FALSE
"l1_b_cell_alr","l3_activated_memory_b_cell_alr",0,0,FALSE
"l1_b_cell_alr","l3_cm_cd8_t_cell_alr",0,0,FALSE
"l1_b_cell_alr","l3_gzmk_cd27_em_cd8_t_cell_alt_alr",0,0,FALSE
"l1_b_cell_alr","l3_klrf1_gzmb_cd27_em_cd8_t_cell_alt_alr",0,0,FALSE
"l1_b_cell_alr","l3_gzmk_memory_cd4_treg_alr",0,0,FALSE
"l1_b_cell_alr","l3_klrb1_memory_cd4_treg_alr",0,0,FALSE
"l1_b_cell_alr","l1_ilc_alr",0,0,FALSE
"l1_erythrocyte_alr","age_group",0,0,FALSE
"l1_erythrocyte_alr","sex",0,0,FALSE
"l1_erythrocyte_alr","cmv",0,0,FALSE
"l1_erythrocyte_alr","l2_progenitor_cell",0,0,FALSE
"l1_erythrocyte_alr","l3_cd56bright_nk_cell",0,0,FALSE
"l1_erythrocyte_alr","l3_ilc",0,0,FALSE
"l1_erythrocyte_alr","l3_platelet",0,0,FALSE
"l1_erythrocyte_alr","l3_baeomap_cell",0,0,FALSE
"l1_erythrocyte_alr","l2_memory_b_cell_alr",0,0,FALSE
"l1_erythrocyte_alr","l2_memory_cd4_t_cell_alr",0,0,FALSE
"l1_erythrocyte_alr","l2_memory_cd8_t_cell_alr",0,0,FALSE
"l1_erythrocyte_alr","l2_treg_alr",0,0,FALSE
"l1_erythrocyte_alr","l3_isg_cd14_monocyte_alr",0,0,FALSE
"l1_erythrocyte_alr","l3_isg_cd56dim_nk_cell_alr",0,0,FALSE
"l1_erythrocyte_alr","l3_cd27_effector_b_cell_alt_alr",0,0,FALSE
"l1_erythrocyte_alr","l3_activated_memory_b_cell_alr",0,0,FALSE
"l1_erythrocyte_alr","l3_cm_cd8_t_cell_alr",0,0,FALSE
"l1_erythrocyte_alr","l3_klrf1_gzmb_cd27_em_cd8_t_cell_alt_alr",0,0,FALSE
"l1_erythrocyte_alr","l3_isg_naive_cd8_t_cell_alr",0,0,FALSE
"l1_erythrocyte_alr","l3_sox4_naive_cd8_t_cell_alr",0,0,FALSE
"l1_erythrocyte_alr","l3_clp_cell_alr",0,0,FALSE
"l1_erythrocyte_alr","l3_gzmk_memory_cd4_treg_alr",0,0,FALSE
"l1_erythrocyte_alr","l3_klrb1_memory_cd4_treg_alr",0,0,FALSE
"l1_erythrocyte_alr","l3_naive_cd4_treg_alr",0,0,FALSE
"l1_ilc_alr","sex",0,0,FALSE
"l1_ilc_alr","cmv",0,0,FALSE
"l1_ilc_alr","l2_progenitor_cell",0,0,FALSE
"l1_ilc_alr","l3_cd56bright_nk_cell",0,0,FALSE
"l1_ilc_alr","l3_platelet",0,0,FALSE
"l1_ilc_alr","l3_proliferating_nk_cell",0,0,FALSE
"l1_ilc_alr","l3_transitional_b_cell",0,0,FALSE
"l1_ilc_alr","l2_effector_b_cell_alr",0,0,FALSE
"l1_ilc_alr","l2_memory_b_cell_alr",0,0,FALSE
"l1_ilc_alr","l2_asdc_alr",0,0,FALSE
"l1_ilc_alr","l2_cdc1_alr",0,0,FALSE
"l1_ilc_alr","l2_mait_alr",0,0,FALSE
"l1_ilc_alr","l2_treg_alr",0,0,FALSE
"l1_ilc_alr","l3_isg_cd14_monocyte_alr",0,0,FALSE
"l1_ilc_alr","l3_isg_cd16_monocyte_alr",0,0,FALSE
"l1_ilc_alr","l3_adaptive_nk_cell_alr",0,0,FALSE
"l1_ilc_alr","l3_cd27_effector_b_cell_alt_alr",0,0,FALSE
"l1_ilc_alr","l3_cd4_mait_alr",0,0,FALSE
"l1_ilc_alr","l3_cd95_memory_b_cell_alr",0,0,FALSE
"l1_ilc_alr","l3_cm_cd8_t_cell_alr",0,0,FALSE
"l1_ilc_alr","l3_gzmk_cd27_em_cd8_t_cell_alt_alr",0,0,FALSE
"l1_ilc_alr","l3_klrf1_gzmb_cd27_em_cd8_t_cell_alt_alr",0,0,FALSE
"l1_ilc_alr","l3_isg_naive_cd8_t_cell_alr",0,0,FALSE
"l1_ilc_alr","l3_clp_cell_alr",0,0,FALSE
"l1_ilc_alr","l3_naive_cd4_treg_alr",0,0,FALSE
"l1_ilc_alr","l1_b_cell_alr",0,0,FALSE
"l1_ilc_alr","l1_progenitor_cell_alr",0,0,FALSE
"l1_platelet_alr","sex",0,0,FALSE
"l1_platelet_alr","cmv",0,0,FALSE
"l1_platelet_alr","l2_progenitor_cell",0,0,FALSE
"l1_platelet_alr","l3_ilc",0,0,FALSE
"l1_platelet_alr","l2_effector_b_cell_alr",0,0,FALSE
"l1_platelet_alr","l2_memory_b_cell_alr",0,0,FALSE
"l1_platelet_alr","l3_cd27_effector_b_cell_alt_alr",0,0,FALSE
"l1_platelet_alr","l3_cd4_mait_alr",0,0,FALSE
"l1_platelet_alr","l3_gzmk_cd27_em_cd8_t_cell_alt_alr",0,0,FALSE
"l1_platelet_alr","l3_clp_cell_alr",0,0,FALSE
"l1_progenitor_cell_alr","age_group",0,0,FALSE
"l1_progenitor_cell_alr","sex",0,0,FALSE
"l1_progenitor_cell_alr","cmv",0,0,FALSE
"l1_progenitor_cell_alr","l2_erythrocyte",0,0,FALSE
"l1_progenitor_cell_alr","l2_ilc",0,0,FALSE
"l1_progenitor_cell_alr","l3_cd8aa",0,0,FALSE
"l1_progenitor_cell_alr","l3_cdc1",0,0,FALSE
"l1_progenitor_cell_alr","l3_baeomap_cell",0,0,FALSE
"l1_progenitor_cell_alr","l2_effector_b_cell_alr",0,0,FALSE
"l1_progenitor_cell_alr","l2_memory_b_cell_alr",0,0,FALSE
"l1_progenitor_cell_alr","l2_plasma_cell_alr",0,0,FALSE
"l1_progenitor_cell_alr","l2_transitional_b_cell_alr",0,0,FALSE
"l1_progenitor_cell_alr","l2_asdc_alr",0,0,FALSE
"l1_progenitor_cell_alr","l2_cdc1_alr",0,0,FALSE
"l1_progenitor_cell_alr","l2_pdc_alr",0,0,FALSE
"l1_progenitor_cell_alr","l2_cd16_monocyte_alr",0,0,FALSE
"l1_progenitor_cell_alr","l2_cd8aa_alr",0,0,FALSE
"l1_progenitor_cell_alr","l2_memory_cd8_t_cell_alr",0,0,FALSE
"l1_progenitor_cell_alr","l2_naive_cd8_t_cell_alr",0,0,FALSE
"l1_progenitor_cell_alr","l3_c1q_cd16_monocyte_alr",0,0,FALSE
"l1_progenitor_cell_alr","l3_isg_cdc2_alr",0,0,FALSE
"l1_progenitor_cell_alr","l3_cd27_effector_b_cell_alt_alr",0,0,FALSE
"l1_progenitor_cell_alr","l3_gzmb_vd2_gdt_alr",0,0,FALSE
"l1_progenitor_cell_alr","l3_type_2_polarized_memory_b_cell_alr",0,0,FALSE
"l1_progenitor_cell_alr","l3_isg_memory_cd8_t_cell_alr",0,0,FALSE
"l1_progenitor_cell_alr","l3_cm_cd8_t_cell_alr",0,0,FALSE
"l1_progenitor_cell_alr","l3_gzmk_cd27_em_cd8_t_cell_alt_alr",0,0,FALSE
"l1_progenitor_cell_alr","l3_klrf1_gzmb_cd27_em_cd8_t_cell_alt_alr",0,0,FALSE
"l1_progenitor_cell_alr","l3_sox4_naive_cd4_t_cell_alr",0,0,FALSE
"l1_progenitor_cell_alr","l3_isg_naive_cd8_t_cell_alr",0,0,FALSE
"l1_progenitor_cell_alr","l3_clp_cell_alr",0,0,FALSE
"l1_progenitor_cell_alr","l3_gzmk_memory_cd4_treg_alr",0,0,FALSE
"l1_progenitor_cell_alr","l1_ilc_alr",0,0,FALSE
